ts,factory,line,level,src,message
2026-09-26T19:58:37Z,Packaging,PKG08,error,MES,QUALITY HOLD - lot paused pending QA disposition
2026-09-26T19:59:03Z,Molding,MLD05,error,PLC,E310 STARVED - no product at infeed photo-eye for 60s
2026-09-26T19:59:12Z,Kitting,KIT05,warn,PLC,Infeed conveyor low - upstream supply degraded
2026-09-26T19:59:20Z,Molding,MLD03,info,HMI,Alarm E310 acknowledged by operator
2026-09-26T19:59:30Z,Packaging,PKG06,info,HMI,Jam cleared - guards closed
2026-09-26T20:00:11Z,Molding,MLD05,info,HMI,Alarm E310 acknowledged by operator
2026-09-26T20:00:41Z,Packaging,PKG06,info,PLC,Fault reset - line restart
2026-09-26T20:02:24Z,Kitting,KIT05,error,PLC,E310 STARVED - no product at infeed photo-eye for 60s
2026-09-26T20:02:41Z,Packaging,PKG06,info,PLC,Ramp to rate complete (3100 uph)
2026-09-26T20:03:51Z,Molding,MLD04,info,MES,Hourly production: pass=3190 fail=78 yield=95.4%
2026-09-26T20:03:54Z,Packaging,PKG07,warn,VIS,Vision reject burst: 6 consecutive rejects - self-cleared
2026-09-26T20:04:41Z,Molding,MLD05,info,PLC,Product present at infeed - auto restart
2026-09-26T20:06:02Z,Kitting,KIT05,info,HMI,Alarm E310 acknowledged by operator
2026-09-26T20:06:13Z,Molding,MLD04,info,MES,Recipe change queued: SKU-1042 -> SKU-1179
2026-09-26T20:06:33Z,Molding,MLD03,info,PLC,Product present at infeed - auto restart
2026-09-26T20:06:41Z,Molding,MLD05,info,MES,Hourly production: pass=3180 fail=52 yield=97.1%
2026-09-26T20:06:43Z,Kitting,KIT04,info,MES,"QA disposition: RELEASE - hold lifted, line restart"
2026-09-26T20:08:18Z,Molding,MLD06,warn,VIS,Vision reject burst: 5 consecutive rejects - self-cleared
2026-09-26T20:10:29Z,Packaging,PKG06,info,MES,Hourly production: pass=2684 fail=26 yield=89.4%
2026-09-26T20:10:45Z,Coating,COT03,info,MES,Scheduled downtime started - PM work order WO-45682
2026-09-26T20:10:45Z,Coating,COT03,warn,PLC,LOTO applied - energy isolation verified
2026-09-26T20:11:50Z,Coating,COT02,warn,PLC,Discharge back-pressure rising - downstream accumulation at 90%
2026-09-26T20:12:52Z,Molding,MLD04,info,MES,Change over started - line clearance in progress
2026-09-26T20:12:52Z,Molding,MLD04,info,PLC,Guard door opened - operator station 1
2026-09-26T20:12:53Z,Kitting,KIT08,info,PLC,Product present at infeed - auto restart
2026-09-26T20:15:33Z,Assembly,ASM01,info,MES,Hourly production: pass=2526 fail=177 yield=94.8%
2026-09-26T20:15:46Z,Coating,COT02,error,PLC,"E311 BLOCKED - discharge full, line paused"
2026-09-26T20:16:44Z,Packaging,PKG08,info,MES,QA sampling in progress - 32 pc AQL pull
2026-09-26T20:17:07Z,Kitting,KIT08,warn,VIS,Vision reject burst: 11 consecutive rejects - self-cleared
2026-09-26T20:17:28Z,Assembly,ASM01,warn,PLC,Infeed backlog high - accumulation table at 85%
2026-09-26T20:18:04Z,Assembly,ASM05,info,MES,Hourly production: pass=2114 fail=259 yield=97.3%
2026-09-26T20:18:51Z,Assembly,ASM01,warn,PLC,Torque limit warning - infeed screw drive
2026-09-26T20:19:10Z,Assembly,ASM02,info,MES,Hourly production: pass=2202 fail=34 yield=92.8%
2026-09-26T20:19:33Z,Assembly,ASM05,info,MES,Scheduled downtime started - PM work order WO-42268
2026-09-26T20:19:33Z,Assembly,ASM05,warn,PLC,LOTO applied - energy isolation verified
2026-09-26T20:20:26Z,Assembly,ASM01,error,PLC,E201 INFEED JAM - line stopped by PLC interlock
2026-09-26T20:20:34Z,Kitting,KIT05,info,PLC,Product present at infeed - auto restart
2026-09-26T20:20:38Z,Coating,COT01,info,PLC,LOTO removed
2026-09-26T20:21:36Z,Molding,MLD07,info,MES,Recipe change queued: SKU-1042 -> SKU-3007
2026-09-26T20:22:15Z,Molding,MLD04,info,MES,Line clearance checklist item complete: infeed cleared
2026-09-26T20:22:38Z,Coating,COT01,info,PLC,Master reset - line restart
2026-09-26T20:22:42Z,Assembly,ASM01,info,HMI,Alarm E201 acknowledged by operator
2026-09-26T20:23:26Z,Assembly,ASM02,warn,PLC,Infeed backlog high - accumulation table at 85%
2026-09-26T20:26:03Z,Assembly,ASM02,warn,PLC,Torque limit warning - infeed screw drive
2026-09-26T20:26:31Z,Molding,MLD07,info,MES,Hourly production: pass=2794 fail=235 yield=92.3%
2026-09-26T20:28:48Z,Packaging,PKG07,info,MES,Hourly production: pass=3131 fail=58 yield=96.1%
2026-09-26T20:29:07Z,Packaging,PKG05,warn,VIS,Vision reject burst: 11 consecutive rejects - self-cleared
2026-09-26T20:29:10Z,Assembly,ASM02,error,PLC,E201 INFEED JAM - line stopped by PLC interlock
2026-09-26T20:29:38Z,Kitting,KIT08,info,MES,Operator R.Patel signed in at station 1
2026-09-26T20:30:09Z,Molding,MLD07,info,MES,Change over started - line clearance in progress
2026-09-26T20:30:09Z,Molding,MLD07,info,PLC,Guard door opened - operator station 1
2026-09-26T20:30:16Z,Coating,COT02,info,PLC,Downstream cleared - auto restart
2026-09-26T20:30:24Z,Molding,MLD03,warn,PLC,Infeed conveyor low - upstream supply degraded
2026-09-26T20:30:30Z,Assembly,ASM02,info,HMI,Alarm E201 acknowledged by operator
2026-09-26T20:32:18Z,Packaging,PKG06,warn,VIS,Vision reject burst: 8 consecutive rejects - self-cleared
2026-09-26T20:32:31Z,Assembly,ASM01,info,HMI,Jam cleared - guards closed
2026-09-26T20:32:39Z,Molding,MLD06,info,MES,Hourly production: pass=1543 fail=89 yield=97.7%
2026-09-26T20:32:57Z,Packaging,PKG05,warn,PLC,Infeed backlog high - accumulation table at 85%
2026-09-26T20:33:11Z,Molding,MLD03,error,PLC,E310 STARVED - no product at infeed photo-eye for 60s
2026-09-26T20:34:45Z,Kitting,KIT03,info,MES,Hourly production: pass=2478 fail=40 yield=94.1%
2026-09-26T20:34:51Z,Kitting,KIT05,info,MES,Hourly production: pass=1954 fail=122 yield=96.9%
2026-09-26T20:34:51Z,Packaging,PKG08,info,MES,"QA disposition: RELEASE - hold lifted, line restart"
2026-09-26T20:35:00Z,Packaging,PKG04,info,MES,Operator T.Nguyen signed in at station 1
2026-09-26T20:35:32Z,Assembly,ASM01,info,PLC,Fault reset - line restart
2026-09-26T20:36:05Z,Molding,MLD03,info,HMI,Alarm E310 acknowledged by operator
2026-09-26T20:36:17Z,Assembly,ASM02,info,HMI,Jam cleared - guards closed
2026-09-26T20:36:19Z,Molding,MLD04,info,MES,Line clearance checklist item complete: reject bin verified empty
2026-09-26T20:37:32Z,Assembly,ASM01,info,PLC,Ramp to rate complete (3400 uph)
2026-09-26T20:38:03Z,Assembly,ASM02,info,PLC,Fault reset - line restart
2026-09-26T20:38:12Z,Packaging,PKG05,warn,PLC,Torque limit warning - infeed screw drive
2026-09-26T20:39:19Z,Packaging,PKG05,error,PLC,E201 INFEED JAM - line stopped by PLC interlock
2026-09-26T20:40:03Z,Assembly,ASM02,info,PLC,Ramp to rate complete (3000 uph)
2026-09-26T20:41:27Z,Kitting,KIT07,info,MES,Hourly production: pass=2307 fail=90 yield=93.8%
2026-09-26T20:41:39Z,Packaging,PKG05,info,HMI,Alarm E201 acknowledged by operator
2026-09-26T20:43:29Z,Kitting,KIT04,info,MES,Hourly production: pass=2346 fail=42 yield=90.2%
2026-09-26T20:44:42Z,Kitting,KIT03,warn,PLC,Infeed conveyor low - upstream supply degraded
2026-09-26T20:44:55Z,Packaging,PKG04,warn,PLC,Torque limit warning - infeed screw drive
2026-09-26T20:45:21Z,Coating,COT01,info,MES,Hourly production: pass=1516 fail=191 yield=92.8%
2026-09-26T20:45:46Z,Kitting,KIT03,error,PLC,E310 STARVED - no product at infeed photo-eye for 60s
2026-09-26T20:46:13Z,Packaging,PKG04,warn,PLC,Infeed backlog high - accumulation table at 85%
2026-09-26T20:46:32Z,Coating,COT02,info,MES,Hourly production: pass=3250 fail=86 yield=89.5%
2026-09-26T20:47:36Z,Molding,MLD07,info,MES,Line clearance checklist item complete: infeed cleared
2026-09-26T20:47:40Z,Molding,MLD03,info,PLC,Product present at infeed - auto restart
2026-09-26T20:48:06Z,Kitting,KIT03,info,HMI,Alarm E310 acknowledged by operator
2026-09-26T20:48:30Z,Packaging,PKG04,error,PLC,E201 INFEED JAM - line stopped by PLC interlock
2026-09-26T20:50:23Z,Molding,MLD04,info,PLC,Recipe SKU-2044 downloaded to PLC - parameters verified
2026-09-26T20:51:27Z,Packaging,PKG04,info,HMI,Alarm E201 acknowledged by operator
2026-09-26T20:51:43Z,Packaging,PKG05,info,HMI,Jam cleared - guards closed
2026-09-26T20:52:30Z,Kitting,KIT05,info,MES,Recipe change queued: SKU-2044 -> SKU-3007
2026-09-26T20:52:36Z,Molding,MLD05,warn,VIS,Camera 2 calibration drift detected - contrast margin low
2026-09-26T20:52:39Z,Molding,MLD05,warn,VIS,Vision reject rate high: rolling 15 min at 6.2% (limit 3.0%)
2026-09-26T20:52:49Z,Kitting,KIT08,info,MES,Hourly production: pass=1685 fail=63 yield=97.2%
2026-09-26T20:54:49Z,Packaging,PKG05,info,PLC,Fault reset - line restart
2026-09-26T20:56:49Z,Packaging,PKG05,info,PLC,Ramp to rate complete (2600 uph)
2026-09-26T20:57:10Z,Molding,MLD05,error,MES,QUALITY HOLD - lot paused pending QA disposition
2026-09-26T20:57:28Z,Kitting,KIT03,info,PLC,Product present at infeed - auto restart
2026-09-26T20:59:13Z,Molding,MLD06,warn,PLC,Torque limit warning - infeed screw drive
2026-09-26T20:59:27Z,Kitting,KIT05,info,MES,Change over started - line clearance in progress
2026-09-26T20:59:27Z,Kitting,KIT05,info,PLC,Guard door opened - operator station 1
2026-09-26T20:59:46Z,Molding,MLD04,info,PLC,Master reset - line restart
2026-09-26T21:00:54Z,Molding,MLD06,warn,PLC,Infeed backlog high - accumulation table at 85%
2026-09-26T21:01:11Z,Packaging,PKG08,warn,VIS,Vision reject burst: 4 consecutive rejects - self-cleared
2026-09-26T21:01:27Z,Kitting,KIT07,info,MES,Hourly production: pass=2461 fail=281 yield=96.7%
2026-09-26T21:02:07Z,Coating,COT02,info,MES,Operator M.Chen signed in at station 1
2026-09-26T21:02:16Z,Molding,MLD04,info,PLC,Ramp to rate complete (3300 uph)
2026-09-26T21:02:23Z,Kitting,KIT03,info,MES,Hourly production: pass=3139 fail=121 yield=89.3%
2026-09-26T21:02:44Z,Molding,MLD06,error,PLC,E201 INFEED JAM - line stopped by PLC interlock
2026-09-26T21:02:57Z,Assembly,ASM02,info,MES,Hourly production: pass=2764 fail=141 yield=89.1%
2026-09-26T21:03:32Z,Molding,MLD06,info,HMI,Alarm E201 acknowledged by operator
2026-09-26T21:03:41Z,Kitting,KIT04,warn,VIS,Vision reject rate high: rolling 15 min at 4.0% (limit 3.0%)
2026-09-26T21:04:12Z,Packaging,PKG04,info,HMI,Jam cleared - guards closed
2026-09-26T21:04:51Z,Kitting,KIT05,info,MES,Line clearance checklist item complete: infeed cleared
2026-09-26T21:05:00Z,Kitting,KIT07,info,MES,PM work order WO-47422 scheduled - line will stop at end of current lot
2026-09-26T21:05:30Z,Assembly,ASM01,info,MES,Operator J.Alvarez signed in at station 1
2026-09-26T21:06:46Z,Kitting,KIT04,warn,VIS,Camera 2 calibration drift detected - contrast margin low
2026-09-26T21:06:59Z,Molding,MLD06,info,HMI,Jam cleared - guards closed
2026-09-26T21:08:03Z,Molding,MLD06,info,PLC,Fault reset - line restart
2026-09-26T21:08:08Z,Packaging,PKG04,info,PLC,Fault reset - line restart
2026-09-26T21:08:22Z,Molding,MLD04,info,MES,Hourly production: pass=2711 fail=246 yield=91.1%
2026-09-26T21:09:11Z,Packaging,PKG07,warn,PLC,Discharge back-pressure rising - downstream accumulation at 90%
2026-09-26T21:10:03Z,Molding,MLD06,info,PLC,Ramp to rate complete (2700 uph)
2026-09-26T21:10:08Z,Packaging,PKG04,info,PLC,Ramp to rate complete (3000 uph)
2026-09-26T21:10:29Z,Packaging,PKG07,error,PLC,"E311 BLOCKED - discharge full, line paused"
2026-09-26T21:11:14Z,Molding,MLD03,info,MES,Hourly production: pass=3067 fail=264 yield=88.8%
2026-09-26T21:11:34Z,Assembly,ASM02,warn,PLC,Servo temperature high warning - capper axis (78 C)
2026-09-26T21:11:44Z,Kitting,KIT04,error,MES,QUALITY HOLD - lot paused pending QA disposition
2026-09-26T21:12:07Z,Kitting,KIT08,warn,VIS,Vision reject burst: 12 consecutive rejects - self-cleared
2026-09-26T21:12:58Z,Kitting,KIT05,info,MES,Line clearance checklist item complete: reject bin verified empty
2026-09-26T21:13:48Z,Molding,MLD07,info,MES,Line clearance checklist item complete: reject bin verified empty
2026-09-26T21:16:19Z,Packaging,PKG06,info,MES,Recipe change queued: SKU-2044 -> SKU-3007
2026-09-26T21:18:14Z,Molding,MLD05,info,MES,QA sampling in progress - 32 pc AQL pull
2026-09-26T21:18:55Z,Packaging,PKG06,info,MES,Hourly production: pass=3255 fail=281 yield=92.8%
2026-09-26T21:20:03Z,Packaging,PKG07,info,PLC,Downstream cleared - auto restart
2026-09-26T21:21:04Z,Kitting,KIT05,info,PLC,Recipe SKU-1179 downloaded to PLC - parameters verified
2026-09-26T21:23:16Z,Kitting,KIT04,info,MES,QA sampling in progress - 32 pc AQL pull
2026-09-26T21:23:32Z,Kitting,KIT08,info,MES,Recipe change queued: SKU-1042 -> SKU-1042
2026-09-26T21:25:42Z,Packaging,PKG08,info,MES,Recipe change queued: SKU-2044 -> SKU-1179
2026-09-26T21:25:50Z,Kitting,KIT07,info,MES,Scheduled downtime started - PM work order WO-40917
2026-09-26T21:25:50Z,Kitting,KIT07,warn,PLC,LOTO applied - energy isolation verified
2026-09-26T21:26:20Z,Packaging,PKG05,warn,PLC,Torque limit warning - infeed screw drive
2026-09-26T21:26:26Z,Assembly,ASM01,info,MES,Hourly production: pass=1676 fail=245 yield=89.2%
2026-09-26T21:26:29Z,Kitting,KIT05,info,PLC,Master reset - line restart
2026-09-26T21:26:51Z,Assembly,ASM02,warn,PLC,Infeed conveyor low - upstream supply degraded
2026-09-26T21:27:03Z,Packaging,PKG05,warn,PLC,Infeed backlog high - accumulation table at 85%
2026-09-26T21:28:20Z,Assembly,ASM02,error,PLC,E310 STARVED - no product at infeed photo-eye for 60s
2026-09-26T21:28:57Z,Packaging,PKG05,error,PLC,E201 INFEED JAM - line stopped by PLC interlock
2026-09-26T21:28:59Z,Kitting,KIT05,info,PLC,Ramp to rate complete (2900 uph)
2026-09-26T21:29:00Z,Packaging,PKG06,info,MES,Change over started - line clearance in progress
2026-09-26T21:29:00Z,Packaging,PKG06,info,PLC,Guard door opened - operator station 1
2026-09-26T21:29:50Z,Packaging,PKG05,info,HMI,Alarm E201 acknowledged by operator
2026-09-26T21:32:06Z,Assembly,ASM02,info,HMI,Alarm E310 acknowledged by operator
2026-09-26T21:32:25Z,Kitting,KIT08,info,MES,Change over started - line clearance in progress
2026-09-26T21:32:25Z,Kitting,KIT08,info,PLC,Guard door opened - operator station 1
2026-09-26T21:33:41Z,Packaging,PKG05,info,HMI,Jam cleared - guards closed
2026-09-26T21:34:21Z,Coating,COT01,warn,PLC,Infeed conveyor low - upstream supply degraded
2026-09-26T21:34:23Z,Packaging,PKG06,info,MES,Line clearance checklist item complete: infeed cleared
2026-09-26T21:34:47Z,Kitting,KIT04,info,MES,"QA disposition: RELEASE - hold lifted, line restart"
2026-09-26T21:34:52Z,Packaging,PKG05,info,PLC,Fault reset - line restart
2026-09-26T21:34:58Z,Coating,COT01,info,MES,Hourly production: pass=1846 fail=85 yield=98.2%
2026-09-26T21:35:00Z,Coating,COT02,warn,HMI,Operator sign-in timeout - line paused (break / shift relief)
2026-09-26T21:35:48Z,Coating,COT01,error,PLC,E310 STARVED - no product at infeed photo-eye for 60s
2026-09-26T21:36:52Z,Packaging,PKG05,info,PLC,Ramp to rate complete (2600 uph)
2026-09-26T21:37:54Z,Coating,COT01,info,HMI,Alarm E310 acknowledged by operator
2026-09-26T21:38:10Z,Packaging,PKG08,info,MES,Change over started - line clearance in progress
2026-09-26T21:38:10Z,Packaging,PKG08,info,PLC,Guard door opened - operator station 1
2026-09-26T21:38:49Z,Kitting,KIT04,info,MES,Hourly production: pass=1525 fail=223 yield=93.7%
2026-09-26T21:39:17Z,Molding,MLD05,info,MES,"QA disposition: RELEASE - hold lifted, line restart"
2026-09-26T21:40:00Z,Molding,MLD07,info,PLC,Recipe SKU-3007 downloaded to PLC - parameters verified
2026-09-26T21:41:42Z,Kitting,KIT08,info,MES,Line clearance checklist item complete: infeed cleared
2026-09-26T21:42:27Z,Packaging,PKG06,info,MES,Line clearance checklist item complete: reject bin verified empty
2026-09-26T21:43:09Z,Packaging,PKG07,info,MES,Hourly production: pass=2722 fail=294 yield=91.1%
2026-09-26T21:46:18Z,Coating,COT01,info,PLC,Product present at infeed - auto restart
2026-09-26T21:47:10Z,Assembly,ASM02,info,PLC,Product present at infeed - auto restart
2026-09-26T21:47:13Z,Molding,MLD06,info,MES,Hourly production: pass=1699 fail=237 yield=90.1%
2026-09-26T21:47:13Z,Packaging,PKG08,info,MES,Line clearance checklist item complete: infeed cleared
2026-09-26T21:49:08Z,Assembly,ASM05,info,MES,PM task complete: lubrication / inspection checklist
2026-09-26T21:49:45Z,Packaging,PKG07,warn,PLC,Servo temperature high warning - capper axis (78 C)
2026-09-26T21:50:03Z,Coating,COT02,info,HMI,Operator K.Simmons signed in - line restart
2026-09-26T21:50:31Z,Packaging,PKG06,info,PLC,Recipe SKU-1179 downloaded to PLC - parameters verified
2026-09-26T21:50:55Z,Molding,MLD06,warn,PLC,Infeed backlog high - accumulation table at 85%
2026-09-26T21:51:01Z,Molding,MLD05,warn,PLC,Servo temperature high warning - capper axis (78 C)
2026-09-26T21:52:55Z,Molding,MLD06,warn,PLC,Torque limit warning - infeed screw drive
2026-09-26T21:54:33Z,Molding,MLD03,warn,VIS,Vision reject burst: 6 consecutive rejects - self-cleared
2026-09-26T21:54:51Z,Molding,MLD06,error,PLC,E201 INFEED JAM - line stopped by PLC interlock
2026-09-26T21:55:38Z,Kitting,KIT08,info,MES,Line clearance checklist item complete: reject bin verified empty
2026-09-26T21:55:54Z,Packaging,PKG06,info,PLC,Master reset - line restart
2026-09-26T21:57:28Z,Molding,MLD07,info,PLC,Master reset - line restart
2026-09-26T21:57:46Z,Packaging,PKG07,warn,HMI,Operator sign-in timeout - line paused (break / shift relief)
2026-09-26T21:57:58Z,Molding,MLD06,info,HMI,Alarm E201 acknowledged by operator
2026-09-26T21:58:24Z,Packaging,PKG06,info,PLC,Ramp to rate complete (3100 uph)
2026-09-26T21:58:34Z,Coating,COT03,info,MES,PM task complete: lubrication / inspection checklist
2026-09-26T21:59:58Z,Molding,MLD07,info,PLC,Ramp to rate complete (2600 uph)
2026-09-26T22:00:47Z,Packaging,PKG08,info,MES,Line clearance checklist item complete: reject bin verified empty
2026-09-26T22:01:00Z,Molding,MLD04,info,MES,Hourly production: pass=3043 fail=206 yield=89.8%
2026-09-26T22:02:30Z,Coating,COT01,info,MES,Hourly production: pass=2176 fail=100 yield=91.5%
2026-09-26T22:04:35Z,Molding,MLD03,warn,PLC,Infeed conveyor low - upstream supply degraded
2026-09-26T22:06:12Z,Molding,MLD03,error,PLC,E310 STARVED - no product at infeed photo-eye for 60s
2026-09-26T22:06:13Z,Assembly,ASM01,warn,PLC,Infeed backlog high - accumulation table at 85%
2026-09-26T22:06:53Z,Assembly,ASM01,warn,PLC,Torque limit warning - infeed screw drive
2026-09-26T22:07:01Z,Kitting,KIT04,warn,PLC,Infeed backlog high - accumulation table at 85%
2026-09-26T22:07:27Z,Assembly,ASM01,error,PLC,E201 INFEED JAM - line stopped by PLC interlock
2026-09-26T22:08:36Z,Molding,MLD03,info,HMI,Alarm E310 acknowledged by operator
2026-09-26T22:08:49Z,Packaging,PKG06,info,MES,Hourly production: pass=3331 fail=234 yield=96.1%
2026-09-26T22:09:10Z,Molding,MLD05,info,MES,Hourly production: pass=3041 fail=192 yield=95.2%
2026-09-26T22:09:21Z,Kitting,KIT04,warn,PLC,Torque limit warning - infeed screw drive
2026-09-26T22:09:33Z,Kitting,KIT08,info,PLC,Recipe SKU-1179 downloaded to PLC - parameters verified
2026-09-26T22:10:17Z,Assembly,ASM01,info,HMI,Alarm E201 acknowledged by operator
2026-09-26T22:11:28Z,Molding,MLD06,info,HMI,Jam cleared - guards closed
2026-09-26T22:11:39Z,Kitting,KIT04,error,PLC,E201 INFEED JAM - line stopped by PLC interlock
2026-09-26T22:12:20Z,Molding,MLD04,warn,PLC,Torque limit warning - infeed screw drive
2026-09-26T22:13:08Z,Molding,MLD04,warn,PLC,Infeed backlog high - accumulation table at 85%
2026-09-26T22:14:21Z,Packaging,PKG08,info,PLC,Recipe SKU-2311 downloaded to PLC - parameters verified
2026-09-26T22:14:51Z,Kitting,KIT04,info,HMI,Alarm E201 acknowledged by operator
2026-09-26T22:14:56Z,Molding,MLD04,error,PLC,E201 INFEED JAM - line stopped by PLC interlock
2026-09-26T22:15:37Z,Molding,MLD06,info,PLC,Fault reset - line restart
2026-09-26T22:16:23Z,Molding,MLD04,info,HMI,Alarm E201 acknowledged by operator
2026-09-26T22:17:37Z,Molding,MLD06,info,PLC,Ramp to rate complete (2700 uph)
2026-09-26T22:18:03Z,Packaging,PKG07,info,HMI,Operator M.Chen signed in - line restart
2026-09-26T22:18:11Z,Molding,MLD03,info,PLC,Product present at infeed - auto restart
2026-09-26T22:18:50Z,Kitting,KIT08,info,PLC,Master reset - line restart
2026-09-26T22:21:20Z,Kitting,KIT08,info,PLC,Ramp to rate complete (3100 uph)
2026-09-26T22:22:33Z,Assembly,ASM01,info,HMI,Jam cleared - guards closed
2026-09-26T22:22:38Z,Molding,MLD04,info,HMI,Jam cleared - guards closed
2026-09-26T22:23:24Z,Packaging,PKG08,info,PLC,Master reset - line restart
2026-09-26T22:24:07Z,Packaging,PKG04,warn,VIS,Vision reject rate high: rolling 15 min at 6.2% (limit 3.0%)
2026-09-26T22:24:33Z,Molding,MLD04,info,PLC,Fault reset - line restart
2026-09-26T22:25:54Z,Packaging,PKG08,info,PLC,Ramp to rate complete (3200 uph)
2026-09-26T22:26:19Z,Assembly,ASM01,info,PLC,Fault reset - line restart
2026-09-26T22:26:33Z,Molding,MLD04,info,PLC,Ramp to rate complete (3300 uph)
2026-09-26T22:26:37Z,Coating,COT01,info,MES,Recipe change queued: SKU-2311 -> SKU-1179
2026-09-26T22:27:00Z,Kitting,KIT03,warn,PLC,Infeed backlog high - accumulation table at 85%
2026-09-26T22:28:19Z,Assembly,ASM01,info,PLC,Ramp to rate complete (3400 uph)
2026-09-26T22:28:43Z,Kitting,KIT04,info,HMI,Jam cleared - guards closed
2026-09-26T22:29:13Z,Kitting,KIT03,warn,PLC,Torque limit warning - infeed screw drive
2026-09-26T22:31:44Z,Kitting,KIT03,error,PLC,E201 INFEED JAM - line stopped by PLC interlock
2026-09-26T22:32:16Z,Packaging,PKG04,warn,VIS,Camera 2 calibration drift detected - contrast margin low
2026-09-26T22:32:59Z,Kitting,KIT04,info,PLC,Fault reset - line restart
2026-09-26T22:33:25Z,Packaging,PKG05,info,MES,Hourly production: pass=3021 fail=230 yield=99.0%
2026-09-26T22:33:26Z,Packaging,PKG04,error,MES,QUALITY HOLD - lot paused pending QA disposition
2026-09-26T22:33:27Z,Packaging,PKG05,warn,HMI,Operator sign-in timeout - line paused (break / shift relief)
2026-09-26T22:34:26Z,Kitting,KIT03,info,HMI,Alarm E201 acknowledged by operator
2026-09-26T22:34:59Z,Kitting,KIT04,info,PLC,Ramp to rate complete (3300 uph)
2026-09-26T22:35:49Z,Assembly,ASM01,info,MES,Hourly production: pass=2035 fail=25 yield=92.6%
2026-09-26T22:35:52Z,Assembly,ASM02,warn,PLC,Infeed conveyor low - upstream supply degraded
2026-09-26T22:37:45Z,Coating,COT01,info,MES,Change over started - line clearance in progress
2026-09-26T22:37:45Z,Coating,COT01,info,PLC,Guard door opened - operator station 1
2026-09-26T22:37:55Z,Assembly,ASM02,error,PLC,E310 STARVED - no product at infeed photo-eye for 60s
2026-09-26T22:39:43Z,Kitting,KIT08,warn,VIS,Vision reject burst: 10 consecutive rejects - self-cleared
2026-09-26T22:40:33Z,Assembly,ASM02,info,HMI,Alarm E310 acknowledged by operator
2026-09-26T22:41:42Z,Molding,MLD04,warn,VIS,Vision reject burst: 12 consecutive rejects - self-cleared
2026-09-26T22:41:47Z,Molding,MLD06,info,MES,Hourly production: pass=2187 fail=243 yield=92.2%
2026-09-26T22:41:51Z,Packaging,PKG06,warn,PLC,Torque limit warning - infeed screw drive
2026-09-26T22:41:57Z,Molding,MLD05,warn,VIS,Vision reject burst: 6 consecutive rejects - self-cleared
2026-09-26T22:42:42Z,Kitting,KIT08,warn,PLC,Discharge back-pressure rising - downstream accumulation at 90%
2026-09-26T22:43:13Z,Packaging,PKG06,warn,PLC,Infeed backlog high - accumulation table at 85%
2026-09-26T22:43:17Z,Coating,COT01,info,MES,Line clearance checklist item complete: infeed cleared
2026-09-26T22:43:26Z,Molding,MLD03,info,MES,Hourly production: pass=1898 fail=291 yield=96.0%
2026-09-26T22:44:22Z,Molding,MLD07,info,MES,Hourly production: pass=1944 fail=188 yield=95.6%
2026-09-26T22:44:52Z,Packaging,PKG04,info,MES,QA sampling in progress - 32 pc AQL pull
2026-09-26T22:44:57Z,Packaging,PKG06,error,PLC,E201 INFEED JAM - line stopped by PLC interlock
2026-09-26T22:45:02Z,Kitting,KIT08,error,PLC,"E311 BLOCKED - discharge full, line paused"
2026-09-26T22:45:45Z,Packaging,PKG06,info,HMI,Alarm E201 acknowledged by operator
2026-09-26T22:46:10Z,Kitting,KIT03,info,HMI,Jam cleared - guards closed
2026-09-26T22:47:21Z,Kitting,KIT05,info,MES,Recipe change queued: SKU-1179 -> SKU-1179
2026-09-26T22:49:09Z,Packaging,PKG06,info,HMI,Jam cleared - guards closed
2026-09-26T22:49:46Z,Kitting,KIT03,info,PLC,Fault reset - line restart
2026-09-26T22:50:13Z,Packaging,PKG06,info,PLC,Fault reset - line restart
2026-09-26T22:50:40Z,Coating,COT02,warn,VIS,Vision reject burst: 11 consecutive rejects - self-cleared
2026-09-26T22:51:04Z,Assembly,ASM02,info,PLC,Product present at infeed - auto restart
2026-09-26T22:51:35Z,Coating,COT01,info,MES,Line clearance checklist item complete: reject bin verified empty
2026-09-26T22:51:46Z,Kitting,KIT03,info,PLC,Ramp to rate complete (3000 uph)
2026-09-26T22:52:13Z,Packaging,PKG06,info,PLC,Ramp to rate complete (3100 uph)
2026-09-26T22:54:26Z,Kitting,KIT05,info,MES,Hourly production: pass=2073 fail=40 yield=97.2%
2026-09-26T22:55:53Z,Coating,COT02,info,MES,Hourly production: pass=3136 fail=132 yield=89.1%
2026-09-26T22:56:17Z,Packaging,PKG04,info,MES,"QA disposition: RELEASE - hold lifted, line restart"
2026-09-26T22:57:28Z,Molding,MLD03,warn,PLC,Infeed conveyor low - upstream supply degraded
2026-09-26T22:57:37Z,Kitting,KIT08,info,PLC,Downstream cleared - auto restart
2026-09-26T22:57:59Z,Kitting,KIT05,info,MES,Change over started - line clearance in progress
2026-09-26T22:57:59Z,Kitting,KIT05,info,PLC,Guard door opened - operator station 1
2026-09-26T22:58:14Z,Assembly,ASM02,info,MES,Hourly production: pass=1720 fail=280 yield=96.7%
2026-09-26T22:58:52Z,Packaging,PKG05,info,HMI,Operator J.Alvarez signed in - line restart
2026-09-26T22:59:53Z,Coating,COT01,info,PLC,Recipe SKU-1042 downloaded to PLC - parameters verified
2026-09-26T23:00:04Z,Molding,MLD07,warn,PLC,Infeed conveyor low - upstream supply degraded
2026-09-26T23:00:59Z,Molding,MLD03,error,PLC,E310 STARVED - no product at infeed photo-eye for 60s
2026-09-26T23:02:29Z,Molding,MLD03,info,HMI,Alarm E310 acknowledged by operator
2026-09-26T23:02:48Z,Packaging,PKG06,info,MES,Hourly production: pass=2580 fail=289 yield=92.5%
2026-09-26T23:03:25Z,Molding,MLD07,error,PLC,E310 STARVED - no product at infeed photo-eye for 60s
2026-09-26T23:03:44Z,Molding,MLD04,info,MES,Recipe change queued: SKU-2311 -> SKU-1042
2026-09-26T23:04:26Z,Packaging,PKG06,warn,PLC,Servo temperature high warning - capper axis (78 C)
2026-09-26T23:04:38Z,Molding,MLD04,info,MES,Hourly production: pass=3360 fail=106 yield=97.0%
2026-09-26T23:05:00Z,Molding,MLD07,info,HMI,Alarm E310 acknowledged by operator
2026-09-26T23:05:26Z,Coating,COT01,info,PLC,Master reset - line restart
2026-09-26T23:07:56Z,Coating,COT01,info,PLC,Ramp to rate complete (2400 uph)
2026-09-26T23:08:20Z,Molding,MLD05,warn,HMI,Operator sign-in timeout - line paused (break / shift relief)
2026-09-26T23:08:30Z,Molding,MLD03,info,PLC,Product present at infeed - auto restart
2026-09-26T23:09:30Z,Kitting,KIT05,info,MES,Line clearance checklist item complete: infeed cleared
2026-09-26T23:09:39Z,Coating,COT02,info,MES,Hourly production: pass=2237 fail=86 yield=90.9%
2026-09-26T23:10:27Z,Molding,MLD04,info,MES,Change over started - line clearance in progress
2026-09-26T23:10:27Z,Molding,MLD04,info,PLC,Guard door opened - operator station 1
2026-09-26T23:10:35Z,Kitting,KIT07,info,MES,PM task complete: lubrication / inspection checklist
2026-09-26T23:11:20Z,Molding,MLD07,info,PLC,Product present at infeed - auto restart
2026-09-26T23:14:44Z,Packaging,PKG07,info,MES,Recipe change queued: SKU-1179 -> SKU-2044
2026-09-26T23:16:43Z,Assembly,ASM05,info,PLC,LOTO removed
2026-09-26T23:18:43Z,Assembly,ASM05,info,PLC,Master reset - line restart
2026-09-26T23:19:07Z,Molding,MLD06,info,MES,Hourly production: pass=1561 fail=245 yield=94.6%
2026-09-26T23:19:41Z,Kitting,KIT04,warn,PLC,Infeed conveyor low - upstream supply degraded
2026-09-26T23:19:43Z,Molding,MLD06,warn,PLC,Infeed backlog high - accumulation table at 85%
2026-09-26T23:20:08Z,Coating,COT02,warn,PLC,Infeed conveyor low - upstream supply degraded
2026-09-26T23:21:30Z,Coating,COT02,error,PLC,E310 STARVED - no product at infeed photo-eye for 60s
2026-09-26T23:21:32Z,Molding,MLD06,warn,PLC,Torque limit warning - infeed screw drive
2026-09-26T23:22:00Z,Packaging,PKG06,info,MES,PM work order WO-47262 scheduled - line will stop at end of current lot
2026-09-26T23:22:18Z,Packaging,PKG07,info,MES,Change over started - line clearance in progress
2026-09-26T23:22:18Z,Packaging,PKG07,info,PLC,Guard door opened - operator station 1
2026-09-26T23:22:27Z,Molding,MLD04,info,MES,Line clearance checklist item complete: infeed cleared
2026-09-26T23:23:02Z,Molding,MLD06,error,PLC,E201 INFEED JAM - line stopped by PLC interlock
2026-09-26T23:23:31Z,Coating,COT02,info,HMI,Alarm E310 acknowledged by operator
2026-09-26T23:24:15Z,Kitting,KIT03,warn,VIS,Vision reject burst: 12 consecutive rejects - self-cleared
2026-09-26T23:24:40Z,Kitting,KIT04,error,PLC,E310 STARVED - no product at infeed photo-eye for 60s
2026-09-26T23:25:07Z,Molding,MLD06,info,HMI,Alarm E201 acknowledged by operator
2026-09-26T23:26:46Z,Kitting,KIT05,info,MES,Line clearance checklist item complete: reject bin verified empty
2026-09-26T23:28:19Z,Kitting,KIT04,info,HMI,Alarm E310 acknowledged by operator
2026-09-26T23:28:29Z,Assembly,ASM02,warn,PLC,Infeed conveyor low - upstream supply degraded
2026-09-26T23:28:43Z,Molding,MLD07,info,MES,Recipe change queued: SKU-1179 -> SKU-2044
2026-09-26T23:29:35Z,Packaging,PKG07,info,MES,Line clearance checklist item complete: infeed cleared
2026-09-26T23:30:22Z,Assembly,ASM02,error,PLC,E310 STARVED - no product at infeed photo-eye for 60s
2026-09-26T23:31:34Z,Coating,COT02,info,PLC,Product present at infeed - auto restart
2026-09-26T23:31:45Z,Assembly,ASM02,info,HMI,Alarm E310 acknowledged by operator
2026-09-26T23:33:06Z,Packaging,PKG08,info,MES,Hourly production: pass=2456 fail=238 yield=90.5%
2026-09-26T23:33:33Z,Kitting,KIT03,warn,PLC,Servo temperature high warning - capper axis (78 C)
2026-09-26T23:33:48Z,Assembly,ASM01,warn,VIS,Vision reject burst: 9 consecutive rejects - self-cleared
2026-09-26T23:34:06Z,Molding,MLD06,info,HMI,Jam cleared - guards closed
2026-09-26T23:34:51Z,Packaging,PKG04,info,MES,Hourly production: pass=1716 fail=230 yield=97.6%
2026-09-26T23:34:56Z,Assembly,ASM01,info,MES,Hourly production: pass=1743 fail=162 yield=91.9%
2026-09-26T23:36:52Z,Molding,MLD06,info,PLC,Fault reset - line restart
2026-09-26T23:37:01Z,Molding,MLD07,info,MES,Change over started - line clearance in progress
2026-09-26T23:37:01Z,Molding,MLD07,info,PLC,Guard door opened - operator station 1
2026-09-26T23:37:09Z,Molding,MLD05,info,HMI,Operator J.Alvarez signed in - line restart
2026-09-26T23:37:16Z,Assembly,ASM02,info,PLC,Product present at infeed - auto restart
2026-09-26T23:38:25Z,Packaging,PKG05,info,MES,Hourly production: pass=2514 fail=79 yield=95.7%
2026-09-26T23:38:52Z,Molding,MLD06,info,PLC,Ramp to rate complete (2700 uph)
2026-09-26T23:39:33Z,Molding,MLD05,info,MES,Hourly production: pass=2394 fail=173 yield=90.3%
2026-09-26T23:39:38Z,Assembly,ASM01,warn,PLC,Infeed conveyor low - upstream supply degraded
2026-09-26T23:40:27Z,Molding,MLD04,info,MES,Line clearance checklist item complete: reject bin verified empty
2026-09-26T23:40:31Z,Packaging,PKG07,info,MES,Line clearance checklist item complete: reject bin verified empty
2026-09-26T23:41:59Z,Molding,MLD03,info,MES,Hourly production: pass=1885 fail=201 yield=92.9%
2026-09-26T23:42:43Z,Assembly,ASM01,error,PLC,E310 STARVED - no product at infeed photo-eye for 60s
2026-09-26T23:42:57Z,Kitting,KIT04,info,PLC,Product present at infeed - auto restart
2026-09-26T23:43:47Z,Assembly,ASM01,info,HMI,Alarm E310 acknowledged by operator
2026-09-26T23:44:03Z,Kitting,KIT05,info,PLC,Recipe SKU-2311 downloaded to PLC - parameters verified
2026-09-26T23:44:22Z,Coating,COT03,info,PLC,LOTO removed
2026-09-26T23:45:24Z,Assembly,ASM02,warn,PLC,Servo temperature high warning - capper axis (78 C)
2026-09-26T23:46:22Z,Coating,COT03,info,PLC,Master reset - line restart
2026-09-26T23:48:02Z,Assembly,ASM01,info,PLC,Product present at infeed - auto restart
2026-09-26T23:49:24Z,Molding,MLD07,info,MES,Line clearance checklist item complete: infeed cleared
2026-09-26T23:50:08Z,Kitting,KIT03,info,MES,Hourly production: pass=2338 fail=32 yield=98.3%
2026-09-26T23:50:21Z,Packaging,PKG06,info,MES,Scheduled downtime started - PM work order WO-48270
2026-09-26T23:50:21Z,Packaging,PKG06,warn,PLC,LOTO applied - energy isolation verified
2026-09-26T23:51:27Z,Packaging,PKG07,info,PLC,Recipe SKU-2044 downloaded to PLC - parameters verified
2026-09-26T23:52:43Z,Kitting,KIT08,info,MES,Hourly production: pass=2919 fail=201 yield=91.0%
2026-09-26T23:53:43Z,Packaging,PKG08,warn,PLC,Infeed backlog high - accumulation table at 85%
2026-09-26T23:54:00Z,Coating,COT01,info,MES,Hourly production: pass=3033 fail=36 yield=89.5%
2026-09-26T23:55:24Z,Assembly,ASM05,info,MES,Operator J.Alvarez signed in at station 1
2026-09-26T23:55:33Z,Kitting,KIT05,info,PLC,Master reset - line restart
2026-09-26T23:56:21Z,Packaging,PKG08,warn,PLC,Torque limit warning - infeed screw drive
2026-09-26T23:57:21Z,Assembly,ASM05,warn,PLC,Servo temperature high warning - capper axis (78 C)
2026-09-26T23:57:27Z,Packaging,PKG08,error,PLC,E201 INFEED JAM - line stopped by PLC interlock
2026-09-26T23:58:03Z,Kitting,KIT05,info,PLC,Ramp to rate complete (2900 uph)
2026-09-26T23:58:07Z,Packaging,PKG08,info,HMI,Alarm E201 acknowledged by operator
2026-09-26T23:58:26Z,Molding,MLD04,info,PLC,Recipe SKU-2311 downloaded to PLC - parameters verified
2026-09-26T23:58:44Z,Packaging,PKG07,info,PLC,Master reset - line restart
2026-09-26T23:59:16Z,Packaging,PKG05,warn,PLC,Infeed conveyor low - upstream supply degraded
2026-09-27T00:01:03Z,Packaging,PKG08,info,HMI,Jam cleared - guards closed
2026-09-27T00:01:14Z,Packaging,PKG07,info,PLC,Ramp to rate complete (2400 uph)
2026-09-27T00:01:18Z,Packaging,PKG05,error,PLC,E310 STARVED - no product at infeed photo-eye for 60s
2026-09-27T00:01:23Z,Kitting,KIT08,warn,VIS,Vision reject burst: 12 consecutive rejects - self-cleared
2026-09-27T00:01:57Z,Packaging,PKG08,info,PLC,Fault reset - line restart
2026-09-27T00:03:57Z,Packaging,PKG08,info,PLC,Ramp to rate complete (3200 uph)
2026-09-27T00:04:35Z,Packaging,PKG04,info,MES,Recipe change queued: SKU-3007 -> SKU-2044
2026-09-27T00:04:35Z,Packaging,PKG05,info,HMI,Alarm E310 acknowledged by operator
2026-09-27T00:06:44Z,Kitting,KIT08,info,MES,PM work order WO-47369 scheduled - line will stop at end of current lot
2026-09-27T00:07:16Z,Assembly,ASM05,warn,PLC,Infeed backlog high - accumulation table at 85%
2026-09-27T00:07:58Z,Molding,MLD07,info,MES,Line clearance checklist item complete: reject bin verified empty
2026-09-27T00:08:33Z,Kitting,KIT03,warn,PLC,Discharge back-pressure rising - downstream accumulation at 90%
2026-09-27T00:10:26Z,Molding,MLD04,info,PLC,Master reset - line restart
2026-09-27T00:10:36Z,Assembly,ASM05,warn,PLC,Torque limit warning - infeed screw drive
2026-09-27T00:11:39Z,Kitting,KIT03,error,PLC,"E311 BLOCKED - discharge full, line paused"
2026-09-27T00:12:04Z,Assembly,ASM05,error,PLC,E201 INFEED JAM - line stopped by PLC interlock
2026-09-27T00:12:56Z,Molding,MLD04,info,PLC,Ramp to rate complete (3300 uph)
2026-09-27T00:13:24Z,Kitting,KIT04,info,MES,Hourly production: pass=1805 fail=46 yield=90.1%
2026-09-27T00:13:28Z,Assembly,ASM05,info,HMI,Alarm E201 acknowledged by operator
2026-09-27T00:13:44Z,Coating,COT01,warn,PLC,Infeed backlog high - accumulation table at 85%
2026-09-27T00:15:00Z,Packaging,PKG04,info,MES,Change over started - line clearance in progress
2026-09-27T00:15:00Z,Packaging,PKG04,info,PLC,Guard door opened - operator station 1
2026-09-27T00:16:33Z,Coating,COT01,warn,PLC,Torque limit warning - infeed screw drive
2026-09-27T00:17:28Z,Molding,MLD06,warn,PLC,Infeed conveyor low - upstream supply degraded
2026-09-27T00:17:35Z,Packaging,PKG07,warn,PLC,Servo temperature high warning - capper axis (78 C)
2026-09-27T00:17:38Z,Kitting,KIT08,info,MES,Hourly production: pass=2572 fail=267 yield=88.5%
2026-09-27T00:17:45Z,Packaging,PKG05,info,PLC,Product present at infeed - auto restart
2026-09-27T00:17:46Z,Coating,COT01,error,PLC,E201 INFEED JAM - line stopped by PLC interlock
2026-09-27T00:18:31Z,Coating,COT01,info,HMI,Alarm E201 acknowledged by operator
2026-09-27T00:18:47Z,Molding,MLD05,info,MES,Hourly production: pass=3096 fail=55 yield=94.1%
2026-09-27T00:19:31Z,Assembly,ASM05,info,HMI,Jam cleared - guards closed
2026-09-27T00:20:35Z,Assembly,ASM01,info,MES,Hourly production: pass=1823 fail=236 yield=96.7%
2026-09-27T00:21:23Z,Assembly,ASM05,info,PLC,Fault reset - line restart
2026-09-27T00:21:25Z,Molding,MLD06,error,PLC,E310 STARVED - no product at infeed photo-eye for 60s
2026-09-27T00:21:35Z,Coating,COT03,info,MES,Hourly production: pass=1841 fail=70 yield=93.3%
2026-09-27T00:21:47Z,Coating,COT01,info,HMI,Jam cleared - guards closed
2026-09-27T00:22:11Z,Kitting,KIT03,info,PLC,Downstream cleared - auto restart
2026-09-27T00:22:47Z,Coating,COT01,info,PLC,Fault reset - line restart
2026-09-27T00:23:23Z,Assembly,ASM05,info,PLC,Ramp to rate complete (3200 uph)
2026-09-27T00:23:59Z,Kitting,KIT08,info,MES,Scheduled downtime started - PM work order WO-41618
2026-09-27T00:23:59Z,Kitting,KIT08,warn,PLC,LOTO applied - energy isolation verified
2026-09-27T00:24:08Z,Assembly,ASM05,info,MES,PM work order WO-44971 scheduled - line will stop at end of current lot
2026-09-27T00:24:26Z,Packaging,PKG08,info,MES,Recipe change queued: SKU-2311 -> SKU-3007
2026-09-27T00:24:33Z,Molding,MLD06,info,HMI,Alarm E310 acknowledged by operator
2026-09-27T00:24:47Z,Coating,COT01,info,PLC,Ramp to rate complete (2400 uph)
2026-09-27T00:25:00Z,Molding,MLD03,warn,VIS,Vision reject burst: 4 consecutive rejects - self-cleared
2026-09-27T00:26:33Z,Molding,MLD07,info,PLC,Recipe SKU-1179 downloaded to PLC - parameters verified
2026-09-27T00:27:03Z,Packaging,PKG08,info,MES,Hourly production: pass=3260 fail=184 yield=89.3%
2026-09-27T00:28:25Z,Coating,COT03,warn,PLC,Infeed conveyor low - upstream supply degraded
2026-09-27T00:29:21Z,Packaging,PKG07,info,MES,Hourly production: pass=2503 fail=81 yield=92.6%
2026-09-27T00:30:12Z,Coating,COT03,error,PLC,E310 STARVED - no product at infeed photo-eye for 60s
2026-09-27T00:31:01Z,Molding,MLD04,info,MES,Hourly production: pass=3212 fail=164 yield=91.0%
2026-09-27T00:32:11Z,Packaging,PKG04,info,MES,Line clearance checklist item complete: infeed cleared
2026-09-27T00:32:57Z,Coating,COT03,info,HMI,Alarm E310 acknowledged by operator
2026-09-27T00:34:14Z,Packaging,PKG07,warn,PLC,Infeed backlog high - accumulation table at 85%
2026-09-27T00:34:23Z,Molding,MLD03,info,MES,Hourly production: pass=1560 fail=236 yield=88.8%
2026-09-27T00:35:12Z,Packaging,PKG08,info,MES,Change over started - line clearance in progress
2026-09-27T00:35:12Z,Packaging,PKG08,info,PLC,Guard door opened - operator station 1
2026-09-27T00:35:29Z,Packaging,PKG05,info,MES,Hourly production: pass=2131 fail=82 yield=90.7%
2026-09-27T00:36:49Z,Molding,MLD03,warn,PLC,Infeed conveyor low - upstream supply degraded
2026-09-27T00:36:52Z,Coating,COT02,warn,PLC,Infeed backlog high - accumulation table at 85%
2026-09-27T00:37:04Z,Molding,MLD06,info,PLC,Product present at infeed - auto restart
2026-09-27T00:38:56Z,Molding,MLD07,info,PLC,Master reset - line restart
2026-09-27T00:38:56Z,Packaging,PKG07,warn,PLC,Torque limit warning - infeed screw drive
2026-09-27T00:39:07Z,Coating,COT01,info,MES,Hourly production: pass=3137 fail=87 yield=98.0%
2026-09-27T00:40:45Z,Coating,COT02,warn,PLC,Torque limit warning - infeed screw drive
2026-09-27T00:41:05Z,Packaging,PKG07,error,PLC,E201 INFEED JAM - line stopped by PLC interlock
2026-09-27T00:41:18Z,Molding,MLD03,error,PLC,E310 STARVED - no product at infeed photo-eye for 60s
2026-09-27T00:41:26Z,Molding,MLD07,info,PLC,Ramp to rate complete (2600 uph)
2026-09-27T00:41:50Z,Assembly,ASM02,info,MES,Hourly production: pass=3191 fail=34 yield=97.4%
2026-09-27T00:42:15Z,Packaging,PKG08,info,MES,Line clearance checklist item complete: infeed cleared
2026-09-27T00:42:56Z,Molding,MLD03,info,HMI,Alarm E310 acknowledged by operator
2026-09-27T00:43:06Z,Coating,COT02,error,PLC,E201 INFEED JAM - line stopped by PLC interlock
2026-09-27T00:43:37Z,Assembly,ASM02,warn,PLC,Servo temperature high warning - capper axis (78 C)
2026-09-27T00:43:56Z,Packaging,PKG07,info,HMI,Alarm E201 acknowledged by operator
2026-09-27T00:43:56Z,Coating,COT03,info,PLC,Product present at infeed - auto restart
2026-09-27T00:44:49Z,Kitting,KIT05,info,MES,Hourly production: pass=1584 fail=232 yield=98.6%
2026-09-27T00:45:31Z,Coating,COT02,info,HMI,Alarm E201 acknowledged by operator
2026-09-27T00:46:46Z,Kitting,KIT03,info,MES,Hourly production: pass=2241 fail=56 yield=97.7%
2026-09-27T00:47:53Z,Kitting,KIT04,info,MES,Recipe change queued: SKU-1179 -> SKU-1179
2026-09-27T00:49:26Z,Molding,MLD03,info,PLC,Product present at infeed - auto restart
2026-09-27T00:51:07Z,Assembly,ASM05,info,MES,Hourly production: pass=1551 fail=132 yield=91.6%
2026-09-27T00:52:33Z,Molding,MLD04,warn,PLC,Infeed conveyor low - upstream supply degraded
2026-09-27T00:52:51Z,Packaging,PKG08,info,MES,Line clearance checklist item complete: reject bin verified empty
2026-09-27T00:53:01Z,Assembly,ASM05,info,MES,Scheduled downtime started - PM work order WO-40843
2026-09-27T00:53:01Z,Assembly,ASM05,warn,PLC,LOTO applied - energy isolation verified
2026-09-27T00:53:20Z,Kitting,KIT07,info,PLC,LOTO removed
2026-09-27T00:53:35Z,Molding,MLD05,error,PLC,E001 E-STOP PRESSED - operator station 2 - safety circuit open
2026-09-27T00:55:03Z,Packaging,PKG05,warn,PLC,Servo temperature high warning - capper axis (78 C)
2026-09-27T00:55:20Z,Kitting,KIT07,info,PLC,Master reset - line restart
2026-09-27T00:56:01Z,Coating,COT02,info,HMI,Jam cleared - guards closed
2026-09-27T00:56:16Z,Packaging,PKG07,info,HMI,Jam cleared - guards closed
2026-09-27T00:57:02Z,Molding,MLD04,error,PLC,E310 STARVED - no product at infeed photo-eye for 60s
2026-09-27T00:57:05Z,Kitting,KIT04,warn,VIS,Vision reject burst: 12 consecutive rejects - self-cleared
2026-09-27T00:57:57Z,Packaging,PKG04,info,MES,Line clearance checklist item complete: reject bin verified empty
2026-09-27T00:58:30Z,Molding,MLD05,info,HMI,E-stop reset - safety circuit closed
2026-09-27T00:59:15Z,Coating,COT02,info,PLC,Fault reset - line restart
2026-09-27T00:59:53Z,Kitting,KIT04,info,MES,Change over started - line clearance in progress
2026-09-27T00:59:53Z,Kitting,KIT04,info,PLC,Guard door opened - operator station 1
2026-09-27T00:59:55Z,Molding,MLD04,info,HMI,Alarm E310 acknowledged by operator
2026-09-27T01:00:04Z,Packaging,PKG07,info,PLC,Fault reset - line restart
2026-09-27T01:00:30Z,Molding,MLD03,warn,VIS,Vision reject burst: 11 consecutive rejects - self-cleared
2026-09-27T01:01:15Z,Coating,COT02,info,PLC,Ramp to rate complete (3200 uph)
2026-09-27T01:02:04Z,Packaging,PKG07,info,PLC,Ramp to rate complete (2400 uph)
2026-09-27T01:03:26Z,Molding,MLD05,info,PLC,Safety reset complete - master reset - line restart
2026-09-27T01:03:26Z,Packaging,PKG08,info,PLC,Recipe SKU-1042 downloaded to PLC - parameters verified
2026-09-27T01:05:13Z,Assembly,ASM02,warn,HMI,Operator sign-in timeout - line paused (break / shift relief)
2026-09-27T01:06:41Z,Coating,COT02,info,MES,Hourly production: pass=3045 fail=256 yield=92.0%
2026-09-27T01:06:58Z,Packaging,PKG06,info,MES,PM task complete: lubrication / inspection checklist
2026-09-27T01:07:36Z,Kitting,KIT04,info,MES,Line clearance checklist item complete: infeed cleared
2026-09-27T01:08:20Z,Molding,MLD07,info,MES,Hourly production: pass=2228 fail=92 yield=88.2%
2026-09-27T01:09:35Z,Kitting,KIT07,warn,VIS,Vision reject burst: 12 consecutive rejects - self-cleared
2026-09-27T01:10:30Z,Packaging,PKG08,info,PLC,Master reset - line restart
2026-09-27T01:10:33Z,Kitting,KIT05,info,MES,Recipe change queued: SKU-2311 -> SKU-1179
2026-09-27T01:11:27Z,Molding,MLD04,info,PLC,Product present at infeed - auto restart
2026-09-27T01:12:09Z,Packaging,PKG07,warn,VIS,Vision reject burst: 9 consecutive rejects - self-cleared
2026-09-27T01:12:58Z,Coating,COT02,info,MES,Recipe change queued: SKU-1042 -> SKU-1042
2026-09-27T01:13:00Z,Packaging,PKG08,info,PLC,Ramp to rate complete (3200 uph)
2026-09-27T01:15:10Z,Packaging,PKG07,info,MES,Hourly production: pass=2235 fail=136 yield=98.7%
2026-09-27T01:15:26Z,Assembly,ASM01,warn,PLC,Infeed backlog high - accumulation table at 85%
2026-09-27T01:17:18Z,Coating,COT01,warn,PLC,Infeed conveyor low - upstream supply degraded
2026-09-27T01:19:10Z,Kitting,KIT04,info,MES,Line clearance checklist item complete: reject bin verified empty
2026-09-27T01:19:52Z,Assembly,ASM01,warn,PLC,Torque limit warning - infeed screw drive
2026-09-27T01:20:32Z,Coating,COT01,error,PLC,E310 STARVED - no product at infeed photo-eye for 60s
2026-09-27T01:21:16Z,Molding,MLD06,info,MES,Hourly production: pass=2723 fail=100 yield=89.4%
2026-09-27T01:21:54Z,Assembly,ASM01,error,PLC,E201 INFEED JAM - line stopped by PLC interlock
2026-09-27T01:22:45Z,Assembly,ASM01,info,HMI,Alarm E201 acknowledged by operator
2026-09-27T01:23:01Z,Molding,MLD06,warn,PLC,Infeed backlog high - accumulation table at 85%
2026-09-27T01:23:09Z,Molding,MLD06,warn,PLC,Torque limit warning - infeed screw drive
2026-09-27T01:23:44Z,Packaging,PKG04,info,PLC,Recipe SKU-3007 downloaded to PLC - parameters verified
2026-09-27T01:24:05Z,Coating,COT01,info,HMI,Alarm E310 acknowledged by operator
2026-09-27T01:24:46Z,Kitting,KIT05,info,MES,Change over started - line clearance in progress
2026-09-27T01:24:46Z,Kitting,KIT05,info,PLC,Guard door opened - operator station 1
2026-09-27T01:25:13Z,Kitting,KIT03,warn,PLC,Discharge back-pressure rising - downstream accumulation at 90%
2026-09-27T01:25:56Z,Molding,MLD06,error,PLC,E201 INFEED JAM - line stopped by PLC interlock
2026-09-27T01:26:24Z,Assembly,ASM01,info,HMI,Jam cleared - guards closed
2026-09-27T01:27:00Z,Molding,MLD07,warn,VIS,Vision reject burst: 4 consecutive rejects - self-cleared
2026-09-27T01:27:31Z,Assembly,ASM01,info,PLC,Fault reset - line restart
2026-09-27T01:27:41Z,Coating,COT02,info,MES,Change over started - line clearance in progress
2026-09-27T01:27:41Z,Coating,COT02,info,PLC,Guard door opened - operator station 1
2026-09-27T01:27:50Z,Coating,COT03,info,MES,Hourly production: pass=2563 fail=289 yield=94.0%
2026-09-27T01:28:06Z,Molding,MLD06,info,HMI,Alarm E201 acknowledged by operator
2026-09-27T01:28:13Z,Kitting,KIT03,error,PLC,"E311 BLOCKED - discharge full, line paused"
2026-09-27T01:28:27Z,Kitting,KIT08,info,MES,PM task complete: lubrication / inspection checklist
2026-09-27T01:29:31Z,Assembly,ASM01,info,PLC,Ramp to rate complete (3400 uph)
2026-09-27T01:30:44Z,Kitting,KIT04,info,PLC,Recipe SKU-1042 downloaded to PLC - parameters verified
2026-09-27T01:33:58Z,Assembly,ASM02,info,HMI,Operator D.Okafor signed in - line restart
2026-09-27T01:34:35Z,Molding,MLD07,warn,PLC,Torque limit warning - infeed screw drive
2026-09-27T01:34:51Z,Packaging,PKG05,info,MES,Recipe change queued: SKU-2311 -> SKU-2044
2026-09-27T01:35:51Z,Molding,MLD07,warn,PLC,Infeed backlog high - accumulation table at 85%
2026-09-27T01:36:33Z,Kitting,KIT07,info,MES,Operator M.Chen signed in at station 1
2026-09-27T01:36:37Z,Coating,COT02,info,MES,Line clearance checklist item complete: infeed cleared
2026-09-27T01:37:16Z,Molding,MLD07,error,PLC,E201 INFEED JAM - line stopped by PLC interlock
2026-09-27T01:37:31Z,Molding,MLD06,info,HMI,Jam cleared - guards closed
2026-09-27T01:38:19Z,Coating,COT01,info,PLC,Product present at infeed - auto restart
2026-09-27T01:38:26Z,Kitting,KIT03,info,PLC,Downstream cleared - auto restart
2026-09-27T01:38:27Z,Kitting,KIT04,info,PLC,Master reset - line restart
2026-09-27T01:39:08Z,Kitting,KIT05,info,MES,Line clearance checklist item complete: infeed cleared
2026-09-27T01:39:36Z,Kitting,KIT07,info,MES,Hourly production: pass=2475 fail=184 yield=95.4%
2026-09-27T01:39:56Z,Packaging,PKG05,info,MES,Hourly production: pass=2104 fail=203 yield=88.6%
2026-09-27T01:40:13Z,Molding,MLD07,info,HMI,Alarm E201 acknowledged by operator
2026-09-27T01:40:23Z,Packaging,PKG08,error,PLC,E001 E-STOP PRESSED - operator station 2 - safety circuit open
2026-09-27T01:40:25Z,Molding,MLD06,info,PLC,Fault reset - line restart
2026-09-27T01:40:55Z,Packaging,PKG04,info,PLC,Master reset - line restart
2026-09-27T01:40:57Z,Kitting,KIT04,info,PLC,Ramp to rate complete (3300 uph)
2026-09-27T01:41:03Z,Molding,MLD03,info,MES,Hourly production: pass=1929 fail=295 yield=88.7%
2026-09-27T01:42:25Z,Molding,MLD06,info,PLC,Ramp to rate complete (2700 uph)
2026-09-27T01:43:25Z,Packaging,PKG04,info,PLC,Ramp to rate complete (3000 uph)
2026-09-27T01:44:50Z,Packaging,PKG08,info,HMI,E-stop reset - safety circuit closed
2026-09-27T01:48:25Z,Molding,MLD04,info,MES,Hourly production: pass=3075 fail=85 yield=88.0%
2026-09-27T01:49:14Z,Packaging,PKG05,info,MES,Change over started - line clearance in progress
2026-09-27T01:49:14Z,Packaging,PKG05,info,PLC,Guard door opened - operator station 1
2026-09-27T01:49:16Z,Packaging,PKG08,info,PLC,Safety reset complete - master reset - line restart
2026-09-27T01:50:00Z,Coating,COT02,info,MES,Line clearance checklist item complete: reject bin verified empty
2026-09-27T01:51:33Z,Molding,MLD05,info,MES,Hourly production: pass=2040 fail=104 yield=89.1%
2026-09-27T01:52:59Z,Molding,MLD07,info,HMI,Jam cleared - guards closed
2026-09-27T01:53:47Z,Packaging,PKG07,warn,PLC,Discharge back-pressure rising - downstream accumulation at 90%
2026-09-27T01:56:19Z,Packaging,PKG05,info,MES,Line clearance checklist item complete: infeed cleared
2026-09-27T01:56:21Z,Packaging,PKG04,warn,VIS,Vision reject burst: 11 consecutive rejects - self-cleared
2026-09-27T01:56:31Z,Coating,COT01,info,MES,Hourly production: pass=2066 fail=262 yield=95.0%
2026-09-27T01:56:55Z,Molding,MLD07,info,PLC,Fault reset - line restart
2026-09-27T01:56:55Z,Packaging,PKG07,error,PLC,"E311 BLOCKED - discharge full, line paused"
2026-09-27T01:58:15Z,Assembly,ASM01,warn,PLC,Infeed backlog high - accumulation table at 85%
2026-09-27T01:58:55Z,Molding,MLD07,info,PLC,Ramp to rate complete (2600 uph)
2026-09-27T01:59:28Z,Assembly,ASM01,warn,PLC,Torque limit warning - infeed screw drive
2026-09-27T02:00:42Z,Kitting,KIT05,info,MES,Line clearance checklist item complete: reject bin verified empty
2026-09-27T02:01:20Z,Assembly,ASM01,error,PLC,E201 INFEED JAM - line stopped by PLC interlock
2026-09-27T02:01:38Z,Molding,MLD03,info,MES,Recipe change queued: SKU-1042 -> SKU-3007
2026-09-27T02:03:21Z,Assembly,ASM02,info,MES,Hourly production: pass=3147 fail=143 yield=89.7%
2026-09-27T02:03:24Z,Coating,COT02,info,PLC,Recipe SKU-1179 downloaded to PLC - parameters verified
2026-09-27T02:03:25Z,Kitting,KIT07,info,MES,Hourly production: pass=2698 fail=292 yield=98.2%
2026-09-27T02:03:52Z,Coating,COT01,info,MES,Hourly production: pass=2988 fail=208 yield=95.4%
2026-09-27T02:04:13Z,Packaging,PKG08,info,MES,Hourly production: pass=2544 fail=201 yield=94.8%
2026-09-27T02:04:28Z,Assembly,ASM01,info,HMI,Alarm E201 acknowledged by operator
2026-09-27T02:05:05Z,Coating,COT03,warn,PLC,Infeed backlog high - accumulation table at 85%
2026-09-27T02:06:18Z,Coating,COT03,warn,PLC,Torque limit warning - infeed screw drive
2026-09-27T02:06:23Z,Assembly,ASM02,info,MES,Recipe change queued: SKU-2311 -> SKU-1179
2026-09-27T02:06:55Z,Packaging,PKG05,info,MES,Line clearance checklist item complete: reject bin verified empty
2026-09-27T02:08:24Z,Packaging,PKG04,info,MES,Hourly production: pass=1734 fail=273 yield=98.4%
2026-09-27T02:08:45Z,Coating,COT03,error,PLC,E201 INFEED JAM - line stopped by PLC interlock
2026-09-27T02:08:48Z,Molding,MLD03,info,MES,Change over started - line clearance in progress
2026-09-27T02:08:48Z,Molding,MLD03,info,PLC,Guard door opened - operator station 1
2026-09-27T02:09:33Z,Molding,MLD04,info,MES,Hourly production: pass=3199 fail=181 yield=95.5%
2026-09-27T02:10:47Z,Molding,MLD05,warn,PLC,Infeed conveyor low - upstream supply degraded
2026-09-27T02:11:03Z,Packaging,PKG07,info,PLC,Downstream cleared - auto restart
2026-09-27T02:11:33Z,Molding,MLD06,info,MES,Hourly production: pass=2834 fail=260 yield=92.9%
2026-09-27T02:12:12Z,Coating,COT03,info,HMI,Alarm E201 acknowledged by operator
2026-09-27T02:12:20Z,Coating,COT02,info,PLC,Master reset - line restart
2026-09-27T02:12:35Z,Coating,COT01,info,MES,Recipe change queued: SKU-3007 -> SKU-1179
2026-09-27T02:14:19Z,Packaging,PKG08,warn,PLC,Infeed conveyor low - upstream supply degraded
2026-09-27T02:14:50Z,Coating,COT02,info,PLC,Ramp to rate complete (3200 uph)
2026-09-27T02:14:54Z,Kitting,KIT07,warn,VIS,Vision reject rate high: rolling 15 min at 3.2% (limit 3.0%)
2026-09-27T02:15:31Z,Molding,MLD07,info,MES,Hourly production: pass=1827 fail=162 yield=88.6%
2026-09-27T02:15:33Z,Molding,MLD05,error,PLC,E310 STARVED - no product at infeed photo-eye for 60s
2026-09-27T02:15:45Z,Kitting,KIT07,warn,VIS,Camera 2 calibration drift detected - contrast margin low
2026-09-27T02:17:15Z,Kitting,KIT03,warn,PLC,Infeed conveyor low - upstream supply degraded
2026-09-27T02:17:31Z,Packaging,PKG05,info,PLC,Recipe SKU-2044 downloaded to PLC - parameters verified
2026-09-27T02:17:36Z,Packaging,PKG08,error,PLC,E310 STARVED - no product at infeed photo-eye for 60s
2026-09-27T02:17:53Z,Kitting,KIT04,info,MES,Hourly production: pass=2414 fail=300 yield=92.8%
2026-09-27T02:18:04Z,Assembly,ASM01,info,HMI,Jam cleared - guards closed
2026-09-27T02:18:37Z,Kitting,KIT03,error,PLC,E310 STARVED - no product at infeed photo-eye for 60s
2026-09-27T02:18:54Z,Packaging,PKG08,info,HMI,Alarm E310 acknowledged by operator
2026-09-27T02:19:20Z,Molding,MLD05,info,HMI,Alarm E310 acknowledged by operator
2026-09-27T02:20:13Z,Kitting,KIT07,error,MES,QUALITY HOLD - lot paused pending QA disposition
2026-09-27T02:20:27Z,Assembly,ASM02,info,MES,Change over started - line clearance in progress
2026-09-27T02:20:27Z,Assembly,ASM02,info,PLC,Guard door opened - operator station 1
2026-09-27T02:21:05Z,Kitting,KIT03,info,HMI,Alarm E310 acknowledged by operator
2026-09-27T02:21:34Z,Packaging,PKG06,info,PLC,LOTO removed
2026-09-27T02:22:15Z,Kitting,KIT05,info,PLC,Recipe SKU-1042 downloaded to PLC - parameters verified
2026-09-27T02:22:16Z,Assembly,ASM01,info,PLC,Fault reset - line restart
2026-09-27T02:22:35Z,Coating,COT02,info,MES,Hourly production: pass=2679 fail=82 yield=98.6%
2026-09-27T02:23:34Z,Packaging,PKG06,info,PLC,Master reset - line restart
2026-09-27T02:23:55Z,Coating,COT01,info,MES,Change over started - line clearance in progress
2026-09-27T02:23:55Z,Coating,COT01,info,PLC,Guard door opened - operator station 1
2026-09-27T02:24:05Z,Packaging,PKG08,info,PLC,Product present at infeed - auto restart
2026-09-27T02:24:16Z,Assembly,ASM01,info,PLC,Ramp to rate complete (3400 uph)
2026-09-27T02:24:36Z,Packaging,PKG05,info,PLC,Master reset - line restart
2026-09-27T02:25:30Z,Molding,MLD03,info,MES,Line clearance checklist item complete: infeed cleared
2026-09-27T02:27:06Z,Packaging,PKG05,info,PLC,Ramp to rate complete (2600 uph)
2026-09-27T02:27:06Z,Coating,COT03,info,HMI,Jam cleared - guards closed
2026-09-27T02:27:46Z,Packaging,PKG06,info,MES,Hourly production: pass=2764 fail=113 yield=98.0%
2026-09-27T02:28:41Z,Packaging,PKG07,info,MES,Hourly production: pass=3229 fail=270 yield=95.6%
2026-09-27T02:30:25Z,Assembly,ASM02,info,MES,Line clearance checklist item complete: infeed cleared
2026-09-27T02:30:55Z,Kitting,KIT08,info,PLC,LOTO removed
2026-09-27T02:30:56Z,Kitting,KIT03,info,PLC,Product present at infeed - auto restart
2026-09-27T02:31:41Z,Coating,COT03,info,PLC,Fault reset - line restart
2026-09-27T02:31:49Z,Molding,MLD06,warn,VIS,Vision reject burst: 11 consecutive rejects - self-cleared
2026-09-27T02:32:33Z,Molding,MLD06,warn,PLC,Infeed backlog high - accumulation table at 85%
2026-09-27T02:32:55Z,Kitting,KIT08,info,PLC,Master reset - line restart
2026-09-27T02:33:05Z,Molding,MLD04,warn,PLC,Infeed backlog high - accumulation table at 85%
2026-09-27T02:33:41Z,Coating,COT03,info,PLC,Ramp to rate complete (3000 uph)
2026-09-27T02:34:01Z,Kitting,KIT07,info,MES,QA sampling in progress - 32 pc AQL pull
2026-09-27T02:34:23Z,Molding,MLD04,warn,PLC,Torque limit warning - infeed screw drive
2026-09-27T02:34:29Z,Molding,MLD05,info,PLC,Product present at infeed - auto restart
2026-09-27T02:34:33Z,Assembly,ASM05,info,MES,PM task complete: lubrication / inspection checklist
2026-09-27T02:34:53Z,Molding,MLD06,warn,PLC,Torque limit warning - infeed screw drive
2026-09-27T02:35:04Z,Kitting,KIT04,warn,PLC,Infeed conveyor low - upstream supply degraded
2026-09-27T02:35:38Z,Molding,MLD06,error,PLC,E201 INFEED JAM - line stopped by PLC interlock
2026-09-27T02:36:15Z,Molding,MLD04,error,PLC,E201 INFEED JAM - line stopped by PLC interlock
2026-09-27T02:36:37Z,Molding,MLD06,info,HMI,Alarm E201 acknowledged by operator
2026-09-27T02:36:38Z,Kitting,KIT05,info,PLC,Master reset - line restart
2026-09-27T02:37:05Z,Coating,COT01,info,MES,Line clearance checklist item complete: infeed cleared
2026-09-27T02:38:00Z,Assembly,ASM01,info,MES,Hourly production: pass=1556 fail=60 yield=94.6%
2026-09-27T02:39:00Z,Kitting,KIT04,error,PLC,E310 STARVED - no product at infeed photo-eye for 60s
2026-09-27T02:39:08Z,Kitting,KIT05,info,PLC,Ramp to rate complete (2900 uph)
2026-09-27T02:39:53Z,Molding,MLD04,info,HMI,Alarm E201 acknowledged by operator
2026-09-27T02:40:53Z,Molding,MLD06,info,HMI,Jam cleared - guards closed
2026-09-27T02:41:38Z,Kitting,KIT04,info,HMI,Alarm E310 acknowledged by operator
2026-09-27T02:42:12Z,Molding,MLD06,info,PLC,Fault reset - line restart
2026-09-27T02:44:12Z,Molding,MLD06,info,PLC,Ramp to rate complete (2700 uph)
2026-09-27T02:45:23Z,Assembly,ASM02,info,MES,Line clearance checklist item complete: reject bin verified empty
2026-09-27T02:47:31Z,Packaging,PKG05,info,MES,Operator K.Simmons signed in at station 1
2026-09-27T02:47:48Z,Kitting,KIT07,info,MES,"QA disposition: RELEASE - hold lifted, line restart"
2026-09-27T02:48:51Z,Packaging,PKG08,warn,VIS,Vision reject burst: 11 consecutive rejects - self-cleared
2026-09-27T02:50:33Z,Molding,MLD03,info,MES,Line clearance checklist item complete: reject bin verified empty
2026-09-27T02:50:33Z,Kitting,KIT03,info,MES,Hourly production: pass=2698 fail=209 yield=90.3%
2026-09-27T02:52:09Z,Kitting,KIT04,info,PLC,Product present at infeed - auto restart
2026-09-27T02:54:28Z,Kitting,KIT05,warn,VIS,Vision reject burst: 12 consecutive rejects - self-cleared
2026-09-27T02:55:40Z,Molding,MLD04,info,HMI,Jam cleared - guards closed
2026-09-27T02:56:51Z,Coating,COT01,info,MES,Line clearance checklist item complete: reject bin verified empty
2026-09-27T03:00:21Z,Assembly,ASM02,info,PLC,Recipe SKU-1042 downloaded to PLC - parameters verified
2026-09-27T03:00:31Z,Molding,MLD04,info,PLC,Fault reset - line restart
2026-09-27T03:02:31Z,Molding,MLD04,info,PLC,Ramp to rate complete (3300 uph)
2026-09-27T03:10:19Z,Assembly,ASM02,info,PLC,Master reset - line restart
2026-09-27T03:12:49Z,Assembly,ASM02,info,PLC,Ramp to rate complete (3000 uph)
2026-09-27T03:15:35Z,Molding,MLD03,info,PLC,Recipe SKU-2044 downloaded to PLC - parameters verified
2026-09-27T03:16:37Z,Coating,COT01,info,PLC,Recipe SKU-2044 downloaded to PLC - parameters verified
2026-09-27T03:29:47Z,Coating,COT01,info,PLC,Master reset - line restart
2026-09-27T03:32:17Z,Coating,COT01,info,PLC,Ramp to rate complete (2400 uph)
2026-09-27T03:32:17Z,Molding,MLD03,info,PLC,Master reset - line restart
2026-09-27T03:34:47Z,Molding,MLD03,info,PLC,Ramp to rate complete (2800 uph)
2026-09-27T04:14:06Z,Assembly,ASM05,info,PLC,LOTO removed
2026-09-27T04:16:06Z,Assembly,ASM05,info,PLC,Master reset - line restart
2026-09-28T10:59:39Z,Packaging,PKG04,warn,PLC,Infeed backlog high - accumulation table at 85%
2026-09-28T11:00:10Z,Packaging,PKG04,warn,PLC,Torque limit warning - infeed screw drive
2026-09-28T11:00:47Z,Packaging,PKG04,error,PLC,E201 INFEED JAM - line stopped by PLC interlock
2026-09-28T11:03:35Z,Packaging,PKG04,info,HMI,Alarm E201 acknowledged by operator
2026-09-28T11:06:46Z,Molding,MLD07,warn,VIS,Vision reject rate high: rolling 15 min at 6.4% (limit 3.0%)
2026-09-28T11:08:47Z,Molding,MLD05,info,MES,Hourly production: pass=2604 fail=58 yield=98.2%
2026-09-28T11:10:30Z,Kitting,KIT05,warn,PLC,Servo temperature high warning - capper axis (78 C)
2026-09-28T11:12:17Z,Kitting,KIT03,warn,VIS,Vision reject burst: 6 consecutive rejects - self-cleared
2026-09-28T11:13:43Z,Molding,MLD07,warn,VIS,Camera 2 calibration drift detected - contrast margin low
2026-09-28T11:14:30Z,Molding,MLD04,info,MES,Hourly production: pass=2300 fail=37 yield=91.6%
2026-09-28T11:15:29Z,Molding,MLD05,warn,VIS,Vision reject burst: 10 consecutive rejects - self-cleared
2026-09-28T11:15:45Z,Packaging,PKG04,info,HMI,Jam cleared - guards closed
2026-09-28T11:15:58Z,Molding,MLD07,error,MES,QUALITY HOLD - lot paused pending QA disposition
2026-09-28T11:16:04Z,Molding,MLD04,warn,PLC,Infeed backlog high - accumulation table at 85%
2026-09-28T11:16:22Z,Coating,COT01,error,PLC,E001 E-STOP PRESSED - operator station 2 - safety circuit open
2026-09-28T11:18:05Z,Molding,MLD05,warn,PLC,Infeed conveyor low - upstream supply degraded
2026-09-28T11:18:39Z,Packaging,PKG08,info,MES,Hourly production: pass=3233 fail=223 yield=98.1%
2026-09-28T11:19:11Z,Kitting,KIT07,info,MES,Hourly production: pass=3280 fail=49 yield=90.5%
2026-09-28T11:19:30Z,Packaging,PKG04,info,PLC,Fault reset - line restart
2026-09-28T11:19:59Z,Molding,MLD03,info,MES,Recipe change queued: SKU-2044 -> SKU-2311
2026-09-28T11:20:49Z,Molding,MLD04,warn,PLC,Torque limit warning - infeed screw drive
2026-09-28T11:20:58Z,Molding,MLD05,error,PLC,E310 STARVED - no product at infeed photo-eye for 60s
2026-09-28T11:21:30Z,Packaging,PKG04,info,PLC,Ramp to rate complete (3000 uph)
2026-09-28T11:22:06Z,Molding,MLD06,warn,PLC,Infeed conveyor low - upstream supply degraded
2026-09-28T11:22:09Z,Molding,MLD04,error,PLC,E201 INFEED JAM - line stopped by PLC interlock
2026-09-28T11:22:09Z,Coating,COT01,info,HMI,E-stop reset - safety circuit closed
2026-09-28T11:22:53Z,Molding,MLD05,info,HMI,Alarm E310 acknowledged by operator
2026-09-28T11:23:07Z,Molding,MLD06,error,PLC,E310 STARVED - no product at infeed photo-eye for 60s
2026-09-28T11:24:11Z,Coating,COT03,warn,HMI,Operator sign-in timeout - line paused (break / shift relief)
2026-09-28T11:24:36Z,Molding,MLD06,info,HMI,Alarm E310 acknowledged by operator
2026-09-28T11:25:43Z,Molding,MLD04,info,HMI,Alarm E201 acknowledged by operator
2026-09-28T11:27:56Z,Coating,COT01,info,PLC,Safety reset complete - master reset - line restart
2026-09-28T11:28:42Z,Packaging,PKG07,info,MES,Hourly production: pass=1867 fail=120 yield=89.7%
2026-09-28T11:29:03Z,Kitting,KIT05,info,MES,Hourly production: pass=1847 fail=277 yield=91.1%
2026-09-28T11:30:10Z,Packaging,PKG05,info,MES,Hourly production: pass=3129 fail=182 yield=93.4%
2026-09-28T11:30:33Z,Molding,MLD05,info,PLC,Product present at infeed - auto restart
2026-09-28T11:30:34Z,Assembly,ASM05,warn,PLC,Infeed conveyor low - upstream supply degraded
2026-09-28T11:30:34Z,Molding,MLD06,info,PLC,Product present at infeed - auto restart
2026-09-28T11:32:07Z,Molding,MLD03,info,MES,Change over started - line clearance in progress
2026-09-28T11:32:07Z,Molding,MLD03,info,PLC,Guard door opened - operator station 1
2026-09-28T11:32:34Z,Assembly,ASM02,info,MES,PM work order WO-49619 scheduled - line will stop at end of current lot
2026-09-28T11:33:59Z,Coating,COT03,info,HMI,Operator M.Chen signed in - line restart
2026-09-28T11:34:50Z,Molding,MLD07,info,MES,QA sampling in progress - 32 pc AQL pull
2026-09-28T11:35:29Z,Assembly,ASM05,error,PLC,E310 STARVED - no product at infeed photo-eye for 60s
2026-09-28T11:38:26Z,Coating,COT02,info,MES,Hourly production: pass=1715 fail=101 yield=90.5%
2026-09-28T11:38:36Z,Molding,MLD06,warn,VIS,Vision reject burst: 10 consecutive rejects - self-cleared
2026-09-28T11:38:41Z,Assembly,ASM05,info,HMI,Alarm E310 acknowledged by operator
2026-09-28T11:38:59Z,Kitting,KIT03,warn,PLC,Infeed backlog high - accumulation table at 85%
2026-09-28T11:40:14Z,Kitting,KIT03,warn,PLC,Torque limit warning - infeed screw drive
2026-09-28T11:41:12Z,Molding,MLD04,info,HMI,Jam cleared - guards closed
2026-09-28T11:41:15Z,Kitting,KIT03,warn,PLC,Servo temperature high warning - capper axis (78 C)
2026-09-28T11:41:34Z,Kitting,KIT03,error,PLC,E201 INFEED JAM - line stopped by PLC interlock
2026-09-28T11:42:16Z,Kitting,KIT04,warn,VIS,Vision reject rate high: rolling 15 min at 4.2% (limit 3.0%)
2026-09-28T11:42:38Z,Kitting,KIT04,warn,VIS,Camera 2 calibration drift detected - contrast margin low
2026-09-28T11:44:24Z,Kitting,KIT04,error,MES,QUALITY HOLD - lot paused pending QA disposition
2026-09-28T11:44:57Z,Kitting,KIT03,info,HMI,Alarm E201 acknowledged by operator
2026-09-28T11:45:01Z,Assembly,ASM02,info,MES,Scheduled downtime started - PM work order WO-45894
2026-09-28T11:45:01Z,Assembly,ASM02,warn,PLC,LOTO applied - energy isolation verified
2026-09-28T11:45:40Z,Assembly,ASM01,info,MES,Hourly production: pass=2819 fail=34 yield=97.3%
2026-09-28T11:45:58Z,Molding,MLD04,info,PLC,Fault reset - line restart
2026-09-28T11:47:29Z,Packaging,PKG05,error,PLC,E001 E-STOP PRESSED - operator station 2 - safety circuit open
2026-09-28T11:47:46Z,Packaging,PKG06,info,MES,Hourly production: pass=2723 fail=111 yield=98.7%
2026-09-28T11:47:58Z,Molding,MLD04,info,PLC,Ramp to rate complete (3300 uph)
2026-09-28T11:49:09Z,Molding,MLD03,info,MES,Line clearance checklist item complete: infeed cleared
2026-09-28T11:49:20Z,Packaging,PKG05,info,HMI,E-stop reset - safety circuit closed
2026-09-28T11:49:43Z,Molding,MLD06,info,MES,Hourly production: pass=2293 fail=159 yield=94.9%
2026-09-28T11:51:11Z,Packaging,PKG05,info,PLC,Safety reset complete - master reset - line restart
2026-09-28T11:51:32Z,Assembly,ASM05,info,PLC,Product present at infeed - auto restart
2026-09-28T11:52:02Z,Packaging,PKG04,warn,VIS,Vision reject rate high: rolling 15 min at 4.5% (limit 3.0%)
2026-09-28T11:52:49Z,Assembly,ASM01,warn,PLC,Discharge back-pressure rising - downstream accumulation at 90%
2026-09-28T11:53:42Z,Molding,MLD07,info,MES,"QA disposition: RELEASE - hold lifted, line restart"
2026-09-28T11:54:00Z,Packaging,PKG08,warn,PLC,Infeed backlog high - accumulation table at 85%
2026-09-28T11:54:41Z,Assembly,ASM01,error,PLC,"E311 BLOCKED - discharge full, line paused"
2026-09-28T11:57:33Z,Packaging,PKG04,warn,VIS,Camera 2 calibration drift detected - contrast margin low
2026-09-28T11:57:41Z,Coating,COT01,info,MES,Recipe change queued: SKU-1042 -> SKU-1179
2026-09-28T11:57:55Z,Coating,COT01,info,MES,Hourly production: pass=2068 fail=219 yield=91.2%
2026-09-28T11:58:29Z,Coating,COT02,info,MES,Recipe change queued: SKU-1042 -> SKU-2311
2026-09-28T11:59:05Z,Packaging,PKG04,error,MES,QUALITY HOLD - lot paused pending QA disposition
2026-09-28T11:59:11Z,Packaging,PKG08,warn,PLC,Torque limit warning - infeed screw drive
2026-09-28T11:59:36Z,Kitting,KIT03,info,HMI,Jam cleared - guards closed
2026-09-28T12:00:18Z,Packaging,PKG08,error,PLC,E201 INFEED JAM - line stopped by PLC interlock
2026-09-28T12:01:30Z,Kitting,KIT04,info,MES,QA sampling in progress - 32 pc AQL pull
2026-09-28T12:02:32Z,Molding,MLD04,info,MES,Hourly production: pass=3289 fail=71 yield=98.6%
2026-09-28T12:03:49Z,Kitting,KIT08,info,MES,Hourly production: pass=2430 fail=88 yield=98.9%
2026-09-28T12:03:57Z,Packaging,PKG08,info,HMI,Alarm E201 acknowledged by operator
2026-09-28T12:04:02Z,Coating,COT02,warn,PLC,Servo temperature high warning - capper axis (78 C)
2026-09-28T12:04:06Z,Kitting,KIT07,info,MES,Recipe change queued: SKU-1179 -> SKU-2311
2026-09-28T12:04:07Z,Kitting,KIT03,info,PLC,Fault reset - line restart
2026-09-28T12:04:38Z,Coating,COT02,info,MES,Change over started - line clearance in progress
2026-09-28T12:04:38Z,Coating,COT02,info,PLC,Guard door opened - operator station 1
2026-09-28T12:06:07Z,Kitting,KIT03,info,PLC,Ramp to rate complete (3000 uph)
2026-09-28T12:06:17Z,Coating,COT01,info,MES,Change over started - line clearance in progress
2026-09-28T12:06:17Z,Coating,COT01,info,PLC,Guard door opened - operator station 1
2026-09-28T12:09:14Z,Assembly,ASM01,info,PLC,Downstream cleared - auto restart
2026-09-28T12:10:02Z,Molding,MLD04,warn,PLC,Discharge back-pressure rising - downstream accumulation at 90%
2026-09-28T12:11:40Z,Coating,COT01,info,MES,Line clearance checklist item complete: infeed cleared
2026-09-28T12:12:52Z,Kitting,KIT07,info,MES,Change over started - line clearance in progress
2026-09-28T12:12:52Z,Kitting,KIT07,info,PLC,Guard door opened - operator station 1
2026-09-28T12:14:41Z,Molding,MLD03,info,MES,Line clearance checklist item complete: reject bin verified empty
2026-09-28T12:14:51Z,Molding,MLD04,error,PLC,"E311 BLOCKED - discharge full, line paused"
2026-09-28T12:15:02Z,Packaging,PKG06,info,MES,Operator M.Chen signed in at station 1
2026-09-28T12:17:57Z,Coating,COT02,info,MES,Line clearance checklist item complete: infeed cleared
2026-09-28T12:18:37Z,Kitting,KIT04,info,MES,"QA disposition: RELEASE - hold lifted, line restart"
2026-09-28T12:18:57Z,Coating,COT03,warn,PLC,Servo temperature high warning - capper axis (78 C)
2026-09-28T12:19:15Z,Molding,MLD04,info,PLC,Downstream cleared - auto restart
2026-09-28T12:19:43Z,Packaging,PKG04,info,MES,QA sampling in progress - 32 pc AQL pull
2026-09-28T12:19:44Z,Coating,COT01,info,MES,Line clearance checklist item complete: reject bin verified empty
2026-09-28T12:19:48Z,Packaging,PKG08,info,HMI,Jam cleared - guards closed
2026-09-28T12:19:55Z,Kitting,KIT04,info,MES,Hourly production: pass=1877 fail=255 yield=92.2%
2026-09-28T12:20:10Z,Kitting,KIT07,info,MES,Line clearance checklist item complete: infeed cleared
2026-09-28T12:21:23Z,Packaging,PKG06,warn,PLC,Discharge back-pressure rising - downstream accumulation at 90%
2026-09-28T12:24:41Z,Packaging,PKG08,info,PLC,Fault reset - line restart
2026-09-28T12:24:51Z,Packaging,PKG06,error,PLC,"E311 BLOCKED - discharge full, line paused"
2026-09-28T12:25:46Z,Kitting,KIT03,warn,VIS,Vision reject burst: 10 consecutive rejects - self-cleared
2026-09-28T12:26:04Z,Packaging,PKG05,warn,VIS,Camera 2 calibration drift detected - contrast margin low
2026-09-28T12:26:08Z,Kitting,KIT08,warn,PLC,Infeed backlog high - accumulation table at 85%
2026-09-28T12:26:41Z,Packaging,PKG08,info,PLC,Ramp to rate complete (3200 uph)
2026-09-28T12:27:48Z,Coating,COT01,info,PLC,Recipe SKU-1179 downloaded to PLC - parameters verified
2026-09-28T12:27:51Z,Packaging,PKG05,warn,VIS,Vision reject rate high: rolling 15 min at 3.8% (limit 3.0%)
2026-09-28T12:27:52Z,Kitting,KIT05,warn,HMI,Operator sign-in timeout - line paused (break / shift relief)
2026-09-28T12:30:21Z,Packaging,PKG05,error,MES,QUALITY HOLD - lot paused pending QA disposition
2026-09-28T12:30:55Z,Molding,MLD05,info,MES,Hourly production: pass=2488 fail=271 yield=88.1%
2026-09-28T12:31:06Z,Kitting,KIT07,info,MES,Line clearance checklist item complete: reject bin verified empty
2026-09-28T12:32:06Z,Kitting,KIT08,warn,PLC,Torque limit warning - infeed screw drive
2026-09-28T12:33:02Z,Kitting,KIT08,error,PLC,E201 INFEED JAM - line stopped by PLC interlock
2026-09-28T12:33:10Z,Coating,COT01,info,PLC,Master reset - line restart
2026-09-28T12:34:07Z,Kitting,KIT08,info,HMI,Alarm E201 acknowledged by operator
2026-09-28T12:35:15Z,Packaging,PKG06,info,PLC,Downstream cleared - auto restart
2026-09-28T12:35:40Z,Coating,COT01,info,PLC,Ramp to rate complete (2400 uph)
2026-09-28T12:35:53Z,Packaging,PKG07,warn,PLC,Infeed backlog high - accumulation table at 85%
2026-09-28T12:37:55Z,Coating,COT02,info,MES,Line clearance checklist item complete: reject bin verified empty
2026-09-28T12:38:49Z,Kitting,KIT08,info,HMI,Jam cleared - guards closed
2026-09-28T12:39:09Z,Packaging,PKG07,info,MES,Hourly production: pass=2655 fail=77 yield=97.7%
2026-09-28T12:39:57Z,Assembly,ASM01,info,MES,Recipe change queued: SKU-2311 -> SKU-2311
2026-09-28T12:40:14Z,Molding,MLD03,info,PLC,Recipe SKU-2311 downloaded to PLC - parameters verified
2026-09-28T12:40:15Z,Kitting,KIT08,info,PLC,Fault reset - line restart
2026-09-28T12:40:21Z,Packaging,PKG04,info,MES,"QA disposition: RELEASE - hold lifted, line restart"
2026-09-28T12:40:29Z,Molding,MLD06,info,MES,Hourly production: pass=3128 fail=83 yield=94.4%
2026-09-28T12:40:36Z,Molding,MLD06,info,MES,Recipe change queued: SKU-1042 -> SKU-1179
2026-09-28T12:41:05Z,Packaging,PKG07,warn,PLC,Torque limit warning - infeed screw drive
2026-09-28T12:41:37Z,Packaging,PKG07,error,PLC,E201 INFEED JAM - line stopped by PLC interlock
2026-09-28T12:41:58Z,Assembly,ASM05,info,MES,Hourly production: pass=2888 fail=245 yield=92.5%
2026-09-28T12:42:03Z,Kitting,KIT07,info,PLC,Recipe SKU-2044 downloaded to PLC - parameters verified
2026-09-28T12:42:15Z,Kitting,KIT08,info,PLC,Ramp to rate complete (3100 uph)
2026-09-28T12:43:06Z,Packaging,PKG05,info,MES,QA sampling in progress - 32 pc AQL pull
2026-09-28T12:43:58Z,Molding,MLD07,info,MES,Hourly production: pass=2793 fail=174 yield=96.9%
2026-09-28T12:44:41Z,Kitting,KIT03,info,MES,Hourly production: pass=3195 fail=152 yield=94.8%
2026-09-28T12:45:19Z,Packaging,PKG07,info,HMI,Alarm E201 acknowledged by operator
2026-09-28T12:45:36Z,Packaging,PKG04,info,MES,Hourly production: pass=2741 fail=82 yield=98.3%
2026-09-28T12:48:03Z,Molding,MLD05,warn,PLC,Infeed backlog high - accumulation table at 85%
2026-09-28T12:48:05Z,Molding,MLD07,info,MES,PM work order WO-42129 scheduled - line will stop at end of current lot
2026-09-28T12:48:32Z,Packaging,PKG08,info,MES,Hourly production: pass=1535 fail=59 yield=90.5%
2026-09-28T12:49:21Z,Kitting,KIT07,info,PLC,Master reset - line restart
2026-09-28T12:50:04Z,Molding,MLD06,info,MES,Change over started - line clearance in progress
2026-09-28T12:50:04Z,Molding,MLD06,info,PLC,Guard door opened - operator station 1
2026-09-28T12:51:19Z,Molding,MLD05,warn,PLC,Torque limit warning - infeed screw drive
2026-09-28T12:51:21Z,Assembly,ASM01,info,MES,Change over started - line clearance in progress
2026-09-28T12:51:21Z,Assembly,ASM01,info,PLC,Guard door opened - operator station 1
2026-09-28T12:51:51Z,Kitting,KIT07,info,PLC,Ramp to rate complete (3000 uph)
2026-09-28T12:52:36Z,Molding,MLD05,error,PLC,E201 INFEED JAM - line stopped by PLC interlock
2026-09-28T12:52:36Z,Coating,COT03,error,PLC,E001 E-STOP PRESSED - operator station 2 - safety circuit open
2026-09-28T12:53:32Z,Molding,MLD05,info,HMI,Alarm E201 acknowledged by operator
2026-09-28T12:54:10Z,Packaging,PKG08,warn,VIS,Vision reject burst: 12 consecutive rejects - self-cleared
2026-09-28T12:55:34Z,Kitting,KIT07,info,MES,Hourly production: pass=1883 fail=192 yield=97.6%
2026-09-28T12:55:50Z,Packaging,PKG05,info,MES,"QA disposition: RELEASE - hold lifted, line restart"
2026-09-28T12:55:51Z,Kitting,KIT05,info,HMI,Operator K.Simmons signed in - line restart
2026-09-28T12:57:15Z,Coating,COT03,info,HMI,E-stop reset - safety circuit closed
2026-09-28T12:57:16Z,Molding,MLD03,info,PLC,Master reset - line restart
2026-09-28T12:57:33Z,Molding,MLD05,info,HMI,Jam cleared - guards closed
2026-09-28T12:57:53Z,Coating,COT02,info,PLC,Recipe SKU-1179 downloaded to PLC - parameters verified
2026-09-28T12:58:06Z,Molding,MLD06,info,MES,Line clearance checklist item complete: infeed cleared
2026-09-28T12:58:24Z,Molding,MLD05,info,MES,PM work order WO-40009 scheduled - line will stop at end of current lot
2026-09-28T12:58:47Z,Molding,MLD05,info,PLC,Fault reset - line restart
2026-09-28T12:59:46Z,Molding,MLD03,info,PLC,Ramp to rate complete (2800 uph)
2026-09-28T13:00:47Z,Molding,MLD05,info,PLC,Ramp to rate complete (2900 uph)
2026-09-28T13:01:03Z,Molding,MLD03,info,MES,Hourly production: pass=1946 fail=243 yield=90.4%
2026-09-28T13:01:22Z,Packaging,PKG07,info,HMI,Jam cleared - guards closed
2026-09-28T13:01:34Z,Kitting,KIT08,warn,VIS,Vision reject burst: 5 consecutive rejects - self-cleared
2026-09-28T13:01:38Z,Molding,MLD04,info,MES,Hourly production: pass=2591 fail=130 yield=93.6%
2026-09-28T13:01:54Z,Coating,COT03,info,PLC,Safety reset complete - master reset - line restart
2026-09-28T13:04:23Z,Molding,MLD03,warn,VIS,Vision reject burst: 12 consecutive rejects - self-cleared
2026-09-28T13:06:14Z,Assembly,ASM01,info,MES,Line clearance checklist item complete: infeed cleared
2026-09-28T13:06:18Z,Packaging,PKG07,info,PLC,Fault reset - line restart
2026-09-28T13:08:04Z,Kitting,KIT08,warn,HMI,Operator sign-in timeout - line paused (break / shift relief)
2026-09-28T13:08:18Z,Packaging,PKG07,info,PLC,Ramp to rate complete (2400 uph)
2026-09-28T13:08:45Z,Kitting,KIT04,info,MES,Hourly production: pass=3191 fail=293 yield=92.6%
2026-09-28T13:10:02Z,Molding,MLD07,info,MES,Hourly production: pass=3201 fail=134 yield=94.9%
2026-09-28T13:10:08Z,Molding,MLD06,info,MES,Line clearance checklist item complete: reject bin verified empty
2026-09-28T13:11:04Z,Packaging,PKG07,warn,VIS,Vision reject burst: 5 consecutive rejects - self-cleared
2026-09-28T13:11:12Z,Coating,COT02,info,PLC,Master reset - line restart
2026-09-28T13:11:45Z,Packaging,PKG05,info,MES,Hourly production: pass=1851 fail=131 yield=88.7%
2026-09-28T13:12:43Z,Packaging,PKG06,warn,PLC,Infeed backlog high - accumulation table at 85%
2026-09-28T13:13:29Z,Molding,MLD03,warn,PLC,Servo temperature high warning - capper axis (78 C)
2026-09-28T13:13:42Z,Coating,COT02,info,PLC,Ramp to rate complete (3200 uph)
2026-09-28T13:15:04Z,Packaging,PKG06,warn,PLC,Torque limit warning - infeed screw drive
2026-09-28T13:16:10Z,Packaging,PKG04,info,MES,Hourly production: pass=3267 fail=154 yield=97.8%
2026-09-28T13:17:21Z,Packaging,PKG08,info,MES,Hourly production: pass=3216 fail=200 yield=91.9%
2026-09-28T13:17:33Z,Molding,MLD07,info,MES,Scheduled downtime started - PM work order WO-48019
2026-09-28T13:17:33Z,Molding,MLD07,warn,PLC,LOTO applied - energy isolation verified
2026-09-28T13:18:38Z,Packaging,PKG06,error,PLC,E201 INFEED JAM - line stopped by PLC interlock
2026-09-28T13:19:13Z,Assembly,ASM05,warn,PLC,Discharge back-pressure rising - downstream accumulation at 90%
2026-09-28T13:19:27Z,Kitting,KIT07,info,MES,Operator K.Simmons signed in at station 1
2026-09-28T13:19:30Z,Assembly,ASM05,warn,VIS,Vision reject burst: 7 consecutive rejects - self-cleared
2026-09-28T13:19:48Z,Kitting,KIT03,warn,PLC,Infeed conveyor low - upstream supply degraded
2026-09-28T13:20:00Z,Kitting,KIT04,warn,PLC,Infeed backlog high - accumulation table at 85%
2026-09-28T13:20:07Z,Kitting,KIT04,warn,PLC,Torque limit warning - infeed screw drive
2026-09-28T13:21:48Z,Packaging,PKG06,info,HMI,Alarm E201 acknowledged by operator
2026-09-28T13:21:51Z,Coating,COT02,info,MES,Hourly production: pass=2956 fail=80 yield=98.5%
2026-09-28T13:22:03Z,Coating,COT02,info,MES,Operator T.Nguyen signed in at station 1
2026-09-28T13:22:11Z,Molding,MLD06,info,PLC,Recipe SKU-3007 downloaded to PLC - parameters verified
2026-09-28T13:23:01Z,Kitting,KIT03,error,PLC,E310 STARVED - no product at infeed photo-eye for 60s
2026-09-28T13:23:06Z,Kitting,KIT04,error,PLC,E201 INFEED JAM - line stopped by PLC interlock
2026-09-28T13:24:05Z,Packaging,PKG04,warn,PLC,Discharge back-pressure rising - downstream accumulation at 90%
2026-09-28T13:24:06Z,Assembly,ASM05,error,PLC,"E311 BLOCKED - discharge full, line paused"
2026-09-28T13:24:10Z,Kitting,KIT04,info,HMI,Alarm E201 acknowledged by operator
2026-09-28T13:24:42Z,Kitting,KIT03,info,HMI,Alarm E310 acknowledged by operator
2026-09-28T13:25:48Z,Packaging,PKG04,error,PLC,"E311 BLOCKED - discharge full, line paused"
2026-09-28T13:26:02Z,Kitting,KIT08,info,HMI,Operator R.Patel signed in - line restart
2026-09-28T13:26:20Z,Molding,MLD04,warn,PLC,Infeed conveyor low - upstream supply degraded
2026-09-28T13:26:27Z,Packaging,PKG08,warn,PLC,Torque limit warning - infeed screw drive
2026-09-28T13:26:41Z,Molding,MLD05,info,MES,Scheduled downtime started - PM work order WO-46027
2026-09-28T13:26:41Z,Molding,MLD05,warn,PLC,LOTO applied - energy isolation verified
2026-09-28T13:26:48Z,Packaging,PKG08,warn,PLC,Infeed backlog high - accumulation table at 85%
2026-09-28T13:27:18Z,Assembly,ASM02,info,MES,PM task complete: lubrication / inspection checklist
2026-09-28T13:28:33Z,Assembly,ASM01,info,MES,Line clearance checklist item complete: reject bin verified empty
2026-09-28T13:28:39Z,Assembly,ASM05,info,PLC,Downstream cleared - auto restart
2026-09-28T13:28:48Z,Kitting,KIT04,info,HMI,Jam cleared - guards closed
2026-09-28T13:28:54Z,Packaging,PKG08,error,PLC,E201 INFEED JAM - line stopped by PLC interlock
2026-09-28T13:30:13Z,Molding,MLD06,info,PLC,Master reset - line restart
2026-09-28T13:30:13Z,Kitting,KIT04,info,PLC,Fault reset - line restart
2026-09-28T13:31:15Z,Molding,MLD04,error,PLC,E310 STARVED - no product at infeed photo-eye for 60s
2026-09-28T13:31:29Z,Kitting,KIT03,info,PLC,Product present at infeed - auto restart
2026-09-28T13:32:13Z,Kitting,KIT04,info,PLC,Ramp to rate complete (3300 uph)
2026-09-28T13:32:33Z,Coating,COT03,warn,PLC,Servo temperature high warning - capper axis (78 C)
2026-09-28T13:32:35Z,Packaging,PKG08,info,HMI,Alarm E201 acknowledged by operator
2026-09-28T13:32:42Z,Molding,MLD04,info,HMI,Alarm E310 acknowledged by operator
2026-09-28T13:32:43Z,Molding,MLD06,info,PLC,Ramp to rate complete (2700 uph)
2026-09-28T13:34:25Z,Packaging,PKG07,info,MES,Operator K.Simmons signed in at station 1
2026-09-28T13:34:48Z,Packaging,PKG04,info,PLC,Downstream cleared - auto restart
2026-09-28T13:35:07Z,Coating,COT01,info,MES,Hourly production: pass=1908 fail=156 yield=96.3%
2026-09-28T13:35:31Z,Packaging,PKG06,info,HMI,Jam cleared - guards closed
2026-09-28T13:36:03Z,Kitting,KIT07,warn,PLC,Servo temperature high warning - capper axis (78 C)
2026-09-28T13:36:43Z,Kitting,KIT05,warn,VIS,Vision reject rate high: rolling 15 min at 3.1% (limit 3.0%)
2026-09-28T13:37:56Z,Molding,MLD06,info,MES,Hourly production: pass=3252 fail=119 yield=96.8%
2026-09-28T13:38:31Z,Molding,MLD04,info,PLC,Product present at infeed - auto restart
2026-09-28T13:38:53Z,Coating,COT01,info,MES,Recipe change queued: SKU-1042 -> SKU-1179
2026-09-28T13:39:44Z,Packaging,PKG06,info,PLC,Fault reset - line restart
2026-09-28T13:40:45Z,Coating,COT03,info,MES,Hourly production: pass=2471 fail=207 yield=94.5%
2026-09-28T13:41:44Z,Packaging,PKG06,info,PLC,Ramp to rate complete (3100 uph)
2026-09-28T13:42:55Z,Kitting,KIT08,info,MES,Hourly production: pass=1882 fail=111 yield=89.6%
2026-09-28T13:43:03Z,Coating,COT02,warn,PLC,Infeed conveyor low - upstream supply degraded
2026-09-28T13:43:25Z,Kitting,KIT05,info,MES,Hourly production: pass=1777 fail=265 yield=95.2%
2026-09-28T13:43:39Z,Assembly,ASM05,info,MES,Operator J.Alvarez signed in at station 1
2026-09-28T13:45:00Z,Kitting,KIT07,info,MES,Hourly production: pass=2365 fail=97 yield=91.0%
2026-09-28T13:45:13Z,Kitting,KIT05,warn,VIS,Camera 2 calibration drift detected - contrast margin low
2026-09-28T13:45:41Z,Coating,COT02,error,PLC,E310 STARVED - no product at infeed photo-eye for 60s
2026-09-28T13:45:56Z,Packaging,PKG07,warn,PLC,Torque limit warning - infeed screw drive
2026-09-28T13:46:11Z,Coating,COT01,info,MES,Change over started - line clearance in progress
2026-09-28T13:46:11Z,Coating,COT01,info,PLC,Guard door opened - operator station 1
2026-09-28T13:46:37Z,Coating,COT03,warn,VIS,Vision reject burst: 5 consecutive rejects - self-cleared
2026-09-28T13:46:42Z,Kitting,KIT05,error,MES,QUALITY HOLD - lot paused pending QA disposition
2026-09-28T13:47:06Z,Packaging,PKG07,info,MES,Hourly production: pass=2610 fail=247 yield=97.9%
2026-09-28T13:47:11Z,Packaging,PKG07,warn,PLC,Infeed backlog high - accumulation table at 85%
2026-09-28T13:48:34Z,Packaging,PKG08,info,HMI,Jam cleared - guards closed
2026-09-28T13:49:08Z,Molding,MLD03,error,PLC,E001 E-STOP PRESSED - operator station 2 - safety circuit open
2026-09-28T13:49:09Z,Coating,COT02,info,HMI,Alarm E310 acknowledged by operator
2026-09-28T13:49:12Z,Kitting,KIT03,info,MES,Hourly production: pass=1719 fail=107 yield=96.1%
2026-09-28T13:49:38Z,Packaging,PKG07,error,PLC,E201 INFEED JAM - line stopped by PLC interlock
2026-09-28T13:50:51Z,Assembly,ASM01,info,PLC,Recipe SKU-3007 downloaded to PLC - parameters verified
2026-09-28T13:52:13Z,Molding,MLD03,info,HMI,E-stop reset - safety circuit closed
2026-09-28T13:52:24Z,Packaging,PKG07,info,HMI,Alarm E201 acknowledged by operator
2026-09-28T13:53:13Z,Kitting,KIT04,warn,PLC,Infeed conveyor low - upstream supply degraded
2026-09-28T13:53:18Z,Coating,COT03,info,MES,Recipe change queued: SKU-1179 -> SKU-1042
2026-09-28T13:53:29Z,Packaging,PKG08,info,PLC,Fault reset - line restart
2026-09-28T13:53:34Z,Packaging,PKG06,info,MES,Recipe change queued: SKU-1042 -> SKU-3007
2026-09-28T13:55:17Z,Molding,MLD03,info,PLC,Safety reset complete - master reset - line restart
2026-09-28T13:55:29Z,Packaging,PKG08,info,PLC,Ramp to rate complete (3200 uph)
2026-09-28T13:56:16Z,Kitting,KIT04,error,PLC,E310 STARVED - no product at infeed photo-eye for 60s
2026-09-28T13:56:19Z,Coating,COT01,info,MES,Line clearance checklist item complete: infeed cleared
2026-09-28T13:56:37Z,Kitting,KIT08,warn,HMI,Operator sign-in timeout - line paused (break / shift relief)
2026-09-28T13:58:09Z,Kitting,KIT07,info,MES,Recipe change queued: SKU-2044 -> SKU-3007
2026-09-28T13:59:38Z,Kitting,KIT04,info,HMI,Alarm E310 acknowledged by operator
2026-09-28T14:03:01Z,Coating,COT02,info,PLC,Product present at infeed - auto restart
2026-09-28T14:03:12Z,Coating,COT03,info,MES,Change over started - line clearance in progress
2026-09-28T14:03:12Z,Coating,COT03,info,PLC,Guard door opened - operator station 1
2026-09-28T14:03:24Z,Kitting,KIT05,info,MES,QA sampling in progress - 32 pc AQL pull
2026-09-28T14:04:24Z,Packaging,PKG07,info,HMI,Jam cleared - guards closed
2026-09-28T14:04:27Z,Packaging,PKG06,info,MES,Hourly production: pass=2878 fail=257 yield=93.2%
2026-09-28T14:05:09Z,Kitting,KIT08,info,HMI,Operator M.Chen signed in - line restart
2026-09-28T14:05:44Z,Assembly,ASM01,info,PLC,Master reset - line restart
2026-09-28T14:07:05Z,Packaging,PKG06,info,MES,Change over started - line clearance in progress
2026-09-28T14:07:05Z,Packaging,PKG06,info,PLC,Guard door opened - operator station 1
2026-09-28T14:08:06Z,Packaging,PKG07,info,PLC,Fault reset - line restart
2026-09-28T14:08:14Z,Assembly,ASM01,info,PLC,Ramp to rate complete (3400 uph)
2026-09-28T14:08:19Z,Kitting,KIT07,info,MES,Change over started - line clearance in progress
2026-09-28T14:08:19Z,Kitting,KIT07,info,PLC,Guard door opened - operator station 1
2026-09-28T14:10:06Z,Packaging,PKG07,info,PLC,Ramp to rate complete (2400 uph)
2026-09-28T14:11:32Z,Coating,COT01,info,MES,Line clearance checklist item complete: reject bin verified empty
2026-09-28T14:13:09Z,Kitting,KIT04,info,PLC,Product present at infeed - auto restart
2026-09-28T14:13:44Z,Packaging,PKG05,info,MES,Hourly production: pass=3123 fail=98 yield=97.6%
2026-09-28T14:16:37Z,Molding,MLD03,info,MES,Hourly production: pass=3127 fail=245 yield=90.2%
2026-09-28T14:16:37Z,Packaging,PKG07,info,MES,Hourly production: pass=1503 fail=165 yield=96.3%
2026-09-28T14:16:41Z,Packaging,PKG05,info,MES,Recipe change queued: SKU-2044 -> SKU-1179
2026-09-28T14:18:05Z,Kitting,KIT08,warn,VIS,Vision reject burst: 5 consecutive rejects - self-cleared
2026-09-28T14:18:08Z,Packaging,PKG08,info,MES,Hourly production: pass=1997 fail=40 yield=92.8%
2026-09-28T14:19:35Z,Coating,COT03,info,MES,Line clearance checklist item complete: infeed cleared
2026-09-28T14:20:05Z,Kitting,KIT05,info,MES,"QA disposition: RELEASE - hold lifted, line restart"
2026-09-28T14:23:30Z,Packaging,PKG05,info,MES,Change over started - line clearance in progress
2026-09-28T14:23:30Z,Packaging,PKG05,info,PLC,Guard door opened - operator station 1
2026-09-28T14:24:20Z,Packaging,PKG06,info,MES,Line clearance checklist item complete: infeed cleared
2026-09-28T14:25:14Z,Molding,MLD03,warn,PLC,Infeed backlog high - accumulation table at 85%
2026-09-28T14:25:36Z,Kitting,KIT07,info,MES,Line clearance checklist item complete: infeed cleared
2026-09-28T14:25:48Z,Packaging,PKG04,warn,PLC,Infeed backlog high - accumulation table at 85%
2026-09-28T14:26:17Z,Assembly,ASM05,warn,VIS,Vision reject burst: 6 consecutive rejects - self-cleared
2026-09-28T14:26:44Z,Coating,COT01,info,PLC,Recipe SKU-3007 downloaded to PLC - parameters verified
2026-09-28T14:26:57Z,Molding,MLD03,warn,PLC,Torque limit warning - infeed screw drive
2026-09-28T14:28:56Z,Molding,MLD06,warn,PLC,Torque limit warning - infeed screw drive
2026-09-28T14:29:02Z,Molding,MLD05,info,MES,PM task complete: lubrication / inspection checklist
2026-09-28T14:29:11Z,Molding,MLD04,warn,PLC,Infeed backlog high - accumulation table at 85%
2026-09-28T14:29:28Z,Packaging,PKG04,warn,PLC,Torque limit warning - infeed screw drive
2026-09-28T14:29:34Z,Molding,MLD03,error,PLC,E201 INFEED JAM - line stopped by PLC interlock
2026-09-28T14:30:23Z,Packaging,PKG04,error,PLC,E201 INFEED JAM - line stopped by PLC interlock
2026-09-28T14:30:34Z,Molding,MLD04,warn,PLC,Torque limit warning - infeed screw drive
2026-09-28T14:30:38Z,Molding,MLD03,info,HMI,Alarm E201 acknowledged by operator
2026-09-28T14:31:36Z,Molding,MLD06,warn,PLC,Infeed backlog high - accumulation table at 85%
2026-09-28T14:31:41Z,Packaging,PKG04,info,HMI,Alarm E201 acknowledged by operator
2026-09-28T14:32:49Z,Molding,MLD06,error,PLC,E201 INFEED JAM - line stopped by PLC interlock
2026-09-28T14:33:00Z,Molding,MLD04,error,PLC,E201 INFEED JAM - line stopped by PLC interlock
2026-09-28T14:33:58Z,Kitting,KIT05,info,MES,Hourly production: pass=3007 fail=59 yield=96.6%
2026-09-28T14:34:11Z,Molding,MLD06,info,HMI,Alarm E201 acknowledged by operator
2026-09-28T14:35:14Z,Molding,MLD03,info,HMI,Jam cleared - guards closed
2026-09-28T14:35:20Z,Assembly,ASM05,info,MES,Hourly production: pass=1757 fail=128 yield=94.3%
2026-09-28T14:35:43Z,Molding,MLD04,info,HMI,Alarm E201 acknowledged by operator
2026-09-28T14:35:59Z,Kitting,KIT03,warn,PLC,Discharge back-pressure rising - downstream accumulation at 90%
2026-09-28T14:36:39Z,Molding,MLD03,info,PLC,Fault reset - line restart
2026-09-28T14:36:53Z,Coating,COT01,info,PLC,Master reset - line restart
2026-09-28T14:37:05Z,Packaging,PKG07,warn,PLC,Infeed backlog high - accumulation table at 85%
2026-09-28T14:37:18Z,Packaging,PKG04,info,HMI,Jam cleared - guards closed
2026-09-28T14:38:21Z,Packaging,PKG05,info,MES,Line clearance checklist item complete: infeed cleared
2026-09-28T14:38:32Z,Assembly,ASM01,warn,PLC,Infeed conveyor low - upstream supply degraded
2026-09-28T14:38:39Z,Molding,MLD03,info,PLC,Ramp to rate complete (2800 uph)
2026-09-28T14:39:02Z,Packaging,PKG04,info,PLC,Fault reset - line restart
2026-09-28T14:39:23Z,Coating,COT01,info,PLC,Ramp to rate complete (2400 uph)
2026-09-28T14:39:33Z,Packaging,PKG07,warn,PLC,Torque limit warning - infeed screw drive
2026-09-28T14:39:45Z,Kitting,KIT04,info,MES,Hourly production: pass=2950 fail=121 yield=88.7%
2026-09-28T14:40:04Z,Molding,MLD06,info,HMI,Jam cleared - guards closed
2026-09-28T14:40:36Z,Kitting,KIT03,error,PLC,"E311 BLOCKED - discharge full, line paused"
2026-09-28T14:41:02Z,Packaging,PKG04,info,PLC,Ramp to rate complete (3000 uph)
2026-09-28T14:41:15Z,Assembly,ASM05,info,MES,Recipe change queued: SKU-1179 -> SKU-1179
2026-09-28T14:41:53Z,Molding,MLD06,info,PLC,Fault reset - line restart
2026-09-28T14:42:24Z,Packaging,PKG07,error,PLC,E201 INFEED JAM - line stopped by PLC interlock
2026-09-28T14:43:12Z,Assembly,ASM01,error,PLC,E310 STARVED - no product at infeed photo-eye for 60s
2026-09-28T14:43:21Z,Packaging,PKG07,info,HMI,Alarm E201 acknowledged by operator
2026-09-28T14:43:53Z,Molding,MLD06,info,PLC,Ramp to rate complete (2700 uph)
2026-09-28T14:44:11Z,Coating,COT03,info,MES,Line clearance checklist item complete: reject bin verified empty
2026-09-28T14:44:14Z,Kitting,KIT04,warn,PLC,Infeed backlog high - accumulation table at 85%
2026-09-28T14:46:49Z,Assembly,ASM01,info,HMI,Alarm E310 acknowledged by operator
2026-09-28T14:47:29Z,Packaging,PKG07,info,HMI,Jam cleared - guards closed
2026-09-28T14:47:31Z,Molding,MLD04,info,HMI,Jam cleared - guards closed
2026-09-28T14:47:48Z,Coating,COT02,info,MES,Hourly production: pass=2720 fail=217 yield=93.1%
2026-09-28T14:48:25Z,Molding,MLD06,info,MES,Hourly production: pass=1721 fail=290 yield=92.9%
2026-09-28T14:48:46Z,Packaging,PKG07,info,PLC,Fault reset - line restart
2026-09-28T14:49:52Z,Kitting,KIT04,warn,PLC,Torque limit warning - infeed screw drive
2026-09-28T14:50:14Z,Packaging,PKG06,info,MES,Line clearance checklist item complete: reject bin verified empty
2026-09-28T14:50:46Z,Packaging,PKG07,info,PLC,Ramp to rate complete (2400 uph)
2026-09-28T14:50:48Z,Kitting,KIT05,warn,PLC,Infeed backlog high - accumulation table at 85%
2026-09-28T14:51:00Z,Kitting,KIT04,error,PLC,E201 INFEED JAM - line stopped by PLC interlock
2026-09-28T14:51:03Z,Kitting,KIT03,info,PLC,Downstream cleared - auto restart
2026-09-28T14:51:09Z,Molding,MLD04,info,PLC,Fault reset - line restart
2026-09-28T14:51:32Z,Kitting,KIT07,info,MES,Line clearance checklist item complete: reject bin verified empty
2026-09-28T14:51:59Z,Packaging,PKG08,warn,VIS,Vision reject burst: 12 consecutive rejects - self-cleared
2026-09-28T14:52:04Z,Kitting,KIT04,info,HMI,Alarm E201 acknowledged by operator
2026-09-28T14:52:13Z,Kitting,KIT08,info,MES,Hourly production: pass=3030 fail=56 yield=96.6%
2026-09-28T14:52:38Z,Assembly,ASM05,info,MES,Change over started - line clearance in progress
2026-09-28T14:52:38Z,Assembly,ASM05,info,PLC,Guard door opened - operator station 1
2026-09-28T14:53:09Z,Molding,MLD04,info,PLC,Ramp to rate complete (3300 uph)
2026-09-28T14:54:30Z,Kitting,KIT05,warn,PLC,Torque limit warning - infeed screw drive
2026-09-28T14:56:28Z,Kitting,KIT05,error,PLC,E201 INFEED JAM - line stopped by PLC interlock
2026-09-28T14:56:40Z,Kitting,KIT04,info,HMI,Jam cleared - guards closed
2026-09-28T14:56:41Z,Kitting,KIT03,info,MES,Hourly production: pass=1784 fail=112 yield=93.8%
2026-09-28T14:57:50Z,Coating,COT02,warn,PLC,Infeed conveyor low - upstream supply degraded
2026-09-28T14:58:04Z,Kitting,KIT04,info,PLC,Fault reset - line restart
2026-09-28T14:58:47Z,Kitting,KIT05,info,HMI,Alarm E201 acknowledged by operator
2026-09-28T15:00:04Z,Kitting,KIT04,info,PLC,Ramp to rate complete (3300 uph)
2026-09-28T15:00:22Z,Coating,COT02,error,PLC,E310 STARVED - no product at infeed photo-eye for 60s
2026-09-28T15:00:36Z,Packaging,PKG05,info,MES,Line clearance checklist item complete: reject bin verified empty
2026-09-28T15:01:16Z,Assembly,ASM01,info,PLC,Product present at infeed - auto restart
2026-09-28T15:01:30Z,Packaging,PKG07,info,MES,Hourly production: pass=1974 fail=204 yield=94.2%
2026-09-28T15:04:09Z,Coating,COT02,info,HMI,Alarm E310 acknowledged by operator
2026-09-28T15:05:27Z,Assembly,ASM05,info,MES,Line clearance checklist item complete: infeed cleared
2026-09-28T15:07:35Z,Assembly,ASM02,info,PLC,LOTO removed
2026-09-28T15:08:46Z,Coating,COT03,info,PLC,Recipe SKU-2311 downloaded to PLC - parameters verified
2026-09-28T15:08:52Z,Kitting,KIT05,info,HMI,Jam cleared - guards closed
2026-09-28T15:09:06Z,Molding,MLD03,info,MES,Hourly production: pass=1628 fail=148 yield=88.2%
2026-09-28T15:09:08Z,Molding,MLD07,info,MES,PM task complete: lubrication / inspection checklist
2026-09-28T15:09:35Z,Assembly,ASM02,info,PLC,Master reset - line restart
2026-09-28T15:11:58Z,Kitting,KIT05,info,PLC,Fault reset - line restart
2026-09-28T15:13:41Z,Kitting,KIT04,info,MES,Hourly production: pass=2206 fail=192 yield=91.9%
2026-09-28T15:13:58Z,Kitting,KIT05,info,PLC,Ramp to rate complete (2900 uph)
2026-09-28T15:16:08Z,Packaging,PKG06,info,PLC,Recipe SKU-2044 downloaded to PLC - parameters verified
2026-09-28T15:16:25Z,Coating,COT01,warn,HMI,Operator sign-in timeout - line paused (break / shift relief)
2026-09-28T15:17:28Z,Kitting,KIT07,info,PLC,Recipe SKU-2044 downloaded to PLC - parameters verified
2026-09-28T15:17:44Z,Kitting,KIT08,warn,PLC,Discharge back-pressure rising - downstream accumulation at 90%
2026-09-28T15:17:57Z,Molding,MLD04,warn,PLC,Servo temperature high warning - capper axis (78 C)
2026-09-28T15:19:17Z,Coating,COT02,info,PLC,Product present at infeed - auto restart
2026-09-28T15:20:39Z,Kitting,KIT08,error,PLC,"E311 BLOCKED - discharge full, line paused"
2026-09-28T15:21:18Z,Packaging,PKG08,warn,PLC,Discharge back-pressure rising - downstream accumulation at 90%
2026-09-28T15:22:41Z,Packaging,PKG08,error,PLC,"E311 BLOCKED - discharge full, line paused"
2026-09-28T15:22:52Z,Packaging,PKG05,info,PLC,Recipe SKU-2311 downloaded to PLC - parameters verified
2026-09-28T15:23:39Z,Molding,MLD04,info,MES,Hourly production: pass=2689 fail=81 yield=97.2%
2026-09-28T15:24:41Z,Assembly,ASM05,info,MES,Line clearance checklist item complete: reject bin verified empty
2026-09-28T15:25:09Z,Coating,COT03,info,PLC,Master reset - line restart
2026-09-28T15:27:39Z,Coating,COT03,info,PLC,Ramp to rate complete (3000 uph)
2026-09-28T15:28:29Z,Packaging,PKG07,warn,PLC,Servo temperature high warning - capper axis (78 C)
2026-09-28T15:28:30Z,Assembly,ASM01,info,MES,Hourly production: pass=2217 fail=171 yield=92.9%
2026-09-28T15:29:14Z,Packaging,PKG08,info,PLC,Downstream cleared - auto restart
2026-09-28T15:29:23Z,Molding,MLD05,info,PLC,LOTO removed
2026-09-28T15:30:24Z,Kitting,KIT08,info,PLC,Downstream cleared - auto restart
2026-09-28T15:30:24Z,Molding,MLD06,info,MES,Hourly production: pass=2424 fail=207 yield=90.3%
2026-09-28T15:31:23Z,Molding,MLD05,info,PLC,Master reset - line restart
2026-09-28T15:32:08Z,Kitting,KIT04,warn,PLC,Torque limit warning - infeed screw drive
2026-09-28T15:32:40Z,Molding,MLD06,warn,PLC,Servo temperature high warning - capper axis (78 C)
2026-09-28T15:33:24Z,Packaging,PKG06,info,PLC,Master reset - line restart
2026-09-28T15:33:32Z,Coating,COT02,warn,PLC,Servo temperature high warning - capper axis (78 C)
2026-09-28T15:34:22Z,Kitting,KIT04,warn,PLC,Infeed backlog high - accumulation table at 85%
2026-09-28T15:34:45Z,Kitting,KIT07,info,PLC,Master reset - line restart
2026-09-28T15:35:10Z,Kitting,KIT08,warn,VIS,Vision reject burst: 11 consecutive rejects - self-cleared
2026-09-28T15:35:12Z,Packaging,PKG07,warn,PLC,Infeed conveyor low - upstream supply degraded
2026-09-28T15:35:34Z,Kitting,KIT04,error,PLC,E201 INFEED JAM - line stopped by PLC interlock
2026-09-28T15:35:54Z,Packaging,PKG06,info,PLC,Ramp to rate complete (3100 uph)
2026-09-28T15:36:27Z,Packaging,PKG07,error,PLC,E310 STARVED - no product at infeed photo-eye for 60s
2026-09-28T15:36:45Z,Kitting,KIT05,info,MES,Hourly production: pass=2814 fail=168 yield=94.4%
2026-09-28T15:36:59Z,Packaging,PKG08,info,MES,Hourly production: pass=1816 fail=102 yield=94.6%
2026-09-28T15:37:15Z,Kitting,KIT07,info,PLC,Ramp to rate complete (3000 uph)
2026-09-28T15:37:43Z,Packaging,PKG05,info,PLC,Master reset - line restart
2026-09-28T15:37:48Z,Kitting,KIT04,info,HMI,Alarm E201 acknowledged by operator
2026-09-28T15:38:47Z,Assembly,ASM02,warn,PLC,Infeed backlog high - accumulation table at 85%
2026-09-28T15:39:01Z,Coating,COT01,info,HMI,Operator R.Patel signed in - line restart
2026-09-28T15:39:12Z,Coating,COT02,warn,VIS,Vision reject burst: 8 consecutive rejects - self-cleared
2026-09-28T15:39:14Z,Packaging,PKG07,info,HMI,Alarm E310 acknowledged by operator
2026-09-28T15:40:13Z,Packaging,PKG05,info,PLC,Ramp to rate complete (2600 uph)
2026-09-28T15:40:41Z,Assembly,ASM02,info,MES,Operator K.Simmons signed in at station 1
2026-09-28T15:41:22Z,Packaging,PKG04,info,MES,Hourly production: pass=3372 fail=38 yield=89.7%
2026-09-28T15:43:54Z,Assembly,ASM05,info,PLC,Recipe SKU-3007 downloaded to PLC - parameters verified
2026-09-28T15:44:26Z,Assembly,ASM02,warn,PLC,Torque limit warning - infeed screw drive
2026-09-28T15:45:00Z,Assembly,ASM02,error,PLC,E201 INFEED JAM - line stopped by PLC interlock
2026-09-28T15:45:46Z,Kitting,KIT03,info,MES,Hourly production: pass=3266 fail=119 yield=90.5%
2026-09-28T15:47:28Z,Kitting,KIT04,info,HMI,Jam cleared - guards closed
2026-09-28T15:47:39Z,Assembly,ASM02,info,HMI,Alarm E201 acknowledged by operator
2026-09-28T15:48:07Z,Molding,MLD03,warn,VIS,Vision reject burst: 5 consecutive rejects - self-cleared
2026-09-28T15:50:22Z,Packaging,PKG07,info,PLC,Product present at infeed - auto restart
2026-09-28T15:50:26Z,Kitting,KIT04,info,PLC,Fault reset - line restart
2026-09-28T15:52:15Z,Packaging,PKG04,warn,HMI,Operator sign-in timeout - line paused (break / shift relief)
2026-09-28T15:52:26Z,Kitting,KIT04,info,PLC,Ramp to rate complete (3300 uph)
2026-09-28T15:53:27Z,Assembly,ASM01,warn,PLC,Servo temperature high warning - capper axis (78 C)
2026-09-28T15:54:18Z,Molding,MLD04,warn,HMI,Operator sign-in timeout - line paused (break / shift relief)
2026-09-28T15:56:29Z,Kitting,KIT08,info,MES,Hourly production: pass=2005 fail=109 yield=97.9%
2026-09-28T15:56:43Z,Assembly,ASM05,info,PLC,Master reset - line restart
2026-09-28T15:56:50Z,Molding,MLD06,info,MES,Recipe change queued: SKU-3007 -> SKU-2311
2026-09-28T15:58:21Z,Packaging,PKG05,info,MES,Recipe change queued: SKU-1179 -> SKU-2311
2026-09-28T15:59:02Z,Molding,MLD03,warn,PLC,Discharge back-pressure rising - downstream accumulation at 90%
2026-09-28T15:59:05Z,Assembly,ASM02,info,HMI,Jam cleared - guards closed
2026-09-28T15:59:13Z,Assembly,ASM05,info,PLC,Ramp to rate complete (3200 uph)
2026-09-28T16:00:29Z,Molding,MLD06,info,MES,Operator M.Chen signed in at station 1
2026-09-28T16:00:33Z,Kitting,KIT07,info,MES,Hourly production: pass=2916 fail=186 yield=94.2%
2026-09-28T16:00:36Z,Molding,MLD03,error,PLC,"E311 BLOCKED - discharge full, line paused"
2026-09-28T16:00:58Z,Kitting,KIT07,warn,PLC,Servo temperature high warning - capper axis (78 C)
2026-09-28T16:01:39Z,Coating,COT01,info,MES,Hourly production: pass=1514 fail=56 yield=90.1%
2026-09-28T16:01:46Z,Kitting,KIT08,warn,VIS,Vision reject burst: 4 consecutive rejects - self-cleared
2026-09-28T16:02:21Z,Kitting,KIT04,info,MES,Hourly production: pass=1857 fail=113 yield=90.0%
2026-09-28T16:02:36Z,Assembly,ASM02,info,PLC,Fault reset - line restart
2026-09-28T16:02:59Z,Packaging,PKG07,warn,VIS,Vision reject burst: 10 consecutive rejects - self-cleared
2026-09-28T16:03:24Z,Assembly,ASM01,warn,PLC,Infeed backlog high - accumulation table at 85%
2026-09-28T16:04:36Z,Assembly,ASM02,info,PLC,Ramp to rate complete (3000 uph)
2026-09-28T16:05:35Z,Coating,COT03,warn,VIS,Vision reject burst: 5 consecutive rejects - self-cleared
2026-09-28T16:05:39Z,Molding,MLD06,info,MES,Change over started - line clearance in progress
2026-09-28T16:05:39Z,Molding,MLD06,info,PLC,Guard door opened - operator station 1
2026-09-28T16:05:40Z,Kitting,KIT04,warn,PLC,Servo temperature high warning - capper axis (78 C)
2026-09-28T16:06:49Z,Packaging,PKG05,info,MES,Change over started - line clearance in progress
2026-09-28T16:06:49Z,Packaging,PKG05,info,PLC,Guard door opened - operator station 1
2026-09-28T16:07:34Z,Assembly,ASM05,info,MES,Hourly production: pass=2827 fail=270 yield=92.0%
2026-09-28T16:08:17Z,Assembly,ASM01,warn,PLC,Torque limit warning - infeed screw drive
2026-09-28T16:08:24Z,Molding,MLD03,info,PLC,Downstream cleared - auto restart
2026-09-28T16:08:47Z,Packaging,PKG06,warn,PLC,Infeed backlog high - accumulation table at 85%
2026-09-28T16:08:54Z,Assembly,ASM01,error,PLC,E201 INFEED JAM - line stopped by PLC interlock
2026-09-28T16:09:20Z,Kitting,KIT03,warn,VIS,Camera 2 calibration drift detected - contrast margin low
2026-09-28T16:09:44Z,Kitting,KIT03,warn,VIS,Vision reject rate high: rolling 15 min at 6.0% (limit 3.0%)
2026-09-28T16:09:55Z,Assembly,ASM01,info,HMI,Alarm E201 acknowledged by operator
2026-09-28T16:09:56Z,Packaging,PKG06,warn,PLC,Torque limit warning - infeed screw drive
2026-09-28T16:12:00Z,Molding,MLD06,info,MES,Line clearance checklist item complete: infeed cleared
2026-09-28T16:12:05Z,Kitting,KIT03,error,MES,QUALITY HOLD - lot paused pending QA disposition
2026-09-28T16:12:20Z,Packaging,PKG05,info,MES,Line clearance checklist item complete: infeed cleared
2026-09-28T16:12:38Z,Molding,MLD04,info,HMI,Operator T.Nguyen signed in - line restart
2026-09-28T16:12:42Z,Packaging,PKG06,error,PLC,E201 INFEED JAM - line stopped by PLC interlock
2026-09-28T16:13:25Z,Packaging,PKG04,info,HMI,Operator J.Alvarez signed in - line restart
2026-09-28T16:14:18Z,Assembly,ASM01,info,HMI,Jam cleared - guards closed
2026-09-28T16:14:56Z,Packaging,PKG08,info,MES,Hourly production: pass=2469 fail=253 yield=94.1%
2026-09-28T16:15:19Z,Packaging,PKG06,info,HMI,Alarm E201 acknowledged by operator
2026-09-28T16:15:39Z,Assembly,ASM01,info,PLC,Fault reset - line restart
2026-09-28T16:16:16Z,Packaging,PKG07,info,MES,Hourly production: pass=2328 fail=223 yield=94.3%
2026-09-28T16:17:39Z,Assembly,ASM01,info,PLC,Ramp to rate complete (3400 uph)
2026-09-28T16:20:31Z,Coating,COT02,warn,PLC,Infeed conveyor low - upstream supply degraded
2026-09-28T16:20:38Z,Packaging,PKG05,info,MES,Line clearance checklist item complete: reject bin verified empty
2026-09-28T16:21:32Z,Molding,MLD06,info,MES,Line clearance checklist item complete: reject bin verified empty
2026-09-28T16:21:36Z,Kitting,KIT08,info,MES,Hourly production: pass=1697 fail=250 yield=89.6%
2026-09-28T16:23:06Z,Coating,COT02,error,PLC,E310 STARVED - no product at infeed photo-eye for 60s
2026-09-28T16:24:54Z,Assembly,ASM02,warn,PLC,Infeed conveyor low - upstream supply degraded
2026-09-28T16:25:29Z,Coating,COT02,info,HMI,Alarm E310 acknowledged by operator
2026-09-28T16:25:38Z,Kitting,KIT05,info,MES,PM work order WO-43514 scheduled - line will stop at end of current lot
2026-09-28T16:26:19Z,Molding,MLD05,info,MES,PM work order WO-49315 scheduled - line will stop at end of current lot
2026-09-28T16:26:30Z,Kitting,KIT03,info,MES,QA sampling in progress - 32 pc AQL pull
2026-09-28T16:26:37Z,Packaging,PKG06,info,HMI,Jam cleared - guards closed
2026-09-28T16:27:07Z,Packaging,PKG04,info,MES,Hourly production: pass=1652 fail=195 yield=88.6%
2026-09-28T16:28:05Z,Kitting,KIT08,info,MES,Recipe change queued: SKU-2311 -> SKU-3007
2026-09-28T16:28:55Z,Packaging,PKG05,info,PLC,Recipe SKU-3007 downloaded to PLC - parameters verified
2026-09-28T16:29:04Z,Assembly,ASM02,error,PLC,E310 STARVED - no product at infeed photo-eye for 60s
2026-09-28T16:30:06Z,Packaging,PKG06,info,PLC,Fault reset - line restart
2026-09-28T16:31:03Z,Assembly,ASM02,info,HMI,Alarm E310 acknowledged by operator
2026-09-28T16:31:03Z,Molding,MLD06,info,PLC,Recipe SKU-3007 downloaded to PLC - parameters verified
2026-09-28T16:32:06Z,Packaging,PKG06,info,PLC,Ramp to rate complete (3100 uph)
2026-09-28T16:32:23Z,Molding,MLD03,info,MES,Hourly production: pass=1994 fail=125 yield=88.3%
2026-09-28T16:32:43Z,Assembly,ASM01,info,MES,Hourly production: pass=2202 fail=241 yield=93.6%
2026-09-28T16:34:00Z,Kitting,KIT08,info,MES,Change over started - line clearance in progress
2026-09-28T16:34:00Z,Kitting,KIT08,info,PLC,Guard door opened - operator station 1
2026-09-28T16:34:17Z,Molding,MLD03,warn,PLC,Infeed conveyor low - upstream supply degraded
2026-09-28T16:34:27Z,Packaging,PKG05,info,PLC,Master reset - line restart
2026-09-28T16:35:00Z,Coating,COT02,info,PLC,Product present at infeed - auto restart
2026-09-28T16:36:45Z,Assembly,ASM05,warn,PLC,Servo temperature high warning - capper axis (78 C)
2026-09-28T16:36:57Z,Packaging,PKG05,info,PLC,Ramp to rate complete (2600 uph)
2026-09-28T16:37:24Z,Molding,MLD06,info,PLC,Master reset - line restart
2026-09-28T16:37:47Z,Packaging,PKG07,warn,PLC,Infeed backlog high - accumulation table at 85%
2026-09-28T16:38:08Z,Molding,MLD03,error,PLC,E310 STARVED - no product at infeed photo-eye for 60s
2026-09-28T16:38:16Z,Coating,COT03,warn,PLC,Discharge back-pressure rising - downstream accumulation at 90%
2026-09-28T16:39:01Z,Assembly,ASM02,info,PLC,Product present at infeed - auto restart
2026-09-28T16:39:11Z,Coating,COT01,info,MES,Recipe change queued: SKU-1179 -> SKU-1179
2026-09-28T16:39:31Z,Molding,MLD03,info,HMI,Alarm E310 acknowledged by operator
2026-09-28T16:39:54Z,Molding,MLD06,info,PLC,Ramp to rate complete (2700 uph)
2026-09-28T16:40:39Z,Kitting,KIT08,info,MES,Line clearance checklist item complete: infeed cleared
2026-09-28T16:40:55Z,Kitting,KIT03,info,MES,"QA disposition: RELEASE - hold lifted, line restart"
2026-09-28T16:41:10Z,Packaging,PKG06,warn,VIS,Vision reject burst: 5 consecutive rejects - self-cleared
2026-09-28T16:41:12Z,Packaging,PKG06,info,MES,Hourly production: pass=2901 fail=80 yield=89.9%
2026-09-28T16:42:21Z,Molding,MLD05,info,MES,Hourly production: pass=1534 fail=102 yield=97.5%
2026-09-28T16:42:55Z,Coating,COT03,error,PLC,"E311 BLOCKED - discharge full, line paused"
2026-09-28T16:43:30Z,Packaging,PKG07,warn,PLC,Torque limit warning - infeed screw drive
2026-09-28T16:43:46Z,Assembly,ASM05,warn,PLC,Infeed conveyor low - upstream supply degraded
2026-09-28T16:43:48Z,Kitting,KIT05,info,MES,Scheduled downtime started - PM work order WO-48251
2026-09-28T16:43:48Z,Kitting,KIT05,warn,PLC,LOTO applied - energy isolation verified
2026-09-28T16:44:02Z,Molding,MLD05,info,MES,Scheduled downtime started - PM work order WO-47760
2026-09-28T16:44:02Z,Molding,MLD05,warn,PLC,LOTO applied - energy isolation verified
2026-09-28T16:44:10Z,Packaging,PKG07,error,PLC,E201 INFEED JAM - line stopped by PLC interlock
2026-09-28T16:45:00Z,Molding,MLD03,info,PLC,Product present at infeed - auto restart
2026-09-28T16:45:57Z,Molding,MLD03,warn,VIS,Vision reject burst: 8 consecutive rejects - self-cleared
2026-09-28T16:46:07Z,Assembly,ASM02,warn,VIS,Vision reject burst: 8 consecutive rejects - self-cleared
2026-09-28T16:46:19Z,Kitting,KIT07,info,MES,Recipe change queued: SKU-1042 -> SKU-1179
2026-09-28T16:46:30Z,Packaging,PKG07,info,HMI,Alarm E201 acknowledged by operator
2026-09-28T16:48:17Z,Assembly,ASM05,error,PLC,E310 STARVED - no product at infeed photo-eye for 60s
2026-09-28T16:48:43Z,Packaging,PKG08,info,MES,Recipe change queued: SKU-1042 -> SKU-1042
2026-09-28T16:49:30Z,Coating,COT03,info,PLC,Downstream cleared - auto restart
2026-09-28T16:50:10Z,Packaging,PKG05,warn,VIS,Vision reject burst: 6 consecutive rejects - self-cleared
2026-09-28T16:50:37Z,Kitting,KIT08,info,MES,Line clearance checklist item complete: reject bin verified empty
2026-09-28T16:50:52Z,Coating,COT01,info,MES,Change over started - line clearance in progress
2026-09-28T16:50:52Z,Coating,COT01,info,PLC,Guard door opened - operator station 1
2026-09-28T16:51:27Z,Assembly,ASM05,info,HMI,Alarm E310 acknowledged by operator
2026-09-28T16:52:21Z,Molding,MLD04,warn,VIS,Vision reject burst: 4 consecutive rejects - self-cleared
2026-09-28T16:54:19Z,Assembly,ASM02,warn,PLC,Servo temperature high warning - capper axis (78 C)
2026-09-28T16:56:32Z,Packaging,PKG07,info,HMI,Jam cleared - guards closed
2026-09-28T16:56:33Z,Coating,COT03,info,MES,Hourly production: pass=2661 fail=148 yield=95.9%
2026-09-28T16:56:40Z,Assembly,ASM02,info,MES,Hourly production: pass=1751 fail=205 yield=96.9%
2026-09-28T16:58:00Z,Kitting,KIT07,info,MES,Change over started - line clearance in progress
2026-09-28T16:58:00Z,Kitting,KIT07,info,PLC,Guard door opened - operator station 1
2026-09-28T16:58:01Z,Kitting,KIT03,info,MES,Hourly production: pass=1514 fail=84 yield=98.5%
2026-09-28T16:58:04Z,Coating,COT01,info,MES,Line clearance checklist item complete: infeed cleared
2026-09-28T16:58:42Z,Molding,MLD07,info,PLC,LOTO removed
2026-09-28T16:59:38Z,Packaging,PKG07,info,PLC,Fault reset - line restart
2026-09-28T17:00:35Z,Kitting,KIT08,info,PLC,Recipe SKU-2044 downloaded to PLC - parameters verified
2026-09-28T17:00:39Z,Packaging,PKG08,info,MES,Change over started - line clearance in progress
2026-09-28T17:00:39Z,Packaging,PKG08,info,PLC,Guard door opened - operator station 1
2026-09-28T17:00:42Z,Molding,MLD07,info,PLC,Master reset - line restart
2026-09-28T17:01:38Z,Packaging,PKG07,info,PLC,Ramp to rate complete (2400 uph)
2026-09-28T17:01:43Z,Molding,MLD04,warn,PLC,Discharge back-pressure rising - downstream accumulation at 90%
2026-09-28T17:02:45Z,Packaging,PKG05,warn,PLC,Discharge back-pressure rising - downstream accumulation at 90%
2026-09-28T17:04:07Z,Assembly,ASM05,info,PLC,Product present at infeed - auto restart
2026-09-28T17:05:18Z,Assembly,ASM01,info,MES,Hourly production: pass=2185 fail=204 yield=96.6%
2026-09-28T17:05:57Z,Packaging,PKG05,error,PLC,"E311 BLOCKED - discharge full, line paused"
2026-09-28T17:06:40Z,Molding,MLD04,error,PLC,"E311 BLOCKED - discharge full, line paused"
2026-09-28T17:07:14Z,Kitting,KIT08,info,PLC,Master reset - line restart
2026-09-28T17:08:52Z,Coating,COT01,info,MES,Line clearance checklist item complete: reject bin verified empty
2026-09-28T17:09:44Z,Kitting,KIT08,info,PLC,Ramp to rate complete (3100 uph)
2026-09-28T17:10:20Z,Packaging,PKG04,warn,PLC,Infeed backlog high - accumulation table at 85%
2026-09-28T17:10:57Z,Packaging,PKG04,warn,PLC,Torque limit warning - infeed screw drive
2026-09-28T17:11:24Z,Coating,COT03,info,MES,Hourly production: pass=1680 fail=136 yield=89.4%
2026-09-28T17:11:32Z,Packaging,PKG04,error,PLC,E201 INFEED JAM - line stopped by PLC interlock
2026-09-28T17:11:57Z,Packaging,PKG05,info,PLC,Downstream cleared - auto restart
2026-09-28T17:12:37Z,Assembly,ASM01,warn,PLC,Infeed backlog high - accumulation table at 85%
2026-09-28T17:14:07Z,Kitting,KIT07,info,MES,Line clearance checklist item complete: infeed cleared
2026-09-28T17:14:09Z,Packaging,PKG04,info,HMI,Alarm E201 acknowledged by operator
2026-09-28T17:14:34Z,Assembly,ASM02,info,MES,Hourly production: pass=2971 fail=166 yield=95.1%
2026-09-28T17:15:46Z,Assembly,ASM01,warn,PLC,Torque limit warning - infeed screw drive
2026-09-28T17:16:12Z,Coating,COT02,error,PLC,E001 E-STOP PRESSED - operator station 2 - safety circuit open
2026-09-28T17:16:50Z,Molding,MLD04,info,PLC,Downstream cleared - auto restart
2026-09-28T17:16:54Z,Assembly,ASM01,error,PLC,E201 INFEED JAM - line stopped by PLC interlock
2026-09-28T17:17:04Z,Packaging,PKG08,info,MES,Line clearance checklist item complete: infeed cleared
2026-09-28T17:17:06Z,Molding,MLD06,info,MES,Hourly production: pass=1632 fail=39 yield=97.1%
2026-09-28T17:18:32Z,Packaging,PKG06,info,MES,Operator D.Okafor signed in at station 1
2026-09-28T17:18:49Z,Kitting,KIT08,info,MES,Hourly production: pass=1541 fail=260 yield=98.8%
2026-09-28T17:19:17Z,Molding,MLD04,info,MES,Hourly production: pass=2413 fail=145 yield=89.9%
2026-09-28T17:19:40Z,Coating,COT01,info,PLC,Recipe SKU-1042 downloaded to PLC - parameters verified
2026-09-28T17:19:44Z,Coating,COT02,info,HMI,E-stop reset - safety circuit closed
2026-09-28T17:20:06Z,Assembly,ASM01,info,HMI,Alarm E201 acknowledged by operator
2026-09-28T17:20:20Z,Kitting,KIT03,info,MES,Hourly production: pass=1526 fail=223 yield=97.1%
2026-09-28T17:21:19Z,Molding,MLD03,warn,PLC,Infeed backlog high - accumulation table at 85%
2026-09-28T17:22:30Z,Molding,MLD05,info,MES,PM task complete: lubrication / inspection checklist
2026-09-28T17:22:41Z,Kitting,KIT04,info,MES,Hourly production: pass=2488 fail=265 yield=95.3%
2026-09-28T17:22:44Z,Packaging,PKG06,info,MES,Hourly production: pass=1582 fail=279 yield=90.6%
2026-09-28T17:23:16Z,Coating,COT02,info,PLC,Safety reset complete - master reset - line restart
2026-09-28T17:23:38Z,Kitting,KIT04,error,PLC,E001 E-STOP PRESSED - operator station 2 - safety circuit open
2026-09-28T17:23:41Z,Molding,MLD03,warn,PLC,Torque limit warning - infeed screw drive
2026-09-28T17:24:49Z,Kitting,KIT05,info,MES,PM task complete: lubrication / inspection checklist
2026-09-28T17:25:04Z,Molding,MLD03,error,PLC,E201 INFEED JAM - line stopped by PLC interlock
2026-09-28T17:25:16Z,Kitting,KIT04,info,HMI,E-stop reset - safety circuit closed
2026-09-28T17:25:28Z,Packaging,PKG04,info,HMI,Jam cleared - guards closed
2026-09-28T17:26:27Z,Molding,MLD03,info,HMI,Alarm E201 acknowledged by operator
2026-09-28T17:26:31Z,Molding,MLD06,warn,VIS,Vision reject rate high: rolling 15 min at 4.9% (limit 3.0%)
2026-09-28T17:26:51Z,Coating,COT01,info,PLC,Master reset - line restart
2026-09-28T17:26:54Z,Kitting,KIT04,info,PLC,Safety reset complete - master reset - line restart
2026-09-28T17:26:59Z,Molding,MLD06,warn,VIS,Camera 2 calibration drift detected - contrast margin low
2026-09-28T17:28:57Z,Packaging,PKG04,info,PLC,Fault reset - line restart
2026-09-28T17:29:07Z,Molding,MLD07,info,MES,Hourly production: pass=2703 fail=29 yield=94.6%
2026-09-28T17:29:21Z,Coating,COT01,info,PLC,Ramp to rate complete (2400 uph)
2026-09-28T17:29:27Z,Packaging,PKG06,warn,PLC,Infeed backlog high - accumulation table at 85%
2026-09-28T17:30:19Z,Kitting,KIT04,warn,VIS,Vision reject burst: 11 consecutive rejects - self-cleared
2026-09-28T17:30:46Z,Packaging,PKG07,info,MES,Hourly production: pass=2403 fail=108 yield=97.9%
2026-09-28T17:30:57Z,Packaging,PKG04,info,PLC,Ramp to rate complete (3000 uph)
2026-09-28T17:31:28Z,Packaging,PKG06,warn,PLC,Torque limit warning - infeed screw drive
2026-09-28T17:31:36Z,Molding,MLD06,error,MES,QUALITY HOLD - lot paused pending QA disposition
2026-09-28T17:32:30Z,Molding,MLD03,info,HMI,Jam cleared - guards closed
2026-09-28T17:32:52Z,Packaging,PKG06,error,PLC,E201 INFEED JAM - line stopped by PLC interlock
2026-09-28T17:33:59Z,Assembly,ASM01,info,HMI,Jam cleared - guards closed
2026-09-28T17:34:17Z,Packaging,PKG06,info,HMI,Alarm E201 acknowledged by operator
2026-09-28T17:34:22Z,Molding,MLD03,info,PLC,Fault reset - line restart
2026-09-28T17:34:29Z,Molding,MLD03,info,MES,Hourly production: pass=2471 fail=260 yield=98.0%
2026-09-28T17:36:22Z,Molding,MLD03,info,PLC,Ramp to rate complete (2800 uph)
2026-09-28T17:36:27Z,Kitting,KIT03,info,MES,Recipe change queued: SKU-2311 -> SKU-2311
2026-09-28T17:37:58Z,Molding,MLD04,warn,PLC,Infeed backlog high - accumulation table at 85%
2026-09-28T17:38:16Z,Assembly,ASM01,info,PLC,Fault reset - line restart
2026-09-28T17:38:18Z,Kitting,KIT07,info,MES,Line clearance checklist item complete: reject bin verified empty
2026-09-28T17:38:28Z,Packaging,PKG04,info,MES,Hourly production: pass=1549 fail=238 yield=98.4%
2026-09-28T17:39:44Z,Assembly,ASM05,info,MES,Hourly production: pass=1840 fail=260 yield=95.6%
2026-09-28T17:40:16Z,Assembly,ASM01,info,PLC,Ramp to rate complete (3400 uph)
2026-09-28T17:40:18Z,Molding,MLD04,warn,PLC,Torque limit warning - infeed screw drive
2026-09-28T17:40:21Z,Molding,MLD06,info,MES,QA sampling in progress - 32 pc AQL pull
2026-09-28T17:40:26Z,Packaging,PKG06,info,HMI,Jam cleared - guards closed
2026-09-28T17:41:41Z,Packaging,PKG08,info,MES,Line clearance checklist item complete: reject bin verified empty
2026-09-28T17:42:20Z,Packaging,PKG06,info,PLC,Fault reset - line restart
2026-09-28T17:43:00Z,Coating,COT03,error,PLC,E001 E-STOP PRESSED - operator station 2 - safety circuit open
2026-09-28T17:44:00Z,Molding,MLD04,error,PLC,E201 INFEED JAM - line stopped by PLC interlock
2026-09-28T17:44:20Z,Packaging,PKG06,info,PLC,Ramp to rate complete (3100 uph)
2026-09-28T17:44:36Z,Assembly,ASM02,warn,VIS,Vision reject rate high: rolling 15 min at 3.3% (limit 3.0%)
2026-09-28T17:44:52Z,Molding,MLD04,info,HMI,Alarm E201 acknowledged by operator
2026-09-28T17:46:05Z,Packaging,PKG05,info,MES,Hourly production: pass=2433 fail=117 yield=91.3%
2026-09-28T17:46:39Z,Assembly,ASM02,warn,VIS,Camera 2 calibration drift detected - contrast margin low
2026-09-28T17:46:49Z,Coating,COT03,info,HMI,E-stop reset - safety circuit closed
2026-09-28T17:47:27Z,Packaging,PKG07,warn,PLC,Torque limit warning - infeed screw drive
2026-09-28T17:47:51Z,Coating,COT01,info,MES,Hourly production: pass=2434 fail=27 yield=90.9%
2026-09-28T17:48:23Z,Packaging,PKG07,warn,PLC,Infeed backlog high - accumulation table at 85%
2026-09-28T17:48:38Z,Molding,MLD04,info,HMI,Jam cleared - guards closed
2026-09-28T17:49:05Z,Assembly,ASM02,error,MES,QUALITY HOLD - lot paused pending QA disposition
2026-09-28T17:49:06Z,Molding,MLD06,info,MES,"QA disposition: RELEASE - hold lifted, line restart"
2026-09-28T17:49:47Z,Molding,MLD04,info,PLC,Fault reset - line restart
2026-09-28T17:49:53Z,Kitting,KIT03,info,MES,Change over started - line clearance in progress
2026-09-28T17:49:53Z,Kitting,KIT03,info,PLC,Guard door opened - operator station 1
2026-09-28T17:50:16Z,Packaging,PKG07,error,PLC,E201 INFEED JAM - line stopped by PLC interlock
2026-09-28T17:50:38Z,Coating,COT03,info,PLC,Safety reset complete - master reset - line restart
2026-09-28T17:51:47Z,Molding,MLD04,info,PLC,Ramp to rate complete (3300 uph)
2026-09-28T17:51:50Z,Packaging,PKG06,warn,PLC,Servo temperature high warning - capper axis (78 C)
2026-09-28T17:53:03Z,Packaging,PKG07,info,HMI,Alarm E201 acknowledged by operator
2026-09-28T17:57:09Z,Assembly,ASM05,warn,VIS,Vision reject burst: 4 consecutive rejects - self-cleared
2026-09-28T17:58:59Z,Molding,MLD05,info,PLC,LOTO removed
2026-09-28T18:00:24Z,Kitting,KIT03,info,MES,Line clearance checklist item complete: infeed cleared
2026-09-28T18:00:59Z,Molding,MLD05,info,PLC,Master reset - line restart
2026-09-28T18:01:14Z,Assembly,ASM02,info,MES,QA sampling in progress - 32 pc AQL pull
2026-09-28T18:02:29Z,Kitting,KIT07,info,PLC,Recipe SKU-2311 downloaded to PLC - parameters verified
2026-09-28T18:03:50Z,Kitting,KIT05,info,PLC,LOTO removed
2026-09-28T18:05:11Z,Packaging,PKG07,info,HMI,Jam cleared - guards closed
2026-09-28T18:05:42Z,Kitting,KIT08,info,MES,Recipe change queued: SKU-2044 -> SKU-2311
2026-09-28T18:05:50Z,Kitting,KIT05,info,PLC,Master reset - line restart
2026-09-28T18:06:18Z,Packaging,PKG08,info,PLC,Recipe SKU-3007 downloaded to PLC - parameters verified
2026-09-28T18:07:37Z,Kitting,KIT04,info,MES,Hourly production: pass=3221 fail=82 yield=94.9%
2026-09-28T18:08:54Z,Packaging,PKG07,info,PLC,Fault reset - line restart
2026-09-28T18:09:19Z,Molding,MLD06,info,MES,Hourly production: pass=2499 fail=278 yield=94.2%
2026-09-28T18:10:29Z,Assembly,ASM05,warn,PLC,Discharge back-pressure rising - downstream accumulation at 90%
2026-09-28T18:10:54Z,Packaging,PKG07,info,PLC,Ramp to rate complete (2400 uph)
2026-09-28T18:11:44Z,Packaging,PKG05,info,MES,Hourly production: pass=1767 fail=196 yield=90.9%
2026-09-28T18:11:54Z,Packaging,PKG04,warn,PLC,Infeed conveyor low - upstream supply degraded
2026-09-28T18:13:23Z,Assembly,ASM02,info,MES,"QA disposition: RELEASE - hold lifted, line restart"
2026-09-28T18:13:59Z,Assembly,ASM05,error,PLC,"E311 BLOCKED - discharge full, line paused"
2026-09-28T18:16:11Z,Kitting,KIT03,info,MES,Line clearance checklist item complete: reject bin verified empty
2026-09-28T18:16:22Z,Kitting,KIT05,info,MES,Hourly production: pass=1964 fail=92 yield=97.1%
2026-09-28T18:16:25Z,Packaging,PKG04,error,PLC,E310 STARVED - no product at infeed photo-eye for 60s
2026-09-28T18:17:36Z,Molding,MLD07,info,MES,Hourly production: pass=2161 fail=52 yield=89.1%
2026-09-28T18:17:49Z,Packaging,PKG04,info,HMI,Alarm E310 acknowledged by operator
2026-09-28T18:18:23Z,Kitting,KIT08,info,MES,Change over started - line clearance in progress
2026-09-28T18:18:23Z,Kitting,KIT08,info,PLC,Guard door opened - operator station 1
2026-09-28T18:18:36Z,Kitting,KIT07,info,PLC,Master reset - line restart
2026-09-28T18:18:49Z,Molding,MLD05,info,MES,Hourly production: pass=1945 fail=250 yield=92.8%
2026-09-28T18:19:08Z,Molding,MLD07,warn,PLC,Discharge back-pressure rising - downstream accumulation at 90%
2026-09-28T18:19:09Z,Coating,COT03,info,MES,Hourly production: pass=1653 fail=245 yield=98.8%
2026-09-28T18:20:33Z,Assembly,ASM05,info,PLC,Downstream cleared - auto restart
2026-09-28T18:21:06Z,Kitting,KIT07,info,PLC,Ramp to rate complete (3000 uph)
2026-09-28T18:22:42Z,Packaging,PKG08,info,PLC,Master reset - line restart
2026-09-28T18:22:46Z,Molding,MLD07,error,PLC,"E311 BLOCKED - discharge full, line paused"
2026-09-28T18:23:26Z,Packaging,PKG04,info,PLC,Product present at infeed - auto restart
2026-09-28T18:24:38Z,Coating,COT02,info,MES,Hourly production: pass=1995 fail=92 yield=89.9%
2026-09-28T18:24:48Z,Coating,COT03,warn,PLC,Infeed backlog high - accumulation table at 85%
2026-09-28T18:25:11Z,Packaging,PKG08,warn,VIS,Vision reject burst: 9 consecutive rejects - self-cleared
2026-09-28T18:25:12Z,Packaging,PKG08,info,PLC,Ramp to rate complete (3200 uph)
2026-09-28T18:26:37Z,Packaging,PKG06,info,MES,Hourly production: pass=1581 fail=222 yield=93.0%
2026-09-28T18:26:55Z,Assembly,ASM01,info,MES,Hourly production: pass=2521 fail=231 yield=89.5%
2026-09-28T18:27:24Z,Molding,MLD05,warn,PLC,Infeed backlog high - accumulation table at 85%
2026-09-28T18:27:27Z,Assembly,ASM01,warn,PLC,Discharge back-pressure rising - downstream accumulation at 90%
2026-09-28T18:28:04Z,Coating,COT02,warn,PLC,Infeed backlog high - accumulation table at 85%
2026-09-28T18:28:22Z,Packaging,PKG06,info,MES,Recipe change queued: SKU-2311 -> SKU-1042
2026-09-28T18:28:44Z,Molding,MLD06,info,MES,Operator D.Okafor signed in at station 1
2026-09-28T18:29:06Z,Kitting,KIT08,info,MES,Line clearance checklist item complete: infeed cleared
2026-09-28T18:30:07Z,Coating,COT03,warn,PLC,Torque limit warning - infeed screw drive
2026-09-28T18:30:30Z,Molding,MLD05,warn,PLC,Torque limit warning - infeed screw drive
2026-09-28T18:30:51Z,Assembly,ASM01,error,PLC,"E311 BLOCKED - discharge full, line paused"
2026-09-28T18:31:01Z,Coating,COT03,error,PLC,E201 INFEED JAM - line stopped by PLC interlock
2026-09-28T18:31:14Z,Coating,COT02,warn,PLC,Torque limit warning - infeed screw drive
2026-09-28T18:31:15Z,Assembly,ASM02,info,MES,Hourly production: pass=2280 fail=36 yield=88.3%
2026-09-28T18:31:57Z,Kitting,KIT03,info,PLC,Recipe SKU-1042 downloaded to PLC - parameters verified
2026-09-28T18:32:10Z,Molding,MLD05,error,PLC,E201 INFEED JAM - line stopped by PLC interlock
2026-09-28T18:32:13Z,Molding,MLD07,info,PLC,Downstream cleared - auto restart
2026-09-28T18:32:44Z,Packaging,PKG07,info,MES,Hourly production: pass=2916 fail=120 yield=92.9%
2026-09-28T18:32:56Z,Coating,COT02,error,PLC,E201 INFEED JAM - line stopped by PLC interlock
2026-09-28T18:34:08Z,Molding,MLD05,info,HMI,Alarm E201 acknowledged by operator
2026-09-28T18:34:13Z,Coating,COT03,info,HMI,Alarm E201 acknowledged by operator
2026-09-28T18:34:35Z,Kitting,KIT04,warn,PLC,Infeed backlog high - accumulation table at 85%
2026-09-28T18:35:54Z,Coating,COT02,info,HMI,Alarm E201 acknowledged by operator
2026-09-28T18:36:22Z,Packaging,PKG05,info,MES,Recipe change queued: SKU-3007 -> SKU-2311
2026-09-28T18:36:49Z,Molding,MLD06,warn,VIS,Vision reject burst: 10 consecutive rejects - self-cleared
2026-09-28T18:38:13Z,Molding,MLD03,info,MES,Recipe change queued: SKU-3007 -> SKU-1179
2026-09-28T18:38:30Z,Kitting,KIT04,warn,PLC,Torque limit warning - infeed screw drive
2026-09-28T18:39:25Z,Packaging,PKG06,info,MES,Change over started - line clearance in progress
2026-09-28T18:39:25Z,Packaging,PKG06,info,PLC,Guard door opened - operator station 1
2026-09-28T18:39:41Z,Kitting,KIT04,error,PLC,E201 INFEED JAM - line stopped by PLC interlock
2026-09-28T18:39:43Z,Kitting,KIT05,warn,PLC,Infeed backlog high - accumulation table at 85%
2026-09-28T18:40:07Z,Assembly,ASM01,info,PLC,Downstream cleared - auto restart
2026-09-28T18:40:31Z,Molding,MLD04,info,MES,Hourly production: pass=2311 fail=232 yield=94.3%
2026-09-28T18:40:33Z,Kitting,KIT04,info,HMI,Alarm E201 acknowledged by operator
2026-09-28T18:41:11Z,Kitting,KIT05,warn,PLC,Torque limit warning - infeed screw drive
2026-09-28T18:42:28Z,Kitting,KIT03,info,PLC,Master reset - line restart
2026-09-28T18:42:39Z,Molding,MLD05,info,HMI,Jam cleared - guards closed
2026-09-28T18:43:12Z,Kitting,KIT05,error,PLC,E201 INFEED JAM - line stopped by PLC interlock
2026-09-28T18:44:18Z,Kitting,KIT04,info,HMI,Jam cleared - guards closed
2026-09-28T18:44:19Z,Packaging,PKG05,info,MES,Change over started - line clearance in progress
2026-09-28T18:44:19Z,Packaging,PKG05,info,PLC,Guard door opened - operator station 1
2026-09-28T18:44:39Z,Kitting,KIT05,info,HMI,Alarm E201 acknowledged by operator
2026-09-28T18:44:58Z,Kitting,KIT03,info,PLC,Ramp to rate complete (3000 uph)
2026-09-28T18:45:11Z,Kitting,KIT08,info,MES,Line clearance checklist item complete: reject bin verified empty
2026-09-28T18:45:17Z,Molding,MLD05,info,PLC,Fault reset - line restart
2026-09-28T18:45:28Z,Kitting,KIT04,info,PLC,Fault reset - line restart
2026-09-28T18:46:01Z,Molding,MLD03,info,MES,Hourly production: pass=3166 fail=236 yield=89.6%
2026-09-28T18:46:54Z,Molding,MLD06,warn,PLC,Infeed conveyor low - upstream supply degraded
2026-09-28T18:47:17Z,Molding,MLD05,info,PLC,Ramp to rate complete (2900 uph)
2026-09-28T18:47:28Z,Kitting,KIT04,info,PLC,Ramp to rate complete (3300 uph)
2026-09-28T18:47:46Z,Kitting,KIT07,info,MES,Hourly production: pass=2236 fail=82 yield=90.3%
2026-09-28T18:47:57Z,Molding,MLD06,error,PLC,E310 STARVED - no product at infeed photo-eye for 60s
2026-09-28T18:48:02Z,Coating,COT03,info,HMI,Jam cleared - guards closed
2026-09-28T18:48:44Z,Coating,COT01,info,MES,Recipe change queued: SKU-2311 -> SKU-2044
2026-09-28T18:48:45Z,Coating,COT02,info,HMI,Jam cleared - guards closed
2026-09-28T18:49:03Z,Molding,MLD03,info,MES,Change over started - line clearance in progress
2026-09-28T18:49:03Z,Molding,MLD03,info,PLC,Guard door opened - operator station 1
2026-09-28T18:49:29Z,Packaging,PKG04,info,MES,Hourly production: pass=1522 fail=269 yield=93.3%
2026-09-28T18:50:46Z,Molding,MLD06,info,HMI,Alarm E310 acknowledged by operator
2026-09-28T18:51:00Z,Kitting,KIT05,info,HMI,Jam cleared - guards closed
2026-09-28T18:51:31Z,Packaging,PKG05,info,MES,Line clearance checklist item complete: infeed cleared
2026-09-28T18:52:17Z,Coating,COT03,info,PLC,Fault reset - line restart
2026-09-28T18:52:26Z,Packaging,PKG07,info,MES,PM work order WO-49498 scheduled - line will stop at end of current lot
2026-09-28T18:52:42Z,Coating,COT02,info,PLC,Fault reset - line restart
2026-09-28T18:52:57Z,Kitting,KIT05,info,PLC,Fault reset - line restart
2026-09-28T18:53:21Z,Kitting,KIT07,warn,PLC,Infeed backlog high - accumulation table at 85%
2026-09-28T18:54:17Z,Coating,COT03,info,PLC,Ramp to rate complete (3000 uph)
2026-09-28T18:54:42Z,Coating,COT02,info,PLC,Ramp to rate complete (3200 uph)
2026-09-28T18:54:57Z,Kitting,KIT05,info,PLC,Ramp to rate complete (2900 uph)
2026-09-28T18:56:12Z,Packaging,PKG06,info,MES,Line clearance checklist item complete: infeed cleared
2026-09-28T18:58:19Z,Coating,COT01,info,MES,Hourly production: pass=2219 fail=130 yield=88.4%
2026-09-28T18:59:33Z,Kitting,KIT07,warn,PLC,Torque limit warning - infeed screw drive
2026-09-28T19:00:06Z,Kitting,KIT07,error,PLC,E201 INFEED JAM - line stopped by PLC interlock
2026-09-28T19:00:11Z,Packaging,PKG07,warn,VIS,Vision reject burst: 5 consecutive rejects - self-cleared
2026-09-28T19:00:13Z,Coating,COT01,info,MES,Change over started - line clearance in progress
2026-09-28T19:00:13Z,Coating,COT01,info,PLC,Guard door opened - operator station 1
2026-09-28T19:00:32Z,Molding,MLD03,info,MES,Line clearance checklist item complete: infeed cleared
2026-09-28T19:01:16Z,Kitting,KIT08,info,PLC,Recipe SKU-3007 downloaded to PLC - parameters verified
2026-09-28T19:01:29Z,Assembly,ASM05,info,MES,Hourly production: pass=2425 fail=114 yield=92.0%
2026-09-28T19:01:59Z,Kitting,KIT07,info,HMI,Alarm E201 acknowledged by operator
2026-09-28T19:02:02Z,Molding,MLD06,info,PLC,Product present at infeed - auto restart
2026-09-28T19:02:19Z,Packaging,PKG05,info,MES,Line clearance checklist item complete: reject bin verified empty
2026-09-28T19:02:43Z,Molding,MLD04,warn,PLC,Infeed backlog high - accumulation table at 85%
2026-09-28T19:03:12Z,Kitting,KIT04,info,MES,Hourly production: pass=2710 fail=211 yield=88.6%
2026-09-28T19:05:21Z,Molding,MLD04,warn,PLC,Torque limit warning - infeed screw drive
2026-09-28T19:05:52Z,Molding,MLD05,info,MES,Hourly production: pass=2688 fail=168 yield=93.2%
2026-09-28T19:06:01Z,Packaging,PKG07,info,MES,Hourly production: pass=2425 fail=178 yield=96.9%
2026-09-28T19:06:20Z,Packaging,PKG08,warn,PLC,Servo temperature high warning - capper axis (78 C)
2026-09-28T19:06:40Z,Molding,MLD04,error,PLC,E201 INFEED JAM - line stopped by PLC interlock
2026-09-28T19:07:15Z,Assembly,ASM02,info,MES,Recipe change queued: SKU-2044 -> SKU-2044
2026-09-28T19:07:39Z,Molding,MLD04,info,HMI,Alarm E201 acknowledged by operator
2026-09-28T19:10:08Z,Kitting,KIT07,info,HMI,Jam cleared - guards closed
2026-09-28T19:11:12Z,Molding,MLD05,warn,PLC,Infeed conveyor low - upstream supply degraded
2026-09-28T19:11:57Z,Molding,MLD04,info,HMI,Jam cleared - guards closed
2026-09-28T19:11:59Z,Kitting,KIT08,info,PLC,Master reset - line restart
2026-09-28T19:12:39Z,Kitting,KIT07,info,PLC,Fault reset - line restart
2026-09-28T19:12:39Z,Assembly,ASM02,info,MES,Change over started - line clearance in progress
2026-09-28T19:12:39Z,Assembly,ASM02,info,PLC,Guard door opened - operator station 1
2026-09-28T19:12:47Z,Coating,COT01,info,MES,Line clearance checklist item complete: infeed cleared
2026-09-28T19:13:01Z,Molding,MLD05,error,PLC,E310 STARVED - no product at infeed photo-eye for 60s
2026-09-28T19:13:06Z,Packaging,PKG05,info,PLC,Recipe SKU-2311 downloaded to PLC - parameters verified
2026-09-28T19:13:16Z,Molding,MLD04,info,PLC,Fault reset - line restart
2026-09-28T19:13:50Z,Coating,COT02,warn,PLC,Servo temperature high warning - capper axis (78 C)
2026-09-28T19:14:10Z,Molding,MLD07,info,MES,Hourly production: pass=3037 fail=111 yield=94.4%
2026-09-28T19:14:29Z,Kitting,KIT08,info,PLC,Ramp to rate complete (3100 uph)
2026-09-28T19:14:39Z,Kitting,KIT07,info,PLC,Ramp to rate complete (3000 uph)
2026-09-28T19:15:16Z,Molding,MLD04,info,PLC,Ramp to rate complete (3300 uph)
2026-09-28T19:15:33Z,Molding,MLD05,info,HMI,Alarm E310 acknowledged by operator
2026-09-28T19:17:38Z,Kitting,KIT03,warn,PLC,Infeed backlog high - accumulation table at 85%
2026-09-28T19:17:44Z,Molding,MLD03,info,MES,Line clearance checklist item complete: reject bin verified empty
2026-09-28T19:18:39Z,Molding,MLD06,info,MES,Hourly production: pass=2714 fail=40 yield=88.2%
2026-09-28T19:19:09Z,Packaging,PKG07,info,MES,Scheduled downtime started - PM work order WO-42005
2026-09-28T19:19:09Z,Packaging,PKG07,warn,PLC,LOTO applied - energy isolation verified
2026-09-28T19:19:32Z,Assembly,ASM01,info,MES,Hourly production: pass=2326 fail=168 yield=91.5%
2026-09-28T19:20:18Z,Packaging,PKG04,info,MES,Operator M.Chen signed in at station 1
2026-09-28T19:20:18Z,Packaging,PKG05,info,PLC,Master reset - line restart
2026-09-28T19:20:42Z,Coating,COT03,info,MES,Hourly production: pass=2169 fail=104 yield=89.9%
2026-09-28T19:20:52Z,Kitting,KIT03,warn,PLC,Torque limit warning - infeed screw drive
2026-09-28T19:21:24Z,Packaging,PKG06,info,MES,Line clearance checklist item complete: reject bin verified empty
2026-09-28T19:22:48Z,Packaging,PKG05,info,PLC,Ramp to rate complete (2600 uph)
2026-09-28T19:22:49Z,Packaging,PKG05,warn,PLC,Servo temperature high warning - capper axis (78 C)
2026-09-28T19:23:34Z,Packaging,PKG08,info,MES,Hourly production: pass=2303 fail=213 yield=91.7%
2026-09-28T19:23:41Z,Kitting,KIT03,error,PLC,E201 INFEED JAM - line stopped by PLC interlock
2026-09-28T19:25:12Z,Coating,COT02,info,MES,Hourly production: pass=3383 fail=190 yield=92.0%
2026-09-28T19:25:41Z,Molding,MLD05,info,PLC,Product present at infeed - auto restart
2026-09-28T19:26:45Z,Assembly,ASM02,info,MES,Line clearance checklist item complete: infeed cleared
2026-09-28T19:27:20Z,Kitting,KIT05,info,MES,Hourly production: pass=3279 fail=133 yield=92.5%
2026-09-28T19:27:22Z,Kitting,KIT03,info,HMI,Alarm E201 acknowledged by operator
2026-09-28T19:28:15Z,Assembly,ASM01,warn,VIS,Vision reject burst: 12 consecutive rejects - self-cleared
2026-09-28T19:30:19Z,Kitting,KIT08,warn,VIS,Vision reject burst: 6 consecutive rejects - self-cleared
2026-09-28T19:31:25Z,Packaging,PKG04,warn,HMI,Operator sign-in timeout - line paused (break / shift relief)
2026-09-28T19:31:37Z,Coating,COT01,info,MES,Line clearance checklist item complete: reject bin verified empty
2026-09-28T19:32:51Z,Assembly,ASM01,warn,PLC,Infeed backlog high - accumulation table at 85%
2026-09-28T19:34:57Z,Molding,MLD03,info,PLC,Recipe SKU-3007 downloaded to PLC - parameters verified
2026-09-28T19:35:05Z,Molding,MLD06,warn,VIS,Vision reject burst: 6 consecutive rejects - self-cleared
2026-09-28T19:35:10Z,Assembly,ASM01,warn,PLC,Torque limit warning - infeed screw drive
2026-09-28T19:36:20Z,Assembly,ASM01,error,PLC,E201 INFEED JAM - line stopped by PLC interlock
2026-09-28T19:36:28Z,Packaging,PKG05,info,MES,Hourly production: pass=1662 fail=115 yield=97.7%
2026-09-28T19:39:18Z,Assembly,ASM01,info,HMI,Alarm E201 acknowledged by operator
2026-09-28T19:40:04Z,Molding,MLD07,warn,HMI,Operator sign-in timeout - line paused (break / shift relief)
2026-09-28T19:43:21Z,Kitting,KIT03,info,HMI,Jam cleared - guards closed
2026-09-28T19:43:30Z,Molding,MLD04,warn,PLC,Discharge back-pressure rising - downstream accumulation at 90%
2026-09-28T19:44:12Z,Coating,COT03,warn,PLC,Torque limit warning - infeed screw drive
2026-09-28T19:44:15Z,Coating,COT03,warn,PLC,Infeed backlog high - accumulation table at 85%
2026-09-28T19:45:05Z,Molding,MLD04,error,PLC,"E311 BLOCKED - discharge full, line paused"
2026-09-28T19:45:41Z,Coating,COT03,error,PLC,E201 INFEED JAM - line stopped by PLC interlock
2026-09-28T19:46:26Z,Molding,MLD03,info,PLC,Master reset - line restart
2026-09-28T19:46:35Z,Packaging,PKG06,info,PLC,Recipe SKU-1179 downloaded to PLC - parameters verified
2026-09-28T19:46:46Z,Coating,COT03,info,HMI,Alarm E201 acknowledged by operator
2026-09-28T19:47:07Z,Kitting,KIT05,warn,VIS,Vision reject rate high: rolling 15 min at 3.7% (limit 3.0%)
2026-09-28T19:47:47Z,Kitting,KIT04,info,MES,Recipe change queued: SKU-3007 -> SKU-1042
2026-09-28T19:47:54Z,Assembly,ASM02,info,MES,Line clearance checklist item complete: reject bin verified empty
2026-09-28T19:47:59Z,Packaging,PKG08,warn,PLC,Discharge back-pressure rising - downstream accumulation at 90%
2026-09-28T19:48:17Z,Kitting,KIT03,info,PLC,Fault reset - line restart
2026-09-28T19:48:50Z,Kitting,KIT05,warn,VIS,Camera 2 calibration drift detected - contrast margin low
2026-09-28T19:48:56Z,Molding,MLD03,info,PLC,Ramp to rate complete (2800 uph)
2026-09-28T19:49:01Z,Molding,MLD05,warn,PLC,Discharge back-pressure rising - downstream accumulation at 90%
2026-09-28T19:50:17Z,Kitting,KIT03,info,PLC,Ramp to rate complete (3000 uph)
2026-09-28T19:50:28Z,Coating,COT01,info,PLC,Recipe SKU-1179 downloaded to PLC - parameters verified
2026-09-28T19:50:51Z,Packaging,PKG08,error,PLC,"E311 BLOCKED - discharge full, line paused"
2026-09-28T19:51:26Z,Coating,COT03,info,HMI,Jam cleared - guards closed
2026-09-28T19:51:58Z,Kitting,KIT05,error,MES,QUALITY HOLD - lot paused pending QA disposition
2026-09-28T19:52:12Z,Assembly,ASM01,info,HMI,Jam cleared - guards closed
2026-09-28T19:52:53Z,Coating,COT03,info,PLC,Fault reset - line restart
2026-09-28T19:53:21Z,Packaging,PKG05,info,MES,Recipe change queued: SKU-1042 -> SKU-1179
2026-09-28T19:53:41Z,Molding,MLD05,error,PLC,"E311 BLOCKED - discharge full, line paused"
2026-09-28T19:54:21Z,Assembly,ASM05,warn,PLC,Discharge back-pressure rising - downstream accumulation at 90%
2026-09-28T19:54:49Z,Packaging,PKG04,info,HMI,Operator K.Simmons signed in - line restart
2026-09-28T19:54:53Z,Coating,COT03,info,PLC,Ramp to rate complete (3000 uph)
2026-09-28T19:55:28Z,Assembly,ASM05,error,PLC,"E311 BLOCKED - discharge full, line paused"
2026-09-28T19:56:10Z,Assembly,ASM01,info,PLC,Fault reset - line restart
2026-09-28T19:56:30Z,Molding,MLD04,info,PLC,Downstream cleared - auto restart
2026-09-28T19:56:32Z,Coating,COT02,warn,PLC,Infeed backlog high - accumulation table at 85%
2026-09-28T19:58:10Z,Assembly,ASM01,info,PLC,Ramp to rate complete (3400 uph)
2026-09-28T19:59:47Z,Coating,COT02,warn,PLC,Torque limit warning - infeed screw drive
2026-09-28T19:59:58Z,Kitting,KIT04,info,MES,Change over started - line clearance in progress
2026-09-28T19:59:58Z,Kitting,KIT04,info,PLC,Guard door opened - operator station 1
2026-09-28T20:00:31Z,Coating,COT03,warn,VIS,Vision reject burst: 6 consecutive rejects - self-cleared
2026-09-28T20:01:37Z,Kitting,KIT08,info,MES,Hourly production: pass=1812 fail=168 yield=97.5%
2026-09-28T20:02:22Z,Coating,COT02,error,PLC,E201 INFEED JAM - line stopped by PLC interlock
2026-09-28T20:03:01Z,Coating,COT01,info,PLC,Master reset - line restart
2026-09-28T20:03:22Z,Packaging,PKG06,info,PLC,Master reset - line restart
2026-09-28T20:04:10Z,Coating,COT02,info,HMI,Alarm E201 acknowledged by operator
2026-09-28T20:05:02Z,Packaging,PKG08,info,PLC,Downstream cleared - auto restart
2026-09-28T20:05:31Z,Coating,COT01,info,PLC,Ramp to rate complete (2400 uph)
2026-09-28T20:05:35Z,Packaging,PKG05,info,MES,Change over started - line clearance in progress
2026-09-28T20:05:35Z,Packaging,PKG05,info,PLC,Guard door opened - operator station 1
2026-09-28T20:05:52Z,Packaging,PKG06,info,PLC,Ramp to rate complete (3100 uph)
2026-09-28T20:06:52Z,Assembly,ASM05,info,PLC,Downstream cleared - auto restart
2026-09-28T20:07:07Z,Molding,MLD06,warn,PLC,Infeed conveyor low - upstream supply degraded
2026-09-28T20:07:15Z,Molding,MLD05,info,PLC,Downstream cleared - auto restart
2026-09-28T20:07:57Z,Molding,MLD06,info,MES,Hourly production: pass=1991 fail=120 yield=95.3%
2026-09-28T20:08:24Z,Molding,MLD06,error,PLC,E310 STARVED - no product at infeed photo-eye for 60s
2026-09-28T20:09:04Z,Assembly,ASM02,info,PLC,Recipe SKU-2044 downloaded to PLC - parameters verified
2026-09-28T20:09:17Z,Coating,COT03,info,MES,Hourly production: pass=2125 fail=270 yield=90.0%
2026-09-28T20:09:18Z,Coating,COT01,info,MES,Hourly production: pass=2949 fail=157 yield=97.5%
2026-09-28T20:09:47Z,Assembly,ASM05,info,MES,Hourly production: pass=1919 fail=193 yield=97.9%
2026-09-28T20:10:05Z,Kitting,KIT03,info,MES,Operator T.Nguyen signed in at station 1
2026-09-28T20:10:11Z,Molding,MLD06,info,HMI,Alarm E310 acknowledged by operator
2026-09-28T20:11:25Z,Kitting,KIT05,info,MES,QA sampling in progress - 32 pc AQL pull
2026-09-28T20:11:27Z,Packaging,PKG04,warn,PLC,Servo temperature high warning - capper axis (78 C)
2026-09-28T20:11:56Z,Coating,COT02,info,HMI,Jam cleared - guards closed
2026-09-28T20:12:38Z,Kitting,KIT04,info,MES,Line clearance checklist item complete: infeed cleared
2026-09-28T20:14:19Z,Coating,COT02,info,PLC,Fault reset - line restart
2026-09-28T20:16:19Z,Coating,COT02,info,PLC,Ramp to rate complete (3200 uph)
2026-09-28T20:17:21Z,Molding,MLD06,info,PLC,Product present at infeed - auto restart
2026-09-28T20:19:23Z,Packaging,PKG06,info,MES,Hourly production: pass=2976 fail=230 yield=88.2%
2026-09-28T20:19:26Z,Packaging,PKG05,info,MES,Line clearance checklist item complete: infeed cleared
2026-09-28T20:20:16Z,Kitting,KIT07,warn,PLC,Infeed conveyor low - upstream supply degraded
2026-09-28T20:22:08Z,Molding,MLD04,info,MES,Hourly production: pass=1677 fail=175 yield=89.4%
2026-09-28T20:22:44Z,Kitting,KIT07,error,PLC,E310 STARVED - no product at infeed photo-eye for 60s
2026-09-28T20:23:10Z,Assembly,ASM02,info,PLC,Master reset - line restart
2026-09-28T20:25:13Z,Kitting,KIT07,info,HMI,Alarm E310 acknowledged by operator
2026-09-28T20:25:26Z,Coating,COT02,info,MES,Hourly production: pass=1539 fail=273 yield=97.6%
2026-09-28T20:25:40Z,Assembly,ASM02,info,PLC,Ramp to rate complete (3000 uph)
2026-09-28T20:30:51Z,Kitting,KIT05,info,MES,"QA disposition: RELEASE - hold lifted, line restart"
2026-09-28T20:31:37Z,Kitting,KIT04,info,MES,Line clearance checklist item complete: reject bin verified empty
2026-09-28T20:32:39Z,Packaging,PKG08,info,MES,Hourly production: pass=2536 fail=32 yield=88.1%
2026-09-28T20:32:47Z,Assembly,ASM05,warn,PLC,Servo temperature high warning - capper axis (78 C)
2026-09-28T20:35:06Z,Kitting,KIT07,info,PLC,Product present at infeed - auto restart
2026-09-28T20:36:39Z,Kitting,KIT03,info,MES,Hourly production: pass=2478 fail=57 yield=96.1%
2026-09-28T20:37:05Z,Kitting,KIT08,warn,HMI,Operator sign-in timeout - line paused (break / shift relief)
2026-09-28T20:40:13Z,Packaging,PKG05,info,MES,Line clearance checklist item complete: reject bin verified empty
2026-09-28T20:41:28Z,Molding,MLD03,warn,PLC,Infeed conveyor low - upstream supply degraded
2026-09-28T20:41:45Z,Coating,COT01,warn,PLC,Infeed backlog high - accumulation table at 85%
2026-09-28T20:41:48Z,Kitting,KIT07,info,MES,Hourly production: pass=1782 fail=156 yield=92.7%
2026-09-28T20:41:59Z,Coating,COT01,warn,PLC,Torque limit warning - infeed screw drive
2026-09-28T20:42:31Z,Kitting,KIT07,warn,VIS,Vision reject burst: 6 consecutive rejects - self-cleared
2026-09-28T20:43:57Z,Coating,COT01,error,PLC,E201 INFEED JAM - line stopped by PLC interlock
2026-09-28T20:44:47Z,Molding,MLD03,error,PLC,E310 STARVED - no product at infeed photo-eye for 60s
2026-09-28T20:45:22Z,Molding,MLD06,warn,PLC,Infeed conveyor low - upstream supply degraded
2026-09-28T20:45:42Z,Molding,MLD05,info,MES,Hourly production: pass=2875 fail=129 yield=95.4%
2026-09-28T20:47:14Z,Coating,COT01,info,HMI,Alarm E201 acknowledged by operator
2026-09-28T20:48:32Z,Molding,MLD03,info,HMI,Alarm E310 acknowledged by operator
2026-09-28T20:48:49Z,Molding,MLD05,info,MES,Recipe change queued: SKU-2311 -> SKU-2311
2026-09-28T20:50:21Z,Molding,MLD06,error,PLC,E310 STARVED - no product at infeed photo-eye for 60s
2026-09-28T20:50:37Z,Kitting,KIT04,info,PLC,Recipe SKU-2044 downloaded to PLC - parameters verified
2026-09-28T20:51:22Z,Kitting,KIT03,info,MES,Recipe change queued: SKU-1042 -> SKU-2311
2026-09-28T20:54:20Z,Molding,MLD06,info,HMI,Alarm E310 acknowledged by operator
2026-09-28T20:54:36Z,Assembly,ASM01,info,MES,Hourly production: pass=1568 fail=265 yield=96.9%
2026-09-28T20:55:09Z,Molding,MLD05,info,MES,Change over started - line clearance in progress
2026-09-28T20:55:09Z,Molding,MLD05,info,PLC,Guard door opened - operator station 1
2026-09-28T20:55:15Z,Packaging,PKG04,info,MES,Hourly production: pass=2162 fail=50 yield=98.0%
2026-09-28T20:55:59Z,Packaging,PKG08,warn,PLC,Torque limit warning - infeed screw drive
2026-09-28T20:56:02Z,Molding,MLD04,warn,PLC,Infeed backlog high - accumulation table at 85%
2026-09-28T20:56:12Z,Coating,COT03,warn,PLC,Infeed backlog high - accumulation table at 85%
2026-09-28T20:56:50Z,Packaging,PKG08,warn,PLC,Infeed backlog high - accumulation table at 85%
2026-09-28T20:58:22Z,Kitting,KIT08,info,HMI,Operator R.Patel signed in - line restart
2026-09-28T20:59:01Z,Molding,MLD04,warn,PLC,Torque limit warning - infeed screw drive
2026-09-28T20:59:41Z,Packaging,PKG08,error,PLC,E201 INFEED JAM - line stopped by PLC interlock
2026-09-28T21:00:34Z,Packaging,PKG08,info,HMI,Alarm E201 acknowledged by operator
2026-09-28T21:00:44Z,Assembly,ASM02,warn,VIS,Vision reject rate high: rolling 15 min at 6.1% (limit 3.0%)
2026-09-28T21:01:00Z,Packaging,PKG05,info,PLC,Recipe SKU-1042 downloaded to PLC - parameters verified
2026-09-28T21:01:27Z,Coating,COT01,info,HMI,Jam cleared - guards closed
2026-09-28T21:01:41Z,Coating,COT03,warn,PLC,Torque limit warning - infeed screw drive
2026-09-28T21:01:43Z,Kitting,KIT07,warn,PLC,Discharge back-pressure rising - downstream accumulation at 90%
2026-09-28T21:01:55Z,Assembly,ASM01,error,PLC,E001 E-STOP PRESSED - operator station 2 - safety circuit open
2026-09-28T21:02:45Z,Molding,MLD04,error,PLC,E201 INFEED JAM - line stopped by PLC interlock
2026-09-28T21:03:00Z,Coating,COT03,error,PLC,E201 INFEED JAM - line stopped by PLC interlock
2026-09-28T21:03:16Z,Kitting,KIT04,info,PLC,Master reset - line restart
2026-09-28T21:03:18Z,Assembly,ASM02,warn,VIS,Camera 2 calibration drift detected - contrast margin low
2026-09-28T21:03:32Z,Molding,MLD03,info,PLC,Product present at infeed - auto restart
2026-09-28T21:04:00Z,Kitting,KIT03,info,MES,Change over started - line clearance in progress
2026-09-28T21:04:00Z,Kitting,KIT03,info,PLC,Guard door opened - operator station 1
2026-09-28T21:04:27Z,Packaging,PKG08,info,HMI,Jam cleared - guards closed
2026-09-28T21:05:28Z,Coating,COT03,info,HMI,Alarm E201 acknowledged by operator
2026-09-28T21:05:30Z,Molding,MLD04,info,HMI,Alarm E201 acknowledged by operator
2026-09-28T21:05:36Z,Kitting,KIT07,error,PLC,"E311 BLOCKED - discharge full, line paused"
2026-09-28T21:05:38Z,Packaging,PKG08,info,PLC,Fault reset - line restart
2026-09-28T21:05:46Z,Kitting,KIT04,info,PLC,Ramp to rate complete (3300 uph)
2026-09-28T21:05:50Z,Coating,COT01,info,PLC,Fault reset - line restart
2026-09-28T21:05:52Z,Molding,MLD03,warn,VIS,Vision reject burst: 10 consecutive rejects - self-cleared
2026-09-28T21:05:55Z,Packaging,PKG08,info,MES,PM work order WO-49290 scheduled - line will stop at end of current lot
2026-09-28T21:06:29Z,Packaging,PKG07,info,MES,PM task complete: lubrication / inspection checklist
2026-09-28T21:06:33Z,Assembly,ASM02,error,MES,QUALITY HOLD - lot paused pending QA disposition
2026-09-28T21:07:04Z,Assembly,ASM01,info,HMI,E-stop reset - safety circuit closed
2026-09-28T21:07:11Z,Packaging,PKG06,warn,PLC,Infeed backlog high - accumulation table at 85%
2026-09-28T21:07:16Z,Molding,MLD05,info,MES,Line clearance checklist item complete: infeed cleared
2026-09-28T21:07:18Z,Packaging,PKG04,warn,HMI,Operator sign-in timeout - line paused (break / shift relief)
2026-09-28T21:07:38Z,Packaging,PKG08,info,PLC,Ramp to rate complete (3200 uph)
2026-09-28T21:07:50Z,Coating,COT01,info,PLC,Ramp to rate complete (2400 uph)
2026-09-28T21:09:12Z,Packaging,PKG06,warn,PLC,Torque limit warning - infeed screw drive
2026-09-28T21:10:17Z,Molding,MLD06,info,PLC,Product present at infeed - auto restart
2026-09-28T21:10:53Z,Kitting,KIT07,info,PLC,Downstream cleared - auto restart
2026-09-28T21:11:44Z,Packaging,PKG06,error,PLC,E201 INFEED JAM - line stopped by PLC interlock
2026-09-28T21:12:13Z,Assembly,ASM01,info,PLC,Safety reset complete - master reset - line restart
2026-09-28T21:13:28Z,Packaging,PKG06,info,HMI,Alarm E201 acknowledged by operator
2026-09-28T21:14:22Z,Assembly,ASM01,info,MES,Hourly production: pass=3212 fail=58 yield=97.2%
2026-09-28T21:14:51Z,Packaging,PKG05,info,PLC,Master reset - line restart
2026-09-28T21:16:09Z,Coating,COT03,info,HMI,Jam cleared - guards closed
2026-09-28T21:16:51Z,Packaging,PKG04,info,HMI,Operator D.Okafor signed in - line restart
2026-09-28T21:17:21Z,Packaging,PKG05,info,PLC,Ramp to rate complete (2600 uph)
2026-09-28T21:17:24Z,Molding,MLD04,info,HMI,Jam cleared - guards closed
2026-09-28T21:17:57Z,Kitting,KIT03,info,MES,Line clearance checklist item complete: infeed cleared
2026-09-28T21:19:27Z,Coating,COT03,info,PLC,Fault reset - line restart
2026-09-28T21:19:34Z,Coating,COT02,warn,PLC,Discharge back-pressure rising - downstream accumulation at 90%
2026-09-28T21:20:55Z,Packaging,PKG06,info,HMI,Jam cleared - guards closed
2026-09-28T21:21:03Z,Molding,MLD04,info,PLC,Fault reset - line restart
2026-09-28T21:21:27Z,Coating,COT03,info,PLC,Ramp to rate complete (3000 uph)
2026-09-28T21:21:28Z,Coating,COT02,error,PLC,"E311 BLOCKED - discharge full, line paused"
2026-09-28T21:22:07Z,Assembly,ASM02,info,MES,QA sampling in progress - 32 pc AQL pull
2026-09-28T21:22:34Z,Assembly,ASM05,info,MES,Recipe change queued: SKU-3007 -> SKU-2044
2026-09-28T21:22:53Z,Molding,MLD03,info,MES,Hourly production: pass=1904 fail=66 yield=90.3%
2026-09-28T21:23:03Z,Molding,MLD04,info,PLC,Ramp to rate complete (3300 uph)
2026-09-28T21:23:12Z,Packaging,PKG06,info,PLC,Fault reset - line restart
2026-09-28T21:25:12Z,Packaging,PKG06,info,PLC,Ramp to rate complete (3100 uph)
2026-09-28T21:25:26Z,Molding,MLD05,info,MES,Line clearance checklist item complete: reject bin verified empty
2026-09-28T21:27:25Z,Packaging,PKG05,info,MES,Hourly production: pass=2648 fail=152 yield=89.3%
2026-09-28T21:28:30Z,Assembly,ASM05,info,MES,Change over started - line clearance in progress
2026-09-28T21:28:30Z,Assembly,ASM05,info,PLC,Guard door opened - operator station 1
2026-09-28T21:29:09Z,Coating,COT02,info,PLC,Downstream cleared - auto restart
2026-09-28T21:32:22Z,Molding,MLD04,info,MES,Hourly production: pass=2474 fail=174 yield=95.8%
2026-09-28T21:32:59Z,Coating,COT02,info,MES,Hourly production: pass=2645 fail=196 yield=88.8%
2026-09-28T21:33:00Z,Coating,COT02,warn,PLC,Servo temperature high warning - capper axis (78 C)
2026-09-28T21:33:51Z,Packaging,PKG08,info,MES,Scheduled downtime started - PM work order WO-40295
2026-09-28T21:33:51Z,Packaging,PKG08,warn,PLC,LOTO applied - energy isolation verified
2026-09-28T21:37:41Z,Assembly,ASM02,info,MES,"QA disposition: RELEASE - hold lifted, line restart"
2026-09-28T21:38:54Z,Kitting,KIT03,info,MES,Line clearance checklist item complete: reject bin verified empty
2026-09-28T21:39:37Z,Assembly,ASM02,info,MES,Hourly production: pass=2566 fail=112 yield=98.4%
2026-09-28T21:39:47Z,Kitting,KIT07,info,MES,Hourly production: pass=1977 fail=258 yield=91.7%
2026-09-28T21:40:10Z,Kitting,KIT08,warn,PLC,Infeed conveyor low - upstream supply degraded
2026-09-28T21:41:17Z,Assembly,ASM05,info,MES,Line clearance checklist item complete: infeed cleared
2026-09-28T21:43:13Z,Kitting,KIT08,error,PLC,E310 STARVED - no product at infeed photo-eye for 60s
2026-09-28T21:43:37Z,Molding,MLD05,info,PLC,Recipe SKU-2311 downloaded to PLC - parameters verified
2026-09-28T21:43:58Z,Molding,MLD04,info,MES,Recipe change queued: SKU-2044 -> SKU-3007
2026-09-28T21:46:22Z,Kitting,KIT08,info,HMI,Alarm E310 acknowledged by operator
2026-09-28T21:47:35Z,Kitting,KIT05,warn,VIS,Vision reject rate high: rolling 15 min at 5.8% (limit 3.0%)
2026-09-28T21:47:44Z,Kitting,KIT05,warn,VIS,Camera 2 calibration drift detected - contrast margin low
2026-09-28T21:50:03Z,Coating,COT02,warn,PLC,Infeed backlog high - accumulation table at 85%
2026-09-28T21:51:22Z,Packaging,PKG04,warn,PLC,Discharge back-pressure rising - downstream accumulation at 90%
2026-09-28T21:51:29Z,Kitting,KIT05,error,MES,QUALITY HOLD - lot paused pending QA disposition
2026-09-28T21:52:37Z,Packaging,PKG04,error,PLC,"E311 BLOCKED - discharge full, line paused"
2026-09-28T21:53:01Z,Coating,COT03,info,MES,Hourly production: pass=2923 fail=129 yield=93.4%
2026-09-28T21:55:09Z,Coating,COT02,warn,PLC,Torque limit warning - infeed screw drive
2026-09-28T21:55:33Z,Molding,MLD04,info,MES,Change over started - line clearance in progress
2026-09-28T21:55:33Z,Molding,MLD04,info,PLC,Guard door opened - operator station 1
2026-09-28T21:55:43Z,Molding,MLD05,info,PLC,Master reset - line restart
2026-09-28T21:55:51Z,Kitting,KIT04,info,MES,Hourly production: pass=1768 fail=236 yield=88.9%
2026-09-28T21:56:49Z,Coating,COT02,error,PLC,E201 INFEED JAM - line stopped by PLC interlock
2026-09-28T21:58:06Z,Coating,COT02,info,HMI,Alarm E201 acknowledged by operator
2026-09-28T21:58:13Z,Molding,MLD05,info,PLC,Ramp to rate complete (2900 uph)
2026-09-28T21:58:32Z,Assembly,ASM01,warn,PLC,Infeed backlog high - accumulation table at 85%
2026-09-28T21:58:58Z,Kitting,KIT08,info,PLC,Product present at infeed - auto restart
2026-09-28T21:59:51Z,Kitting,KIT03,info,PLC,Recipe SKU-2044 downloaded to PLC - parameters verified
2026-09-28T22:00:28Z,Assembly,ASM05,info,MES,Line clearance checklist item complete: reject bin verified empty
2026-09-28T22:00:57Z,Molding,MLD03,info,MES,Hourly production: pass=2448 fail=93 yield=97.2%
2026-09-28T22:00:59Z,Kitting,KIT07,warn,PLC,Infeed conveyor low - upstream supply degraded
2026-09-28T22:01:57Z,Molding,MLD05,warn,PLC,Servo temperature high warning - capper axis (78 C)
2026-09-28T22:01:59Z,Kitting,KIT08,info,MES,Hourly production: pass=2631 fail=120 yield=90.8%
2026-09-28T22:02:11Z,Assembly,ASM01,info,MES,Hourly production: pass=1531 fail=97 yield=95.8%
2026-09-28T22:02:25Z,Kitting,KIT07,error,PLC,E310 STARVED - no product at infeed photo-eye for 60s
2026-09-28T22:03:15Z,Assembly,ASM01,warn,PLC,Torque limit warning - infeed screw drive
2026-09-28T22:03:38Z,Kitting,KIT08,warn,VIS,Vision reject burst: 6 consecutive rejects - self-cleared
2026-09-28T22:03:40Z,Coating,COT02,info,HMI,Jam cleared - guards closed
2026-09-28T22:03:45Z,Packaging,PKG04,info,PLC,Downstream cleared - auto restart
2026-09-28T22:04:21Z,Molding,MLD04,info,MES,Line clearance checklist item complete: infeed cleared
2026-09-28T22:04:28Z,Assembly,ASM01,error,PLC,E201 INFEED JAM - line stopped by PLC interlock
2026-09-28T22:05:23Z,Coating,COT02,info,PLC,Fault reset - line restart
2026-09-28T22:05:37Z,Assembly,ASM01,info,HMI,Alarm E201 acknowledged by operator
2026-09-28T22:05:55Z,Kitting,KIT07,info,HMI,Alarm E310 acknowledged by operator
2026-09-28T22:07:23Z,Coating,COT02,info,PLC,Ramp to rate complete (3200 uph)
2026-09-28T22:08:01Z,Packaging,PKG06,info,MES,Hourly production: pass=2823 fail=247 yield=88.2%
2026-09-28T22:10:29Z,Coating,COT03,warn,PLC,Discharge back-pressure rising - downstream accumulation at 90%
2026-09-28T22:10:36Z,Assembly,ASM01,info,HMI,Jam cleared - guards closed
2026-09-28T22:12:07Z,Coating,COT03,error,PLC,"E311 BLOCKED - discharge full, line paused"
2026-09-28T22:12:08Z,Assembly,ASM01,info,PLC,Fault reset - line restart
2026-09-28T22:12:11Z,Kitting,KIT05,info,MES,QA sampling in progress - 32 pc AQL pull
2026-09-28T22:12:22Z,Kitting,KIT04,info,MES,Operator M.Chen signed in at station 1
2026-09-28T22:13:49Z,Kitting,KIT03,info,PLC,Master reset - line restart
2026-09-28T22:14:08Z,Assembly,ASM01,info,PLC,Ramp to rate complete (3400 uph)
2026-09-28T22:14:28Z,Packaging,PKG06,warn,PLC,Torque limit warning - infeed screw drive
2026-09-28T22:14:47Z,Kitting,KIT04,warn,VIS,Vision reject burst: 8 consecutive rejects - self-cleared
2026-09-28T22:14:54Z,Coating,COT01,warn,VIS,Vision reject rate high: rolling 15 min at 4.0% (limit 3.0%)
2026-09-28T22:14:57Z,Packaging,PKG06,warn,PLC,Infeed backlog high - accumulation table at 85%
2026-09-28T22:16:01Z,Packaging,PKG06,error,PLC,E201 INFEED JAM - line stopped by PLC interlock
2026-09-28T22:16:19Z,Kitting,KIT03,info,PLC,Ramp to rate complete (3000 uph)
2026-09-28T22:17:26Z,Packaging,PKG05,info,MES,Hourly production: pass=2363 fail=241 yield=95.1%
2026-09-28T22:17:32Z,Molding,MLD04,info,MES,Line clearance checklist item complete: reject bin verified empty
2026-09-28T22:17:36Z,Packaging,PKG06,info,HMI,Alarm E201 acknowledged by operator
2026-09-28T22:17:52Z,Kitting,KIT04,warn,HMI,Operator sign-in timeout - line paused (break / shift relief)
2026-09-28T22:19:39Z,Assembly,ASM05,info,PLC,Recipe SKU-2044 downloaded to PLC - parameters verified
2026-09-28T22:19:57Z,Kitting,KIT07,info,PLC,Product present at infeed - auto restart
2026-09-28T22:20:17Z,Coating,COT03,info,PLC,Downstream cleared - auto restart
2026-09-28T22:20:32Z,Molding,MLD03,error,PLC,E001 E-STOP PRESSED - operator station 2 - safety circuit open
2026-09-28T22:20:34Z,Molding,MLD06,warn,HMI,Operator sign-in timeout - line paused (break / shift relief)
2026-09-28T22:22:19Z,Coating,COT01,warn,VIS,Camera 2 calibration drift detected - contrast margin low
2026-09-28T22:23:25Z,Molding,MLD03,info,HMI,E-stop reset - safety circuit closed
2026-09-28T22:24:05Z,Coating,COT01,error,MES,QUALITY HOLD - lot paused pending QA disposition
2026-09-28T22:24:16Z,Coating,COT02,info,MES,Hourly production: pass=1520 fail=55 yield=90.9%
2026-09-28T22:24:26Z,Packaging,PKG06,info,HMI,Jam cleared - guards closed
2026-09-28T22:26:18Z,Molding,MLD03,info,PLC,Safety reset complete - master reset - line restart
2026-09-28T22:26:32Z,Packaging,PKG06,info,PLC,Fault reset - line restart
2026-09-28T22:27:00Z,Kitting,KIT08,warn,PLC,Discharge back-pressure rising - downstream accumulation at 90%
2026-09-28T22:28:00Z,Packaging,PKG04,info,MES,Hourly production: pass=3091 fail=263 yield=95.2%
2026-09-28T22:28:32Z,Packaging,PKG06,info,PLC,Ramp to rate complete (3100 uph)
2026-09-28T22:29:57Z,Kitting,KIT08,error,PLC,"E311 BLOCKED - discharge full, line paused"
2026-09-28T22:30:44Z,Molding,MLD04,info,PLC,Recipe SKU-1042 downloaded to PLC - parameters verified
2026-09-28T22:32:06Z,Kitting,KIT04,info,HMI,Operator J.Alvarez signed in - line restart
2026-09-28T22:32:26Z,Assembly,ASM05,info,PLC,Master reset - line restart
2026-09-28T22:32:52Z,Kitting,KIT03,info,MES,PM work order WO-44783 scheduled - line will stop at end of current lot
2026-09-28T22:32:53Z,Kitting,KIT05,info,MES,"QA disposition: RELEASE - hold lifted, line restart"
2026-09-28T22:34:24Z,Kitting,KIT07,info,MES,Hourly production: pass=1554 fail=260 yield=95.7%
2026-09-28T22:34:45Z,Molding,MLD06,info,HMI,Operator R.Patel signed in - line restart
2026-09-28T22:34:56Z,Assembly,ASM05,info,PLC,Ramp to rate complete (3200 uph)
2026-09-28T22:36:52Z,Kitting,KIT08,info,PLC,Downstream cleared - auto restart
2026-09-28T22:39:31Z,Molding,MLD04,info,PLC,Master reset - line restart
2026-09-28T22:40:20Z,Coating,COT03,info,MES,Hourly production: pass=1839 fail=166 yield=96.7%
2026-09-28T22:40:25Z,Molding,MLD05,warn,VIS,Vision reject rate high: rolling 15 min at 5.1% (limit 3.0%)
2026-09-28T22:41:59Z,Assembly,ASM02,warn,PLC,Infeed backlog high - accumulation table at 85%
2026-09-28T22:42:01Z,Molding,MLD04,info,PLC,Ramp to rate complete (3300 uph)
2026-09-28T22:42:03Z,Kitting,KIT03,info,MES,Hourly production: pass=1522 fail=249 yield=95.8%
2026-09-28T22:42:04Z,Packaging,PKG04,warn,VIS,Vision reject burst: 4 consecutive rejects - self-cleared
2026-09-28T22:42:37Z,Assembly,ASM02,warn,PLC,Torque limit warning - infeed screw drive
2026-09-28T22:43:12Z,Assembly,ASM02,error,PLC,E201 INFEED JAM - line stopped by PLC interlock
2026-09-28T22:44:31Z,Coating,COT01,info,MES,QA sampling in progress - 32 pc AQL pull
2026-09-28T22:44:53Z,Packaging,PKG05,warn,PLC,Infeed conveyor low - upstream supply degraded
2026-09-28T22:46:11Z,Molding,MLD05,warn,VIS,Camera 2 calibration drift detected - contrast margin low
2026-09-28T22:46:19Z,Assembly,ASM02,info,HMI,Alarm E201 acknowledged by operator
2026-09-28T22:46:46Z,Packaging,PKG05,error,PLC,E310 STARVED - no product at infeed photo-eye for 60s
2026-09-28T22:47:50Z,Kitting,KIT05,info,MES,Hourly production: pass=3146 fail=137 yield=95.8%
2026-09-28T22:48:16Z,Molding,MLD05,error,MES,QUALITY HOLD - lot paused pending QA disposition
2026-09-28T22:50:41Z,Packaging,PKG05,info,HMI,Alarm E310 acknowledged by operator
2026-09-28T22:51:49Z,Packaging,PKG07,info,PLC,LOTO removed
2026-09-28T22:52:52Z,Molding,MLD04,info,MES,Hourly production: pass=2877 fail=204 yield=96.3%
2026-09-28T22:53:49Z,Packaging,PKG07,info,PLC,Master reset - line restart
2026-09-28T22:56:27Z,Kitting,KIT03,warn,VIS,Vision reject burst: 12 consecutive rejects - self-cleared
2026-09-28T22:56:40Z,Kitting,KIT03,info,MES,Scheduled downtime started - PM work order WO-43719
2026-09-28T22:56:40Z,Kitting,KIT03,warn,PLC,LOTO applied - energy isolation verified
2026-09-28T22:57:35Z,Molding,MLD06,info,MES,Hourly production: pass=3282 fail=186 yield=94.1%
2026-09-28T22:58:10Z,Molding,MLD05,info,MES,QA sampling in progress - 32 pc AQL pull
2026-09-28T22:59:41Z,Coating,COT03,warn,HMI,Operator sign-in timeout - line paused (break / shift relief)
2026-09-28T22:59:45Z,Assembly,ASM02,info,HMI,Jam cleared - guards closed
2026-09-28T23:03:01Z,Kitting,KIT05,info,MES,Hourly production: pass=2992 fail=175 yield=91.0%
2026-09-28T23:03:53Z,Assembly,ASM02,info,PLC,Fault reset - line restart
2026-09-28T23:04:07Z,Kitting,KIT08,warn,PLC,Infeed backlog high - accumulation table at 85%
2026-09-28T23:04:56Z,Coating,COT01,info,MES,"QA disposition: RELEASE - hold lifted, line restart"
2026-09-28T23:04:56Z,Kitting,KIT04,warn,PLC,Torque limit warning - infeed screw drive
2026-09-28T23:05:43Z,Kitting,KIT04,warn,PLC,Infeed backlog high - accumulation table at 85%
2026-09-28T23:05:53Z,Assembly,ASM02,info,PLC,Ramp to rate complete (3000 uph)
2026-09-28T23:06:24Z,Packaging,PKG05,info,PLC,Product present at infeed - auto restart
2026-09-28T23:07:39Z,Kitting,KIT08,warn,PLC,Torque limit warning - infeed screw drive
2026-09-28T23:08:04Z,Molding,MLD05,info,MES,"QA disposition: RELEASE - hold lifted, line restart"
2026-09-28T23:08:30Z,Assembly,ASM02,info,MES,Hourly production: pass=2617 fail=150 yield=93.9%
2026-09-28T23:08:31Z,Kitting,KIT04,error,PLC,E201 INFEED JAM - line stopped by PLC interlock
2026-09-28T23:08:32Z,Coating,COT03,info,HMI,Operator M.Chen signed in - line restart
2026-09-28T23:09:29Z,Packaging,PKG04,warn,PLC,Discharge back-pressure rising - downstream accumulation at 90%
2026-09-28T23:10:30Z,Packaging,PKG07,info,MES,Hourly production: pass=3203 fail=87 yield=93.9%
2026-09-28T23:10:46Z,Kitting,KIT08,error,PLC,E201 INFEED JAM - line stopped by PLC interlock
2026-09-28T23:11:52Z,Packaging,PKG06,warn,VIS,Vision reject burst: 8 consecutive rejects - self-cleared
2026-09-28T23:11:54Z,Kitting,KIT04,info,HMI,Alarm E201 acknowledged by operator
2026-09-28T23:12:06Z,Packaging,PKG04,error,PLC,"E311 BLOCKED - discharge full, line paused"
2026-09-28T23:12:10Z,Molding,MLD06,warn,PLC,Infeed conveyor low - upstream supply degraded
2026-09-28T23:12:34Z,Molding,MLD05,warn,VIS,Vision reject burst: 10 consecutive rejects - self-cleared
2026-09-28T23:12:42Z,Packaging,PKG05,info,MES,Hourly production: pass=2050 fail=166 yield=88.4%
2026-09-28T23:13:14Z,Kitting,KIT08,info,HMI,Alarm E201 acknowledged by operator
2026-09-28T23:15:20Z,Molding,MLD06,error,PLC,E310 STARVED - no product at infeed photo-eye for 60s
2026-09-28T23:16:05Z,Molding,MLD04,warn,VIS,Vision reject rate high: rolling 15 min at 5.4% (limit 3.0%)
2026-09-28T23:18:31Z,Molding,MLD06,info,HMI,Alarm E310 acknowledged by operator
2026-09-28T23:19:00Z,Molding,MLD04,warn,VIS,Vision reject burst: 11 consecutive rejects - self-cleared
2026-09-28T23:19:41Z,Molding,MLD04,warn,VIS,Camera 2 calibration drift detected - contrast margin low
2026-09-28T23:20:18Z,Packaging,PKG04,info,PLC,Downstream cleared - auto restart
2026-09-28T23:20:55Z,Assembly,ASM02,warn,VIS,Vision reject burst: 5 consecutive rejects - self-cleared
2026-09-28T23:20:56Z,Molding,MLD04,error,MES,QUALITY HOLD - lot paused pending QA disposition
2026-09-28T23:23:37Z,Molding,MLD07,info,HMI,Operator J.Alvarez signed in - line restart
2026-09-28T23:23:54Z,Kitting,KIT08,info,HMI,Jam cleared - guards closed
2026-09-28T23:24:38Z,Assembly,ASM05,info,MES,Hourly production: pass=2785 fail=69 yield=97.5%
2026-09-28T23:26:35Z,Kitting,KIT04,info,HMI,Jam cleared - guards closed
2026-09-28T23:27:12Z,Kitting,KIT08,info,PLC,Fault reset - line restart
2026-09-28T23:27:22Z,Molding,MLD05,info,MES,Hourly production: pass=3279 fail=168 yield=97.2%
2026-09-28T23:27:24Z,Coating,COT01,info,MES,Recipe change queued: SKU-1179 -> SKU-2311
2026-09-28T23:27:55Z,Assembly,ASM01,info,MES,Hourly production: pass=2730 fail=220 yield=89.0%
2026-09-28T23:28:05Z,Molding,MLD03,info,MES,Hourly production: pass=2823 fail=162 yield=91.9%
2026-09-28T23:29:10Z,Kitting,KIT07,warn,PLC,Discharge back-pressure rising - downstream accumulation at 90%
2026-09-28T23:29:12Z,Kitting,KIT08,info,PLC,Ramp to rate complete (3100 uph)
2026-09-28T23:30:33Z,Packaging,PKG08,info,MES,PM task complete: lubrication / inspection checklist
2026-09-28T23:31:07Z,Kitting,KIT04,info,PLC,Fault reset - line restart
2026-09-28T23:31:12Z,Molding,MLD06,info,PLC,Product present at infeed - auto restart
2026-09-28T23:32:14Z,Kitting,KIT07,error,PLC,"E311 BLOCKED - discharge full, line paused"
2026-09-28T23:33:07Z,Kitting,KIT04,info,PLC,Ramp to rate complete (3300 uph)
2026-09-28T23:33:21Z,Coating,COT01,info,MES,Change over started - line clearance in progress
2026-09-28T23:33:21Z,Coating,COT01,info,PLC,Guard door opened - operator station 1
2026-09-28T23:33:54Z,Molding,MLD05,info,MES,Recipe change queued: SKU-2044 -> SKU-1179
2026-09-28T23:34:03Z,Assembly,ASM01,warn,PLC,Infeed conveyor low - upstream supply degraded
2026-09-28T23:37:02Z,Molding,MLD04,info,MES,QA sampling in progress - 32 pc AQL pull
2026-09-28T23:37:57Z,Assembly,ASM01,error,PLC,E310 STARVED - no product at infeed photo-eye for 60s
2026-09-28T23:38:32Z,Coating,COT02,warn,HMI,Operator sign-in timeout - line paused (break / shift relief)
2026-09-28T23:38:53Z,Coating,COT01,info,MES,Line clearance checklist item complete: infeed cleared
2026-09-28T23:40:23Z,Packaging,PKG06,info,MES,Hourly production: pass=3149 fail=69 yield=90.5%
2026-09-28T23:40:54Z,Assembly,ASM01,info,HMI,Alarm E310 acknowledged by operator
2026-09-28T23:42:14Z,Kitting,KIT04,info,MES,Hourly production: pass=2356 fail=237 yield=95.5%
2026-09-28T23:45:49Z,Molding,MLD03,warn,PLC,Infeed backlog high - accumulation table at 85%
2026-09-28T23:45:54Z,Molding,MLD05,info,MES,Change over started - line clearance in progress
2026-09-28T23:45:54Z,Molding,MLD05,info,PLC,Guard door opened - operator station 1
2026-09-28T23:47:10Z,Kitting,KIT07,info,PLC,Downstream cleared - auto restart
2026-09-28T23:47:12Z,Coating,COT01,info,MES,Line clearance checklist item complete: reject bin verified empty
2026-09-28T23:47:20Z,Kitting,KIT05,warn,PLC,Infeed backlog high - accumulation table at 85%
2026-09-28T23:47:58Z,Molding,MLD03,warn,PLC,Torque limit warning - infeed screw drive
2026-09-28T23:48:20Z,Coating,COT03,info,MES,Hourly production: pass=3138 fail=203 yield=93.8%
2026-09-28T23:49:04Z,Kitting,KIT05,warn,PLC,Torque limit warning - infeed screw drive
2026-09-28T23:49:09Z,Molding,MLD03,error,PLC,E201 INFEED JAM - line stopped by PLC interlock
2026-09-28T23:49:58Z,Packaging,PKG06,info,MES,Operator K.Simmons signed in at station 1
2026-09-28T23:50:00Z,Kitting,KIT05,error,PLC,E201 INFEED JAM - line stopped by PLC interlock
2026-09-28T23:50:13Z,Molding,MLD06,warn,PLC,Servo temperature high warning - capper axis (78 C)
2026-09-28T23:51:59Z,Molding,MLD03,info,HMI,Alarm E201 acknowledged by operator
2026-09-28T23:52:26Z,Packaging,PKG04,error,PLC,E001 E-STOP PRESSED - operator station 2 - safety circuit open
2026-09-28T23:52:43Z,Assembly,ASM01,info,PLC,Product present at infeed - auto restart
2026-09-28T23:52:55Z,Packaging,PKG06,warn,PLC,Torque limit warning - infeed screw drive
2026-09-28T23:53:07Z,Molding,MLD04,info,MES,"QA disposition: RELEASE - hold lifted, line restart"
2026-09-28T23:53:35Z,Packaging,PKG06,warn,PLC,Infeed backlog high - accumulation table at 85%
2026-09-28T23:53:44Z,Kitting,KIT05,info,HMI,Alarm E201 acknowledged by operator
2026-09-28T23:54:37Z,Packaging,PKG06,error,PLC,E201 INFEED JAM - line stopped by PLC interlock
2026-09-28T23:54:46Z,Kitting,KIT08,info,MES,Hourly production: pass=2518 fail=199 yield=92.1%
2026-09-28T23:54:48Z,Assembly,ASM05,warn,PLC,Discharge back-pressure rising - downstream accumulation at 90%
2026-09-28T23:55:18Z,Packaging,PKG06,info,HMI,Alarm E201 acknowledged by operator
2026-09-28T23:55:31Z,Coating,COT01,info,PLC,Recipe SKU-2311 downloaded to PLC - parameters verified
2026-09-28T23:56:43Z,Packaging,PKG04,info,HMI,E-stop reset - safety circuit closed
2026-09-28T23:58:17Z,Packaging,PKG06,info,HMI,Jam cleared - guards closed
2026-09-28T23:59:06Z,Assembly,ASM05,error,PLC,"E311 BLOCKED - discharge full, line paused"
2026-09-28T23:59:12Z,Coating,COT02,info,HMI,Operator R.Patel signed in - line restart
2026-09-28T23:59:12Z,Packaging,PKG06,info,PLC,Fault reset - line restart
2026-09-28T23:59:41Z,Molding,MLD07,warn,PLC,Infeed conveyor low - upstream supply degraded
2026-09-29T00:01:01Z,Packaging,PKG04,info,PLC,Safety reset complete - master reset - line restart
2026-09-29T00:01:04Z,Coating,COT01,info,PLC,Master reset - line restart
2026-09-29T00:01:12Z,Packaging,PKG06,info,PLC,Ramp to rate complete (3100 uph)
2026-09-29T00:02:30Z,Molding,MLD07,error,PLC,E310 STARVED - no product at infeed photo-eye for 60s
2026-09-29T00:02:43Z,Assembly,ASM02,warn,HMI,Operator sign-in timeout - line paused (break / shift relief)
2026-09-29T00:02:54Z,Molding,MLD05,info,MES,Line clearance checklist item complete: infeed cleared
2026-09-29T00:03:34Z,Coating,COT01,info,PLC,Ramp to rate complete (2400 uph)
2026-09-29T00:03:42Z,Molding,MLD07,info,HMI,Alarm E310 acknowledged by operator
2026-09-29T00:04:14Z,Molding,MLD03,info,HMI,Jam cleared - guards closed
2026-09-29T00:04:21Z,Kitting,KIT04,info,MES,Hourly production: pass=3114 fail=120 yield=88.8%
2026-09-29T00:06:49Z,Packaging,PKG07,warn,PLC,Infeed backlog high - accumulation table at 85%
2026-09-29T00:07:40Z,Packaging,PKG06,info,MES,Hourly production: pass=3329 fail=197 yield=92.1%
2026-09-29T00:08:00Z,Packaging,PKG07,warn,PLC,Torque limit warning - infeed screw drive
2026-09-29T00:08:00Z,Molding,MLD03,info,PLC,Fault reset - line restart
2026-09-29T00:08:30Z,Coating,COT01,info,MES,Hourly production: pass=1655 fail=85 yield=90.2%
2026-09-29T00:08:33Z,Molding,MLD07,info,PLC,Product present at infeed - auto restart
2026-09-29T00:09:55Z,Kitting,KIT05,info,HMI,Jam cleared - guards closed
2026-09-29T00:10:00Z,Molding,MLD03,info,PLC,Ramp to rate complete (2800 uph)
2026-09-29T00:10:59Z,Packaging,PKG07,error,PLC,E201 INFEED JAM - line stopped by PLC interlock
2026-09-29T00:11:34Z,Packaging,PKG04,warn,VIS,Vision reject burst: 8 consecutive rejects - self-cleared
2026-09-29T00:12:01Z,Assembly,ASM05,info,PLC,Downstream cleared - auto restart
2026-09-29T00:14:36Z,Packaging,PKG07,info,HMI,Alarm E201 acknowledged by operator
2026-09-29T00:14:53Z,Kitting,KIT05,info,PLC,Fault reset - line restart
2026-09-29T00:15:52Z,Molding,MLD07,warn,VIS,Vision reject burst: 8 consecutive rejects - self-cleared
2026-09-29T00:15:53Z,Assembly,ASM01,warn,PLC,Infeed conveyor low - upstream supply degraded
2026-09-29T00:16:39Z,Kitting,KIT04,error,PLC,E001 E-STOP PRESSED - operator station 2 - safety circuit open
2026-09-29T00:16:53Z,Kitting,KIT05,info,PLC,Ramp to rate complete (2900 uph)
2026-09-29T00:17:46Z,Assembly,ASM01,error,PLC,E310 STARVED - no product at infeed photo-eye for 60s
2026-09-29T00:17:50Z,Molding,MLD04,info,MES,Hourly production: pass=3345 fail=207 yield=91.1%
2026-09-29T00:18:47Z,Kitting,KIT07,info,MES,Hourly production: pass=2985 fail=101 yield=89.9%
2026-09-29T00:19:34Z,Molding,MLD07,info,MES,Hourly production: pass=2844 fail=153 yield=98.8%
2026-09-29T00:20:02Z,Packaging,PKG04,info,MES,Hourly production: pass=2195 fail=182 yield=90.8%
2026-09-29T00:20:21Z,Assembly,ASM01,info,HMI,Alarm E310 acknowledged by operator
2026-09-29T00:21:25Z,Kitting,KIT04,info,HMI,E-stop reset - safety circuit closed
2026-09-29T00:21:37Z,Kitting,KIT08,info,MES,Hourly production: pass=1718 fail=137 yield=97.5%
2026-09-29T00:22:42Z,Packaging,PKG05,warn,PLC,Torque limit warning - infeed screw drive
2026-09-29T00:23:12Z,Assembly,ASM02,info,HMI,Operator T.Nguyen signed in - line restart
2026-09-29T00:23:19Z,Molding,MLD06,info,MES,Hourly production: pass=2327 fail=274 yield=94.2%
2026-09-29T00:23:55Z,Coating,COT01,warn,PLC,Servo temperature high warning - capper axis (78 C)
2026-09-29T00:24:15Z,Molding,MLD03,info,MES,Hourly production: pass=3350 fail=264 yield=95.2%
2026-09-29T00:24:39Z,Packaging,PKG05,warn,PLC,Infeed backlog high - accumulation table at 85%
2026-09-29T00:25:20Z,Coating,COT03,info,MES,Hourly production: pass=2955 fail=172 yield=89.1%
2026-09-29T00:26:05Z,Packaging,PKG05,error,PLC,E201 INFEED JAM - line stopped by PLC interlock
2026-09-29T00:26:11Z,Kitting,KIT04,info,PLC,Safety reset complete - master reset - line restart
2026-09-29T00:27:46Z,Packaging,PKG05,info,HMI,Alarm E201 acknowledged by operator
2026-09-29T00:28:24Z,Molding,MLD05,info,MES,Line clearance checklist item complete: reject bin verified empty
2026-09-29T00:28:51Z,Packaging,PKG06,warn,PLC,Infeed backlog high - accumulation table at 85%
2026-09-29T00:30:15Z,Packaging,PKG07,info,HMI,Jam cleared - guards closed
2026-09-29T00:30:39Z,Assembly,ASM01,info,PLC,Product present at infeed - auto restart
2026-09-29T00:31:02Z,Kitting,KIT03,info,MES,PM task complete: lubrication / inspection checklist
2026-09-29T00:32:18Z,Kitting,KIT05,warn,VIS,Vision reject burst: 9 consecutive rejects - self-cleared
2026-09-29T00:32:49Z,Assembly,ASM01,info,MES,Hourly production: pass=2867 fail=94 yield=96.1%
2026-09-29T00:32:52Z,Packaging,PKG06,warn,PLC,Torque limit warning - infeed screw drive
2026-09-29T00:33:00Z,Coating,COT02,warn,VIS,Vision reject burst: 7 consecutive rejects - self-cleared
2026-09-29T00:34:49Z,Packaging,PKG06,error,PLC,E201 INFEED JAM - line stopped by PLC interlock
2026-09-29T00:35:00Z,Molding,MLD04,warn,HMI,Operator sign-in timeout - line paused (break / shift relief)
2026-09-29T00:35:04Z,Packaging,PKG07,info,PLC,Fault reset - line restart
2026-09-29T00:35:05Z,Packaging,PKG05,info,HMI,Jam cleared - guards closed
2026-09-29T00:35:59Z,Coating,COT02,warn,PLC,Servo temperature high warning - capper axis (78 C)
2026-09-29T00:36:11Z,Packaging,PKG04,warn,PLC,Discharge back-pressure rising - downstream accumulation at 90%
2026-09-29T00:36:56Z,Assembly,ASM05,warn,VIS,Vision reject burst: 8 consecutive rejects - self-cleared
2026-09-29T00:36:58Z,Packaging,PKG06,info,HMI,Alarm E201 acknowledged by operator
2026-09-29T00:37:04Z,Packaging,PKG07,info,PLC,Ramp to rate complete (2400 uph)
2026-09-29T00:37:10Z,Coating,COT03,warn,PLC,Servo temperature high warning - capper axis (78 C)
2026-09-29T00:37:20Z,Packaging,PKG05,info,PLC,Fault reset - line restart
2026-09-29T00:38:36Z,Packaging,PKG04,error,PLC,"E311 BLOCKED - discharge full, line paused"
2026-09-29T00:39:20Z,Packaging,PKG05,info,PLC,Ramp to rate complete (2600 uph)
2026-09-29T00:40:38Z,Coating,COT02,info,MES,Hourly production: pass=2297 fail=173 yield=91.2%
2026-09-29T00:40:44Z,Coating,COT03,warn,PLC,Discharge back-pressure rising - downstream accumulation at 90%
2026-09-29T00:41:23Z,Assembly,ASM05,info,MES,Hourly production: pass=2111 fail=43 yield=95.0%
2026-09-29T00:43:02Z,Coating,COT03,error,PLC,"E311 BLOCKED - discharge full, line paused"
2026-09-29T00:43:42Z,Molding,MLD06,warn,PLC,Discharge back-pressure rising - downstream accumulation at 90%
2026-09-29T00:44:39Z,Coating,COT02,warn,PLC,Infeed backlog high - accumulation table at 85%
2026-09-29T00:45:06Z,Assembly,ASM02,info,MES,Hourly production: pass=2163 fail=255 yield=97.8%
2026-09-29T00:45:31Z,Kitting,KIT08,info,MES,Operator D.Okafor signed in at station 1
2026-09-29T00:45:34Z,Molding,MLD06,error,PLC,"E311 BLOCKED - discharge full, line paused"
2026-09-29T00:46:16Z,Coating,COT02,warn,PLC,Torque limit warning - infeed screw drive
2026-09-29T00:46:21Z,Packaging,PKG06,info,HMI,Jam cleared - guards closed
2026-09-29T00:47:01Z,Coating,COT02,error,PLC,E201 INFEED JAM - line stopped by PLC interlock
2026-09-29T00:47:39Z,Coating,COT03,info,PLC,Downstream cleared - auto restart
2026-09-29T00:48:07Z,Coating,COT02,info,HMI,Alarm E201 acknowledged by operator
2026-09-29T00:49:06Z,Kitting,KIT08,info,MES,Recipe change queued: SKU-1042 -> SKU-1179
2026-09-29T00:49:14Z,Packaging,PKG06,info,PLC,Fault reset - line restart
2026-09-29T00:49:31Z,Packaging,PKG04,info,PLC,Downstream cleared - auto restart
2026-09-29T00:49:55Z,Molding,MLD04,info,HMI,Operator D.Okafor signed in - line restart
2026-09-29T00:51:14Z,Packaging,PKG06,info,PLC,Ramp to rate complete (3100 uph)
2026-09-29T00:52:11Z,Assembly,ASM05,warn,PLC,Discharge back-pressure rising - downstream accumulation at 90%
2026-09-29T00:52:23Z,Assembly,ASM02,warn,PLC,Torque limit warning - infeed screw drive
2026-09-29T00:52:49Z,Coating,COT02,info,HMI,Jam cleared - guards closed
2026-09-29T00:53:24Z,Assembly,ASM02,warn,PLC,Infeed backlog high - accumulation table at 85%
2026-09-29T00:53:38Z,Assembly,ASM05,error,PLC,"E311 BLOCKED - discharge full, line paused"
2026-09-29T00:53:53Z,Molding,MLD05,info,PLC,Recipe SKU-2311 downloaded to PLC - parameters verified
2026-09-29T00:54:16Z,Coating,COT02,info,PLC,Fault reset - line restart
2026-09-29T00:54:59Z,Assembly,ASM02,error,PLC,E201 INFEED JAM - line stopped by PLC interlock
2026-09-29T00:56:16Z,Coating,COT02,info,PLC,Ramp to rate complete (3200 uph)
2026-09-29T00:56:39Z,Kitting,KIT05,info,MES,Hourly production: pass=2806 fail=202 yield=95.9%
2026-09-29T00:57:02Z,Assembly,ASM02,info,HMI,Alarm E201 acknowledged by operator
2026-09-29T00:58:15Z,Kitting,KIT08,info,MES,Change over started - line clearance in progress
2026-09-29T00:58:15Z,Kitting,KIT08,info,PLC,Guard door opened - operator station 1
2026-09-29T00:59:19Z,Molding,MLD06,info,PLC,Downstream cleared - auto restart
2026-09-29T01:01:27Z,Assembly,ASM05,info,PLC,Downstream cleared - auto restart
2026-09-29T01:04:39Z,Kitting,KIT08,info,MES,Line clearance checklist item complete: infeed cleared
2026-09-29T01:04:53Z,Packaging,PKG04,info,MES,Hourly production: pass=2313 fail=78 yield=97.8%
2026-09-29T01:05:46Z,Kitting,KIT07,warn,PLC,Infeed conveyor low - upstream supply degraded
2026-09-29T01:05:54Z,Assembly,ASM02,info,HMI,Jam cleared - guards closed
2026-09-29T01:06:08Z,Kitting,KIT07,info,MES,Hourly production: pass=2410 fail=74 yield=93.3%
2026-09-29T01:06:09Z,Coating,COT01,warn,PLC,Servo temperature high warning - capper axis (78 C)
2026-09-29T01:07:19Z,Kitting,KIT07,error,PLC,E310 STARVED - no product at infeed photo-eye for 60s
2026-09-29T01:08:37Z,Assembly,ASM02,info,PLC,Fault reset - line restart
2026-09-29T01:09:18Z,Assembly,ASM05,info,MES,Hourly production: pass=2364 fail=180 yield=98.3%
2026-09-29T01:09:36Z,Kitting,KIT05,warn,PLC,Infeed backlog high - accumulation table at 85%
2026-09-29T01:10:26Z,Kitting,KIT07,info,HMI,Alarm E310 acknowledged by operator
2026-09-29T01:10:37Z,Assembly,ASM02,info,PLC,Ramp to rate complete (3000 uph)
2026-09-29T01:10:53Z,Molding,MLD05,info,PLC,Master reset - line restart
2026-09-29T01:13:23Z,Molding,MLD05,info,PLC,Ramp to rate complete (2900 uph)
2026-09-29T01:14:15Z,Kitting,KIT08,info,MES,Line clearance checklist item complete: reject bin verified empty
2026-09-29T01:15:29Z,Coating,COT03,info,MES,Hourly production: pass=1691 fail=134 yield=88.5%
2026-09-29T01:15:31Z,Kitting,KIT05,warn,PLC,Torque limit warning - infeed screw drive
2026-09-29T01:16:07Z,Kitting,KIT05,error,PLC,E201 INFEED JAM - line stopped by PLC interlock
2026-09-29T01:16:18Z,Kitting,KIT04,warn,PLC,Infeed backlog high - accumulation table at 85%
2026-09-29T01:16:49Z,Kitting,KIT04,warn,PLC,Torque limit warning - infeed screw drive
2026-09-29T01:17:13Z,Kitting,KIT05,info,HMI,Alarm E201 acknowledged by operator
2026-09-29T01:18:17Z,Packaging,PKG07,warn,VIS,Vision reject burst: 10 consecutive rejects - self-cleared
2026-09-29T01:20:12Z,Molding,MLD07,info,MES,Hourly production: pass=2890 fail=65 yield=97.9%
2026-09-29T01:20:26Z,Kitting,KIT04,error,PLC,E201 INFEED JAM - line stopped by PLC interlock
2026-09-29T01:21:07Z,Assembly,ASM02,info,MES,Hourly production: pass=2841 fail=198 yield=98.4%
2026-09-29T01:21:15Z,Molding,MLD04,warn,VIS,Vision reject rate high: rolling 15 min at 5.2% (limit 3.0%)
2026-09-29T01:21:34Z,Assembly,ASM01,warn,PLC,Discharge back-pressure rising - downstream accumulation at 90%
2026-09-29T01:22:02Z,Kitting,KIT05,info,HMI,Jam cleared - guards closed
2026-09-29T01:22:54Z,Kitting,KIT07,info,PLC,Product present at infeed - auto restart
2026-09-29T01:23:21Z,Assembly,ASM01,error,PLC,"E311 BLOCKED - discharge full, line paused"
2026-09-29T01:23:31Z,Kitting,KIT05,info,PLC,Fault reset - line restart
2026-09-29T01:23:39Z,Coating,COT03,warn,PLC,Infeed backlog high - accumulation table at 85%
2026-09-29T01:23:51Z,Kitting,KIT08,info,PLC,Recipe SKU-3007 downloaded to PLC - parameters verified
2026-09-29T01:23:53Z,Kitting,KIT04,info,HMI,Alarm E201 acknowledged by operator
2026-09-29T01:23:57Z,Molding,MLD04,warn,VIS,Camera 2 calibration drift detected - contrast margin low
2026-09-29T01:25:03Z,Molding,MLD04,error,MES,QUALITY HOLD - lot paused pending QA disposition
2026-09-29T01:25:14Z,Packaging,PKG08,info,PLC,LOTO removed
2026-09-29T01:25:31Z,Kitting,KIT05,info,PLC,Ramp to rate complete (2900 uph)
2026-09-29T01:26:36Z,Packaging,PKG07,info,MES,Operator M.Chen signed in at station 1
2026-09-29T01:27:14Z,Packaging,PKG08,info,PLC,Master reset - line restart
2026-09-29T01:27:40Z,Coating,COT03,warn,PLC,Torque limit warning - infeed screw drive
2026-09-29T01:28:08Z,Coating,COT01,info,MES,Recipe change queued: SKU-1179 -> SKU-1179
2026-09-29T01:30:04Z,Coating,COT03,error,PLC,E201 INFEED JAM - line stopped by PLC interlock
2026-09-29T01:30:16Z,Kitting,KIT08,info,PLC,Master reset - line restart
2026-09-29T01:31:14Z,Assembly,ASM05,info,MES,Operator D.Okafor signed in at station 1
2026-09-29T01:31:21Z,Coating,COT02,info,MES,Hourly production: pass=1907 fail=193 yield=96.0%
2026-09-29T01:32:35Z,Coating,COT03,info,HMI,Alarm E201 acknowledged by operator
2026-09-29T01:32:42Z,Packaging,PKG07,info,MES,Hourly production: pass=3005 fail=140 yield=91.9%
2026-09-29T01:32:46Z,Kitting,KIT08,info,PLC,Ramp to rate complete (3100 uph)
2026-09-29T01:33:33Z,Molding,MLD05,info,MES,Hourly production: pass=2029 fail=118 yield=93.1%
2026-09-29T01:34:06Z,Assembly,ASM01,info,PLC,Downstream cleared - auto restart
2026-09-29T01:34:28Z,Packaging,PKG05,warn,PLC,Infeed backlog high - accumulation table at 85%
2026-09-29T01:34:41Z,Packaging,PKG07,warn,PLC,Infeed conveyor low - upstream supply degraded
2026-09-29T01:34:51Z,Packaging,PKG05,warn,PLC,Torque limit warning - infeed screw drive
2026-09-29T01:34:51Z,Packaging,PKG05,info,MES,Hourly production: pass=2269 fail=240 yield=95.7%
2026-09-29T01:34:52Z,Coating,COT01,info,MES,Change over started - line clearance in progress
2026-09-29T01:34:52Z,Coating,COT01,info,PLC,Guard door opened - operator station 1
2026-09-29T01:35:20Z,Assembly,ASM02,warn,PLC,Discharge back-pressure rising - downstream accumulation at 90%
2026-09-29T01:35:25Z,Molding,MLD07,warn,HMI,Operator sign-in timeout - line paused (break / shift relief)
2026-09-29T01:37:15Z,Molding,MLD03,error,PLC,E001 E-STOP PRESSED - operator station 2 - safety circuit open
2026-09-29T01:37:28Z,Packaging,PKG08,info,MES,Hourly production: pass=3226 fail=183 yield=94.0%
2026-09-29T01:37:51Z,Packaging,PKG05,error,PLC,E201 INFEED JAM - line stopped by PLC interlock
2026-09-29T01:38:50Z,Kitting,KIT04,info,HMI,Jam cleared - guards closed
2026-09-29T01:39:15Z,Packaging,PKG07,error,PLC,E310 STARVED - no product at infeed photo-eye for 60s
2026-09-29T01:39:53Z,Assembly,ASM02,error,PLC,"E311 BLOCKED - discharge full, line paused"
2026-09-29T01:40:52Z,Packaging,PKG05,info,HMI,Alarm E201 acknowledged by operator
2026-09-29T01:42:00Z,Packaging,PKG04,warn,PLC,Infeed conveyor low - upstream supply degraded
2026-09-29T01:42:21Z,Molding,MLD03,info,HMI,E-stop reset - safety circuit closed
2026-09-29T01:42:33Z,Packaging,PKG07,info,HMI,Alarm E310 acknowledged by operator
2026-09-29T01:43:26Z,Kitting,KIT04,info,PLC,Fault reset - line restart
2026-09-29T01:43:30Z,Coating,COT03,info,HMI,Jam cleared - guards closed
2026-09-29T01:43:31Z,Assembly,ASM05,warn,VIS,Vision reject rate high: rolling 15 min at 6.2% (limit 3.0%)
2026-09-29T01:44:06Z,Molding,MLD04,info,MES,QA sampling in progress - 32 pc AQL pull
2026-09-29T01:44:35Z,Coating,COT01,info,MES,Line clearance checklist item complete: infeed cleared
2026-09-29T01:45:04Z,Molding,MLD06,info,MES,Hourly production: pass=3080 fail=207 yield=95.4%
2026-09-29T01:45:26Z,Packaging,PKG04,error,PLC,E310 STARVED - no product at infeed photo-eye for 60s
2026-09-29T01:45:26Z,Kitting,KIT04,info,PLC,Ramp to rate complete (3300 uph)
2026-09-29T01:46:51Z,Coating,COT03,info,PLC,Fault reset - line restart
2026-09-29T01:46:58Z,Assembly,ASM02,info,PLC,Downstream cleared - auto restart
2026-09-29T01:47:26Z,Molding,MLD03,info,PLC,Safety reset complete - master reset - line restart
2026-09-29T01:47:27Z,Coating,COT02,warn,PLC,Servo temperature high warning - capper axis (78 C)
2026-09-29T01:47:43Z,Packaging,PKG04,info,HMI,Alarm E310 acknowledged by operator
2026-09-29T01:48:07Z,Assembly,ASM05,warn,VIS,Camera 2 calibration drift detected - contrast margin low
2026-09-29T01:48:51Z,Coating,COT03,info,PLC,Ramp to rate complete (3000 uph)
2026-09-29T01:49:59Z,Assembly,ASM02,warn,PLC,Servo temperature high warning - capper axis (78 C)
2026-09-29T01:50:20Z,Molding,MLD05,warn,PLC,Infeed conveyor low - upstream supply degraded
2026-09-29T01:51:47Z,Molding,MLD05,error,PLC,E310 STARVED - no product at infeed photo-eye for 60s
2026-09-29T01:52:04Z,Packaging,PKG06,warn,PLC,Servo temperature high warning - capper axis (78 C)
2026-09-29T01:52:36Z,Assembly,ASM05,error,MES,QUALITY HOLD - lot paused pending QA disposition
2026-09-29T01:52:45Z,Packaging,PKG06,info,MES,Hourly production: pass=1825 fail=254 yield=88.5%
2026-09-29T01:53:54Z,Packaging,PKG05,info,HMI,Jam cleared - guards closed
2026-09-29T01:54:23Z,Molding,MLD05,info,HMI,Alarm E310 acknowledged by operator
2026-09-29T01:55:47Z,Packaging,PKG07,info,PLC,Product present at infeed - auto restart
2026-09-29T01:56:54Z,Packaging,PKG04,info,PLC,Product present at infeed - auto restart
2026-09-29T01:57:55Z,Packaging,PKG05,info,PLC,Fault reset - line restart
2026-09-29T01:58:17Z,Kitting,KIT07,warn,VIS,Vision reject burst: 8 consecutive rejects - self-cleared
2026-09-29T01:59:10Z,Coating,COT01,info,MES,Line clearance checklist item complete: reject bin verified empty
2026-09-29T01:59:13Z,Molding,MLD07,info,HMI,Operator K.Simmons signed in - line restart
2026-09-29T01:59:55Z,Packaging,PKG05,info,PLC,Ramp to rate complete (2600 uph)
2026-09-29T02:00:10Z,Assembly,ASM02,info,MES,Hourly production: pass=2300 fail=266 yield=93.6%
2026-09-29T02:03:09Z,Molding,MLD04,info,MES,"QA disposition: RELEASE - hold lifted, line restart"
2026-09-29T02:03:23Z,Kitting,KIT03,info,PLC,LOTO removed
2026-09-29T02:04:50Z,Molding,MLD05,info,PLC,Product present at infeed - auto restart
2026-09-29T02:05:23Z,Kitting,KIT03,info,PLC,Master reset - line restart
2026-09-29T02:08:37Z,Packaging,PKG07,info,MES,Hourly production: pass=2495 fail=78 yield=93.1%
2026-09-29T02:09:29Z,Molding,MLD06,warn,PLC,Torque limit warning - infeed screw drive
2026-09-29T02:10:11Z,Molding,MLD06,warn,PLC,Infeed backlog high - accumulation table at 85%
2026-09-29T02:11:36Z,Kitting,KIT05,info,MES,Recipe change queued: SKU-1179 -> SKU-1179
2026-09-29T02:12:32Z,Molding,MLD06,error,PLC,E201 INFEED JAM - line stopped by PLC interlock
2026-09-29T02:12:35Z,Packaging,PKG06,warn,PLC,Infeed conveyor low - upstream supply degraded
2026-09-29T02:12:47Z,Assembly,ASM05,info,MES,QA sampling in progress - 32 pc AQL pull
2026-09-29T02:13:45Z,Coating,COT01,info,PLC,Recipe SKU-1179 downloaded to PLC - parameters verified
2026-09-29T02:14:13Z,Kitting,KIT07,warn,PLC,Infeed backlog high - accumulation table at 85%
2026-09-29T02:16:04Z,Molding,MLD06,info,HMI,Alarm E201 acknowledged by operator
2026-09-29T02:16:08Z,Packaging,PKG06,error,PLC,E310 STARVED - no product at infeed photo-eye for 60s
2026-09-29T02:16:30Z,Kitting,KIT07,warn,PLC,Torque limit warning - infeed screw drive
2026-09-29T02:17:27Z,Packaging,PKG06,info,HMI,Alarm E310 acknowledged by operator
2026-09-29T02:19:10Z,Kitting,KIT05,info,MES,Hourly production: pass=2248 fail=117 yield=98.0%
2026-09-29T02:19:45Z,Kitting,KIT07,error,PLC,E201 INFEED JAM - line stopped by PLC interlock
2026-09-29T02:19:46Z,Kitting,KIT04,info,MES,Hourly production: pass=2580 fail=211 yield=92.5%
2026-09-29T02:19:57Z,Coating,COT02,warn,PLC,Discharge back-pressure rising - downstream accumulation at 90%
2026-09-29T02:20:27Z,Coating,COT03,warn,VIS,Vision reject burst: 4 consecutive rejects - self-cleared
2026-09-29T02:21:33Z,Kitting,KIT07,info,HMI,Alarm E201 acknowledged by operator
2026-09-29T02:22:07Z,Packaging,PKG08,warn,PLC,Infeed conveyor low - upstream supply degraded
2026-09-29T02:22:47Z,Packaging,PKG06,info,PLC,Product present at infeed - auto restart
2026-09-29T02:22:51Z,Packaging,PKG05,info,MES,Hourly production: pass=2038 fail=265 yield=98.0%
2026-09-29T02:23:28Z,Coating,COT01,info,PLC,Master reset - line restart
2026-09-29T02:23:28Z,Packaging,PKG08,info,MES,Hourly production: pass=1729 fail=145 yield=97.1%
2026-09-29T02:23:34Z,Coating,COT02,info,MES,Hourly production: pass=2187 fail=54 yield=97.0%
2026-09-29T02:23:53Z,Coating,COT02,error,PLC,"E311 BLOCKED - discharge full, line paused"
2026-09-29T02:25:57Z,Kitting,KIT05,info,MES,Change over started - line clearance in progress
2026-09-29T02:25:57Z,Kitting,KIT05,info,PLC,Guard door opened - operator station 1
2026-09-29T02:25:58Z,Coating,COT01,info,PLC,Ramp to rate complete (2400 uph)
2026-09-29T02:26:32Z,Packaging,PKG08,error,PLC,E310 STARVED - no product at infeed photo-eye for 60s
2026-09-29T02:26:59Z,Kitting,KIT08,info,MES,Hourly production: pass=2706 fail=207 yield=92.8%
2026-09-29T02:27:23Z,Packaging,PKG05,info,MES,PM work order WO-45952 scheduled - line will stop at end of current lot
2026-09-29T02:28:23Z,Coating,COT02,info,PLC,Downstream cleared - auto restart
2026-09-29T02:28:24Z,Packaging,PKG08,info,HMI,Alarm E310 acknowledged by operator
2026-09-29T02:28:34Z,Packaging,PKG07,warn,PLC,Infeed conveyor low - upstream supply degraded
2026-09-29T02:28:56Z,Kitting,KIT03,warn,VIS,Vision reject burst: 8 consecutive rejects - self-cleared
2026-09-29T02:29:06Z,Molding,MLD04,warn,HMI,Operator sign-in timeout - line paused (break / shift relief)
2026-09-29T02:29:22Z,Kitting,KIT07,info,HMI,Jam cleared - guards closed
2026-09-29T02:29:42Z,Molding,MLD07,warn,VIS,Camera 2 calibration drift detected - contrast margin low
2026-09-29T02:29:50Z,Molding,MLD07,warn,VIS,Vision reject rate high: rolling 15 min at 3.6% (limit 3.0%)
2026-09-29T02:30:03Z,Coating,COT01,warn,PLC,Servo temperature high warning - capper axis (78 C)
2026-09-29T02:30:46Z,Assembly,ASM01,info,MES,Hourly production: pass=3397 fail=37 yield=89.6%
2026-09-29T02:30:52Z,Packaging,PKG07,error,PLC,E310 STARVED - no product at infeed photo-eye for 60s
2026-09-29T02:31:24Z,Molding,MLD06,info,HMI,Jam cleared - guards closed
2026-09-29T02:31:35Z,Assembly,ASM02,info,MES,Recipe change queued: SKU-2044 -> SKU-2311
2026-09-29T02:31:46Z,Kitting,KIT07,info,PLC,Fault reset - line restart
2026-09-29T02:32:58Z,Assembly,ASM05,info,MES,"QA disposition: RELEASE - hold lifted, line restart"
2026-09-29T02:33:02Z,Packaging,PKG07,info,HMI,Alarm E310 acknowledged by operator
2026-09-29T02:33:06Z,Molding,MLD07,error,MES,QUALITY HOLD - lot paused pending QA disposition
2026-09-29T02:33:46Z,Kitting,KIT07,info,PLC,Ramp to rate complete (3000 uph)
2026-09-29T02:34:14Z,Molding,MLD05,info,MES,Hourly production: pass=3160 fail=295 yield=91.8%
2026-09-29T02:35:52Z,Packaging,PKG08,info,PLC,Product present at infeed - auto restart
2026-09-29T02:36:07Z,Molding,MLD06,info,PLC,Fault reset - line restart
2026-09-29T02:36:35Z,Packaging,PKG06,info,MES,Hourly production: pass=1692 fail=255 yield=91.1%
2026-09-29T02:37:55Z,Kitting,KIT04,warn,VIS,Vision reject burst: 9 consecutive rejects - self-cleared
2026-09-29T02:38:02Z,Assembly,ASM02,info,MES,Change over started - line clearance in progress
2026-09-29T02:38:02Z,Assembly,ASM02,info,PLC,Guard door opened - operator station 1
2026-09-29T02:38:07Z,Molding,MLD06,info,PLC,Ramp to rate complete (2700 uph)
2026-09-29T02:38:51Z,Kitting,KIT04,info,MES,Operator M.Chen signed in at station 1
2026-09-29T02:41:02Z,Packaging,PKG06,warn,VIS,Vision reject burst: 4 consecutive rejects - self-cleared
2026-09-29T02:41:28Z,Packaging,PKG05,info,MES,Scheduled downtime started - PM work order WO-44184
2026-09-29T02:41:28Z,Packaging,PKG05,warn,PLC,LOTO applied - energy isolation verified
2026-09-29T02:41:36Z,Kitting,KIT08,warn,PLC,Infeed conveyor low - upstream supply degraded
2026-09-29T02:41:43Z,Packaging,PKG07,info,PLC,Product present at infeed - auto restart
2026-09-29T02:42:22Z,Kitting,KIT05,info,MES,Line clearance checklist item complete: infeed cleared
2026-09-29T02:42:23Z,Coating,COT03,info,MES,Hourly production: pass=2262 fail=248 yield=94.3%
2026-09-29T02:42:34Z,Kitting,KIT07,warn,VIS,Vision reject burst: 11 consecutive rejects - self-cleared
2026-09-29T02:42:49Z,Kitting,KIT08,error,PLC,E310 STARVED - no product at infeed photo-eye for 60s
2026-09-29T02:43:17Z,Assembly,ASM02,info,MES,Line clearance checklist item complete: infeed cleared
2026-09-29T02:43:52Z,Assembly,ASM01,info,MES,Recipe change queued: SKU-2044 -> SKU-1179
2026-09-29T02:45:24Z,Kitting,KIT08,info,HMI,Alarm E310 acknowledged by operator
2026-09-29T02:46:19Z,Coating,COT03,info,MES,Recipe change queued: SKU-2311 -> SKU-2311
2026-09-29T02:46:35Z,Kitting,KIT04,warn,VIS,Camera 2 calibration drift detected - contrast margin low
2026-09-29T02:47:30Z,Molding,MLD03,info,MES,Hourly production: pass=2431 fail=134 yield=97.7%
2026-09-29T02:47:44Z,Packaging,PKG04,info,MES,Hourly production: pass=3272 fail=27 yield=91.8%
2026-09-29T02:47:57Z,Kitting,KIT04,warn,VIS,Vision reject rate high: rolling 15 min at 3.9% (limit 3.0%)
2026-09-29T02:50:45Z,Assembly,ASM01,info,MES,Change over started - line clearance in progress
2026-09-29T02:50:45Z,Assembly,ASM01,info,PLC,Guard door opened - operator station 1
2026-09-29T02:51:11Z,Assembly,ASM02,info,MES,Line clearance checklist item complete: reject bin verified empty
2026-09-29T02:51:17Z,Kitting,KIT04,error,MES,QUALITY HOLD - lot paused pending QA disposition
2026-09-29T02:51:43Z,Molding,MLD04,info,HMI,Operator J.Alvarez signed in - line restart
2026-09-29T02:53:13Z,Kitting,KIT03,info,MES,Hourly production: pass=2171 fail=35 yield=90.2%
2026-09-29T02:53:56Z,Molding,MLD07,info,MES,QA sampling in progress - 32 pc AQL pull
2026-09-29T02:54:16Z,Coating,COT03,info,MES,Change over started - line clearance in progress
2026-09-29T02:54:16Z,Coating,COT03,info,PLC,Guard door opened - operator station 1
2026-09-29T02:55:45Z,Kitting,KIT08,info,PLC,Product present at infeed - auto restart
2026-09-29T02:57:09Z,Coating,COT01,info,MES,Hourly production: pass=2306 fail=29 yield=90.3%
2026-09-29T02:59:04Z,Assembly,ASM02,info,PLC,Recipe SKU-3007 downloaded to PLC - parameters verified
2026-09-29T02:59:21Z,Coating,COT03,info,MES,Line clearance checklist item complete: infeed cleared
2026-09-29T03:00:28Z,Assembly,ASM01,info,MES,Line clearance checklist item complete: infeed cleared
2026-09-29T03:01:58Z,Kitting,KIT04,info,MES,QA sampling in progress - 32 pc AQL pull
2026-09-29T03:04:19Z,Assembly,ASM02,info,PLC,Master reset - line restart
2026-09-29T03:06:49Z,Assembly,ASM02,info,PLC,Ramp to rate complete (3000 uph)
2026-09-29T03:06:59Z,Kitting,KIT05,info,MES,Line clearance checklist item complete: reject bin verified empty
2026-09-29T03:06:59Z,Coating,COT03,info,MES,Line clearance checklist item complete: reject bin verified empty
2026-09-29T03:12:39Z,Kitting,KIT04,info,MES,"QA disposition: RELEASE - hold lifted, line restart"
2026-09-29T03:14:37Z,Coating,COT03,info,PLC,Recipe SKU-3007 downloaded to PLC - parameters verified
2026-09-29T03:14:46Z,Molding,MLD07,info,MES,"QA disposition: RELEASE - hold lifted, line restart"
2026-09-29T03:15:03Z,Assembly,ASM01,info,MES,Line clearance checklist item complete: reject bin verified empty
2026-09-29T03:19:43Z,Coating,COT03,info,PLC,Master reset - line restart
2026-09-29T03:22:13Z,Coating,COT03,info,PLC,Ramp to rate complete (3000 uph)
2026-09-29T03:29:38Z,Assembly,ASM01,info,PLC,Recipe SKU-2311 downloaded to PLC - parameters verified
2026-09-29T03:31:36Z,Kitting,KIT05,info,PLC,Recipe SKU-1179 downloaded to PLC - parameters verified
2026-09-29T03:32:51Z,Packaging,PKG05,info,MES,PM task complete: lubrication / inspection checklist
2026-09-29T03:39:21Z,Assembly,ASM01,info,PLC,Master reset - line restart
2026-09-29T03:41:51Z,Assembly,ASM01,info,PLC,Ramp to rate complete (3400 uph)
2026-09-29T03:48:01Z,Kitting,KIT05,info,PLC,Master reset - line restart
2026-09-29T03:50:31Z,Kitting,KIT05,info,PLC,Ramp to rate complete (2900 uph)
2026-09-29T04:22:13Z,Packaging,PKG05,info,PLC,LOTO removed
2026-09-29T04:24:13Z,Packaging,PKG05,info,PLC,Master reset - line restart
2026-09-29T10:57:14Z,Packaging,PKG05,info,MES,Recipe change queued: SKU-1179 -> SKU-3007
2026-09-29T11:00:06Z,Kitting,KIT03,warn,PLC,Torque limit warning - infeed screw drive
2026-09-29T11:00:33Z,Molding,MLD05,info,MES,Hourly production: pass=1520 fail=204 yield=94.3%
2026-09-29T11:00:42Z,Kitting,KIT03,warn,PLC,Infeed backlog high - accumulation table at 85%
2026-09-29T11:02:17Z,Packaging,PKG05,warn,VIS,Vision reject burst: 5 consecutive rejects - self-cleared
2026-09-29T11:03:42Z,Kitting,KIT03,error,PLC,E201 INFEED JAM - line stopped by PLC interlock
2026-09-29T11:03:50Z,Packaging,PKG06,info,MES,Hourly production: pass=3185 fail=29 yield=96.9%
2026-09-29T11:03:54Z,Packaging,PKG04,info,MES,Hourly production: pass=1790 fail=299 yield=97.5%
2026-09-29T11:05:42Z,Kitting,KIT03,info,HMI,Alarm E201 acknowledged by operator
2026-09-29T11:05:48Z,Molding,MLD07,warn,PLC,Infeed conveyor low - upstream supply degraded
2026-09-29T11:07:55Z,Molding,MLD07,error,PLC,E310 STARVED - no product at infeed photo-eye for 60s
2026-09-29T11:09:26Z,Molding,MLD07,info,HMI,Alarm E310 acknowledged by operator
2026-09-29T11:09:32Z,Packaging,PKG05,info,MES,Change over started - line clearance in progress
2026-09-29T11:09:32Z,Packaging,PKG05,info,PLC,Guard door opened - operator station 1
2026-09-29T11:10:44Z,Kitting,KIT07,info,MES,Operator M.Chen signed in at station 1
2026-09-29T11:14:14Z,Assembly,ASM05,info,MES,Hourly production: pass=1859 fail=46 yield=89.1%
2026-09-29T11:14:23Z,Kitting,KIT03,info,HMI,Jam cleared - guards closed
2026-09-29T11:14:25Z,Assembly,ASM05,error,PLC,E001 E-STOP PRESSED - operator station 2 - safety circuit open
2026-09-29T11:15:29Z,Molding,MLD03,info,MES,Recipe change queued: SKU-2311 -> SKU-2311
2026-09-29T11:15:30Z,Molding,MLD07,info,PLC,Product present at infeed - auto restart
2026-09-29T11:15:50Z,Kitting,KIT07,info,MES,Hourly production: pass=3080 fail=135 yield=90.3%
2026-09-29T11:16:03Z,Assembly,ASM05,info,HMI,E-stop reset - safety circuit closed
2026-09-29T11:16:49Z,Packaging,PKG05,info,MES,Line clearance checklist item complete: infeed cleared
2026-09-29T11:17:03Z,Kitting,KIT03,info,PLC,Fault reset - line restart
2026-09-29T11:17:42Z,Assembly,ASM05,info,PLC,Safety reset complete - master reset - line restart
2026-09-29T11:19:03Z,Kitting,KIT03,info,PLC,Ramp to rate complete (3000 uph)
2026-09-29T11:20:25Z,Packaging,PKG07,warn,PLC,Infeed backlog high - accumulation table at 85%
2026-09-29T11:21:13Z,Molding,MLD04,info,MES,PM work order WO-40345 scheduled - line will stop at end of current lot
2026-09-29T11:22:58Z,Kitting,KIT04,info,MES,Operator T.Nguyen signed in at station 1
2026-09-29T11:24:36Z,Packaging,PKG07,warn,PLC,Torque limit warning - infeed screw drive
2026-09-29T11:25:22Z,Packaging,PKG07,error,PLC,E201 INFEED JAM - line stopped by PLC interlock
2026-09-29T11:27:00Z,Kitting,KIT07,info,MES,Recipe change queued: SKU-2311 -> SKU-1179
2026-09-29T11:27:45Z,Packaging,PKG05,info,MES,Line clearance checklist item complete: reject bin verified empty
2026-09-29T11:28:48Z,Packaging,PKG07,info,HMI,Alarm E201 acknowledged by operator
2026-09-29T11:28:52Z,Kitting,KIT05,error,PLC,E001 E-STOP PRESSED - operator station 2 - safety circuit open
2026-09-29T11:28:55Z,Packaging,PKG04,warn,PLC,Discharge back-pressure rising - downstream accumulation at 90%
2026-09-29T11:29:47Z,Molding,MLD03,info,MES,Change over started - line clearance in progress
2026-09-29T11:29:47Z,Molding,MLD03,info,PLC,Guard door opened - operator station 1
2026-09-29T11:30:56Z,Coating,COT03,info,MES,Recipe change queued: SKU-2311 -> SKU-2311
2026-09-29T11:32:15Z,Molding,MLD04,info,MES,Scheduled downtime started - PM work order WO-45622
2026-09-29T11:32:15Z,Molding,MLD04,warn,PLC,LOTO applied - energy isolation verified
2026-09-29T11:33:32Z,Kitting,KIT05,info,HMI,E-stop reset - safety circuit closed
2026-09-29T11:33:46Z,Packaging,PKG04,error,PLC,"E311 BLOCKED - discharge full, line paused"
2026-09-29T11:33:52Z,Molding,MLD05,warn,PLC,Torque limit warning - infeed screw drive
2026-09-29T11:34:09Z,Kitting,KIT08,info,MES,Hourly production: pass=2571 fail=132 yield=95.2%
2026-09-29T11:34:18Z,Kitting,KIT07,info,MES,Change over started - line clearance in progress
2026-09-29T11:34:18Z,Kitting,KIT07,info,PLC,Guard door opened - operator station 1
2026-09-29T11:35:49Z,Molding,MLD05,warn,PLC,Infeed backlog high - accumulation table at 85%
2026-09-29T11:36:58Z,Molding,MLD05,error,PLC,E201 INFEED JAM - line stopped by PLC interlock
2026-09-29T11:37:48Z,Assembly,ASM01,info,MES,Recipe change queued: SKU-1042 -> SKU-2044
2026-09-29T11:37:57Z,Molding,MLD05,info,HMI,Alarm E201 acknowledged by operator
2026-09-29T11:38:12Z,Kitting,KIT05,info,PLC,Safety reset complete - master reset - line restart
2026-09-29T11:38:30Z,Kitting,KIT05,warn,VIS,Vision reject burst: 9 consecutive rejects - self-cleared
2026-09-29T11:38:40Z,Packaging,PKG05,info,PLC,Recipe SKU-1179 downloaded to PLC - parameters verified
2026-09-29T11:38:58Z,Packaging,PKG04,info,PLC,Downstream cleared - auto restart
2026-09-29T11:41:33Z,Coating,COT03,info,MES,Hourly production: pass=2158 fail=204 yield=92.5%
2026-09-29T11:41:44Z,Assembly,ASM05,warn,PLC,Infeed backlog high - accumulation table at 85%
2026-09-29T11:41:48Z,Assembly,ASM01,info,MES,Hourly production: pass=2709 fail=156 yield=90.9%
2026-09-29T11:41:49Z,Packaging,PKG08,info,MES,Hourly production: pass=2481 fail=111 yield=98.4%
2026-09-29T11:41:50Z,Coating,COT01,warn,PLC,Infeed backlog high - accumulation table at 85%
2026-09-29T11:42:13Z,Molding,MLD05,info,HMI,Jam cleared - guards closed
2026-09-29T11:42:58Z,Kitting,KIT05,info,MES,Hourly production: pass=2618 fail=297 yield=95.7%
2026-09-29T11:43:04Z,Coating,COT01,warn,PLC,Torque limit warning - infeed screw drive
2026-09-29T11:43:04Z,Coating,COT01,info,MES,Hourly production: pass=1969 fail=206 yield=94.5%
2026-09-29T11:43:32Z,Molding,MLD05,info,PLC,Fault reset - line restart
2026-09-29T11:43:40Z,Packaging,PKG07,info,HMI,Jam cleared - guards closed
2026-09-29T11:44:01Z,Kitting,KIT04,warn,PLC,Infeed conveyor low - upstream supply degraded
2026-09-29T11:44:12Z,Assembly,ASM05,warn,PLC,Torque limit warning - infeed screw drive
2026-09-29T11:44:17Z,Kitting,KIT07,info,MES,Line clearance checklist item complete: infeed cleared
2026-09-29T11:45:32Z,Molding,MLD05,info,PLC,Ramp to rate complete (2900 uph)
2026-09-29T11:45:38Z,Coating,COT03,info,MES,Change over started - line clearance in progress
2026-09-29T11:45:38Z,Coating,COT03,info,PLC,Guard door opened - operator station 1
2026-09-29T11:45:57Z,Packaging,PKG05,info,PLC,Master reset - line restart
2026-09-29T11:46:27Z,Kitting,KIT04,error,PLC,E310 STARVED - no product at infeed photo-eye for 60s
2026-09-29T11:47:03Z,Coating,COT01,error,PLC,E201 INFEED JAM - line stopped by PLC interlock
2026-09-29T11:47:20Z,Molding,MLD03,info,MES,Line clearance checklist item complete: infeed cleared
2026-09-29T11:47:59Z,Assembly,ASM05,error,PLC,E201 INFEED JAM - line stopped by PLC interlock
2026-09-29T11:48:00Z,Coating,COT01,info,HMI,Alarm E201 acknowledged by operator
2026-09-29T11:48:15Z,Packaging,PKG07,info,PLC,Fault reset - line restart
2026-09-29T11:48:27Z,Packaging,PKG05,info,PLC,Ramp to rate complete (2600 uph)
2026-09-29T11:50:03Z,Kitting,KIT04,info,HMI,Alarm E310 acknowledged by operator
2026-09-29T11:50:13Z,Assembly,ASM05,info,HMI,Alarm E201 acknowledged by operator
2026-09-29T11:50:13Z,Assembly,ASM01,info,MES,Change over started - line clearance in progress
2026-09-29T11:50:13Z,Assembly,ASM01,info,PLC,Guard door opened - operator station 1
2026-09-29T11:50:15Z,Packaging,PKG07,info,PLC,Ramp to rate complete (2400 uph)
2026-09-29T11:50:51Z,Coating,COT03,info,MES,Line clearance checklist item complete: infeed cleared
2026-09-29T11:51:54Z,Molding,MLD06,info,MES,Hourly production: pass=2525 fail=217 yield=96.8%
2026-09-29T11:52:04Z,Coating,COT01,info,HMI,Jam cleared - guards closed
2026-09-29T11:52:52Z,Molding,MLD07,info,MES,Recipe change queued: SKU-1179 -> SKU-1042
2026-09-29T11:53:04Z,Kitting,KIT03,info,MES,PM work order WO-49102 scheduled - line will stop at end of current lot
2026-09-29T11:53:20Z,Coating,COT01,info,PLC,Fault reset - line restart
2026-09-29T11:54:51Z,Packaging,PKG07,info,MES,Hourly production: pass=3300 fail=59 yield=92.3%
2026-09-29T11:55:20Z,Coating,COT01,info,PLC,Ramp to rate complete (2400 uph)
2026-09-29T11:56:31Z,Kitting,KIT08,error,PLC,E001 E-STOP PRESSED - operator station 2 - safety circuit open
2026-09-29T11:58:40Z,Coating,COT03,info,MES,Line clearance checklist item complete: reject bin verified empty
2026-09-29T11:59:15Z,Kitting,KIT07,info,MES,Line clearance checklist item complete: reject bin verified empty
2026-09-29T11:59:51Z,Assembly,ASM05,info,HMI,Jam cleared - guards closed
2026-09-29T12:00:13Z,Molding,MLD07,info,MES,Change over started - line clearance in progress
2026-09-29T12:00:13Z,Molding,MLD07,info,PLC,Guard door opened - operator station 1
2026-09-29T12:01:00Z,Packaging,PKG07,info,MES,Hourly production: pass=2409 fail=25 yield=97.5%
2026-09-29T12:02:12Z,Kitting,KIT08,info,HMI,E-stop reset - safety circuit closed
2026-09-29T12:02:19Z,Assembly,ASM01,info,MES,Line clearance checklist item complete: infeed cleared
2026-09-29T12:02:49Z,Assembly,ASM05,info,PLC,Fault reset - line restart
2026-09-29T12:03:41Z,Molding,MLD05,info,MES,Hourly production: pass=2333 fail=105 yield=90.8%
2026-09-29T12:03:51Z,Assembly,ASM02,info,MES,Hourly production: pass=3109 fail=288 yield=88.6%
2026-09-29T12:04:04Z,Packaging,PKG06,info,MES,Recipe change queued: SKU-1179 -> SKU-3007
2026-09-29T12:04:26Z,Kitting,KIT04,info,PLC,Product present at infeed - auto restart
2026-09-29T12:04:49Z,Assembly,ASM05,info,PLC,Ramp to rate complete (3200 uph)
2026-09-29T12:06:04Z,Packaging,PKG08,info,MES,Hourly production: pass=2947 fail=269 yield=89.5%
2026-09-29T12:06:05Z,Packaging,PKG06,warn,PLC,Servo temperature high warning - capper axis (78 C)
2026-09-29T12:06:29Z,Coating,COT03,info,PLC,Recipe SKU-1042 downloaded to PLC - parameters verified
2026-09-29T12:07:54Z,Kitting,KIT08,info,PLC,Safety reset complete - master reset - line restart
2026-09-29T12:09:04Z,Packaging,PKG04,info,MES,Hourly production: pass=2546 fail=90 yield=93.9%
2026-09-29T12:09:30Z,Packaging,PKG06,info,MES,Change over started - line clearance in progress
2026-09-29T12:09:30Z,Packaging,PKG06,info,PLC,Guard door opened - operator station 1
2026-09-29T12:11:10Z,Packaging,PKG05,info,MES,Hourly production: pass=2400 fail=143 yield=93.2%
2026-09-29T12:11:41Z,Coating,COT03,info,PLC,Master reset - line restart
2026-09-29T12:11:42Z,Molding,MLD06,warn,PLC,Infeed backlog high - accumulation table at 85%
2026-09-29T12:11:52Z,Molding,MLD06,warn,PLC,Torque limit warning - infeed screw drive
2026-09-29T12:12:59Z,Kitting,KIT05,info,MES,Hourly production: pass=3146 fail=42 yield=95.1%
2026-09-29T12:12:59Z,Kitting,KIT08,warn,PLC,Servo temperature high warning - capper axis (78 C)
2026-09-29T12:13:39Z,Molding,MLD03,info,MES,Line clearance checklist item complete: reject bin verified empty
2026-09-29T12:14:11Z,Coating,COT03,info,PLC,Ramp to rate complete (3000 uph)
2026-09-29T12:14:14Z,Kitting,KIT07,info,PLC,Recipe SKU-1042 downloaded to PLC - parameters verified
2026-09-29T12:15:05Z,Kitting,KIT03,info,MES,Scheduled downtime started - PM work order WO-45067
2026-09-29T12:15:05Z,Kitting,KIT03,warn,PLC,LOTO applied - energy isolation verified
2026-09-29T12:15:16Z,Molding,MLD06,error,PLC,E201 INFEED JAM - line stopped by PLC interlock
2026-09-29T12:15:37Z,Molding,MLD07,info,MES,Line clearance checklist item complete: infeed cleared
2026-09-29T12:18:21Z,Molding,MLD06,info,HMI,Alarm E201 acknowledged by operator
2026-09-29T12:19:40Z,Packaging,PKG08,error,PLC,E001 E-STOP PRESSED - operator station 2 - safety circuit open
2026-09-29T12:19:46Z,Assembly,ASM05,info,MES,Hourly production: pass=2353 fail=77 yield=96.7%
2026-09-29T12:20:27Z,Assembly,ASM01,info,MES,Line clearance checklist item complete: reject bin verified empty
2026-09-29T12:20:42Z,Coating,COT02,info,MES,Hourly production: pass=2919 fail=185 yield=88.7%
2026-09-29T12:23:00Z,Packaging,PKG08,info,HMI,E-stop reset - safety circuit closed
2026-09-29T12:23:45Z,Molding,MLD05,warn,VIS,Vision reject burst: 5 consecutive rejects - self-cleared
2026-09-29T12:24:03Z,Kitting,KIT04,info,MES,Hourly production: pass=2950 fail=164 yield=95.1%
2026-09-29T12:24:13Z,Kitting,KIT07,info,PLC,Master reset - line restart
2026-09-29T12:24:35Z,Kitting,KIT05,warn,PLC,Infeed conveyor low - upstream supply degraded
2026-09-29T12:26:20Z,Packaging,PKG08,info,PLC,Safety reset complete - master reset - line restart
2026-09-29T12:26:37Z,Packaging,PKG06,info,MES,Line clearance checklist item complete: infeed cleared
2026-09-29T12:26:43Z,Kitting,KIT07,info,PLC,Ramp to rate complete (3000 uph)
2026-09-29T12:29:04Z,Kitting,KIT05,error,PLC,E310 STARVED - no product at infeed photo-eye for 60s
2026-09-29T12:31:43Z,Molding,MLD06,info,HMI,Jam cleared - guards closed
2026-09-29T12:31:59Z,Kitting,KIT05,info,HMI,Alarm E310 acknowledged by operator
2026-09-29T12:32:59Z,Assembly,ASM02,error,PLC,E001 E-STOP PRESSED - operator station 2 - safety circuit open
2026-09-29T12:34:49Z,Assembly,ASM02,info,HMI,E-stop reset - safety circuit closed
2026-09-29T12:35:38Z,Kitting,KIT07,info,MES,Hourly production: pass=2842 fail=222 yield=91.6%
2026-09-29T12:35:49Z,Molding,MLD06,info,PLC,Fault reset - line restart
2026-09-29T12:36:39Z,Assembly,ASM02,info,PLC,Safety reset complete - master reset - line restart
2026-09-29T12:37:49Z,Molding,MLD06,info,PLC,Ramp to rate complete (2700 uph)
2026-09-29T12:38:36Z,Assembly,ASM01,info,PLC,Recipe SKU-1179 downloaded to PLC - parameters verified
2026-09-29T12:38:44Z,Molding,MLD07,info,MES,Line clearance checklist item complete: reject bin verified empty
2026-09-29T12:39:58Z,Molding,MLD03,info,PLC,Recipe SKU-2311 downloaded to PLC - parameters verified
2026-09-29T12:41:22Z,Coating,COT01,info,MES,Hourly production: pass=1521 fail=288 yield=91.3%
2026-09-29T12:42:58Z,Kitting,KIT08,info,MES,Operator J.Alvarez signed in at station 1
2026-09-29T12:43:22Z,Packaging,PKG05,error,PLC,E001 E-STOP PRESSED - operator station 2 - safety circuit open
2026-09-29T12:43:36Z,Kitting,KIT05,info,PLC,Product present at infeed - auto restart
2026-09-29T12:44:07Z,Coating,COT03,warn,PLC,Servo temperature high warning - capper axis (78 C)
2026-09-29T12:44:24Z,Assembly,ASM02,warn,VIS,Vision reject burst: 9 consecutive rejects - self-cleared
2026-09-29T12:45:25Z,Molding,MLD04,info,MES,PM task complete: lubrication / inspection checklist
2026-09-29T12:45:52Z,Packaging,PKG04,error,PLC,E001 E-STOP PRESSED - operator station 2 - safety circuit open
2026-09-29T12:46:10Z,Packaging,PKG08,warn,VIS,Vision reject burst: 5 consecutive rejects - self-cleared
2026-09-29T12:47:22Z,Packaging,PKG05,info,HMI,E-stop reset - safety circuit closed
2026-09-29T12:47:34Z,Coating,COT02,warn,VIS,Vision reject rate high: rolling 15 min at 6.0% (limit 3.0%)
2026-09-29T12:50:34Z,Coating,COT02,warn,VIS,Camera 2 calibration drift detected - contrast margin low
2026-09-29T12:50:41Z,Assembly,ASM01,info,PLC,Master reset - line restart
2026-09-29T12:51:21Z,Packaging,PKG05,info,PLC,Safety reset complete - master reset - line restart
2026-09-29T12:51:23Z,Assembly,ASM01,info,MES,Hourly production: pass=1774 fail=77 yield=90.5%
2026-09-29T12:51:30Z,Packaging,PKG04,info,HMI,E-stop reset - safety circuit closed
2026-09-29T12:52:18Z,Packaging,PKG06,info,MES,Line clearance checklist item complete: reject bin verified empty
2026-09-29T12:53:08Z,Packaging,PKG07,warn,HMI,Operator sign-in timeout - line paused (break / shift relief)
2026-09-29T12:53:11Z,Assembly,ASM01,info,PLC,Ramp to rate complete (3400 uph)
2026-09-29T12:53:45Z,Coating,COT03,info,MES,Hourly production: pass=1515 fail=133 yield=90.6%
2026-09-29T12:54:29Z,Coating,COT02,error,MES,QUALITY HOLD - lot paused pending QA disposition
2026-09-29T12:55:01Z,Assembly,ASM05,warn,PLC,Infeed backlog high - accumulation table at 85%
2026-09-29T12:56:14Z,Assembly,ASM05,warn,PLC,Torque limit warning - infeed screw drive
2026-09-29T12:57:08Z,Packaging,PKG04,info,PLC,Safety reset complete - master reset - line restart
2026-09-29T12:57:16Z,Kitting,KIT07,warn,PLC,Infeed conveyor low - upstream supply degraded
2026-09-29T12:57:30Z,Molding,MLD03,info,PLC,Master reset - line restart
2026-09-29T12:57:55Z,Kitting,KIT08,warn,PLC,Infeed conveyor low - upstream supply degraded
2026-09-29T12:58:44Z,Assembly,ASM02,warn,PLC,Discharge back-pressure rising - downstream accumulation at 90%
2026-09-29T12:58:59Z,Assembly,ASM05,error,PLC,E201 INFEED JAM - line stopped by PLC interlock
2026-09-29T12:59:13Z,Coating,COT01,warn,PLC,Discharge back-pressure rising - downstream accumulation at 90%
2026-09-29T12:59:16Z,Kitting,KIT07,error,PLC,E310 STARVED - no product at infeed photo-eye for 60s
2026-09-29T13:00:00Z,Molding,MLD03,info,PLC,Ramp to rate complete (2800 uph)
2026-09-29T13:00:28Z,Kitting,KIT08,error,PLC,E310 STARVED - no product at infeed photo-eye for 60s
2026-09-29T13:01:37Z,Assembly,ASM05,info,HMI,Alarm E201 acknowledged by operator
2026-09-29T13:01:39Z,Coating,COT01,error,PLC,"E311 BLOCKED - discharge full, line paused"
2026-09-29T13:01:50Z,Molding,MLD07,info,PLC,Recipe SKU-1179 downloaded to PLC - parameters verified
2026-09-29T13:02:14Z,Assembly,ASM02,error,PLC,"E311 BLOCKED - discharge full, line paused"
2026-09-29T13:02:27Z,Kitting,KIT07,info,HMI,Alarm E310 acknowledged by operator
2026-09-29T13:03:31Z,Kitting,KIT08,info,HMI,Alarm E310 acknowledged by operator
2026-09-29T13:04:07Z,Packaging,PKG07,info,HMI,Operator T.Nguyen signed in - line restart
2026-09-29T13:05:49Z,Coating,COT01,info,PLC,Downstream cleared - auto restart
2026-09-29T13:05:49Z,Packaging,PKG04,warn,VIS,Vision reject burst: 5 consecutive rejects - self-cleared
2026-09-29T13:05:50Z,Coating,COT02,info,MES,QA sampling in progress - 32 pc AQL pull
2026-09-29T13:11:15Z,Molding,MLD05,warn,PLC,Discharge back-pressure rising - downstream accumulation at 90%
2026-09-29T13:12:14Z,Coating,COT01,info,MES,Hourly production: pass=2406 fail=49 yield=97.0%
2026-09-29T13:13:01Z,Assembly,ASM05,info,HMI,Jam cleared - guards closed
2026-09-29T13:13:20Z,Assembly,ASM02,info,PLC,Downstream cleared - auto restart
2026-09-29T13:14:36Z,Coating,COT03,info,MES,Hourly production: pass=2916 fail=112 yield=97.1%
2026-09-29T13:15:11Z,Kitting,KIT04,warn,PLC,Infeed backlog high - accumulation table at 85%
2026-09-29T13:15:12Z,Kitting,KIT07,info,PLC,Product present at infeed - auto restart
2026-09-29T13:15:32Z,Molding,MLD05,error,PLC,"E311 BLOCKED - discharge full, line paused"
2026-09-29T13:15:40Z,Kitting,KIT08,info,PLC,Product present at infeed - auto restart
2026-09-29T13:16:31Z,Assembly,ASM05,info,PLC,Fault reset - line restart
2026-09-29T13:17:12Z,Coating,COT02,info,MES,"QA disposition: RELEASE - hold lifted, line restart"
2026-09-29T13:17:15Z,Molding,MLD07,info,PLC,Master reset - line restart
2026-09-29T13:17:24Z,Molding,MLD06,warn,PLC,Servo temperature high warning - capper axis (78 C)
2026-09-29T13:17:35Z,Assembly,ASM02,warn,VIS,Vision reject burst: 8 consecutive rejects - self-cleared
2026-09-29T13:17:59Z,Packaging,PKG06,info,PLC,Recipe SKU-2311 downloaded to PLC - parameters verified
2026-09-29T13:18:04Z,Molding,MLD06,warn,PLC,Discharge back-pressure rising - downstream accumulation at 90%
2026-09-29T13:18:31Z,Assembly,ASM05,info,PLC,Ramp to rate complete (3200 uph)
2026-09-29T13:18:42Z,Kitting,KIT04,warn,PLC,Torque limit warning - infeed screw drive
2026-09-29T13:19:45Z,Molding,MLD07,info,PLC,Ramp to rate complete (2600 uph)
2026-09-29T13:19:58Z,Kitting,KIT04,error,PLC,E201 INFEED JAM - line stopped by PLC interlock
2026-09-29T13:20:42Z,Kitting,KIT04,info,HMI,Alarm E201 acknowledged by operator
2026-09-29T13:21:17Z,Molding,MLD06,error,PLC,"E311 BLOCKED - discharge full, line paused"
2026-09-29T13:22:06Z,Assembly,ASM01,warn,VIS,Vision reject rate high: rolling 15 min at 3.2% (limit 3.0%)
2026-09-29T13:23:18Z,Molding,MLD05,info,PLC,Downstream cleared - auto restart
2026-09-29T13:23:54Z,Kitting,KIT04,info,HMI,Jam cleared - guards closed
2026-09-29T13:24:16Z,Molding,MLD03,info,MES,Hourly production: pass=2511 fail=287 yield=89.0%
2026-09-29T13:24:53Z,Kitting,KIT04,info,PLC,Fault reset - line restart
2026-09-29T13:26:53Z,Kitting,KIT04,info,PLC,Ramp to rate complete (3300 uph)
2026-09-29T13:27:29Z,Kitting,KIT04,info,MES,Hourly production: pass=3239 fail=105 yield=95.5%
2026-09-29T13:27:35Z,Coating,COT03,warn,PLC,Torque limit warning - infeed screw drive
2026-09-29T13:28:29Z,Assembly,ASM01,warn,VIS,Camera 2 calibration drift detected - contrast margin low
2026-09-29T13:28:44Z,Coating,COT03,warn,PLC,Infeed backlog high - accumulation table at 85%
2026-09-29T13:29:48Z,Molding,MLD03,info,MES,Recipe change queued: SKU-2044 -> SKU-3007
2026-09-29T13:29:59Z,Kitting,KIT03,info,MES,PM task complete: lubrication / inspection checklist
2026-09-29T13:30:33Z,Kitting,KIT08,warn,VIS,Vision reject burst: 12 consecutive rejects - self-cleared
2026-09-29T13:30:40Z,Assembly,ASM01,info,MES,Hourly production: pass=3214 fail=256 yield=89.4%
2026-09-29T13:31:00Z,Assembly,ASM01,error,MES,QUALITY HOLD - lot paused pending QA disposition
2026-09-29T13:31:30Z,Coating,COT03,error,PLC,E201 INFEED JAM - line stopped by PLC interlock
2026-09-29T13:32:33Z,Molding,MLD06,info,PLC,Downstream cleared - auto restart
2026-09-29T13:33:18Z,Coating,COT03,info,HMI,Alarm E201 acknowledged by operator
2026-09-29T13:33:24Z,Packaging,PKG04,info,MES,Hourly production: pass=2978 fail=140 yield=94.6%
2026-09-29T13:35:06Z,Packaging,PKG06,info,PLC,Master reset - line restart
2026-09-29T13:36:19Z,Assembly,ASM05,info,MES,Hourly production: pass=2630 fail=202 yield=91.3%
2026-09-29T13:37:36Z,Packaging,PKG06,info,PLC,Ramp to rate complete (3100 uph)
2026-09-29T13:37:59Z,Molding,MLD03,info,MES,Change over started - line clearance in progress
2026-09-29T13:37:59Z,Molding,MLD03,info,PLC,Guard door opened - operator station 1
2026-09-29T13:39:47Z,Coating,COT01,info,MES,Recipe change queued: SKU-1042 -> SKU-2311
2026-09-29T13:41:06Z,Coating,COT03,info,HMI,Jam cleared - guards closed
2026-09-29T13:41:34Z,Packaging,PKG04,warn,PLC,Infeed conveyor low - upstream supply degraded
2026-09-29T13:41:59Z,Kitting,KIT05,info,MES,Hourly production: pass=3194 fail=162 yield=96.0%
2026-09-29T13:42:33Z,Packaging,PKG08,info,MES,Hourly production: pass=2645 fail=238 yield=91.4%
2026-09-29T13:42:40Z,Packaging,PKG08,warn,PLC,Servo temperature high warning - capper axis (78 C)
2026-09-29T13:43:30Z,Coating,COT03,info,PLC,Fault reset - line restart
2026-09-29T13:43:49Z,Packaging,PKG04,error,PLC,E310 STARVED - no product at infeed photo-eye for 60s
2026-09-29T13:44:09Z,Packaging,PKG08,warn,PLC,Infeed conveyor low - upstream supply degraded
2026-09-29T13:44:34Z,Molding,MLD05,info,MES,Hourly production: pass=2689 fail=74 yield=88.1%
2026-09-29T13:44:42Z,Molding,MLD03,info,MES,Line clearance checklist item complete: infeed cleared
2026-09-29T13:44:56Z,Assembly,ASM02,info,MES,Hourly production: pass=2768 fail=53 yield=98.3%
2026-09-29T13:45:29Z,Kitting,KIT07,info,MES,Hourly production: pass=1886 fail=215 yield=98.7%
2026-09-29T13:45:30Z,Coating,COT03,info,PLC,Ramp to rate complete (3000 uph)
2026-09-29T13:45:52Z,Packaging,PKG08,error,PLC,E310 STARVED - no product at infeed photo-eye for 60s
2026-09-29T13:45:58Z,Kitting,KIT05,info,MES,Recipe change queued: SKU-2044 -> SKU-1042
2026-09-29T13:46:23Z,Packaging,PKG04,info,HMI,Alarm E310 acknowledged by operator
2026-09-29T13:46:32Z,Assembly,ASM01,info,MES,QA sampling in progress - 32 pc AQL pull
2026-09-29T13:47:53Z,Molding,MLD05,warn,VIS,Vision reject burst: 12 consecutive rejects - self-cleared
2026-09-29T13:47:53Z,Packaging,PKG08,info,HMI,Alarm E310 acknowledged by operator
2026-09-29T13:49:45Z,Packaging,PKG05,warn,HMI,Operator sign-in timeout - line paused (break / shift relief)
2026-09-29T13:51:21Z,Coating,COT01,warn,PLC,Servo temperature high warning - capper axis (78 C)
2026-09-29T13:51:47Z,Coating,COT01,info,MES,Change over started - line clearance in progress
2026-09-29T13:51:47Z,Coating,COT01,info,PLC,Guard door opened - operator station 1
2026-09-29T13:54:25Z,Packaging,PKG07,info,MES,Hourly production: pass=3356 fail=150 yield=94.9%
2026-09-29T13:54:45Z,Molding,MLD03,info,MES,Line clearance checklist item complete: reject bin verified empty
2026-09-29T13:55:33Z,Kitting,KIT05,info,MES,Change over started - line clearance in progress
2026-09-29T13:55:33Z,Kitting,KIT05,info,PLC,Guard door opened - operator station 1
2026-09-29T13:55:55Z,Packaging,PKG08,info,PLC,Product present at infeed - auto restart
2026-09-29T13:56:14Z,Kitting,KIT04,info,MES,Operator T.Nguyen signed in at station 1
2026-09-29T13:56:35Z,Molding,MLD04,info,PLC,LOTO removed
2026-09-29T13:56:36Z,Packaging,PKG04,info,PLC,Product present at infeed - auto restart
2026-09-29T13:56:54Z,Coating,COT02,info,MES,Hourly production: pass=2799 fail=176 yield=89.8%
2026-09-29T13:57:45Z,Coating,COT01,info,MES,Line clearance checklist item complete: infeed cleared
2026-09-29T13:58:35Z,Molding,MLD04,info,PLC,Master reset - line restart
2026-09-29T14:02:03Z,Assembly,ASM01,info,MES,"QA disposition: RELEASE - hold lifted, line restart"
2026-09-29T14:03:01Z,Kitting,KIT08,error,PLC,E001 E-STOP PRESSED - operator station 2 - safety circuit open
2026-09-29T14:03:05Z,Coating,COT02,info,MES,Hourly production: pass=1666 fail=270 yield=96.4%
2026-09-29T14:03:16Z,Packaging,PKG05,info,HMI,Operator K.Simmons signed in - line restart
2026-09-29T14:03:31Z,Molding,MLD04,info,MES,Hourly production: pass=1556 fail=248 yield=96.7%
2026-09-29T14:04:48Z,Molding,MLD03,info,PLC,Recipe SKU-3007 downloaded to PLC - parameters verified
2026-09-29T14:06:25Z,Kitting,KIT08,info,HMI,E-stop reset - safety circuit closed
2026-09-29T14:06:42Z,Coating,COT01,info,MES,Line clearance checklist item complete: reject bin verified empty
2026-09-29T14:07:24Z,Assembly,ASM02,error,PLC,E001 E-STOP PRESSED - operator station 2 - safety circuit open
2026-09-29T14:07:37Z,Molding,MLD06,info,MES,Hourly production: pass=2883 fail=297 yield=92.2%
2026-09-29T14:08:03Z,Kitting,KIT07,info,MES,Hourly production: pass=2986 fail=293 yield=89.6%
2026-09-29T14:08:23Z,Kitting,KIT05,info,MES,Line clearance checklist item complete: infeed cleared
2026-09-29T14:09:00Z,Coating,COT02,warn,PLC,Infeed backlog high - accumulation table at 85%
2026-09-29T14:09:08Z,Molding,MLD05,info,MES,Hourly production: pass=3124 fail=161 yield=98.4%
2026-09-29T14:09:50Z,Kitting,KIT08,info,PLC,Safety reset complete - master reset - line restart
2026-09-29T14:11:21Z,Packaging,PKG07,info,MES,Hourly production: pass=1748 fail=205 yield=88.1%
2026-09-29T14:11:30Z,Molding,MLD03,info,PLC,Master reset - line restart
2026-09-29T14:12:17Z,Assembly,ASM02,info,HMI,E-stop reset - safety circuit closed
2026-09-29T14:12:34Z,Coating,COT02,warn,PLC,Torque limit warning - infeed screw drive
2026-09-29T14:12:39Z,Packaging,PKG08,info,MES,Hourly production: pass=3214 fail=218 yield=95.8%
2026-09-29T14:14:00Z,Molding,MLD03,info,PLC,Ramp to rate complete (2800 uph)
2026-09-29T14:14:04Z,Kitting,KIT08,info,MES,Hourly production: pass=3342 fail=135 yield=98.4%
2026-09-29T14:14:43Z,Packaging,PKG06,info,MES,Hourly production: pass=3385 fail=155 yield=94.1%
2026-09-29T14:15:11Z,Coating,COT03,warn,PLC,Infeed backlog high - accumulation table at 85%
2026-09-29T14:15:19Z,Kitting,KIT04,warn,PLC,Discharge back-pressure rising - downstream accumulation at 90%
2026-09-29T14:15:28Z,Coating,COT02,error,PLC,E201 INFEED JAM - line stopped by PLC interlock
2026-09-29T14:15:39Z,Coating,COT01,info,PLC,Recipe SKU-1179 downloaded to PLC - parameters verified
2026-09-29T14:15:46Z,Coating,COT03,warn,PLC,Torque limit warning - infeed screw drive
2026-09-29T14:16:30Z,Coating,COT02,info,HMI,Alarm E201 acknowledged by operator
2026-09-29T14:16:55Z,Coating,COT03,error,PLC,E201 INFEED JAM - line stopped by PLC interlock
2026-09-29T14:17:09Z,Assembly,ASM02,info,PLC,Safety reset complete - master reset - line restart
2026-09-29T14:18:22Z,Packaging,PKG06,warn,PLC,Infeed conveyor low - upstream supply degraded
2026-09-29T14:18:25Z,Kitting,KIT04,error,PLC,"E311 BLOCKED - discharge full, line paused"
2026-09-29T14:19:39Z,Coating,COT03,info,HMI,Alarm E201 acknowledged by operator
2026-09-29T14:20:30Z,Molding,MLD04,info,MES,PM work order WO-49933 scheduled - line will stop at end of current lot
2026-09-29T14:20:36Z,Packaging,PKG06,error,PLC,E310 STARVED - no product at infeed photo-eye for 60s
2026-09-29T14:20:57Z,Coating,COT02,info,HMI,Jam cleared - guards closed
2026-09-29T14:21:37Z,Coating,COT01,info,PLC,Master reset - line restart
2026-09-29T14:22:19Z,Coating,COT02,info,PLC,Fault reset - line restart
2026-09-29T14:23:18Z,Packaging,PKG06,info,HMI,Alarm E310 acknowledged by operator
2026-09-29T14:24:07Z,Coating,COT01,info,PLC,Ramp to rate complete (2400 uph)
2026-09-29T14:24:19Z,Coating,COT02,info,PLC,Ramp to rate complete (3200 uph)
2026-09-29T14:24:36Z,Molding,MLD07,warn,PLC,Infeed backlog high - accumulation table at 85%
2026-09-29T14:24:58Z,Packaging,PKG05,info,MES,Hourly production: pass=2889 fail=234 yield=88.4%
2026-09-29T14:25:24Z,Packaging,PKG07,info,MES,Recipe change queued: SKU-1179 -> SKU-3007
2026-09-29T14:26:02Z,Molding,MLD07,info,MES,Hourly production: pass=3127 fail=33 yield=92.7%
2026-09-29T14:26:18Z,Packaging,PKG07,warn,VIS,Vision reject burst: 4 consecutive rejects - self-cleared
2026-09-29T14:27:39Z,Kitting,KIT05,info,MES,Line clearance checklist item complete: reject bin verified empty
2026-09-29T14:27:47Z,Molding,MLD07,warn,PLC,Torque limit warning - infeed screw drive
2026-09-29T14:28:50Z,Assembly,ASM01,warn,VIS,Vision reject rate high: rolling 15 min at 6.1% (limit 3.0%)
2026-09-29T14:28:58Z,Molding,MLD07,error,PLC,E201 INFEED JAM - line stopped by PLC interlock
2026-09-29T14:30:42Z,Kitting,KIT04,info,PLC,Downstream cleared - auto restart
2026-09-29T14:31:18Z,Coating,COT01,info,MES,Hourly production: pass=2685 fail=72 yield=98.6%
2026-09-29T14:31:26Z,Coating,COT03,info,HMI,Jam cleared - guards closed
2026-09-29T14:31:27Z,Molding,MLD03,info,MES,Hourly production: pass=2384 fail=125 yield=95.1%
2026-09-29T14:31:27Z,Kitting,KIT07,warn,VIS,Vision reject burst: 8 consecutive rejects - self-cleared
2026-09-29T14:32:08Z,Assembly,ASM01,warn,VIS,Camera 2 calibration drift detected - contrast margin low
2026-09-29T14:32:21Z,Molding,MLD07,info,HMI,Alarm E201 acknowledged by operator
2026-09-29T14:34:06Z,Packaging,PKG06,info,PLC,Product present at infeed - auto restart
2026-09-29T14:34:39Z,Assembly,ASM05,info,MES,Recipe change queued: SKU-1042 -> SKU-2044
2026-09-29T14:34:39Z,Assembly,ASM01,error,MES,QUALITY HOLD - lot paused pending QA disposition
2026-09-29T14:34:45Z,Molding,MLD04,info,MES,Scheduled downtime started - PM work order WO-48508
2026-09-29T14:34:45Z,Molding,MLD04,warn,PLC,LOTO applied - energy isolation verified
2026-09-29T14:35:04Z,Coating,COT03,info,PLC,Fault reset - line restart
2026-09-29T14:35:05Z,Packaging,PKG04,warn,PLC,Discharge back-pressure rising - downstream accumulation at 90%
2026-09-29T14:37:04Z,Coating,COT03,info,PLC,Ramp to rate complete (3000 uph)
2026-09-29T14:37:21Z,Packaging,PKG04,error,PLC,"E311 BLOCKED - discharge full, line paused"
2026-09-29T14:37:32Z,Packaging,PKG07,info,MES,Change over started - line clearance in progress
2026-09-29T14:37:32Z,Packaging,PKG07,info,PLC,Guard door opened - operator station 1
2026-09-29T14:38:58Z,Molding,MLD03,warn,PLC,Infeed backlog high - accumulation table at 85%
2026-09-29T14:39:05Z,Kitting,KIT04,warn,VIS,Vision reject burst: 12 consecutive rejects - self-cleared
2026-09-29T14:39:41Z,Molding,MLD06,warn,PLC,Infeed backlog high - accumulation table at 85%
2026-09-29T14:40:37Z,Assembly,ASM02,info,MES,Hourly production: pass=2417 fail=21 yield=92.6%
2026-09-29T14:40:39Z,Packaging,PKG08,warn,VIS,Vision reject burst: 12 consecutive rejects - self-cleared
2026-09-29T14:41:51Z,Molding,MLD05,warn,PLC,Infeed backlog high - accumulation table at 85%
2026-09-29T14:42:14Z,Coating,COT01,warn,VIS,Vision reject burst: 5 consecutive rejects - self-cleared
2026-09-29T14:42:31Z,Molding,MLD06,warn,PLC,Torque limit warning - infeed screw drive
2026-09-29T14:42:53Z,Kitting,KIT03,info,PLC,LOTO removed
2026-09-29T14:43:11Z,Molding,MLD06,error,PLC,E201 INFEED JAM - line stopped by PLC interlock
2026-09-29T14:44:07Z,Molding,MLD03,warn,PLC,Torque limit warning - infeed screw drive
2026-09-29T14:44:53Z,Kitting,KIT03,info,PLC,Master reset - line restart
2026-09-29T14:45:13Z,Molding,MLD03,error,PLC,E201 INFEED JAM - line stopped by PLC interlock
2026-09-29T14:45:59Z,Kitting,KIT07,error,PLC,E001 E-STOP PRESSED - operator station 2 - safety circuit open
2026-09-29T14:46:01Z,Molding,MLD03,info,HMI,Alarm E201 acknowledged by operator
2026-09-29T14:46:08Z,Molding,MLD06,info,HMI,Alarm E201 acknowledged by operator
2026-09-29T14:46:11Z,Packaging,PKG04,info,PLC,Downstream cleared - auto restart
2026-09-29T14:46:18Z,Assembly,ASM05,warn,VIS,Vision reject burst: 12 consecutive rejects - self-cleared
2026-09-29T14:46:26Z,Assembly,ASM05,info,MES,Change over started - line clearance in progress
2026-09-29T14:46:26Z,Assembly,ASM05,info,PLC,Guard door opened - operator station 1
2026-09-29T14:46:27Z,Molding,MLD05,warn,PLC,Torque limit warning - infeed screw drive
2026-09-29T14:46:55Z,Kitting,KIT05,info,PLC,Recipe SKU-2044 downloaded to PLC - parameters verified
2026-09-29T14:47:01Z,Molding,MLD07,info,HMI,Jam cleared - guards closed
2026-09-29T14:48:12Z,Molding,MLD05,error,PLC,E201 INFEED JAM - line stopped by PLC interlock
2026-09-29T14:49:19Z,Packaging,PKG08,warn,PLC,Discharge back-pressure rising - downstream accumulation at 90%
2026-09-29T14:49:31Z,Molding,MLD03,info,HMI,Jam cleared - guards closed
2026-09-29T14:50:05Z,Kitting,KIT07,info,HMI,E-stop reset - safety circuit closed
2026-09-29T14:50:32Z,Coating,COT02,warn,VIS,Vision reject burst: 4 consecutive rejects - self-cleared
2026-09-29T14:50:35Z,Molding,MLD03,info,PLC,Fault reset - line restart
2026-09-29T14:50:48Z,Packaging,PKG08,error,PLC,"E311 BLOCKED - discharge full, line paused"
2026-09-29T14:51:32Z,Molding,MLD07,info,PLC,Fault reset - line restart
2026-09-29T14:51:40Z,Molding,MLD05,info,HMI,Alarm E201 acknowledged by operator
2026-09-29T14:52:35Z,Molding,MLD03,info,PLC,Ramp to rate complete (2800 uph)
2026-09-29T14:53:32Z,Molding,MLD07,info,PLC,Ramp to rate complete (2600 uph)
2026-09-29T14:54:12Z,Kitting,KIT07,info,PLC,Safety reset complete - master reset - line restart
2026-09-29T14:54:44Z,Assembly,ASM01,info,MES,QA sampling in progress - 32 pc AQL pull
2026-09-29T14:54:46Z,Assembly,ASM05,info,MES,Line clearance checklist item complete: infeed cleared
2026-09-29T14:54:52Z,Packaging,PKG07,info,MES,Line clearance checklist item complete: infeed cleared
2026-09-29T14:56:52Z,Packaging,PKG08,info,PLC,Downstream cleared - auto restart
2026-09-29T14:57:23Z,Packaging,PKG04,info,MES,Hourly production: pass=1699 fail=114 yield=95.3%
2026-09-29T14:57:38Z,Packaging,PKG05,warn,PLC,Infeed conveyor low - upstream supply degraded
2026-09-29T14:58:53Z,Molding,MLD06,info,HMI,Jam cleared - guards closed
2026-09-29T14:59:46Z,Kitting,KIT05,info,PLC,Master reset - line restart
2026-09-29T15:01:43Z,Packaging,PKG05,error,PLC,E310 STARVED - no product at infeed photo-eye for 60s
2026-09-29T15:01:59Z,Kitting,KIT08,warn,VIS,Vision reject burst: 12 consecutive rejects - self-cleared
2026-09-29T15:02:16Z,Kitting,KIT05,info,PLC,Ramp to rate complete (2900 uph)
2026-09-29T15:02:49Z,Molding,MLD06,info,PLC,Fault reset - line restart
2026-09-29T15:04:49Z,Molding,MLD06,info,PLC,Ramp to rate complete (2700 uph)
2026-09-29T15:05:39Z,Packaging,PKG05,info,HMI,Alarm E310 acknowledged by operator
2026-09-29T15:05:51Z,Kitting,KIT07,info,MES,Hourly production: pass=3284 fail=171 yield=95.1%
2026-09-29T15:06:07Z,Coating,COT02,info,MES,Hourly production: pass=2365 fail=265 yield=95.0%
2026-09-29T15:06:42Z,Molding,MLD05,info,HMI,Jam cleared - guards closed
2026-09-29T15:07:15Z,Assembly,ASM05,info,MES,Line clearance checklist item complete: reject bin verified empty
2026-09-29T15:07:50Z,Kitting,KIT03,info,MES,Hourly production: pass=1937 fail=32 yield=90.5%
2026-09-29T15:09:13Z,Kitting,KIT05,info,MES,Operator K.Simmons signed in at station 1
2026-09-29T15:10:20Z,Packaging,PKG04,info,MES,Hourly production: pass=2756 fail=181 yield=91.7%
2026-09-29T15:10:23Z,Kitting,KIT08,warn,PLC,Infeed conveyor low - upstream supply degraded
2026-09-29T15:11:19Z,Molding,MLD05,info,PLC,Fault reset - line restart
2026-09-29T15:11:26Z,Kitting,KIT08,error,PLC,E310 STARVED - no product at infeed photo-eye for 60s
2026-09-29T15:11:53Z,Kitting,KIT07,info,MES,Operator T.Nguyen signed in at station 1
2026-09-29T15:13:19Z,Molding,MLD05,info,PLC,Ramp to rate complete (2900 uph)
2026-09-29T15:14:49Z,Assembly,ASM01,info,MES,"QA disposition: RELEASE - hold lifted, line restart"
2026-09-29T15:15:09Z,Kitting,KIT08,info,HMI,Alarm E310 acknowledged by operator
2026-09-29T15:19:45Z,Assembly,ASM05,info,PLC,Recipe SKU-2044 downloaded to PLC - parameters verified
2026-09-29T15:20:51Z,Packaging,PKG07,info,MES,Line clearance checklist item complete: reject bin verified empty
2026-09-29T15:21:24Z,Packaging,PKG05,info,PLC,Product present at infeed - auto restart
2026-09-29T15:24:25Z,Molding,MLD05,info,MES,Hourly production: pass=2454 fail=84 yield=90.6%
2026-09-29T15:24:29Z,Kitting,KIT03,warn,PLC,Infeed conveyor low - upstream supply degraded
2026-09-29T15:24:38Z,Coating,COT02,warn,PLC,Infeed conveyor low - upstream supply degraded
2026-09-29T15:25:01Z,Molding,MLD03,warn,VIS,Vision reject burst: 6 consecutive rejects - self-cleared
2026-09-29T15:25:44Z,Packaging,PKG04,warn,PLC,Servo temperature high warning - capper axis (78 C)
2026-09-29T15:26:06Z,Packaging,PKG06,info,MES,Hourly production: pass=3064 fail=256 yield=92.9%
2026-09-29T15:27:21Z,Coating,COT02,error,PLC,E310 STARVED - no product at infeed photo-eye for 60s
2026-09-29T15:27:22Z,Coating,COT01,info,MES,Hourly production: pass=2327 fail=229 yield=98.2%
2026-09-29T15:27:35Z,Kitting,KIT03,error,PLC,E310 STARVED - no product at infeed photo-eye for 60s
2026-09-29T15:28:05Z,Assembly,ASM05,info,PLC,Master reset - line restart
2026-09-29T15:28:25Z,Molding,MLD07,info,MES,Hourly production: pass=2006 fail=189 yield=97.9%
2026-09-29T15:28:37Z,Coating,COT02,info,HMI,Alarm E310 acknowledged by operator
2026-09-29T15:29:16Z,Assembly,ASM02,warn,PLC,Infeed conveyor low - upstream supply degraded
2026-09-29T15:29:59Z,Kitting,KIT08,info,PLC,Product present at infeed - auto restart
2026-09-29T15:30:35Z,Assembly,ASM05,info,PLC,Ramp to rate complete (3200 uph)
2026-09-29T15:31:04Z,Kitting,KIT03,info,HMI,Alarm E310 acknowledged by operator
2026-09-29T15:31:04Z,Kitting,KIT04,warn,PLC,Torque limit warning - infeed screw drive
2026-09-29T15:31:07Z,Kitting,KIT04,warn,PLC,Infeed backlog high - accumulation table at 85%
2026-09-29T15:32:58Z,Assembly,ASM02,error,PLC,E310 STARVED - no product at infeed photo-eye for 60s
2026-09-29T15:33:39Z,Coating,COT02,info,PLC,Product present at infeed - auto restart
2026-09-29T15:33:50Z,Kitting,KIT04,error,PLC,E201 INFEED JAM - line stopped by PLC interlock
2026-09-29T15:35:35Z,Kitting,KIT04,info,HMI,Alarm E201 acknowledged by operator
2026-09-29T15:35:44Z,Assembly,ASM02,info,HMI,Alarm E310 acknowledged by operator
2026-09-29T15:36:30Z,Kitting,KIT05,info,MES,Hourly production: pass=2548 fail=254 yield=97.8%
2026-09-29T15:38:29Z,Coating,COT01,warn,PLC,Infeed backlog high - accumulation table at 85%
2026-09-29T15:38:40Z,Molding,MLD06,warn,VIS,Vision reject rate high: rolling 15 min at 3.9% (limit 3.0%)
2026-09-29T15:41:57Z,Assembly,ASM01,warn,PLC,Infeed conveyor low - upstream supply degraded
2026-09-29T15:42:18Z,Coating,COT01,warn,PLC,Torque limit warning - infeed screw drive
2026-09-29T15:42:21Z,Molding,MLD04,info,MES,PM task complete: lubrication / inspection checklist
2026-09-29T15:42:59Z,Coating,COT01,error,PLC,E201 INFEED JAM - line stopped by PLC interlock
2026-09-29T15:43:08Z,Kitting,KIT04,info,HMI,Jam cleared - guards closed
2026-09-29T15:43:32Z,Kitting,KIT05,warn,PLC,Servo temperature high warning - capper axis (78 C)
2026-09-29T15:43:53Z,Molding,MLD06,warn,VIS,Camera 2 calibration drift detected - contrast margin low
2026-09-29T15:44:41Z,Kitting,KIT05,warn,PLC,Discharge back-pressure rising - downstream accumulation at 90%
2026-09-29T15:44:59Z,Molding,MLD06,info,MES,Hourly production: pass=2575 fail=111 yield=98.5%
2026-09-29T15:45:01Z,Kitting,KIT03,info,PLC,Product present at infeed - auto restart
2026-09-29T15:45:10Z,Molding,MLD06,error,MES,QUALITY HOLD - lot paused pending QA disposition
2026-09-29T15:45:28Z,Kitting,KIT04,info,PLC,Fault reset - line restart
2026-09-29T15:45:33Z,Packaging,PKG06,warn,VIS,Camera 2 calibration drift detected - contrast margin low
2026-09-29T15:46:14Z,Coating,COT01,info,HMI,Alarm E201 acknowledged by operator
2026-09-29T15:46:37Z,Kitting,KIT04,info,MES,Hourly production: pass=1912 fail=46 yield=97.7%
2026-09-29T15:46:41Z,Assembly,ASM01,error,PLC,E310 STARVED - no product at infeed photo-eye for 60s
2026-09-29T15:46:48Z,Molding,MLD05,info,MES,Recipe change queued: SKU-3007 -> SKU-2311
2026-09-29T15:46:50Z,Packaging,PKG07,info,PLC,Recipe SKU-1042 downloaded to PLC - parameters verified
2026-09-29T15:46:50Z,Assembly,ASM02,info,PLC,Product present at infeed - auto restart
2026-09-29T15:47:10Z,Packaging,PKG06,warn,VIS,Vision reject rate high: rolling 15 min at 6.0% (limit 3.0%)
2026-09-29T15:47:28Z,Kitting,KIT04,info,PLC,Ramp to rate complete (3300 uph)
2026-09-29T15:47:47Z,Packaging,PKG08,info,MES,Hourly production: pass=2819 fail=262 yield=89.6%
2026-09-29T15:48:19Z,Assembly,ASM01,info,HMI,Alarm E310 acknowledged by operator
2026-09-29T15:48:41Z,Coating,COT03,info,MES,Hourly production: pass=1599 fail=240 yield=92.6%
2026-09-29T15:49:12Z,Kitting,KIT05,error,PLC,"E311 BLOCKED - discharge full, line paused"
2026-09-29T15:49:29Z,Kitting,KIT08,info,MES,Hourly production: pass=2658 fail=270 yield=97.4%
2026-09-29T15:50:01Z,Coating,COT03,warn,PLC,Discharge back-pressure rising - downstream accumulation at 90%
2026-09-29T15:50:07Z,Packaging,PKG06,error,MES,QUALITY HOLD - lot paused pending QA disposition
2026-09-29T15:51:04Z,Molding,MLD05,warn,VIS,Vision reject burst: 5 consecutive rejects - self-cleared
2026-09-29T15:52:12Z,Packaging,PKG05,info,MES,Recipe change queued: SKU-1179 -> SKU-3007
2026-09-29T15:53:11Z,Coating,COT03,error,PLC,"E311 BLOCKED - discharge full, line paused"
2026-09-29T15:54:19Z,Packaging,PKG05,info,MES,Hourly production: pass=3335 fail=25 yield=92.3%
2026-09-29T15:54:25Z,Kitting,KIT05,info,PLC,Downstream cleared - auto restart
2026-09-29T15:54:48Z,Assembly,ASM01,info,PLC,Product present at infeed - auto restart
2026-09-29T15:56:43Z,Molding,MLD07,warn,PLC,Infeed backlog high - accumulation table at 85%
2026-09-29T15:57:12Z,Molding,MLD05,info,MES,Change over started - line clearance in progress
2026-09-29T15:57:12Z,Molding,MLD05,info,PLC,Guard door opened - operator station 1
2026-09-29T15:57:21Z,Molding,MLD03,info,MES,Hourly production: pass=3370 fail=36 yield=95.2%
2026-09-29T15:58:50Z,Coating,COT03,info,PLC,Downstream cleared - auto restart
2026-09-29T15:59:11Z,Molding,MLD06,info,MES,QA sampling in progress - 32 pc AQL pull
2026-09-29T16:00:17Z,Coating,COT01,info,HMI,Jam cleared - guards closed
2026-09-29T16:00:31Z,Packaging,PKG04,warn,PLC,Torque limit warning - infeed screw drive
2026-09-29T16:00:32Z,Packaging,PKG04,warn,PLC,Infeed backlog high - accumulation table at 85%
2026-09-29T16:00:59Z,Molding,MLD07,warn,PLC,Torque limit warning - infeed screw drive
2026-09-29T16:01:47Z,Packaging,PKG04,error,PLC,E201 INFEED JAM - line stopped by PLC interlock
2026-09-29T16:01:48Z,Kitting,KIT04,warn,VIS,Vision reject burst: 12 consecutive rejects - self-cleared
2026-09-29T16:02:34Z,Assembly,ASM05,info,MES,Hourly production: pass=1517 fail=184 yield=94.3%
2026-09-29T16:02:41Z,Molding,MLD07,error,PLC,E201 INFEED JAM - line stopped by PLC interlock
2026-09-29T16:02:41Z,Packaging,PKG05,info,MES,Change over started - line clearance in progress
2026-09-29T16:02:41Z,Packaging,PKG05,info,PLC,Guard door opened - operator station 1
2026-09-29T16:02:44Z,Kitting,KIT03,info,MES,Recipe change queued: SKU-1042 -> SKU-2044
2026-09-29T16:02:47Z,Coating,COT03,warn,VIS,Vision reject burst: 9 consecutive rejects - self-cleared
2026-09-29T16:03:15Z,Molding,MLD03,warn,PLC,Torque limit warning - infeed screw drive
2026-09-29T16:03:19Z,Kitting,KIT08,warn,PLC,Infeed conveyor low - upstream supply degraded
2026-09-29T16:03:38Z,Packaging,PKG04,info,HMI,Alarm E201 acknowledged by operator
2026-09-29T16:04:09Z,Packaging,PKG07,info,PLC,Master reset - line restart
2026-09-29T16:04:20Z,Coating,COT02,warn,VIS,Vision reject burst: 9 consecutive rejects - self-cleared
2026-09-29T16:04:37Z,Coating,COT01,info,PLC,Fault reset - line restart
2026-09-29T16:05:31Z,Molding,MLD03,warn,PLC,Infeed backlog high - accumulation table at 85%
2026-09-29T16:05:36Z,Kitting,KIT08,error,PLC,E310 STARVED - no product at infeed photo-eye for 60s
2026-09-29T16:06:26Z,Molding,MLD07,info,HMI,Alarm E201 acknowledged by operator
2026-09-29T16:06:37Z,Coating,COT01,info,PLC,Ramp to rate complete (2400 uph)
2026-09-29T16:06:39Z,Packaging,PKG07,info,PLC,Ramp to rate complete (2400 uph)
2026-09-29T16:06:45Z,Molding,MLD03,error,PLC,E201 INFEED JAM - line stopped by PLC interlock
2026-09-29T16:07:44Z,Packaging,PKG06,info,MES,QA sampling in progress - 32 pc AQL pull
2026-09-29T16:07:58Z,Packaging,PKG08,warn,HMI,Operator sign-in timeout - line paused (break / shift relief)
2026-09-29T16:08:04Z,Kitting,KIT08,info,HMI,Alarm E310 acknowledged by operator
2026-09-29T16:09:52Z,Molding,MLD03,info,HMI,Alarm E201 acknowledged by operator
2026-09-29T16:10:11Z,Assembly,ASM01,info,MES,Hourly production: pass=3055 fail=248 yield=91.9%
2026-09-29T16:10:18Z,Molding,MLD05,info,MES,Line clearance checklist item complete: infeed cleared
2026-09-29T16:11:03Z,Packaging,PKG05,info,MES,Line clearance checklist item complete: infeed cleared
2026-09-29T16:11:36Z,Packaging,PKG04,info,HMI,Jam cleared - guards closed
2026-09-29T16:12:07Z,Kitting,KIT03,info,MES,Change over started - line clearance in progress
2026-09-29T16:12:07Z,Kitting,KIT03,info,PLC,Guard door opened - operator station 1
2026-09-29T16:12:29Z,Kitting,KIT07,info,MES,Hourly production: pass=2095 fail=286 yield=93.7%
2026-09-29T16:13:12Z,Molding,MLD06,info,MES,"QA disposition: RELEASE - hold lifted, line restart"
2026-09-29T16:13:51Z,Kitting,KIT07,warn,PLC,Infeed conveyor low - upstream supply degraded
2026-09-29T16:14:04Z,Packaging,PKG04,info,PLC,Fault reset - line restart
2026-09-29T16:14:59Z,Assembly,ASM02,info,MES,Hourly production: pass=3250 fail=254 yield=91.9%
2026-09-29T16:16:04Z,Packaging,PKG04,info,PLC,Ramp to rate complete (3000 uph)
2026-09-29T16:16:11Z,Packaging,PKG04,info,MES,Hourly production: pass=1740 fail=195 yield=89.1%
2026-09-29T16:16:44Z,Coating,COT01,info,MES,Hourly production: pass=3376 fail=53 yield=88.0%
2026-09-29T16:17:43Z,Kitting,KIT07,error,PLC,E310 STARVED - no product at infeed photo-eye for 60s
2026-09-29T16:17:59Z,Kitting,KIT08,info,PLC,Product present at infeed - auto restart
2026-09-29T16:18:03Z,Assembly,ASM01,warn,PLC,Servo temperature high warning - capper axis (78 C)
2026-09-29T16:19:40Z,Coating,COT02,warn,HMI,Operator sign-in timeout - line paused (break / shift relief)
2026-09-29T16:20:31Z,Assembly,ASM05,info,MES,Recipe change queued: SKU-1042 -> SKU-2311
2026-09-29T16:21:07Z,Kitting,KIT05,warn,HMI,Operator sign-in timeout - line paused (break / shift relief)
2026-09-29T16:21:13Z,Kitting,KIT07,info,HMI,Alarm E310 acknowledged by operator
2026-09-29T16:22:41Z,Molding,MLD07,info,HMI,Jam cleared - guards closed
2026-09-29T16:23:01Z,Kitting,KIT04,info,MES,Hourly production: pass=2563 fail=45 yield=90.4%
2026-09-29T16:23:21Z,Molding,MLD03,info,HMI,Jam cleared - guards closed
2026-09-29T16:23:35Z,Packaging,PKG05,info,MES,Line clearance checklist item complete: reject bin verified empty
2026-09-29T16:25:22Z,Packaging,PKG06,info,MES,"QA disposition: RELEASE - hold lifted, line restart"
2026-09-29T16:26:27Z,Packaging,PKG07,info,MES,PM work order WO-41942 scheduled - line will stop at end of current lot
2026-09-29T16:27:11Z,Packaging,PKG06,warn,VIS,Vision reject burst: 7 consecutive rejects - self-cleared
2026-09-29T16:27:30Z,Molding,MLD03,info,PLC,Fault reset - line restart
2026-09-29T16:27:41Z,Molding,MLD07,info,PLC,Fault reset - line restart
2026-09-29T16:29:06Z,Kitting,KIT03,info,MES,Line clearance checklist item complete: infeed cleared
2026-09-29T16:29:30Z,Molding,MLD03,info,PLC,Ramp to rate complete (2800 uph)
2026-09-29T16:29:41Z,Molding,MLD07,info,PLC,Ramp to rate complete (2600 uph)
2026-09-29T16:29:56Z,Molding,MLD05,info,MES,Line clearance checklist item complete: reject bin verified empty
2026-09-29T16:30:19Z,Assembly,ASM05,info,MES,Change over started - line clearance in progress
2026-09-29T16:30:19Z,Assembly,ASM05,info,PLC,Guard door opened - operator station 1
2026-09-29T16:30:26Z,Molding,MLD06,warn,VIS,Vision reject burst: 5 consecutive rejects - self-cleared
2026-09-29T16:30:31Z,Coating,COT02,info,HMI,Operator D.Okafor signed in - line restart
2026-09-29T16:31:01Z,Molding,MLD07,info,MES,Hourly production: pass=3311 fail=218 yield=94.5%
2026-09-29T16:31:17Z,Packaging,PKG06,info,MES,Hourly production: pass=1951 fail=294 yield=93.4%
2026-09-29T16:33:08Z,Molding,MLD06,info,MES,Hourly production: pass=2559 fail=88 yield=94.2%
2026-09-29T16:33:33Z,Packaging,PKG08,info,HMI,Operator J.Alvarez signed in - line restart
2026-09-29T16:35:12Z,Kitting,KIT07,info,PLC,Product present at infeed - auto restart
2026-09-29T16:36:08Z,Packaging,PKG05,info,PLC,Recipe SKU-1179 downloaded to PLC - parameters verified
2026-09-29T16:38:12Z,Kitting,KIT05,info,HMI,Operator D.Okafor signed in - line restart
2026-09-29T16:41:35Z,Packaging,PKG07,info,MES,Hourly production: pass=3143 fail=64 yield=98.0%
2026-09-29T16:42:17Z,Assembly,ASM05,info,MES,Line clearance checklist item complete: infeed cleared
2026-09-29T16:42:17Z,Molding,MLD03,warn,PLC,Servo temperature high warning - capper axis (78 C)
2026-09-29T16:44:29Z,Packaging,PKG05,info,PLC,Master reset - line restart
2026-09-29T16:46:06Z,Packaging,PKG07,info,MES,Scheduled downtime started - PM work order WO-48720
2026-09-29T16:46:06Z,Packaging,PKG07,warn,PLC,LOTO applied - energy isolation verified
2026-09-29T16:46:17Z,Coating,COT02,info,MES,Hourly production: pass=2715 fail=176 yield=88.4%
2026-09-29T16:46:59Z,Packaging,PKG05,info,PLC,Ramp to rate complete (2600 uph)
2026-09-29T16:47:56Z,Molding,MLD04,info,PLC,LOTO removed
2026-09-29T16:49:34Z,Molding,MLD05,info,PLC,Recipe SKU-3007 downloaded to PLC - parameters verified
2026-09-29T16:49:56Z,Molding,MLD04,info,PLC,Master reset - line restart
2026-09-29T16:51:09Z,Coating,COT03,warn,PLC,Discharge back-pressure rising - downstream accumulation at 90%
2026-09-29T16:52:07Z,Molding,MLD03,warn,VIS,Vision reject rate high: rolling 15 min at 4.1% (limit 3.0%)
2026-09-29T16:52:55Z,Assembly,ASM02,warn,VIS,Vision reject burst: 10 consecutive rejects - self-cleared
2026-09-29T16:54:01Z,Assembly,ASM02,info,MES,Recipe change queued: SKU-2311 -> SKU-2044
2026-09-29T16:54:02Z,Coating,COT01,error,PLC,E001 E-STOP PRESSED - operator station 2 - safety circuit open
2026-09-29T16:54:32Z,Coating,COT03,info,MES,Hourly production: pass=2620 fail=190 yield=98.0%
2026-09-29T16:54:35Z,Kitting,KIT03,info,MES,Line clearance checklist item complete: reject bin verified empty
2026-09-29T16:54:46Z,Coating,COT03,error,PLC,"E311 BLOCKED - discharge full, line paused"
2026-09-29T16:54:49Z,Molding,MLD03,warn,VIS,Camera 2 calibration drift detected - contrast margin low
2026-09-29T16:55:47Z,Packaging,PKG08,info,MES,Hourly production: pass=2464 fail=55 yield=88.4%
2026-09-29T16:56:47Z,Coating,COT01,info,HMI,E-stop reset - safety circuit closed
2026-09-29T16:57:35Z,Molding,MLD03,error,MES,QUALITY HOLD - lot paused pending QA disposition
2026-09-29T16:57:51Z,Packaging,PKG04,warn,VIS,Vision reject burst: 9 consecutive rejects - self-cleared
2026-09-29T16:59:33Z,Coating,COT01,info,PLC,Safety reset complete - master reset - line restart
2026-09-29T17:00:11Z,Coating,COT02,warn,PLC,Infeed conveyor low - upstream supply degraded
2026-09-29T17:00:13Z,Assembly,ASM05,info,MES,Line clearance checklist item complete: reject bin verified empty
2026-09-29T17:01:12Z,Kitting,KIT08,warn,VIS,Camera 2 calibration drift detected - contrast margin low
2026-09-29T17:01:30Z,Molding,MLD04,info,MES,Hourly production: pass=3042 fail=74 yield=94.0%
2026-09-29T17:01:36Z,Kitting,KIT08,warn,VIS,Vision reject rate high: rolling 15 min at 5.0% (limit 3.0%)
2026-09-29T17:01:53Z,Packaging,PKG06,info,MES,Hourly production: pass=2500 fail=120 yield=93.3%
2026-09-29T17:02:39Z,Molding,MLD05,info,PLC,Master reset - line restart
2026-09-29T17:03:18Z,Coating,COT03,info,PLC,Downstream cleared - auto restart
2026-09-29T17:04:04Z,Packaging,PKG06,error,PLC,E001 E-STOP PRESSED - operator station 2 - safety circuit open
2026-09-29T17:04:05Z,Packaging,PKG08,info,MES,Hourly production: pass=3339 fail=158 yield=92.0%
2026-09-29T17:04:23Z,Coating,COT02,error,PLC,E310 STARVED - no product at infeed photo-eye for 60s
2026-09-29T17:05:09Z,Molding,MLD05,info,PLC,Ramp to rate complete (2900 uph)
2026-09-29T17:05:39Z,Packaging,PKG06,info,HMI,E-stop reset - safety circuit closed
2026-09-29T17:06:02Z,Coating,COT01,info,MES,Hourly production: pass=1928 fail=174 yield=91.9%
2026-09-29T17:06:08Z,Kitting,KIT08,error,MES,QUALITY HOLD - lot paused pending QA disposition
2026-09-29T17:06:33Z,Assembly,ASM02,info,MES,Change over started - line clearance in progress
2026-09-29T17:06:33Z,Assembly,ASM02,info,PLC,Guard door opened - operator station 1
2026-09-29T17:07:04Z,Coating,COT02,info,HMI,Alarm E310 acknowledged by operator
2026-09-29T17:07:08Z,Kitting,KIT05,info,MES,Hourly production: pass=2145 fail=211 yield=88.2%
2026-09-29T17:07:10Z,Kitting,KIT05,warn,VIS,Vision reject burst: 9 consecutive rejects - self-cleared
2026-09-29T17:07:13Z,Packaging,PKG06,info,PLC,Safety reset complete - master reset - line restart
2026-09-29T17:09:33Z,Kitting,KIT04,warn,PLC,Infeed conveyor low - upstream supply degraded
2026-09-29T17:10:48Z,Kitting,KIT04,error,PLC,E310 STARVED - no product at infeed photo-eye for 60s
2026-09-29T17:11:00Z,Kitting,KIT05,warn,HMI,Operator sign-in timeout - line paused (break / shift relief)
2026-09-29T17:11:26Z,Coating,COT01,warn,VIS,Vision reject burst: 12 consecutive rejects - self-cleared
2026-09-29T17:12:18Z,Kitting,KIT04,info,HMI,Alarm E310 acknowledged by operator
2026-09-29T17:12:19Z,Molding,MLD07,info,MES,Hourly production: pass=2300 fail=78 yield=90.1%
2026-09-29T17:12:51Z,Kitting,KIT07,warn,PLC,Infeed conveyor low - upstream supply degraded
2026-09-29T17:13:03Z,Molding,MLD06,info,MES,Hourly production: pass=1795 fail=201 yield=88.6%
2026-09-29T17:16:37Z,Packaging,PKG07,info,MES,PM task complete: lubrication / inspection checklist
2026-09-29T17:16:58Z,Kitting,KIT07,error,PLC,E310 STARVED - no product at infeed photo-eye for 60s
2026-09-29T17:17:50Z,Coating,COT02,info,PLC,Product present at infeed - auto restart
2026-09-29T17:18:07Z,Packaging,PKG08,error,PLC,E001 E-STOP PRESSED - operator station 2 - safety circuit open
2026-09-29T17:18:09Z,Assembly,ASM05,info,PLC,Recipe SKU-2311 downloaded to PLC - parameters verified
2026-09-29T17:18:12Z,Kitting,KIT07,info,HMI,Alarm E310 acknowledged by operator
2026-09-29T17:18:20Z,Kitting,KIT04,info,PLC,Product present at infeed - auto restart
2026-09-29T17:18:55Z,Molding,MLD03,info,MES,QA sampling in progress - 32 pc AQL pull
2026-09-29T17:19:23Z,Kitting,KIT08,info,MES,QA sampling in progress - 32 pc AQL pull
2026-09-29T17:20:04Z,Kitting,KIT03,info,PLC,Recipe SKU-2044 downloaded to PLC - parameters verified
2026-09-29T17:20:41Z,Assembly,ASM02,info,MES,Line clearance checklist item complete: infeed cleared
2026-09-29T17:20:44Z,Assembly,ASM01,warn,PLC,Infeed conveyor low - upstream supply degraded
2026-09-29T17:20:48Z,Coating,COT02,warn,VIS,Vision reject burst: 4 consecutive rejects - self-cleared
2026-09-29T17:22:34Z,Packaging,PKG08,info,HMI,E-stop reset - safety circuit closed
2026-09-29T17:23:05Z,Kitting,KIT07,info,PLC,Product present at infeed - auto restart
2026-09-29T17:23:24Z,Coating,COT01,warn,PLC,Discharge back-pressure rising - downstream accumulation at 90%
2026-09-29T17:24:03Z,Assembly,ASM01,error,PLC,E310 STARVED - no product at infeed photo-eye for 60s
2026-09-29T17:25:06Z,Coating,COT03,warn,VIS,Vision reject burst: 9 consecutive rejects - self-cleared
2026-09-29T17:25:36Z,Assembly,ASM01,info,HMI,Alarm E310 acknowledged by operator
2026-09-29T17:26:37Z,Coating,COT01,error,PLC,"E311 BLOCKED - discharge full, line paused"
2026-09-29T17:27:01Z,Packaging,PKG08,info,PLC,Safety reset complete - master reset - line restart
2026-09-29T17:28:30Z,Molding,MLD06,warn,PLC,Discharge back-pressure rising - downstream accumulation at 90%
2026-09-29T17:30:07Z,Assembly,ASM05,info,PLC,Master reset - line restart
2026-09-29T17:30:36Z,Packaging,PKG05,error,PLC,E001 E-STOP PRESSED - operator station 2 - safety circuit open
2026-09-29T17:31:48Z,Assembly,ASM01,info,PLC,Product present at infeed - auto restart
2026-09-29T17:32:37Z,Assembly,ASM05,info,PLC,Ramp to rate complete (3200 uph)
2026-09-29T17:32:38Z,Kitting,KIT08,info,MES,"QA disposition: RELEASE - hold lifted, line restart"
2026-09-29T17:32:42Z,Molding,MLD06,error,PLC,"E311 BLOCKED - discharge full, line paused"
2026-09-29T17:33:01Z,Packaging,PKG04,warn,HMI,Operator sign-in timeout - line paused (break / shift relief)
2026-09-29T17:34:01Z,Packaging,PKG05,info,HMI,E-stop reset - safety circuit closed
2026-09-29T17:37:04Z,Kitting,KIT03,info,PLC,Master reset - line restart
2026-09-29T17:37:20Z,Coating,COT01,info,PLC,Downstream cleared - auto restart
2026-09-29T17:37:26Z,Packaging,PKG05,info,PLC,Safety reset complete - master reset - line restart
2026-09-29T17:37:56Z,Molding,MLD05,warn,PLC,Infeed conveyor low - upstream supply degraded
2026-09-29T17:38:19Z,Kitting,KIT05,info,HMI,Operator K.Simmons signed in - line restart
2026-09-29T17:39:27Z,Molding,MLD05,info,MES,Hourly production: pass=1590 fail=47 yield=97.4%
2026-09-29T17:39:32Z,Molding,MLD05,error,PLC,E310 STARVED - no product at infeed photo-eye for 60s
2026-09-29T17:39:34Z,Kitting,KIT03,info,PLC,Ramp to rate complete (3000 uph)
2026-09-29T17:40:03Z,Kitting,KIT03,info,MES,Hourly production: pass=3290 fail=189 yield=93.4%
2026-09-29T17:40:14Z,Molding,MLD03,info,MES,"QA disposition: RELEASE - hold lifted, line restart"
2026-09-29T17:41:33Z,Molding,MLD05,info,HMI,Alarm E310 acknowledged by operator
2026-09-29T17:41:51Z,Molding,MLD06,info,PLC,Downstream cleared - auto restart
2026-09-29T17:41:53Z,Assembly,ASM02,info,MES,Line clearance checklist item complete: reject bin verified empty
2026-09-29T17:43:28Z,Kitting,KIT04,info,MES,Hourly production: pass=2821 fail=27 yield=90.5%
2026-09-29T17:43:30Z,Kitting,KIT07,info,MES,Hourly production: pass=2473 fail=31 yield=89.8%
2026-09-29T17:45:09Z,Packaging,PKG07,info,PLC,LOTO removed
2026-09-29T17:45:13Z,Assembly,ASM01,info,MES,Hourly production: pass=3143 fail=86 yield=88.1%
2026-09-29T17:47:09Z,Packaging,PKG07,info,PLC,Master reset - line restart
2026-09-29T17:48:46Z,Molding,MLD07,warn,PLC,Infeed backlog high - accumulation table at 85%
2026-09-29T17:49:37Z,Molding,MLD05,info,PLC,Product present at infeed - auto restart
2026-09-29T17:51:25Z,Packaging,PKG08,info,MES,Recipe change queued: SKU-1179 -> SKU-2044
2026-09-29T17:52:03Z,Assembly,ASM05,info,MES,Hourly production: pass=3060 fail=68 yield=98.8%
2026-09-29T17:52:09Z,Molding,MLD04,warn,VIS,Vision reject burst: 6 consecutive rejects - self-cleared
2026-09-29T17:52:54Z,Assembly,ASM01,warn,PLC,Servo temperature high warning - capper axis (78 C)
2026-09-29T17:54:23Z,Molding,MLD03,info,MES,Hourly production: pass=2078 fail=163 yield=94.3%
2026-09-29T17:54:28Z,Molding,MLD07,warn,PLC,Torque limit warning - infeed screw drive
2026-09-29T17:55:07Z,Molding,MLD07,error,PLC,E201 INFEED JAM - line stopped by PLC interlock
2026-09-29T17:55:38Z,Packaging,PKG04,info,HMI,Operator J.Alvarez signed in - line restart
2026-09-29T17:55:52Z,Kitting,KIT08,warn,PLC,Servo temperature high warning - capper axis (78 C)
2026-09-29T17:57:03Z,Packaging,PKG07,warn,VIS,Vision reject burst: 5 consecutive rejects - self-cleared
2026-09-29T17:57:12Z,Coating,COT03,info,MES,Hourly production: pass=2390 fail=36 yield=92.5%
2026-09-29T17:57:55Z,Kitting,KIT04,warn,VIS,Vision reject burst: 10 consecutive rejects - self-cleared
2026-09-29T17:58:00Z,Molding,MLD07,info,HMI,Alarm E201 acknowledged by operator
2026-09-29T18:02:22Z,Kitting,KIT05,warn,VIS,Vision reject burst: 9 consecutive rejects - self-cleared
2026-09-29T18:02:40Z,Coating,COT02,info,MES,Hourly production: pass=2500 fail=290 yield=97.3%
2026-09-29T18:02:54Z,Kitting,KIT08,info,MES,Hourly production: pass=1625 fail=209 yield=94.1%
2026-09-29T18:02:54Z,Molding,MLD04,warn,PLC,Torque limit warning - infeed screw drive
2026-09-29T18:03:04Z,Assembly,ASM02,info,PLC,Recipe SKU-3007 downloaded to PLC - parameters verified
2026-09-29T18:03:17Z,Molding,MLD04,warn,PLC,Infeed backlog high - accumulation table at 85%
2026-09-29T18:04:49Z,Molding,MLD04,error,PLC,E201 INFEED JAM - line stopped by PLC interlock
2026-09-29T18:06:05Z,Packaging,PKG08,info,MES,Change over started - line clearance in progress
2026-09-29T18:06:05Z,Packaging,PKG08,info,PLC,Guard door opened - operator station 1
2026-09-29T18:06:47Z,Molding,MLD04,info,HMI,Alarm E201 acknowledged by operator
2026-09-29T18:08:14Z,Assembly,ASM01,warn,HMI,Operator sign-in timeout - line paused (break / shift relief)
2026-09-29T18:10:32Z,Molding,MLD07,info,HMI,Jam cleared - guards closed
2026-09-29T18:10:54Z,Molding,MLD06,info,MES,Hourly production: pass=2380 fail=186 yield=96.9%
2026-09-29T18:11:47Z,Coating,COT01,info,MES,Recipe change queued: SKU-2311 -> SKU-1042
2026-09-29T18:12:18Z,Kitting,KIT07,info,MES,Hourly production: pass=2188 fail=273 yield=98.3%
2026-09-29T18:14:24Z,Molding,MLD07,info,PLC,Fault reset - line restart
2026-09-29T18:15:21Z,Molding,MLD04,info,HMI,Jam cleared - guards closed
2026-09-29T18:15:40Z,Kitting,KIT03,warn,PLC,Torque limit warning - infeed screw drive
2026-09-29T18:16:07Z,Packaging,PKG08,info,MES,Line clearance checklist item complete: infeed cleared
2026-09-29T18:16:24Z,Molding,MLD07,info,PLC,Ramp to rate complete (2600 uph)
2026-09-29T18:16:37Z,Molding,MLD07,info,MES,Hourly production: pass=3369 fail=40 yield=95.5%
2026-09-29T18:16:46Z,Packaging,PKG05,info,MES,Recipe change queued: SKU-2311 -> SKU-3007
2026-09-29T18:16:49Z,Kitting,KIT03,warn,PLC,Infeed backlog high - accumulation table at 85%
2026-09-29T18:17:12Z,Assembly,ASM02,info,PLC,Master reset - line restart
2026-09-29T18:17:26Z,Coating,COT01,info,MES,Hourly production: pass=3338 fail=114 yield=98.2%
2026-09-29T18:17:59Z,Molding,MLD04,info,PLC,Fault reset - line restart
2026-09-29T18:19:11Z,Kitting,KIT05,info,MES,Hourly production: pass=2673 fail=119 yield=88.3%
2026-09-29T18:19:32Z,Kitting,KIT03,error,PLC,E201 INFEED JAM - line stopped by PLC interlock
2026-09-29T18:19:42Z,Assembly,ASM02,info,PLC,Ramp to rate complete (3000 uph)
2026-09-29T18:19:59Z,Molding,MLD04,info,PLC,Ramp to rate complete (3300 uph)
2026-09-29T18:22:51Z,Kitting,KIT03,info,HMI,Alarm E201 acknowledged by operator
2026-09-29T18:22:53Z,Assembly,ASM01,info,HMI,Operator T.Nguyen signed in - line restart
2026-09-29T18:23:17Z,Packaging,PKG04,info,MES,Hourly production: pass=2470 fail=37 yield=89.7%
2026-09-29T18:24:39Z,Packaging,PKG05,info,MES,Change over started - line clearance in progress
2026-09-29T18:24:39Z,Packaging,PKG05,info,PLC,Guard door opened - operator station 1
2026-09-29T18:25:27Z,Kitting,KIT05,info,MES,Operator M.Chen signed in at station 1
2026-09-29T18:25:46Z,Coating,COT03,warn,HMI,Operator sign-in timeout - line paused (break / shift relief)
2026-09-29T18:25:56Z,Coating,COT01,info,MES,Change over started - line clearance in progress
2026-09-29T18:25:56Z,Coating,COT01,info,PLC,Guard door opened - operator station 1
2026-09-29T18:26:50Z,Kitting,KIT07,warn,PLC,Discharge back-pressure rising - downstream accumulation at 90%
2026-09-29T18:28:20Z,Kitting,KIT07,error,PLC,"E311 BLOCKED - discharge full, line paused"
2026-09-29T18:29:24Z,Molding,MLD05,info,MES,Hourly production: pass=2825 fail=135 yield=94.0%
2026-09-29T18:30:20Z,Molding,MLD04,info,MES,Hourly production: pass=1644 fail=76 yield=90.7%
2026-09-29T18:31:10Z,Packaging,PKG08,info,MES,Line clearance checklist item complete: reject bin verified empty
2026-09-29T18:32:08Z,Assembly,ASM02,info,MES,Hourly production: pass=2269 fail=123 yield=98.5%
2026-09-29T18:32:09Z,Assembly,ASM05,warn,HMI,Operator sign-in timeout - line paused (break / shift relief)
2026-09-29T18:33:33Z,Assembly,ASM02,info,MES,Operator J.Alvarez signed in at station 1
2026-09-29T18:34:11Z,Kitting,KIT04,info,MES,Hourly production: pass=1876 fail=235 yield=91.6%
2026-09-29T18:34:23Z,Coating,COT01,info,MES,Line clearance checklist item complete: infeed cleared
2026-09-29T18:35:34Z,Assembly,ASM02,warn,VIS,Vision reject burst: 5 consecutive rejects - self-cleared
2026-09-29T18:36:05Z,Packaging,PKG06,warn,VIS,Vision reject rate high: rolling 15 min at 4.0% (limit 3.0%)
2026-09-29T18:36:12Z,Packaging,PKG06,warn,VIS,Camera 2 calibration drift detected - contrast margin low
2026-09-29T18:37:07Z,Packaging,PKG05,info,MES,Line clearance checklist item complete: infeed cleared
2026-09-29T18:37:17Z,Kitting,KIT03,info,HMI,Jam cleared - guards closed
2026-09-29T18:40:20Z,Molding,MLD05,info,MES,Recipe change queued: SKU-3007 -> SKU-2311
2026-09-29T18:40:38Z,Kitting,KIT07,info,PLC,Downstream cleared - auto restart
2026-09-29T18:40:41Z,Packaging,PKG06,error,MES,QUALITY HOLD - lot paused pending QA disposition
2026-09-29T18:41:33Z,Molding,MLD03,info,MES,Hourly production: pass=2623 fail=224 yield=98.2%
2026-09-29T18:41:43Z,Kitting,KIT03,info,PLC,Fault reset - line restart
2026-09-29T18:42:36Z,Kitting,KIT04,warn,HMI,Operator sign-in timeout - line paused (break / shift relief)
2026-09-29T18:43:09Z,Packaging,PKG07,warn,PLC,Infeed conveyor low - upstream supply degraded
2026-09-29T18:43:43Z,Kitting,KIT03,info,PLC,Ramp to rate complete (3000 uph)
2026-09-29T18:44:16Z,Kitting,KIT08,warn,PLC,Infeed conveyor low - upstream supply degraded
2026-09-29T18:44:22Z,Packaging,PKG07,info,MES,Hourly production: pass=3075 fail=74 yield=96.1%
2026-09-29T18:45:01Z,Molding,MLD07,warn,VIS,Vision reject burst: 5 consecutive rejects - self-cleared
2026-09-29T18:46:13Z,Packaging,PKG08,info,PLC,Recipe SKU-2311 downloaded to PLC - parameters verified
2026-09-29T18:46:52Z,Kitting,KIT08,error,PLC,E310 STARVED - no product at infeed photo-eye for 60s
2026-09-29T18:47:02Z,Coating,COT01,info,MES,Line clearance checklist item complete: reject bin verified empty
2026-09-29T18:47:04Z,Coating,COT02,warn,PLC,Infeed backlog high - accumulation table at 85%
2026-09-29T18:47:18Z,Packaging,PKG07,error,PLC,E310 STARVED - no product at infeed photo-eye for 60s
2026-09-29T18:47:35Z,Packaging,PKG04,info,MES,Operator J.Alvarez signed in at station 1
2026-09-29T18:49:07Z,Kitting,KIT08,info,HMI,Alarm E310 acknowledged by operator
2026-09-29T18:49:21Z,Coating,COT02,warn,PLC,Torque limit warning - infeed screw drive
2026-09-29T18:49:48Z,Molding,MLD05,info,MES,Change over started - line clearance in progress
2026-09-29T18:49:48Z,Molding,MLD05,info,PLC,Guard door opened - operator station 1
2026-09-29T18:50:06Z,Packaging,PKG07,info,HMI,Alarm E310 acknowledged by operator
2026-09-29T18:50:41Z,Assembly,ASM02,warn,PLC,Servo temperature high warning - capper axis (78 C)
2026-09-29T18:50:46Z,Coating,COT03,info,HMI,Operator D.Okafor signed in - line restart
2026-09-29T18:51:00Z,Assembly,ASM05,info,HMI,Operator D.Okafor signed in - line restart
2026-09-29T18:51:46Z,Packaging,PKG06,info,MES,QA sampling in progress - 32 pc AQL pull
2026-09-29T18:52:25Z,Molding,MLD07,info,MES,Operator J.Alvarez signed in at station 1
2026-09-29T18:52:28Z,Coating,COT02,error,PLC,E201 INFEED JAM - line stopped by PLC interlock
2026-09-29T18:52:45Z,Coating,COT03,info,MES,Hourly production: pass=2259 fail=85 yield=88.8%
2026-09-29T18:52:53Z,Assembly,ASM01,info,MES,Hourly production: pass=2303 fail=36 yield=95.7%
2026-09-29T18:53:08Z,Coating,COT02,info,HMI,Alarm E201 acknowledged by operator
2026-09-29T18:55:51Z,Packaging,PKG05,info,MES,Line clearance checklist item complete: reject bin verified empty
2026-09-29T18:56:02Z,Coating,COT02,info,HMI,Jam cleared - guards closed
2026-09-29T18:56:15Z,Packaging,PKG08,info,PLC,Master reset - line restart
2026-09-29T18:56:29Z,Kitting,KIT05,info,MES,Recipe change queued: SKU-2044 -> SKU-2044
2026-09-29T18:56:55Z,Coating,COT02,info,PLC,Fault reset - line restart
2026-09-29T18:58:03Z,Kitting,KIT08,info,PLC,Product present at infeed - auto restart
2026-09-29T18:58:45Z,Packaging,PKG08,info,PLC,Ramp to rate complete (3200 uph)
2026-09-29T18:58:55Z,Coating,COT02,info,PLC,Ramp to rate complete (3200 uph)
2026-09-29T18:59:42Z,Coating,COT01,info,PLC,Recipe SKU-2311 downloaded to PLC - parameters verified
2026-09-29T19:01:18Z,Packaging,PKG07,info,PLC,Product present at infeed - auto restart
2026-09-29T19:01:23Z,Molding,MLD05,info,MES,Line clearance checklist item complete: infeed cleared
2026-09-29T19:02:29Z,Kitting,KIT05,info,MES,Change over started - line clearance in progress
2026-09-29T19:02:29Z,Kitting,KIT05,info,PLC,Guard door opened - operator station 1
2026-09-29T19:02:50Z,Packaging,PKG06,info,MES,"QA disposition: RELEASE - hold lifted, line restart"
2026-09-29T19:03:02Z,Molding,MLD04,error,PLC,E001 E-STOP PRESSED - operator station 2 - safety circuit open
2026-09-29T19:06:09Z,Molding,MLD06,warn,PLC,Servo temperature high warning - capper axis (78 C)
2026-09-29T19:06:36Z,Molding,MLD04,info,HMI,E-stop reset - safety circuit closed
2026-09-29T19:07:29Z,Kitting,KIT04,info,HMI,Operator J.Alvarez signed in - line restart
2026-09-29T19:07:55Z,Packaging,PKG04,error,PLC,E001 E-STOP PRESSED - operator station 2 - safety circuit open
2026-09-29T19:08:09Z,Coating,COT01,info,PLC,Master reset - line restart
2026-09-29T19:08:15Z,Molding,MLD03,info,MES,Hourly production: pass=3374 fail=76 yield=97.3%
2026-09-29T19:10:10Z,Molding,MLD04,info,PLC,Safety reset complete - master reset - line restart
2026-09-29T19:10:39Z,Coating,COT01,info,PLC,Ramp to rate complete (2400 uph)
2026-09-29T19:10:42Z,Packaging,PKG04,info,HMI,E-stop reset - safety circuit closed
2026-09-29T19:12:09Z,Assembly,ASM02,warn,VIS,Vision reject rate high: rolling 15 min at 3.8% (limit 3.0%)
2026-09-29T19:12:21Z,Molding,MLD03,warn,VIS,Vision reject rate high: rolling 15 min at 5.5% (limit 3.0%)
2026-09-29T19:12:24Z,Molding,MLD06,warn,PLC,Infeed backlog high - accumulation table at 85%
2026-09-29T19:13:29Z,Packaging,PKG04,info,PLC,Safety reset complete - master reset - line restart
2026-09-29T19:13:39Z,Molding,MLD03,warn,VIS,Camera 2 calibration drift detected - contrast margin low
2026-09-29T19:13:50Z,Kitting,KIT03,warn,PLC,Infeed conveyor low - upstream supply degraded
2026-09-29T19:14:34Z,Packaging,PKG05,info,PLC,Recipe SKU-2044 downloaded to PLC - parameters verified
2026-09-29T19:14:34Z,Kitting,KIT05,info,MES,Line clearance checklist item complete: infeed cleared
2026-09-29T19:14:46Z,Molding,MLD06,warn,PLC,Torque limit warning - infeed screw drive
2026-09-29T19:14:47Z,Molding,MLD03,error,MES,QUALITY HOLD - lot paused pending QA disposition
2026-09-29T19:15:13Z,Kitting,KIT03,error,PLC,E310 STARVED - no product at infeed photo-eye for 60s
2026-09-29T19:15:18Z,Assembly,ASM02,warn,VIS,Vision reject burst: 8 consecutive rejects - self-cleared
2026-09-29T19:15:34Z,Molding,MLD06,error,PLC,E201 INFEED JAM - line stopped by PLC interlock
2026-09-29T19:16:34Z,Kitting,KIT03,info,HMI,Alarm E310 acknowledged by operator
2026-09-29T19:17:09Z,Coating,COT03,warn,HMI,Operator sign-in timeout - line paused (break / shift relief)
2026-09-29T19:17:40Z,Assembly,ASM02,warn,VIS,Camera 2 calibration drift detected - contrast margin low
2026-09-29T19:18:34Z,Molding,MLD06,info,HMI,Alarm E201 acknowledged by operator
2026-09-29T19:18:46Z,Molding,MLD05,info,MES,Line clearance checklist item complete: reject bin verified empty
2026-09-29T19:19:23Z,Molding,MLD07,warn,PLC,Infeed backlog high - accumulation table at 85%
2026-09-29T19:19:43Z,Kitting,KIT08,info,MES,Recipe change queued: SKU-1179 -> SKU-1179
2026-09-29T19:20:03Z,Assembly,ASM02,error,MES,QUALITY HOLD - lot paused pending QA disposition
2026-09-29T19:20:14Z,Packaging,PKG06,info,MES,Hourly production: pass=2281 fail=94 yield=94.9%
2026-09-29T19:21:07Z,Packaging,PKG07,info,MES,Hourly production: pass=3256 fail=258 yield=92.0%
2026-09-29T19:21:27Z,Coating,COT01,warn,VIS,Vision reject burst: 4 consecutive rejects - self-cleared
2026-09-29T19:21:29Z,Coating,COT01,warn,PLC,Servo temperature high warning - capper axis (78 C)
2026-09-29T19:21:56Z,Kitting,KIT03,info,PLC,Product present at infeed - auto restart
2026-09-29T19:22:58Z,Kitting,KIT04,info,MES,Hourly production: pass=2105 fail=242 yield=96.9%
2026-09-29T19:23:28Z,Packaging,PKG08,info,MES,Operator D.Okafor signed in at station 1
2026-09-29T19:23:28Z,Kitting,KIT07,warn,PLC,Torque limit warning - infeed screw drive
2026-09-29T19:23:39Z,Coating,COT02,info,MES,Hourly production: pass=1962 fail=145 yield=91.0%
2026-09-29T19:24:39Z,Molding,MLD07,warn,PLC,Torque limit warning - infeed screw drive
2026-09-29T19:24:44Z,Kitting,KIT07,warn,PLC,Infeed backlog high - accumulation table at 85%
2026-09-29T19:24:55Z,Coating,COT01,info,MES,PM work order WO-44757 scheduled - line will stop at end of current lot
2026-09-29T19:25:45Z,Molding,MLD07,error,PLC,E201 INFEED JAM - line stopped by PLC interlock
2026-09-29T19:26:12Z,Kitting,KIT07,error,PLC,E201 INFEED JAM - line stopped by PLC interlock
2026-09-29T19:26:49Z,Kitting,KIT07,info,HMI,Alarm E201 acknowledged by operator
2026-09-29T19:27:03Z,Packaging,PKG05,info,PLC,Master reset - line restart
2026-09-29T19:27:34Z,Molding,MLD07,info,HMI,Alarm E201 acknowledged by operator
2026-09-29T19:27:40Z,Molding,MLD04,warn,PLC,Servo temperature high warning - capper axis (78 C)
2026-09-29T19:28:45Z,Assembly,ASM02,info,MES,QA sampling in progress - 32 pc AQL pull
2026-09-29T19:29:26Z,Kitting,KIT07,info,HMI,Jam cleared - guards closed
2026-09-29T19:29:33Z,Packaging,PKG05,info,PLC,Ramp to rate complete (2600 uph)
2026-09-29T19:29:51Z,Kitting,KIT08,info,MES,Change over started - line clearance in progress
2026-09-29T19:29:51Z,Kitting,KIT08,info,PLC,Guard door opened - operator station 1
2026-09-29T19:30:14Z,Kitting,KIT07,info,PLC,Fault reset - line restart
2026-09-29T19:30:47Z,Assembly,ASM05,info,MES,Hourly production: pass=2982 fail=263 yield=92.4%
2026-09-29T19:31:33Z,Molding,MLD06,info,HMI,Jam cleared - guards closed
2026-09-29T19:31:39Z,Molding,MLD03,info,MES,QA sampling in progress - 32 pc AQL pull
2026-09-29T19:32:14Z,Kitting,KIT07,info,PLC,Ramp to rate complete (3000 uph)
2026-09-29T19:32:41Z,Kitting,KIT05,info,MES,Line clearance checklist item complete: reject bin verified empty
2026-09-29T19:33:42Z,Packaging,PKG05,info,MES,Hourly production: pass=2965 fail=168 yield=94.7%
2026-09-29T19:34:56Z,Coating,COT03,info,HMI,Operator M.Chen signed in - line restart
2026-09-29T19:35:08Z,Packaging,PKG08,info,MES,Hourly production: pass=1557 fail=207 yield=88.6%
2026-09-29T19:35:26Z,Molding,MLD07,info,HMI,Jam cleared - guards closed
2026-09-29T19:35:32Z,Molding,MLD06,info,PLC,Fault reset - line restart
2026-09-29T19:35:57Z,Coating,COT01,info,MES,Scheduled downtime started - PM work order WO-47366
2026-09-29T19:35:57Z,Coating,COT01,warn,PLC,LOTO applied - energy isolation verified
2026-09-29T19:36:09Z,Molding,MLD05,info,PLC,Recipe SKU-1179 downloaded to PLC - parameters verified
2026-09-29T19:36:37Z,Coating,COT03,info,MES,Hourly production: pass=1966 fail=225 yield=89.5%
2026-09-29T19:36:58Z,Assembly,ASM01,info,MES,Recipe change queued: SKU-2044 -> SKU-2044
2026-09-29T19:37:26Z,Assembly,ASM02,info,MES,"QA disposition: RELEASE - hold lifted, line restart"
2026-09-29T19:37:32Z,Molding,MLD06,info,PLC,Ramp to rate complete (2700 uph)
2026-09-29T19:37:51Z,Molding,MLD07,info,PLC,Fault reset - line restart
2026-09-29T19:39:51Z,Molding,MLD07,info,PLC,Ramp to rate complete (2600 uph)
2026-09-29T19:40:22Z,Kitting,KIT08,info,MES,Line clearance checklist item complete: infeed cleared
2026-09-29T19:42:11Z,Kitting,KIT03,warn,PLC,Infeed backlog high - accumulation table at 85%
2026-09-29T19:43:06Z,Assembly,ASM01,info,MES,Change over started - line clearance in progress
2026-09-29T19:43:06Z,Assembly,ASM01,info,PLC,Guard door opened - operator station 1
2026-09-29T19:44:43Z,Kitting,KIT03,warn,PLC,Torque limit warning - infeed screw drive
2026-09-29T19:45:34Z,Assembly,ASM02,info,MES,Hourly production: pass=1972 fail=227 yield=96.5%
2026-09-29T19:47:05Z,Coating,COT02,info,MES,PM work order WO-44061 scheduled - line will stop at end of current lot
2026-09-29T19:47:26Z,Packaging,PKG08,warn,PLC,Servo temperature high warning - capper axis (78 C)
2026-09-29T19:47:27Z,Kitting,KIT03,error,PLC,E201 INFEED JAM - line stopped by PLC interlock
2026-09-29T19:47:44Z,Molding,MLD05,info,PLC,Master reset - line restart
2026-09-29T19:48:14Z,Kitting,KIT03,info,HMI,Alarm E201 acknowledged by operator
2026-09-29T19:48:32Z,Molding,MLD03,info,MES,"QA disposition: RELEASE - hold lifted, line restart"
2026-09-29T19:49:29Z,Assembly,ASM01,info,MES,Line clearance checklist item complete: infeed cleared
2026-09-29T19:50:14Z,Molding,MLD05,info,PLC,Ramp to rate complete (2900 uph)
2026-09-29T19:50:20Z,Kitting,KIT07,info,MES,Operator D.Okafor signed in at station 1
2026-09-29T19:50:49Z,Kitting,KIT05,info,PLC,Recipe SKU-3007 downloaded to PLC - parameters verified
2026-09-29T19:51:21Z,Packaging,PKG08,error,PLC,E001 E-STOP PRESSED - operator station 2 - safety circuit open
2026-09-29T19:51:37Z,Kitting,KIT03,info,HMI,Jam cleared - guards closed
2026-09-29T19:52:39Z,Molding,MLD07,info,MES,Hourly production: pass=2242 fail=226 yield=91.9%
2026-09-29T19:52:40Z,Kitting,KIT03,info,PLC,Fault reset - line restart
2026-09-29T19:53:14Z,Packaging,PKG08,info,HMI,E-stop reset - safety circuit closed
2026-09-29T19:53:58Z,Packaging,PKG04,info,MES,Hourly production: pass=2506 fail=161 yield=88.9%
2026-09-29T19:54:31Z,Kitting,KIT07,info,MES,Hourly production: pass=3399 fail=216 yield=88.6%
2026-09-29T19:54:40Z,Kitting,KIT03,info,PLC,Ramp to rate complete (3000 uph)
2026-09-29T19:55:07Z,Packaging,PKG08,info,PLC,Safety reset complete - master reset - line restart
2026-09-29T19:56:09Z,Kitting,KIT08,info,MES,Line clearance checklist item complete: reject bin verified empty
2026-09-29T19:56:14Z,Kitting,KIT03,info,MES,Hourly production: pass=2946 fail=157 yield=95.6%
2026-09-29T19:57:35Z,Molding,MLD05,info,MES,Hourly production: pass=2625 fail=40 yield=95.3%
2026-09-29T19:59:03Z,Assembly,ASM01,info,MES,Line clearance checklist item complete: reject bin verified empty
2026-09-29T20:01:29Z,Packaging,PKG08,warn,PLC,Servo temperature high warning - capper axis (78 C)
2026-09-29T20:01:57Z,Kitting,KIT03,info,MES,Hourly production: pass=2628 fail=147 yield=97.4%
2026-09-29T20:02:54Z,Kitting,KIT05,info,PLC,Master reset - line restart
2026-09-29T20:03:14Z,Assembly,ASM05,info,MES,Hourly production: pass=3016 fail=22 yield=95.3%
2026-09-29T20:03:35Z,Packaging,PKG05,info,MES,Recipe change queued: SKU-1179 -> SKU-2044
2026-09-29T20:05:05Z,Packaging,PKG06,info,MES,Hourly production: pass=3233 fail=118 yield=88.6%
2026-09-29T20:05:24Z,Kitting,KIT05,info,PLC,Ramp to rate complete (2900 uph)
2026-09-29T20:06:03Z,Packaging,PKG04,info,MES,PM work order WO-42927 scheduled - line will stop at end of current lot
2026-09-29T20:07:14Z,Packaging,PKG05,info,MES,Hourly production: pass=2827 fail=193 yield=94.1%
2026-09-29T20:08:36Z,Assembly,ASM01,info,PLC,Recipe SKU-1042 downloaded to PLC - parameters verified
2026-09-29T20:10:04Z,Assembly,ASM05,warn,PLC,Infeed backlog high - accumulation table at 85%
2026-09-29T20:11:41Z,Assembly,ASM05,warn,PLC,Torque limit warning - infeed screw drive
2026-09-29T20:11:54Z,Coating,COT02,info,MES,Scheduled downtime started - PM work order WO-44232
2026-09-29T20:11:54Z,Coating,COT02,warn,PLC,LOTO applied - energy isolation verified
2026-09-29T20:11:56Z,Kitting,KIT08,info,PLC,Recipe SKU-3007 downloaded to PLC - parameters verified
2026-09-29T20:12:09Z,Molding,MLD04,info,MES,Hourly production: pass=2048 fail=287 yield=95.8%
2026-09-29T20:12:13Z,Assembly,ASM05,error,PLC,E201 INFEED JAM - line stopped by PLC interlock
2026-09-29T20:13:06Z,Packaging,PKG05,info,MES,Change over started - line clearance in progress
2026-09-29T20:13:06Z,Packaging,PKG05,info,PLC,Guard door opened - operator station 1
2026-09-29T20:13:31Z,Assembly,ASM05,info,HMI,Alarm E201 acknowledged by operator
2026-09-29T20:14:57Z,Packaging,PKG07,error,PLC,E001 E-STOP PRESSED - operator station 2 - safety circuit open
2026-09-29T20:14:59Z,Assembly,ASM01,info,PLC,Master reset - line restart
2026-09-29T20:15:15Z,Molding,MLD07,info,MES,Hourly production: pass=1873 fail=248 yield=92.7%
2026-09-29T20:17:29Z,Assembly,ASM01,info,PLC,Ramp to rate complete (3400 uph)
2026-09-29T20:18:33Z,Packaging,PKG07,info,HMI,E-stop reset - safety circuit closed
2026-09-29T20:18:53Z,Molding,MLD05,info,MES,Hourly production: pass=2445 fail=109 yield=96.5%
2026-09-29T20:19:11Z,Assembly,ASM05,info,HMI,Jam cleared - guards closed
2026-09-29T20:20:36Z,Coating,COT03,warn,PLC,Infeed backlog high - accumulation table at 85%
2026-09-29T20:20:55Z,Assembly,ASM05,info,PLC,Fault reset - line restart
2026-09-29T20:20:58Z,Molding,MLD04,warn,PLC,Infeed conveyor low - upstream supply degraded
2026-09-29T20:21:03Z,Kitting,KIT07,warn,PLC,Infeed conveyor low - upstream supply degraded
2026-09-29T20:21:42Z,Packaging,PKG06,warn,HMI,Operator sign-in timeout - line paused (break / shift relief)
2026-09-29T20:22:08Z,Packaging,PKG07,info,PLC,Safety reset complete - master reset - line restart
2026-09-29T20:22:13Z,Kitting,KIT07,info,MES,Hourly production: pass=1941 fail=230 yield=92.9%
2026-09-29T20:22:28Z,Kitting,KIT08,info,PLC,Master reset - line restart
2026-09-29T20:22:36Z,Coating,COT03,warn,PLC,Torque limit warning - infeed screw drive
2026-09-29T20:22:43Z,Kitting,KIT05,info,MES,PM work order WO-49456 scheduled - line will stop at end of current lot
2026-09-29T20:22:55Z,Assembly,ASM05,info,PLC,Ramp to rate complete (3200 uph)
2026-09-29T20:23:21Z,Molding,MLD06,error,PLC,E001 E-STOP PRESSED - operator station 2 - safety circuit open
2026-09-29T20:23:40Z,Kitting,KIT04,error,PLC,E001 E-STOP PRESSED - operator station 2 - safety circuit open
2026-09-29T20:24:26Z,Kitting,KIT07,error,PLC,E310 STARVED - no product at infeed photo-eye for 60s
2026-09-29T20:24:36Z,Assembly,ASM01,info,MES,Hourly production: pass=2829 fail=186 yield=94.3%
2026-09-29T20:24:46Z,Packaging,PKG05,info,MES,Line clearance checklist item complete: infeed cleared
2026-09-29T20:24:58Z,Kitting,KIT08,info,PLC,Ramp to rate complete (3100 uph)
2026-09-29T20:25:18Z,Molding,MLD03,warn,PLC,Discharge back-pressure rising - downstream accumulation at 90%
2026-09-29T20:25:38Z,Kitting,KIT08,warn,VIS,Vision reject burst: 5 consecutive rejects - self-cleared
2026-09-29T20:25:42Z,Molding,MLD04,error,PLC,E310 STARVED - no product at infeed photo-eye for 60s
2026-09-29T20:25:57Z,Packaging,PKG04,info,MES,Hourly production: pass=1630 fail=199 yield=88.2%
2026-09-29T20:25:58Z,Molding,MLD06,info,HMI,E-stop reset - safety circuit closed
2026-09-29T20:26:04Z,Coating,COT03,error,PLC,E201 INFEED JAM - line stopped by PLC interlock
2026-09-29T20:26:22Z,Kitting,KIT07,info,HMI,Alarm E310 acknowledged by operator
2026-09-29T20:27:41Z,Kitting,KIT04,info,HMI,E-stop reset - safety circuit closed
2026-09-29T20:28:26Z,Coating,COT03,info,HMI,Alarm E201 acknowledged by operator
2026-09-29T20:28:30Z,Molding,MLD04,info,HMI,Alarm E310 acknowledged by operator
2026-09-29T20:28:36Z,Molding,MLD06,info,PLC,Safety reset complete - master reset - line restart
2026-09-29T20:29:44Z,Molding,MLD03,error,PLC,"E311 BLOCKED - discharge full, line paused"
2026-09-29T20:30:01Z,Molding,MLD06,warn,VIS,Vision reject burst: 11 consecutive rejects - self-cleared
2026-09-29T20:31:41Z,Kitting,KIT04,info,PLC,Safety reset complete - master reset - line restart
2026-09-29T20:33:19Z,Kitting,KIT04,info,MES,Hourly production: pass=3277 fail=165 yield=93.5%
2026-09-29T20:34:08Z,Molding,MLD07,info,MES,Recipe change queued: SKU-1179 -> SKU-3007
2026-09-29T20:34:08Z,Kitting,KIT07,info,PLC,Product present at infeed - auto restart
2026-09-29T20:34:52Z,Molding,MLD03,info,PLC,Downstream cleared - auto restart
2026-09-29T20:35:25Z,Packaging,PKG04,info,MES,Scheduled downtime started - PM work order WO-45538
2026-09-29T20:35:25Z,Packaging,PKG04,warn,PLC,LOTO applied - energy isolation verified
2026-09-29T20:35:59Z,Packaging,PKG08,warn,PLC,Infeed backlog high - accumulation table at 85%
2026-09-29T20:36:11Z,Packaging,PKG08,info,MES,Hourly production: pass=2467 fail=26 yield=88.7%
2026-09-29T20:36:14Z,Packaging,PKG06,info,HMI,Operator K.Simmons signed in - line restart
2026-09-29T20:37:58Z,Packaging,PKG08,warn,PLC,Torque limit warning - infeed screw drive
2026-09-29T20:38:04Z,Assembly,ASM02,info,MES,Operator K.Simmons signed in at station 1
2026-09-29T20:38:41Z,Coating,COT03,info,HMI,Jam cleared - guards closed
2026-09-29T20:38:57Z,Assembly,ASM02,info,MES,Hourly production: pass=3374 fail=157 yield=89.1%
2026-09-29T20:39:45Z,Molding,MLD04,info,PLC,Product present at infeed - auto restart
2026-09-29T20:40:02Z,Assembly,ASM01,warn,HMI,Operator sign-in timeout - line paused (break / shift relief)
2026-09-29T20:40:11Z,Packaging,PKG08,error,PLC,E201 INFEED JAM - line stopped by PLC interlock
2026-09-29T20:41:51Z,Coating,COT03,info,PLC,Fault reset - line restart
2026-09-29T20:41:54Z,Packaging,PKG08,info,HMI,Alarm E201 acknowledged by operator
2026-09-29T20:42:16Z,Packaging,PKG05,info,MES,Line clearance checklist item complete: reject bin verified empty
2026-09-29T20:42:36Z,Kitting,KIT03,info,MES,PM work order WO-41387 scheduled - line will stop at end of current lot
2026-09-29T20:43:01Z,Molding,MLD07,info,MES,Change over started - line clearance in progress
2026-09-29T20:43:01Z,Molding,MLD07,info,PLC,Guard door opened - operator station 1
2026-09-29T20:43:50Z,Molding,MLD04,warn,VIS,Vision reject burst: 6 consecutive rejects - self-cleared
2026-09-29T20:43:51Z,Coating,COT03,info,PLC,Ramp to rate complete (3000 uph)
2026-09-29T20:46:51Z,Kitting,KIT05,info,MES,Scheduled downtime started - PM work order WO-46118
2026-09-29T20:46:51Z,Kitting,KIT05,warn,PLC,LOTO applied - energy isolation verified
2026-09-29T20:49:22Z,Packaging,PKG08,info,HMI,Jam cleared - guards closed
2026-09-29T20:51:22Z,Packaging,PKG07,info,MES,Hourly production: pass=1723 fail=271 yield=93.1%
2026-09-29T20:51:39Z,Packaging,PKG08,info,PLC,Fault reset - line restart
2026-09-29T20:51:59Z,Molding,MLD07,info,MES,Line clearance checklist item complete: infeed cleared
2026-09-29T20:52:17Z,Assembly,ASM02,warn,VIS,Vision reject rate high: rolling 15 min at 4.8% (limit 3.0%)
2026-09-29T20:52:56Z,Assembly,ASM05,warn,VIS,Vision reject burst: 10 consecutive rejects - self-cleared
2026-09-29T20:53:11Z,Assembly,ASM02,warn,VIS,Camera 2 calibration drift detected - contrast margin low
2026-09-29T20:53:39Z,Packaging,PKG08,info,PLC,Ramp to rate complete (3200 uph)
2026-09-29T20:54:18Z,Molding,MLD05,warn,VIS,Vision reject burst: 9 consecutive rejects - self-cleared
2026-09-29T20:54:41Z,Coating,COT03,info,MES,Hourly production: pass=2586 fail=169 yield=90.3%
2026-09-29T20:56:30Z,Assembly,ASM02,error,MES,QUALITY HOLD - lot paused pending QA disposition
2026-09-29T20:59:46Z,Packaging,PKG05,info,PLC,Recipe SKU-2311 downloaded to PLC - parameters verified
2026-09-29T21:00:31Z,Assembly,ASM01,info,HMI,Operator M.Chen signed in - line restart
2026-09-29T21:01:41Z,Kitting,KIT03,info,MES,Scheduled downtime started - PM work order WO-41471
2026-09-29T21:01:41Z,Kitting,KIT03,warn,PLC,LOTO applied - energy isolation verified
2026-09-29T21:05:27Z,Molding,MLD07,info,MES,Line clearance checklist item complete: reject bin verified empty
2026-09-29T21:06:53Z,Molding,MLD05,warn,HMI,Operator sign-in timeout - line paused (break / shift relief)
2026-09-29T21:09:23Z,Assembly,ASM05,warn,VIS,Vision reject burst: 12 consecutive rejects - self-cleared
2026-09-29T21:09:40Z,Assembly,ASM02,info,MES,QA sampling in progress - 32 pc AQL pull
2026-09-29T21:10:33Z,Packaging,PKG08,warn,VIS,Vision reject burst: 10 consecutive rejects - self-cleared
2026-09-29T21:10:45Z,Kitting,KIT07,info,MES,Hourly production: pass=2133 fail=44 yield=94.3%
2026-09-29T21:11:26Z,Packaging,PKG05,info,PLC,Master reset - line restart
2026-09-29T21:11:26Z,Assembly,ASM05,info,MES,Hourly production: pass=1873 fail=21 yield=90.1%
2026-09-29T21:13:30Z,Packaging,PKG07,info,MES,Hourly production: pass=2826 fail=222 yield=91.9%
2026-09-29T21:13:49Z,Kitting,KIT07,info,MES,PM work order WO-44428 scheduled - line will stop at end of current lot
2026-09-29T21:13:54Z,Molding,MLD03,warn,VIS,Vision reject rate high: rolling 15 min at 4.1% (limit 3.0%)
2026-09-29T21:13:56Z,Packaging,PKG05,info,PLC,Ramp to rate complete (2600 uph)
2026-09-29T21:15:57Z,Assembly,ASM05,info,MES,Recipe change queued: SKU-2044 -> SKU-2044
2026-09-29T21:17:14Z,Molding,MLD04,warn,PLC,Infeed backlog high - accumulation table at 85%
2026-09-29T21:17:35Z,Molding,MLD03,warn,VIS,Camera 2 calibration drift detected - contrast margin low
2026-09-29T21:18:54Z,Molding,MLD07,info,PLC,Recipe SKU-1042 downloaded to PLC - parameters verified
2026-09-29T21:20:09Z,Molding,MLD04,warn,PLC,Torque limit warning - infeed screw drive
2026-09-29T21:20:15Z,Kitting,KIT08,info,MES,Hourly production: pass=2401 fail=76 yield=91.2%
2026-09-29T21:21:50Z,Molding,MLD03,error,MES,QUALITY HOLD - lot paused pending QA disposition
2026-09-29T21:22:05Z,Molding,MLD04,error,PLC,E201 INFEED JAM - line stopped by PLC interlock
2026-09-29T21:22:49Z,Assembly,ASM02,info,MES,"QA disposition: RELEASE - hold lifted, line restart"
2026-09-29T21:23:36Z,Molding,MLD04,info,HMI,Alarm E201 acknowledged by operator
2026-09-29T21:26:39Z,Packaging,PKG05,info,MES,Hourly production: pass=2837 fail=172 yield=92.9%
2026-09-29T21:27:47Z,Assembly,ASM02,info,MES,Hourly production: pass=2042 fail=124 yield=89.1%
2026-09-29T21:27:52Z,Molding,MLD07,info,PLC,Master reset - line restart
2026-09-29T21:28:20Z,Packaging,PKG08,info,MES,Hourly production: pass=3296 fail=83 yield=95.7%
2026-09-29T21:28:58Z,Assembly,ASM05,info,MES,Change over started - line clearance in progress
2026-09-29T21:28:58Z,Assembly,ASM05,info,PLC,Guard door opened - operator station 1
2026-09-29T21:29:09Z,Coating,COT03,info,MES,Operator D.Okafor signed in at station 1
2026-09-29T21:30:11Z,Molding,MLD04,info,HMI,Jam cleared - guards closed
2026-09-29T21:30:22Z,Molding,MLD07,info,PLC,Ramp to rate complete (2600 uph)
2026-09-29T21:30:39Z,Packaging,PKG06,info,MES,Recipe change queued: SKU-1179 -> SKU-2311
2026-09-29T21:30:39Z,Assembly,ASM01,info,MES,Hourly production: pass=2021 fail=204 yield=98.5%
2026-09-29T21:30:59Z,Coating,COT01,info,MES,PM task complete: lubrication / inspection checklist
2026-09-29T21:30:59Z,Molding,MLD06,info,MES,Operator J.Alvarez signed in at station 1
2026-09-29T21:32:12Z,Molding,MLD04,info,PLC,Fault reset - line restart
2026-09-29T21:32:54Z,Molding,MLD05,info,HMI,Operator M.Chen signed in - line restart
2026-09-29T21:34:09Z,Kitting,KIT07,info,MES,Scheduled downtime started - PM work order WO-47570
2026-09-29T21:34:09Z,Kitting,KIT07,warn,PLC,LOTO applied - energy isolation verified
2026-09-29T21:34:12Z,Molding,MLD04,info,PLC,Ramp to rate complete (3300 uph)
2026-09-29T21:34:13Z,Molding,MLD07,warn,PLC,Servo temperature high warning - capper axis (78 C)
2026-09-29T21:35:33Z,Packaging,PKG06,info,MES,Hourly production: pass=3072 fail=176 yield=94.6%
2026-09-29T21:35:46Z,Molding,MLD07,info,MES,Operator M.Chen signed in at station 1
2026-09-29T21:36:49Z,Coating,COT02,info,MES,PM task complete: lubrication / inspection checklist
2026-09-29T21:38:34Z,Molding,MLD03,info,MES,QA sampling in progress - 32 pc AQL pull
2026-09-29T21:39:38Z,Coating,COT03,info,MES,Hourly production: pass=1950 fail=282 yield=88.9%
2026-09-29T21:39:48Z,Packaging,PKG07,warn,PLC,Infeed backlog high - accumulation table at 85%
2026-09-29T21:41:22Z,Assembly,ASM05,info,MES,Line clearance checklist item complete: infeed cleared
2026-09-29T21:41:30Z,Packaging,PKG04,info,MES,PM task complete: lubrication / inspection checklist
2026-09-29T21:42:36Z,Packaging,PKG07,warn,PLC,Torque limit warning - infeed screw drive
2026-09-29T21:43:48Z,Coating,COT03,info,MES,Recipe change queued: SKU-1042 -> SKU-2044
2026-09-29T21:45:04Z,Packaging,PKG06,info,MES,Change over started - line clearance in progress
2026-09-29T21:45:04Z,Packaging,PKG06,info,PLC,Guard door opened - operator station 1
2026-09-29T21:46:23Z,Packaging,PKG07,error,PLC,E201 INFEED JAM - line stopped by PLC interlock
2026-09-29T21:48:11Z,Kitting,KIT04,info,MES,Hourly production: pass=1970 fail=108 yield=89.7%
2026-09-29T21:48:17Z,Packaging,PKG07,info,HMI,Alarm E201 acknowledged by operator
2026-09-29T21:49:23Z,Kitting,KIT04,warn,PLC,Discharge back-pressure rising - downstream accumulation at 90%
2026-09-29T21:49:55Z,Molding,MLD05,info,MES,Hourly production: pass=2068 fail=275 yield=97.2%
2026-09-29T21:49:56Z,Molding,MLD06,info,MES,Hourly production: pass=3152 fail=148 yield=88.3%
2026-09-29T21:51:04Z,Molding,MLD04,info,MES,Hourly production: pass=2275 fail=29 yield=95.2%
2026-09-29T21:51:16Z,Coating,COT03,info,MES,Change over started - line clearance in progress
2026-09-29T21:51:16Z,Coating,COT03,info,PLC,Guard door opened - operator station 1
2026-09-29T21:51:53Z,Kitting,KIT05,info,MES,PM task complete: lubrication / inspection checklist
2026-09-29T21:52:44Z,Kitting,KIT08,warn,PLC,Discharge back-pressure rising - downstream accumulation at 90%
2026-09-29T21:53:09Z,Kitting,KIT04,error,PLC,"E311 BLOCKED - discharge full, line paused"
2026-09-29T21:55:18Z,Molding,MLD03,info,MES,"QA disposition: RELEASE - hold lifted, line restart"
2026-09-29T21:55:35Z,Kitting,KIT08,error,PLC,"E311 BLOCKED - discharge full, line paused"
2026-09-29T21:56:29Z,Packaging,PKG07,info,HMI,Jam cleared - guards closed
2026-09-29T21:56:58Z,Molding,MLD06,warn,PLC,Discharge back-pressure rising - downstream accumulation at 90%
2026-09-29T21:58:10Z,Molding,MLD07,info,MES,Hourly production: pass=2039 fail=32 yield=97.0%
2026-09-29T21:59:01Z,Packaging,PKG07,info,PLC,Fault reset - line restart
2026-09-29T21:59:57Z,Assembly,ASM05,info,MES,Line clearance checklist item complete: reject bin verified empty
2026-09-29T22:00:27Z,Molding,MLD06,error,PLC,"E311 BLOCKED - discharge full, line paused"
2026-09-29T22:01:01Z,Packaging,PKG07,info,PLC,Ramp to rate complete (2400 uph)
2026-09-29T22:01:51Z,Packaging,PKG06,info,MES,Line clearance checklist item complete: infeed cleared
2026-09-29T22:03:05Z,Coating,COT03,info,MES,Line clearance checklist item complete: infeed cleared
2026-09-29T22:03:48Z,Molding,MLD07,info,MES,Hourly production: pass=2233 fail=152 yield=89.2%
2026-09-29T22:03:59Z,Assembly,ASM01,warn,PLC,Infeed backlog high - accumulation table at 85%
2026-09-29T22:04:15Z,Kitting,KIT04,info,PLC,Downstream cleared - auto restart
2026-09-29T22:04:48Z,Packaging,PKG08,info,MES,Recipe change queued: SKU-2311 -> SKU-2311
2026-09-29T22:05:38Z,Molding,MLD06,info,PLC,Downstream cleared - auto restart
2026-09-29T22:06:33Z,Molding,MLD07,warn,PLC,Servo temperature high warning - capper axis (78 C)
2026-09-29T22:07:32Z,Assembly,ASM01,warn,PLC,Torque limit warning - infeed screw drive
2026-09-29T22:08:09Z,Kitting,KIT08,info,PLC,Downstream cleared - auto restart
2026-09-29T22:08:33Z,Assembly,ASM01,error,PLC,E201 INFEED JAM - line stopped by PLC interlock
2026-09-29T22:09:06Z,Packaging,PKG07,info,MES,Hourly production: pass=3285 fail=199 yield=94.5%
2026-09-29T22:10:49Z,Assembly,ASM01,info,HMI,Alarm E201 acknowledged by operator
2026-09-29T22:12:50Z,Molding,MLD04,info,MES,Hourly production: pass=2215 fail=98 yield=89.1%
2026-09-29T22:15:39Z,Molding,MLD03,info,MES,Hourly production: pass=2831 fail=175 yield=90.8%
2026-09-29T22:17:26Z,Packaging,PKG08,info,MES,Hourly production: pass=3249 fail=41 yield=97.3%
2026-09-29T22:18:32Z,Assembly,ASM05,info,PLC,Recipe SKU-3007 downloaded to PLC - parameters verified
2026-09-29T22:18:48Z,Packaging,PKG08,info,MES,Change over started - line clearance in progress
2026-09-29T22:18:48Z,Packaging,PKG08,info,PLC,Guard door opened - operator station 1
2026-09-29T22:20:04Z,Packaging,PKG05,warn,PLC,Infeed backlog high - accumulation table at 85%
2026-09-29T22:20:35Z,Assembly,ASM01,info,HMI,Jam cleared - guards closed
2026-09-29T22:20:48Z,Coating,COT03,info,MES,Line clearance checklist item complete: reject bin verified empty
2026-09-29T22:23:05Z,Molding,MLD04,warn,VIS,Vision reject rate high: rolling 15 min at 6.0% (limit 3.0%)
2026-09-29T22:23:21Z,Molding,MLD04,warn,VIS,Camera 2 calibration drift detected - contrast margin low
2026-09-29T22:23:35Z,Assembly,ASM01,info,PLC,Fault reset - line restart
2026-09-29T22:24:38Z,Packaging,PKG05,warn,PLC,Torque limit warning - infeed screw drive
2026-09-29T22:25:35Z,Assembly,ASM01,info,PLC,Ramp to rate complete (3400 uph)
2026-09-29T22:25:45Z,Packaging,PKG05,error,PLC,E201 INFEED JAM - line stopped by PLC interlock
2026-09-29T22:26:02Z,Molding,MLD04,error,MES,QUALITY HOLD - lot paused pending QA disposition
2026-09-29T22:26:43Z,Packaging,PKG08,info,MES,Line clearance checklist item complete: infeed cleared
2026-09-29T22:27:01Z,Packaging,PKG06,info,MES,Line clearance checklist item complete: reject bin verified empty
2026-09-29T22:27:43Z,Molding,MLD03,info,MES,Recipe change queued: SKU-2044 -> SKU-1179
2026-09-29T22:27:45Z,Kitting,KIT08,info,MES,Hourly production: pass=3266 fail=109 yield=91.1%
2026-09-29T22:28:09Z,Packaging,PKG05,info,HMI,Alarm E201 acknowledged by operator
2026-09-29T22:30:55Z,Assembly,ASM05,info,PLC,Master reset - line restart
2026-09-29T22:33:25Z,Assembly,ASM05,info,PLC,Ramp to rate complete (3200 uph)
2026-09-29T22:34:43Z,Assembly,ASM01,warn,VIS,Vision reject burst: 12 consecutive rejects - self-cleared
2026-09-29T22:35:21Z,Molding,MLD03,info,MES,Change over started - line clearance in progress
2026-09-29T22:35:21Z,Molding,MLD03,info,PLC,Guard door opened - operator station 1
2026-09-29T22:36:00Z,Assembly,ASM02,warn,PLC,Discharge back-pressure rising - downstream accumulation at 90%
2026-09-29T22:37:19Z,Assembly,ASM02,error,PLC,"E311 BLOCKED - discharge full, line paused"
2026-09-29T22:38:27Z,Molding,MLD07,warn,PLC,Infeed backlog high - accumulation table at 85%
2026-09-29T22:38:31Z,Coating,COT03,info,PLC,Recipe SKU-1042 downloaded to PLC - parameters verified
2026-09-29T22:38:33Z,Packaging,PKG05,info,HMI,Jam cleared - guards closed
2026-09-29T22:38:35Z,Packaging,PKG08,info,MES,Line clearance checklist item complete: reject bin verified empty
2026-09-29T22:39:54Z,Molding,MLD07,warn,PLC,Torque limit warning - infeed screw drive
2026-09-29T22:40:56Z,Molding,MLD06,warn,PLC,Infeed backlog high - accumulation table at 85%
2026-09-29T22:41:45Z,Molding,MLD05,error,PLC,E001 E-STOP PRESSED - operator station 2 - safety circuit open
2026-09-29T22:41:45Z,Packaging,PKG05,info,PLC,Fault reset - line restart
2026-09-29T22:41:59Z,Kitting,KIT08,warn,VIS,Vision reject burst: 8 consecutive rejects - self-cleared
2026-09-29T22:42:37Z,Molding,MLD07,error,PLC,E201 INFEED JAM - line stopped by PLC interlock
2026-09-29T22:42:53Z,Assembly,ASM02,info,PLC,Downstream cleared - auto restart
2026-09-29T22:43:32Z,Molding,MLD06,warn,PLC,Torque limit warning - infeed screw drive
2026-09-29T22:43:45Z,Packaging,PKG05,info,PLC,Ramp to rate complete (2600 uph)
2026-09-29T22:43:53Z,Molding,MLD07,info,HMI,Alarm E201 acknowledged by operator
2026-09-29T22:43:56Z,Kitting,KIT04,warn,PLC,Infeed conveyor low - upstream supply degraded
2026-09-29T22:43:59Z,Molding,MLD04,info,MES,QA sampling in progress - 32 pc AQL pull
2026-09-29T22:44:29Z,Molding,MLD05,info,HMI,E-stop reset - safety circuit closed
2026-09-29T22:45:36Z,Packaging,PKG04,info,PLC,LOTO removed
2026-09-29T22:45:43Z,Molding,MLD06,error,PLC,E201 INFEED JAM - line stopped by PLC interlock
2026-09-29T22:46:18Z,Kitting,KIT04,info,MES,Hourly production: pass=2773 fail=61 yield=91.0%
2026-09-29T22:46:35Z,Kitting,KIT04,error,PLC,E310 STARVED - no product at infeed photo-eye for 60s
2026-09-29T22:47:10Z,Molding,MLD06,info,HMI,Alarm E201 acknowledged by operator
2026-09-29T22:47:13Z,Molding,MLD05,info,PLC,Safety reset complete - master reset - line restart
2026-09-29T22:47:36Z,Packaging,PKG04,info,PLC,Master reset - line restart
2026-09-29T22:48:07Z,Kitting,KIT04,info,HMI,Alarm E310 acknowledged by operator
2026-09-29T22:49:23Z,Molding,MLD07,info,HMI,Jam cleared - guards closed
2026-09-29T22:50:20Z,Coating,COT03,info,PLC,Master reset - line restart
2026-09-29T22:50:27Z,Packaging,PKG08,info,PLC,Recipe SKU-1179 downloaded to PLC - parameters verified
2026-09-29T22:51:00Z,Molding,MLD03,info,MES,Line clearance checklist item complete: infeed cleared
2026-09-29T22:51:05Z,Molding,MLD07,info,PLC,Fault reset - line restart
2026-09-29T22:52:11Z,Packaging,PKG06,info,PLC,Recipe SKU-3007 downloaded to PLC - parameters verified
2026-09-29T22:52:13Z,Packaging,PKG04,info,MES,Hourly production: pass=2518 fail=261 yield=91.5%
2026-09-29T22:52:35Z,Molding,MLD05,info,MES,Hourly production: pass=1695 fail=158 yield=95.0%
2026-09-29T22:52:50Z,Coating,COT03,info,PLC,Ramp to rate complete (3000 uph)
2026-09-29T22:53:05Z,Molding,MLD07,info,PLC,Ramp to rate complete (2600 uph)
2026-09-29T22:53:27Z,Molding,MLD06,info,HMI,Jam cleared - guards closed
2026-09-29T22:54:04Z,Kitting,KIT03,info,MES,PM task complete: lubrication / inspection checklist
2026-09-29T22:54:14Z,Kitting,KIT04,info,PLC,Product present at infeed - auto restart
2026-09-29T22:54:22Z,Assembly,ASM01,info,MES,Operator K.Simmons signed in at station 1
2026-09-29T22:54:55Z,Kitting,KIT05,info,PLC,LOTO removed
2026-09-29T22:55:22Z,Molding,MLD06,info,PLC,Fault reset - line restart
2026-09-29T22:56:55Z,Kitting,KIT05,info,PLC,Master reset - line restart
2026-09-29T22:57:06Z,Molding,MLD06,info,MES,Hourly production: pass=2769 fail=132 yield=96.1%
2026-09-29T22:57:22Z,Molding,MLD06,info,PLC,Ramp to rate complete (2700 uph)
2026-09-29T22:58:22Z,Packaging,PKG08,info,PLC,Master reset - line restart
2026-09-29T22:59:45Z,Coating,COT02,info,PLC,LOTO removed
2026-09-29T23:00:52Z,Packaging,PKG08,info,PLC,Ramp to rate complete (3200 uph)
2026-09-29T23:01:45Z,Coating,COT02,info,PLC,Master reset - line restart
2026-09-29T23:01:57Z,Molding,MLD04,info,MES,"QA disposition: RELEASE - hold lifted, line restart"
2026-09-29T23:02:24Z,Molding,MLD04,info,MES,Hourly production: pass=1595 fail=107 yield=98.5%
2026-09-29T23:03:52Z,Packaging,PKG05,warn,PLC,Discharge back-pressure rising - downstream accumulation at 90%
2026-09-29T23:06:19Z,Kitting,KIT04,info,MES,Hourly production: pass=3113 fail=109 yield=97.0%
2026-09-29T23:07:11Z,Packaging,PKG05,error,PLC,"E311 BLOCKED - discharge full, line paused"
2026-09-29T23:08:57Z,Packaging,PKG06,info,PLC,Master reset - line restart
2026-09-29T23:10:34Z,Molding,MLD06,info,MES,Hourly production: pass=2731 fail=250 yield=95.6%
2026-09-29T23:11:10Z,Packaging,PKG07,warn,PLC,Torque limit warning - infeed screw drive
2026-09-29T23:11:27Z,Packaging,PKG06,info,PLC,Ramp to rate complete (3100 uph)
2026-09-29T23:13:43Z,Packaging,PKG07,warn,PLC,Infeed backlog high - accumulation table at 85%
2026-09-29T23:14:17Z,Packaging,PKG06,info,MES,Hourly production: pass=2764 fail=271 yield=98.0%
2026-09-29T23:14:26Z,Kitting,KIT04,info,MES,Recipe change queued: SKU-1179 -> SKU-1042
2026-09-29T23:14:28Z,Molding,MLD03,info,MES,Line clearance checklist item complete: reject bin verified empty
2026-09-29T23:14:28Z,Packaging,PKG05,info,PLC,Downstream cleared - auto restart
2026-09-29T23:14:32Z,Kitting,KIT08,info,MES,Recipe change queued: SKU-2044 -> SKU-2311
2026-09-29T23:14:45Z,Packaging,PKG07,error,PLC,E201 INFEED JAM - line stopped by PLC interlock
2026-09-29T23:16:08Z,Packaging,PKG07,info,HMI,Alarm E201 acknowledged by operator
2026-09-29T23:18:31Z,Molding,MLD07,info,MES,Hourly production: pass=2900 fail=252 yield=96.0%
2026-09-29T23:20:31Z,Packaging,PKG04,info,MES,Hourly production: pass=2888 fail=77 yield=97.9%
2026-09-29T23:20:52Z,Coating,COT03,warn,PLC,Infeed conveyor low - upstream supply degraded
2026-09-29T23:21:12Z,Assembly,ASM02,warn,PLC,Infeed conveyor low - upstream supply degraded
2026-09-29T23:21:58Z,Kitting,KIT08,info,MES,Change over started - line clearance in progress
2026-09-29T23:21:58Z,Kitting,KIT08,info,PLC,Guard door opened - operator station 1
2026-09-29T23:22:07Z,Packaging,PKG07,info,HMI,Jam cleared - guards closed
2026-09-29T23:22:21Z,Assembly,ASM02,info,MES,Hourly production: pass=2845 fail=188 yield=98.3%
2026-09-29T23:22:56Z,Kitting,KIT05,warn,PLC,Infeed conveyor low - upstream supply degraded
2026-09-29T23:23:47Z,Assembly,ASM05,warn,VIS,Vision reject burst: 11 consecutive rejects - self-cleared
2026-09-29T23:23:50Z,Coating,COT03,error,PLC,E310 STARVED - no product at infeed photo-eye for 60s
2026-09-29T23:23:58Z,Packaging,PKG07,info,PLC,Fault reset - line restart
2026-09-29T23:24:00Z,Coating,COT01,info,PLC,LOTO removed
2026-09-29T23:24:09Z,Kitting,KIT05,info,MES,Hourly production: pass=2345 fail=188 yield=89.3%
2026-09-29T23:24:26Z,Packaging,PKG05,info,MES,Hourly production: pass=3239 fail=47 yield=92.0%
2026-09-29T23:24:44Z,Kitting,KIT04,info,MES,Change over started - line clearance in progress
2026-09-29T23:24:44Z,Kitting,KIT04,info,PLC,Guard door opened - operator station 1
2026-09-29T23:25:55Z,Packaging,PKG08,warn,VIS,Vision reject burst: 10 consecutive rejects - self-cleared
2026-09-29T23:25:58Z,Packaging,PKG07,info,PLC,Ramp to rate complete (2400 uph)
2026-09-29T23:26:00Z,Coating,COT01,info,PLC,Master reset - line restart
2026-09-29T23:26:11Z,Assembly,ASM02,error,PLC,E310 STARVED - no product at infeed photo-eye for 60s
2026-09-29T23:26:40Z,Coating,COT03,info,HMI,Alarm E310 acknowledged by operator
2026-09-29T23:27:17Z,Assembly,ASM02,info,HMI,Alarm E310 acknowledged by operator
2026-09-29T23:27:24Z,Kitting,KIT05,error,PLC,E310 STARVED - no product at infeed photo-eye for 60s
2026-09-29T23:28:40Z,Assembly,ASM01,info,MES,Hourly production: pass=2522 fail=188 yield=96.8%
2026-09-29T23:29:49Z,Kitting,KIT05,info,HMI,Alarm E310 acknowledged by operator
2026-09-29T23:30:54Z,Kitting,KIT08,info,MES,Line clearance checklist item complete: infeed cleared
2026-09-29T23:31:37Z,Kitting,KIT07,info,MES,PM task complete: lubrication / inspection checklist
2026-09-29T23:31:42Z,Assembly,ASM02,info,PLC,Product present at infeed - auto restart
2026-09-29T23:33:11Z,Assembly,ASM05,info,MES,Hourly production: pass=2773 fail=223 yield=97.3%
2026-09-29T23:34:34Z,Packaging,PKG07,warn,PLC,Servo temperature high warning - capper axis (78 C)
2026-09-29T23:36:14Z,Molding,MLD05,info,MES,Hourly production: pass=1646 fail=96 yield=88.1%
2026-09-29T23:37:43Z,Coating,COT02,info,MES,Hourly production: pass=2863 fail=260 yield=97.9%
2026-09-29T23:37:52Z,Molding,MLD05,warn,VIS,Vision reject burst: 11 consecutive rejects - self-cleared
2026-09-29T23:37:56Z,Kitting,KIT04,info,MES,Line clearance checklist item complete: infeed cleared
2026-09-29T23:37:56Z,Molding,MLD03,info,PLC,Recipe SKU-2044 downloaded to PLC - parameters verified
2026-09-29T23:37:59Z,Coating,COT03,info,PLC,Product present at infeed - auto restart
2026-09-29T23:37:59Z,Molding,MLD07,warn,HMI,Operator sign-in timeout - line paused (break / shift relief)
2026-09-29T23:38:42Z,Packaging,PKG04,warn,PLC,Infeed backlog high - accumulation table at 85%
2026-09-29T23:38:43Z,Packaging,PKG07,info,MES,Hourly production: pass=2206 fail=241 yield=90.2%
2026-09-29T23:39:11Z,Assembly,ASM01,warn,VIS,Vision reject burst: 12 consecutive rejects - self-cleared
2026-09-29T23:39:28Z,Kitting,KIT05,info,PLC,Product present at infeed - auto restart
2026-09-29T23:39:43Z,Assembly,ASM02,info,MES,PM work order WO-44616 scheduled - line will stop at end of current lot
2026-09-29T23:41:13Z,Packaging,PKG04,warn,PLC,Torque limit warning - infeed screw drive
2026-09-29T23:42:29Z,Packaging,PKG04,error,PLC,E201 INFEED JAM - line stopped by PLC interlock
2026-09-29T23:44:18Z,Kitting,KIT08,info,MES,Line clearance checklist item complete: reject bin verified empty
2026-09-29T23:44:30Z,Packaging,PKG04,info,HMI,Alarm E201 acknowledged by operator
2026-09-29T23:44:31Z,Packaging,PKG08,warn,PLC,Infeed conveyor low - upstream supply degraded
2026-09-29T23:49:28Z,Packaging,PKG08,error,PLC,E310 STARVED - no product at infeed photo-eye for 60s
2026-09-29T23:49:49Z,Coating,COT02,error,PLC,E001 E-STOP PRESSED - operator station 2 - safety circuit open
2026-09-29T23:50:45Z,Molding,MLD07,info,HMI,Operator T.Nguyen signed in - line restart
2026-09-29T23:50:59Z,Coating,COT01,warn,VIS,Vision reject burst: 5 consecutive rejects - self-cleared
2026-09-29T23:51:23Z,Molding,MLD06,warn,PLC,Discharge back-pressure rising - downstream accumulation at 90%
2026-09-29T23:51:24Z,Packaging,PKG08,info,HMI,Alarm E310 acknowledged by operator
2026-09-29T23:52:08Z,Assembly,ASM01,warn,PLC,Infeed backlog high - accumulation table at 85%
2026-09-29T23:53:09Z,Assembly,ASM01,warn,PLC,Torque limit warning - infeed screw drive
2026-09-29T23:53:16Z,Packaging,PKG04,info,HMI,Jam cleared - guards closed
2026-09-29T23:53:22Z,Assembly,ASM02,info,MES,Operator J.Alvarez signed in at station 1
2026-09-29T23:53:34Z,Molding,MLD04,warn,HMI,Operator sign-in timeout - line paused (break / shift relief)
2026-09-29T23:53:35Z,Molding,MLD03,info,PLC,Master reset - line restart
2026-09-29T23:54:47Z,Coating,COT02,info,HMI,E-stop reset - safety circuit closed
2026-09-29T23:55:02Z,Assembly,ASM05,info,MES,Recipe change queued: SKU-1179 -> SKU-2044
2026-09-29T23:55:25Z,Packaging,PKG06,warn,VIS,Vision reject burst: 6 consecutive rejects - self-cleared
2026-09-29T23:55:42Z,Molding,MLD06,error,PLC,"E311 BLOCKED - discharge full, line paused"
2026-09-29T23:55:57Z,Packaging,PKG04,info,PLC,Fault reset - line restart
2026-09-29T23:55:58Z,Assembly,ASM01,error,PLC,E201 INFEED JAM - line stopped by PLC interlock
2026-09-29T23:56:05Z,Molding,MLD03,info,PLC,Ramp to rate complete (2800 uph)
2026-09-29T23:57:42Z,Kitting,KIT08,info,PLC,Recipe SKU-1179 downloaded to PLC - parameters verified
2026-09-29T23:57:44Z,Kitting,KIT04,info,MES,Line clearance checklist item complete: reject bin verified empty
2026-09-29T23:57:57Z,Packaging,PKG04,info,PLC,Ramp to rate complete (3000 uph)
2026-09-29T23:58:01Z,Packaging,PKG05,warn,PLC,Servo temperature high warning - capper axis (78 C)
2026-09-29T23:59:10Z,Packaging,PKG08,info,PLC,Product present at infeed - auto restart
2026-09-29T23:59:11Z,Assembly,ASM01,info,HMI,Alarm E201 acknowledged by operator
2026-09-29T23:59:45Z,Coating,COT02,info,PLC,Safety reset complete - master reset - line restart
2026-09-30T00:00:21Z,Assembly,ASM05,info,MES,Change over started - line clearance in progress
2026-09-30T00:00:21Z,Assembly,ASM05,info,PLC,Guard door opened - operator station 1
2026-09-30T00:00:27Z,Molding,MLD03,info,MES,Hourly production: pass=2450 fail=280 yield=95.7%
2026-09-30T00:00:28Z,Assembly,ASM02,info,MES,Scheduled downtime started - PM work order WO-46251
2026-09-30T00:00:28Z,Assembly,ASM02,warn,PLC,LOTO applied - energy isolation verified
2026-09-30T00:00:39Z,Packaging,PKG04,info,MES,Hourly production: pass=2797 fail=69 yield=90.8%
2026-09-30T00:02:20Z,Molding,MLD06,info,PLC,Downstream cleared - auto restart
2026-09-30T00:04:32Z,Packaging,PKG07,info,MES,Hourly production: pass=3390 fail=104 yield=94.9%
2026-09-30T00:05:23Z,Packaging,PKG05,warn,VIS,Vision reject burst: 9 consecutive rejects - self-cleared
2026-09-30T00:05:32Z,Kitting,KIT05,info,MES,Hourly production: pass=1704 fail=165 yield=90.0%
2026-09-30T00:05:47Z,Packaging,PKG05,info,MES,Hourly production: pass=2889 fail=274 yield=94.7%
2026-09-30T00:06:24Z,Packaging,PKG07,warn,VIS,Vision reject burst: 10 consecutive rejects - self-cleared
2026-09-30T00:06:38Z,Kitting,KIT08,info,PLC,Master reset - line restart
2026-09-30T00:08:13Z,Molding,MLD05,info,MES,Hourly production: pass=1849 fail=165 yield=93.5%
2026-09-30T00:09:08Z,Kitting,KIT08,info,PLC,Ramp to rate complete (3100 uph)
2026-09-30T00:09:26Z,Molding,MLD04,info,HMI,Operator M.Chen signed in - line restart
2026-09-30T00:10:16Z,Packaging,PKG06,info,MES,Hourly production: pass=2777 fail=281 yield=95.4%
2026-09-30T00:11:27Z,Molding,MLD05,error,PLC,E001 E-STOP PRESSED - operator station 2 - safety circuit open
2026-09-30T00:11:43Z,Molding,MLD04,warn,VIS,Vision reject burst: 6 consecutive rejects - self-cleared
2026-09-30T00:12:03Z,Molding,MLD07,info,MES,Recipe change queued: SKU-2044 -> SKU-2044
2026-09-30T00:13:05Z,Molding,MLD05,info,HMI,E-stop reset - safety circuit closed
2026-09-30T00:13:06Z,Assembly,ASM01,info,HMI,Jam cleared - guards closed
2026-09-30T00:14:12Z,Coating,COT01,info,MES,Hourly production: pass=3055 fail=24 yield=97.4%
2026-09-30T00:14:42Z,Molding,MLD05,info,PLC,Safety reset complete - master reset - line restart
2026-09-30T00:14:53Z,Assembly,ASM05,info,MES,Line clearance checklist item complete: infeed cleared
2026-09-30T00:17:05Z,Molding,MLD07,warn,PLC,Servo temperature high warning - capper axis (78 C)
2026-09-30T00:17:23Z,Assembly,ASM01,info,PLC,Fault reset - line restart
2026-09-30T00:17:32Z,Kitting,KIT04,info,PLC,Recipe SKU-1042 downloaded to PLC - parameters verified
2026-09-30T00:17:56Z,Molding,MLD07,warn,VIS,Vision reject burst: 6 consecutive rejects - self-cleared
2026-09-30T00:19:23Z,Assembly,ASM01,info,PLC,Ramp to rate complete (3400 uph)
2026-09-30T00:21:52Z,Packaging,PKG06,warn,PLC,Discharge back-pressure rising - downstream accumulation at 90%
2026-09-30T00:22:31Z,Assembly,ASM01,info,MES,Hourly production: pass=2326 fail=191 yield=96.2%
2026-09-30T00:23:07Z,Coating,COT02,info,MES,Hourly production: pass=2019 fail=232 yield=92.5%
2026-09-30T00:24:28Z,Molding,MLD07,info,MES,Change over started - line clearance in progress
2026-09-30T00:24:28Z,Molding,MLD07,info,PLC,Guard door opened - operator station 1
2026-09-30T00:26:02Z,Packaging,PKG06,error,PLC,"E311 BLOCKED - discharge full, line paused"
2026-09-30T00:27:16Z,Kitting,KIT08,info,MES,Hourly production: pass=2372 fail=295 yield=96.5%
2026-09-30T00:28:32Z,Kitting,KIT08,info,MES,Operator R.Patel signed in at station 1
2026-09-30T00:29:45Z,Packaging,PKG05,warn,PLC,Infeed backlog high - accumulation table at 85%
2026-09-30T00:30:44Z,Kitting,KIT04,info,PLC,Master reset - line restart
2026-09-30T00:31:22Z,Packaging,PKG08,info,MES,Hourly production: pass=2060 fail=94 yield=92.7%
2026-09-30T00:33:14Z,Kitting,KIT04,info,PLC,Ramp to rate complete (3300 uph)
2026-09-30T00:33:26Z,Molding,MLD07,info,MES,Line clearance checklist item complete: infeed cleared
2026-09-30T00:33:37Z,Molding,MLD05,info,MES,Recipe change queued: SKU-2311 -> SKU-3007
2026-09-30T00:33:39Z,Packaging,PKG05,warn,PLC,Torque limit warning - infeed screw drive
2026-09-30T00:34:56Z,Molding,MLD04,warn,PLC,Infeed conveyor low - upstream supply degraded
2026-09-30T00:34:57Z,Packaging,PKG05,error,PLC,E201 INFEED JAM - line stopped by PLC interlock
2026-09-30T00:36:05Z,Packaging,PKG05,info,HMI,Alarm E201 acknowledged by operator
2026-09-30T00:36:41Z,Assembly,ASM05,info,MES,Line clearance checklist item complete: reject bin verified empty
2026-09-30T00:36:44Z,Kitting,KIT05,warn,PLC,Servo temperature high warning - capper axis (78 C)
2026-09-30T00:36:53Z,Packaging,PKG06,info,PLC,Downstream cleared - auto restart
2026-09-30T00:39:19Z,Molding,MLD04,error,PLC,E310 STARVED - no product at infeed photo-eye for 60s
2026-09-30T00:40:39Z,Molding,MLD04,info,HMI,Alarm E310 acknowledged by operator
2026-09-30T00:40:56Z,Packaging,PKG05,info,HMI,Jam cleared - guards closed
2026-09-30T00:41:01Z,Packaging,PKG07,warn,PLC,Torque limit warning - infeed screw drive
2026-09-30T00:41:14Z,Kitting,KIT04,warn,VIS,Vision reject burst: 8 consecutive rejects - self-cleared
2026-09-30T00:41:25Z,Molding,MLD05,info,MES,Change over started - line clearance in progress
2026-09-30T00:41:25Z,Molding,MLD05,info,PLC,Guard door opened - operator station 1
2026-09-30T00:41:31Z,Packaging,PKG07,warn,PLC,Infeed backlog high - accumulation table at 85%
2026-09-30T00:42:25Z,Packaging,PKG05,info,PLC,Fault reset - line restart
2026-09-30T00:43:16Z,Packaging,PKG07,error,PLC,E201 INFEED JAM - line stopped by PLC interlock
2026-09-30T00:43:27Z,Molding,MLD06,info,MES,Hourly production: pass=3322 fail=20 yield=95.4%
2026-09-30T00:44:25Z,Packaging,PKG05,info,PLC,Ramp to rate complete (2600 uph)
2026-09-30T00:44:28Z,Kitting,KIT03,info,PLC,LOTO removed
2026-09-30T00:45:59Z,Molding,MLD04,info,PLC,Product present at infeed - auto restart
2026-09-30T00:46:19Z,Packaging,PKG07,info,HMI,Alarm E201 acknowledged by operator
2026-09-30T00:46:28Z,Kitting,KIT03,info,PLC,Master reset - line restart
2026-09-30T00:46:54Z,Molding,MLD07,info,MES,Line clearance checklist item complete: reject bin verified empty
2026-09-30T00:47:07Z,Assembly,ASM02,info,MES,PM task complete: lubrication / inspection checklist
2026-09-30T00:47:07Z,Molding,MLD04,info,MES,Hourly production: pass=2546 fail=299 yield=98.9%
2026-09-30T00:47:29Z,Coating,COT01,warn,VIS,Vision reject rate high: rolling 15 min at 4.8% (limit 3.0%)
2026-09-30T00:49:41Z,Molding,MLD05,info,MES,Line clearance checklist item complete: infeed cleared
2026-09-30T00:51:11Z,Assembly,ASM01,warn,PLC,Infeed conveyor low - upstream supply degraded
2026-09-30T00:51:26Z,Coating,COT01,warn,VIS,Vision reject burst: 4 consecutive rejects - self-cleared
2026-09-30T00:52:34Z,Coating,COT01,warn,VIS,Camera 2 calibration drift detected - contrast margin low
2026-09-30T00:53:20Z,Assembly,ASM01,error,PLC,E310 STARVED - no product at infeed photo-eye for 60s
2026-09-30T00:54:21Z,Coating,COT01,error,MES,QUALITY HOLD - lot paused pending QA disposition
2026-09-30T00:54:41Z,Coating,COT02,warn,PLC,Discharge back-pressure rising - downstream accumulation at 90%
2026-09-30T00:56:16Z,Kitting,KIT05,warn,PLC,Infeed backlog high - accumulation table at 85%
2026-09-30T00:56:21Z,Assembly,ASM01,info,HMI,Alarm E310 acknowledged by operator
2026-09-30T00:56:26Z,Kitting,KIT04,info,MES,Hourly production: pass=2444 fail=54 yield=95.7%
2026-09-30T00:57:03Z,Coating,COT03,info,MES,Hourly production: pass=3351 fail=231 yield=92.5%
2026-09-30T00:57:37Z,Kitting,KIT05,warn,VIS,Vision reject burst: 11 consecutive rejects - self-cleared
2026-09-30T00:58:29Z,Assembly,ASM05,info,PLC,Recipe SKU-1179 downloaded to PLC - parameters verified
2026-09-30T00:59:11Z,Coating,COT02,error,PLC,"E311 BLOCKED - discharge full, line paused"
2026-09-30T00:59:32Z,Packaging,PKG07,info,HMI,Jam cleared - guards closed
2026-09-30T01:00:10Z,Kitting,KIT05,warn,PLC,Torque limit warning - infeed screw drive
2026-09-30T01:00:15Z,Packaging,PKG04,warn,PLC,Torque limit warning - infeed screw drive
2026-09-30T01:00:21Z,Molding,MLD07,info,PLC,Recipe SKU-2311 downloaded to PLC - parameters verified
2026-09-30T01:01:28Z,Packaging,PKG06,warn,PLC,Infeed conveyor low - upstream supply degraded
2026-09-30T01:02:05Z,Molding,MLD05,info,MES,Line clearance checklist item complete: reject bin verified empty
2026-09-30T01:02:35Z,Kitting,KIT05,error,PLC,E201 INFEED JAM - line stopped by PLC interlock
2026-09-30T01:03:07Z,Packaging,PKG04,warn,PLC,Infeed backlog high - accumulation table at 85%
2026-09-30T01:03:36Z,Packaging,PKG07,info,PLC,Fault reset - line restart
2026-09-30T01:03:53Z,Packaging,PKG06,error,PLC,E310 STARVED - no product at infeed photo-eye for 60s
2026-09-30T01:03:55Z,Kitting,KIT05,info,HMI,Alarm E201 acknowledged by operator
2026-09-30T01:04:10Z,Packaging,PKG04,error,PLC,E201 INFEED JAM - line stopped by PLC interlock
2026-09-30T01:04:48Z,Packaging,PKG04,info,HMI,Alarm E201 acknowledged by operator
2026-09-30T01:05:36Z,Packaging,PKG07,info,PLC,Ramp to rate complete (2400 uph)
2026-09-30T01:05:46Z,Molding,MLD06,info,MES,Hourly production: pass=1906 fail=182 yield=91.9%
2026-09-30T01:06:53Z,Kitting,KIT04,warn,HMI,Operator sign-in timeout - line paused (break / shift relief)
2026-09-30T01:07:31Z,Packaging,PKG06,info,HMI,Alarm E310 acknowledged by operator
2026-09-30T01:07:33Z,Packaging,PKG04,info,HMI,Jam cleared - guards closed
2026-09-30T01:07:58Z,Coating,COT02,info,PLC,Downstream cleared - auto restart
2026-09-30T01:08:24Z,Packaging,PKG04,info,PLC,Fault reset - line restart
2026-09-30T01:08:26Z,Assembly,ASM01,info,PLC,Product present at infeed - auto restart
2026-09-30T01:09:19Z,Coating,COT01,info,MES,QA sampling in progress - 32 pc AQL pull
2026-09-30T01:09:19Z,Molding,MLD07,info,PLC,Master reset - line restart
2026-09-30T01:09:43Z,Kitting,KIT05,info,HMI,Jam cleared - guards closed
2026-09-30T01:10:23Z,Molding,MLD03,info,MES,Hourly production: pass=1922 fail=96 yield=97.6%
2026-09-30T01:10:24Z,Packaging,PKG04,info,PLC,Ramp to rate complete (3000 uph)
2026-09-30T01:10:47Z,Coating,COT03,error,PLC,E001 E-STOP PRESSED - operator station 2 - safety circuit open
2026-09-30T01:11:21Z,Packaging,PKG08,warn,PLC,Infeed conveyor low - upstream supply degraded
2026-09-30T01:11:30Z,Kitting,KIT05,info,PLC,Fault reset - line restart
2026-09-30T01:11:49Z,Molding,MLD07,info,PLC,Ramp to rate complete (2600 uph)
2026-09-30T01:12:45Z,Coating,COT03,info,HMI,E-stop reset - safety circuit closed
2026-09-30T01:12:51Z,Packaging,PKG04,info,MES,Hourly production: pass=3324 fail=206 yield=97.8%
2026-09-30T01:13:01Z,Assembly,ASM05,info,PLC,Master reset - line restart
2026-09-30T01:13:30Z,Kitting,KIT05,info,PLC,Ramp to rate complete (2900 uph)
2026-09-30T01:14:30Z,Molding,MLD05,info,PLC,Recipe SKU-2311 downloaded to PLC - parameters verified
2026-09-30T01:14:33Z,Coating,COT02,info,MES,Hourly production: pass=1632 fail=78 yield=89.9%
2026-09-30T01:14:43Z,Coating,COT03,info,PLC,Safety reset complete - master reset - line restart
2026-09-30T01:14:49Z,Packaging,PKG08,error,PLC,E310 STARVED - no product at infeed photo-eye for 60s
2026-09-30T01:15:31Z,Assembly,ASM05,info,PLC,Ramp to rate complete (3200 uph)
2026-09-30T01:15:41Z,Assembly,ASM01,info,MES,Hourly production: pass=2790 fail=195 yield=98.2%
2026-09-30T01:16:51Z,Molding,MLD06,warn,PLC,Discharge back-pressure rising - downstream accumulation at 90%
2026-09-30T01:18:06Z,Packaging,PKG08,info,HMI,Alarm E310 acknowledged by operator
2026-09-30T01:18:29Z,Kitting,KIT04,info,HMI,Operator T.Nguyen signed in - line restart
2026-09-30T01:21:17Z,Molding,MLD06,error,PLC,"E311 BLOCKED - discharge full, line paused"
2026-09-30T01:22:04Z,Packaging,PKG06,info,PLC,Product present at infeed - auto restart
2026-09-30T01:22:20Z,Kitting,KIT05,warn,VIS,Vision reject burst: 10 consecutive rejects - self-cleared
2026-09-30T01:22:46Z,Molding,MLD05,info,PLC,Master reset - line restart
2026-09-30T01:23:39Z,Kitting,KIT08,warn,VIS,Vision reject rate high: rolling 15 min at 5.6% (limit 3.0%)
2026-09-30T01:24:16Z,Coating,COT01,info,MES,"QA disposition: RELEASE - hold lifted, line restart"
2026-09-30T01:24:23Z,Molding,MLD03,warn,PLC,Infeed conveyor low - upstream supply degraded
2026-09-30T01:25:05Z,Packaging,PKG05,warn,VIS,Vision reject burst: 12 consecutive rejects - self-cleared
2026-09-30T01:25:16Z,Molding,MLD05,info,PLC,Ramp to rate complete (2900 uph)
2026-09-30T01:25:37Z,Molding,MLD07,info,MES,Operator R.Patel signed in at station 1
2026-09-30T01:25:52Z,Packaging,PKG07,warn,VIS,Vision reject burst: 11 consecutive rejects - self-cleared
2026-09-30T01:26:01Z,Packaging,PKG05,info,MES,Recipe change queued: SKU-1042 -> SKU-2044
2026-09-30T01:26:12Z,Coating,COT01,warn,PLC,Servo temperature high warning - capper axis (78 C)
2026-09-30T01:27:01Z,Kitting,KIT08,warn,VIS,Camera 2 calibration drift detected - contrast margin low
2026-09-30T01:27:04Z,Kitting,KIT07,info,PLC,LOTO removed
2026-09-30T01:28:03Z,Molding,MLD03,error,PLC,E310 STARVED - no product at infeed photo-eye for 60s
2026-09-30T01:28:21Z,Kitting,KIT08,error,MES,QUALITY HOLD - lot paused pending QA disposition
2026-09-30T01:29:04Z,Kitting,KIT07,info,PLC,Master reset - line restart
2026-09-30T01:29:27Z,Molding,MLD03,info,HMI,Alarm E310 acknowledged by operator
2026-09-30T01:31:15Z,Packaging,PKG08,info,PLC,Product present at infeed - auto restart
2026-09-30T01:31:27Z,Molding,MLD04,info,MES,Hourly production: pass=2078 fail=89 yield=91.5%
2026-09-30T01:31:46Z,Assembly,ASM02,info,PLC,LOTO removed
2026-09-30T01:33:46Z,Assembly,ASM02,info,PLC,Master reset - line restart
2026-09-30T01:34:32Z,Packaging,PKG04,warn,VIS,Vision reject burst: 10 consecutive rejects - self-cleared
2026-09-30T01:35:00Z,Molding,MLD03,info,PLC,Product present at infeed - auto restart
2026-09-30T01:35:49Z,Molding,MLD06,info,PLC,Downstream cleared - auto restart
2026-09-30T01:36:35Z,Molding,MLD04,warn,VIS,Camera 2 calibration drift detected - contrast margin low
2026-09-30T01:37:23Z,Packaging,PKG05,info,MES,Hourly production: pass=2822 fail=164 yield=91.8%
2026-09-30T01:37:40Z,Molding,MLD04,warn,VIS,Vision reject rate high: rolling 15 min at 6.1% (limit 3.0%)
2026-09-30T01:37:55Z,Packaging,PKG08,info,MES,Hourly production: pass=3349 fail=198 yield=88.9%
2026-09-30T01:38:14Z,Kitting,KIT04,warn,VIS,Vision reject burst: 8 consecutive rejects - self-cleared
2026-09-30T01:39:05Z,Coating,COT01,info,MES,PM work order WO-46933 scheduled - line will stop at end of current lot
2026-09-30T01:39:06Z,Coating,COT03,info,MES,Hourly production: pass=3083 fail=67 yield=92.0%
2026-09-30T01:39:16Z,Kitting,KIT04,info,MES,Hourly production: pass=3325 fail=174 yield=91.1%
2026-09-30T01:40:06Z,Packaging,PKG05,info,MES,Change over started - line clearance in progress
2026-09-30T01:40:06Z,Packaging,PKG05,info,PLC,Guard door opened - operator station 1
2026-09-30T01:40:14Z,Molding,MLD04,error,MES,QUALITY HOLD - lot paused pending QA disposition
2026-09-30T01:40:28Z,Kitting,KIT05,warn,PLC,Infeed conveyor low - upstream supply degraded
2026-09-30T01:42:21Z,Kitting,KIT05,error,PLC,E310 STARVED - no product at infeed photo-eye for 60s
2026-09-30T01:42:46Z,Kitting,KIT08,info,MES,QA sampling in progress - 32 pc AQL pull
2026-09-30T01:44:06Z,Packaging,PKG06,info,MES,Hourly production: pass=2256 fail=33 yield=98.9%
2026-09-30T01:44:46Z,Assembly,ASM05,info,MES,Hourly production: pass=2764 fail=84 yield=90.4%
2026-09-30T01:44:58Z,Assembly,ASM01,info,MES,Recipe change queued: SKU-1179 -> SKU-1042
2026-09-30T01:45:14Z,Kitting,KIT05,info,HMI,Alarm E310 acknowledged by operator
2026-09-30T01:47:45Z,Molding,MLD07,info,MES,PM work order WO-48160 scheduled - line will stop at end of current lot
2026-09-30T01:49:23Z,Coating,COT01,info,MES,Scheduled downtime started - PM work order WO-45786
2026-09-30T01:49:23Z,Coating,COT01,warn,PLC,LOTO applied - energy isolation verified
2026-09-30T01:49:24Z,Packaging,PKG05,info,MES,Line clearance checklist item complete: infeed cleared
2026-09-30T01:53:11Z,Molding,MLD04,info,MES,QA sampling in progress - 32 pc AQL pull
2026-09-30T01:53:52Z,Kitting,KIT03,info,MES,Hourly production: pass=2171 fail=54 yield=89.4%
2026-09-30T01:53:58Z,Packaging,PKG07,info,MES,Hourly production: pass=2990 fail=125 yield=90.3%
2026-09-30T01:56:47Z,Kitting,KIT05,info,PLC,Product present at infeed - auto restart
2026-09-30T01:57:12Z,Kitting,KIT08,info,MES,"QA disposition: RELEASE - hold lifted, line restart"
2026-09-30T01:58:12Z,Coating,COT02,warn,PLC,Discharge back-pressure rising - downstream accumulation at 90%
2026-09-30T01:58:19Z,Assembly,ASM01,info,MES,Change over started - line clearance in progress
2026-09-30T01:58:19Z,Assembly,ASM01,info,PLC,Guard door opened - operator station 1
2026-09-30T02:00:00Z,Assembly,ASM05,warn,VIS,Vision reject burst: 5 consecutive rejects - self-cleared
2026-09-30T02:00:13Z,Packaging,PKG08,info,MES,Operator J.Alvarez signed in at station 1
2026-09-30T02:00:21Z,Coating,COT02,error,PLC,"E311 BLOCKED - discharge full, line paused"
2026-09-30T02:01:56Z,Molding,MLD07,info,MES,Scheduled downtime started - PM work order WO-40319
2026-09-30T02:01:56Z,Molding,MLD07,warn,PLC,LOTO applied - energy isolation verified
2026-09-30T02:01:58Z,Molding,MLD03,warn,VIS,Vision reject burst: 4 consecutive rejects - self-cleared
2026-09-30T02:03:21Z,Packaging,PKG05,info,MES,Line clearance checklist item complete: reject bin verified empty
2026-09-30T02:05:02Z,Kitting,KIT04,info,MES,Hourly production: pass=2136 fail=297 yield=96.3%
2026-09-30T02:05:26Z,Kitting,KIT03,warn,HMI,Operator sign-in timeout - line paused (break / shift relief)
2026-09-30T02:06:08Z,Molding,MLD04,info,MES,"QA disposition: RELEASE - hold lifted, line restart"
2026-09-30T02:06:19Z,Kitting,KIT05,warn,VIS,Vision reject burst: 5 consecutive rejects - self-cleared
2026-09-30T02:06:41Z,Packaging,PKG06,info,MES,Hourly production: pass=3324 fail=132 yield=95.2%
2026-09-30T02:07:47Z,Assembly,ASM01,info,MES,Line clearance checklist item complete: infeed cleared
2026-09-30T02:07:48Z,Molding,MLD06,warn,PLC,Infeed backlog high - accumulation table at 85%
2026-09-30T02:09:37Z,Molding,MLD06,warn,PLC,Torque limit warning - infeed screw drive
2026-09-30T02:10:34Z,Coating,COT03,info,MES,PM work order WO-45079 scheduled - line will stop at end of current lot
2026-09-30T02:11:38Z,Packaging,PKG04,info,MES,Hourly production: pass=2741 fail=29 yield=92.3%
2026-09-30T02:12:56Z,Molding,MLD06,error,PLC,E201 INFEED JAM - line stopped by PLC interlock
2026-09-30T02:13:04Z,Coating,COT02,info,PLC,Downstream cleared - auto restart
2026-09-30T02:13:20Z,Coating,COT03,info,MES,Hourly production: pass=1878 fail=130 yield=97.8%
2026-09-30T02:13:25Z,Packaging,PKG08,info,MES,Hourly production: pass=2210 fail=275 yield=95.8%
2026-09-30T02:15:07Z,Molding,MLD06,info,HMI,Alarm E201 acknowledged by operator
2026-09-30T02:15:14Z,Assembly,ASM05,warn,HMI,Operator sign-in timeout - line paused (break / shift relief)
2026-09-30T02:16:29Z,Molding,MLD03,warn,PLC,Servo temperature high warning - capper axis (78 C)
2026-09-30T02:17:18Z,Packaging,PKG05,info,PLC,Recipe SKU-2044 downloaded to PLC - parameters verified
2026-09-30T02:20:28Z,Molding,MLD04,info,MES,Hourly production: pass=2128 fail=166 yield=96.7%
2026-09-30T02:21:59Z,Assembly,ASM01,info,MES,Line clearance checklist item complete: reject bin verified empty
2026-09-30T02:22:01Z,Packaging,PKG08,error,PLC,E001 E-STOP PRESSED - operator station 2 - safety circuit open
2026-09-30T02:24:32Z,Molding,MLD06,info,HMI,Jam cleared - guards closed
2026-09-30T02:25:30Z,Packaging,PKG08,info,HMI,E-stop reset - safety circuit closed
2026-09-30T02:25:59Z,Packaging,PKG07,warn,PLC,Discharge back-pressure rising - downstream accumulation at 90%
2026-09-30T02:26:35Z,Packaging,PKG05,info,PLC,Master reset - line restart
2026-09-30T02:27:19Z,Molding,MLD04,info,MES,Operator J.Alvarez signed in at station 1
2026-09-30T02:27:27Z,Molding,MLD06,info,PLC,Fault reset - line restart
2026-09-30T02:27:36Z,Assembly,ASM05,info,HMI,Operator R.Patel signed in - line restart
2026-09-30T02:27:40Z,Packaging,PKG07,error,PLC,"E311 BLOCKED - discharge full, line paused"
2026-09-30T02:28:19Z,Packaging,PKG06,warn,PLC,Infeed backlog high - accumulation table at 85%
2026-09-30T02:28:58Z,Packaging,PKG08,info,PLC,Safety reset complete - master reset - line restart
2026-09-30T02:29:01Z,Kitting,KIT04,warn,PLC,Infeed backlog high - accumulation table at 85%
2026-09-30T02:29:05Z,Packaging,PKG05,info,PLC,Ramp to rate complete (2600 uph)
2026-09-30T02:29:22Z,Molding,MLD03,warn,PLC,Infeed backlog high - accumulation table at 85%
2026-09-30T02:29:26Z,Assembly,ASM05,info,MES,Hourly production: pass=3396 fail=96 yield=93.1%
2026-09-30T02:29:27Z,Molding,MLD06,info,PLC,Ramp to rate complete (2700 uph)
2026-09-30T02:29:45Z,Molding,MLD05,info,MES,Hourly production: pass=2068 fail=71 yield=95.3%
2026-09-30T02:30:05Z,Kitting,KIT08,warn,PLC,Infeed backlog high - accumulation table at 85%
2026-09-30T02:30:10Z,Kitting,KIT08,warn,PLC,Torque limit warning - infeed screw drive
2026-09-30T02:30:27Z,Coating,COT03,info,MES,Scheduled downtime started - PM work order WO-48004
2026-09-30T02:30:27Z,Coating,COT03,warn,PLC,LOTO applied - energy isolation verified
2026-09-30T02:30:36Z,Packaging,PKG06,warn,PLC,Torque limit warning - infeed screw drive
2026-09-30T02:31:42Z,Kitting,KIT05,warn,PLC,Torque limit warning - infeed screw drive
2026-09-30T02:31:45Z,Kitting,KIT04,warn,PLC,Torque limit warning - infeed screw drive
2026-09-30T02:31:51Z,Kitting,KIT05,warn,PLC,Infeed backlog high - accumulation table at 85%
2026-09-30T02:32:08Z,Kitting,KIT04,warn,VIS,Vision reject burst: 12 consecutive rejects - self-cleared
2026-09-30T02:32:36Z,Kitting,KIT08,error,PLC,E201 INFEED JAM - line stopped by PLC interlock
2026-09-30T02:32:53Z,Packaging,PKG06,error,PLC,E201 INFEED JAM - line stopped by PLC interlock
2026-09-30T02:33:39Z,Kitting,KIT03,info,HMI,Operator M.Chen signed in - line restart
2026-09-30T02:33:48Z,Kitting,KIT07,warn,VIS,Vision reject burst: 4 consecutive rejects - self-cleared
2026-09-30T02:34:12Z,Packaging,PKG06,info,HMI,Alarm E201 acknowledged by operator
2026-09-30T02:34:37Z,Molding,MLD03,warn,PLC,Torque limit warning - infeed screw drive
2026-09-30T02:35:10Z,Kitting,KIT04,error,PLC,E201 INFEED JAM - line stopped by PLC interlock
2026-09-30T02:35:11Z,Kitting,KIT08,info,HMI,Alarm E201 acknowledged by operator
2026-09-30T02:35:12Z,Molding,MLD03,error,PLC,E201 INFEED JAM - line stopped by PLC interlock
2026-09-30T02:35:12Z,Kitting,KIT05,error,PLC,E201 INFEED JAM - line stopped by PLC interlock
2026-09-30T02:35:59Z,Molding,MLD03,info,HMI,Alarm E201 acknowledged by operator
2026-09-30T02:36:12Z,Assembly,ASM01,info,PLC,Recipe SKU-1179 downloaded to PLC - parameters verified
2026-09-30T02:36:24Z,Kitting,KIT04,info,HMI,Alarm E201 acknowledged by operator
2026-09-30T02:36:58Z,Packaging,PKG04,warn,HMI,Operator sign-in timeout - line paused (break / shift relief)
2026-09-30T02:37:43Z,Kitting,KIT05,info,HMI,Alarm E201 acknowledged by operator
2026-09-30T02:39:17Z,Kitting,KIT07,warn,PLC,Infeed conveyor low - upstream supply degraded
2026-09-30T02:39:22Z,Molding,MLD03,info,HMI,Jam cleared - guards closed
2026-09-30T02:39:41Z,Molding,MLD05,warn,VIS,Vision reject rate high: rolling 15 min at 5.3% (limit 3.0%)
2026-09-30T02:39:54Z,Packaging,PKG06,info,HMI,Jam cleared - guards closed
2026-09-30T02:40:18Z,Kitting,KIT07,error,PLC,E310 STARVED - no product at infeed photo-eye for 60s
2026-09-30T02:40:25Z,Molding,MLD03,info,PLC,Fault reset - line restart
2026-09-30T02:41:26Z,Kitting,KIT07,info,HMI,Alarm E310 acknowledged by operator
2026-09-30T02:41:39Z,Packaging,PKG06,info,PLC,Fault reset - line restart
2026-09-30T02:41:43Z,Assembly,ASM02,warn,VIS,Vision reject rate high: rolling 15 min at 6.3% (limit 3.0%)
2026-09-30T02:41:46Z,Kitting,KIT04,info,HMI,Jam cleared - guards closed
2026-09-30T02:41:58Z,Packaging,PKG07,info,PLC,Downstream cleared - auto restart
2026-09-30T02:42:25Z,Molding,MLD03,info,PLC,Ramp to rate complete (2800 uph)
2026-09-30T02:42:40Z,Assembly,ASM02,warn,VIS,Camera 2 calibration drift detected - contrast margin low
2026-09-30T02:43:25Z,Kitting,KIT04,info,PLC,Fault reset - line restart
2026-09-30T02:43:31Z,Assembly,ASM02,info,MES,Hourly production: pass=2723 fail=273 yield=97.7%
2026-09-30T02:43:39Z,Packaging,PKG06,info,PLC,Ramp to rate complete (3100 uph)
2026-09-30T02:43:45Z,Molding,MLD05,warn,VIS,Camera 2 calibration drift detected - contrast margin low
2026-09-30T02:45:10Z,Packaging,PKG08,info,MES,Recipe change queued: SKU-3007 -> SKU-1179
2026-09-30T02:45:25Z,Kitting,KIT04,info,PLC,Ramp to rate complete (3300 uph)
2026-09-30T02:45:40Z,Assembly,ASM01,info,PLC,Master reset - line restart
2026-09-30T02:45:43Z,Molding,MLD03,info,MES,Hourly production: pass=1604 fail=228 yield=96.8%
2026-09-30T02:45:55Z,Kitting,KIT07,info,PLC,Product present at infeed - auto restart
2026-09-30T02:46:00Z,Assembly,ASM02,error,MES,QUALITY HOLD - lot paused pending QA disposition
2026-09-30T02:46:21Z,Kitting,KIT08,info,HMI,Jam cleared - guards closed
2026-09-30T02:46:22Z,Packaging,PKG05,info,MES,Hourly production: pass=1753 fail=241 yield=93.1%
2026-09-30T02:46:25Z,Molding,MLD05,error,MES,QUALITY HOLD - lot paused pending QA disposition
2026-09-30T02:47:16Z,Kitting,KIT03,info,MES,Hourly production: pass=2921 fail=147 yield=89.2%
2026-09-30T02:47:56Z,Packaging,PKG05,info,MES,Recipe change queued: SKU-1042 -> SKU-1042
2026-09-30T02:48:10Z,Assembly,ASM01,info,PLC,Ramp to rate complete (3400 uph)
2026-09-30T02:48:35Z,Kitting,KIT05,info,HMI,Jam cleared - guards closed
2026-09-30T02:49:47Z,Kitting,KIT08,info,PLC,Fault reset - line restart
2026-09-30T02:51:47Z,Kitting,KIT08,info,PLC,Ramp to rate complete (3100 uph)
2026-09-30T02:51:56Z,Kitting,KIT05,info,PLC,Fault reset - line restart
2026-09-30T02:52:27Z,Packaging,PKG04,info,HMI,Operator R.Patel signed in - line restart
2026-09-30T02:53:56Z,Kitting,KIT05,info,PLC,Ramp to rate complete (2900 uph)
2026-09-30T02:54:11Z,Packaging,PKG08,info,MES,Change over started - line clearance in progress
2026-09-30T02:54:11Z,Packaging,PKG08,info,PLC,Guard door opened - operator station 1
2026-09-30T02:58:45Z,Packaging,PKG05,info,MES,Change over started - line clearance in progress
2026-09-30T02:58:45Z,Packaging,PKG05,info,PLC,Guard door opened - operator station 1
2026-09-30T02:59:31Z,Molding,MLD05,info,MES,QA sampling in progress - 32 pc AQL pull
2026-09-30T03:03:41Z,Packaging,PKG08,info,MES,Line clearance checklist item complete: infeed cleared
2026-09-30T03:03:49Z,Assembly,ASM02,info,MES,QA sampling in progress - 32 pc AQL pull
2026-09-30T03:12:37Z,Molding,MLD05,info,MES,"QA disposition: RELEASE - hold lifted, line restart"
2026-09-30T03:12:45Z,Packaging,PKG05,info,MES,Line clearance checklist item complete: infeed cleared
2026-09-30T03:15:27Z,Molding,MLD07,info,MES,PM task complete: lubrication / inspection checklist
2026-09-30T03:17:56Z,Packaging,PKG08,info,MES,Line clearance checklist item complete: reject bin verified empty
2026-09-30T03:18:02Z,Coating,COT01,info,MES,PM task complete: lubrication / inspection checklist
2026-09-30T03:21:39Z,Assembly,ASM02,info,MES,"QA disposition: RELEASE - hold lifted, line restart"
2026-09-30T03:31:48Z,Coating,COT03,info,MES,PM task complete: lubrication / inspection checklist
2026-09-30T03:32:11Z,Packaging,PKG08,info,PLC,Recipe SKU-3007 downloaded to PLC - parameters verified
2026-09-30T03:33:45Z,Packaging,PKG05,info,MES,Line clearance checklist item complete: reject bin verified empty
2026-09-30T03:41:41Z,Packaging,PKG08,info,PLC,Master reset - line restart
2026-09-30T03:44:11Z,Packaging,PKG08,info,PLC,Ramp to rate complete (3200 uph)
2026-09-30T03:54:45Z,Packaging,PKG05,info,PLC,Recipe SKU-1042 downloaded to PLC - parameters verified
2026-09-30T04:08:45Z,Packaging,PKG05,info,PLC,Master reset - line restart
2026-09-30T04:11:15Z,Packaging,PKG05,info,PLC,Ramp to rate complete (2600 uph)
2026-09-30T04:26:58Z,Molding,MLD07,info,PLC,LOTO removed
2026-09-30T04:28:58Z,Molding,MLD07,info,PLC,Master reset - line restart
2026-09-30T04:31:10Z,Coating,COT03,info,PLC,LOTO removed
2026-09-30T04:33:10Z,Coating,COT03,info,PLC,Master reset - line restart
2026-09-30T04:44:41Z,Coating,COT01,info,PLC,LOTO removed
2026-09-30T04:46:41Z,Coating,COT01,info,PLC,Master reset - line restart
2026-09-30T10:52:27Z,Kitting,KIT08,info,MES,PM work order WO-49766 scheduled - line will stop at end of current lot
2026-09-30T11:06:09Z,Kitting,KIT08,info,MES,Scheduled downtime started - PM work order WO-44731
2026-09-30T11:06:09Z,Kitting,KIT08,warn,PLC,LOTO applied - energy isolation verified
2026-09-30T11:07:19Z,Packaging,PKG08,warn,PLC,Torque limit warning - infeed screw drive
2026-09-30T11:07:48Z,Packaging,PKG08,warn,PLC,Infeed backlog high - accumulation table at 85%
2026-09-30T11:10:47Z,Coating,COT03,warn,VIS,Vision reject rate high: rolling 15 min at 3.3% (limit 3.0%)
2026-09-30T11:11:08Z,Packaging,PKG08,error,PLC,E201 INFEED JAM - line stopped by PLC interlock
2026-09-30T11:11:50Z,Coating,COT03,warn,VIS,Camera 2 calibration drift detected - contrast margin low
2026-09-30T11:12:10Z,Packaging,PKG05,info,MES,Hourly production: pass=2637 fail=184 yield=91.2%
2026-09-30T11:12:50Z,Packaging,PKG08,info,HMI,Alarm E201 acknowledged by operator
2026-09-30T11:14:35Z,Coating,COT03,error,MES,QUALITY HOLD - lot paused pending QA disposition
2026-09-30T11:14:59Z,Kitting,KIT05,info,MES,Recipe change queued: SKU-1179 -> SKU-1179
2026-09-30T11:16:03Z,Packaging,PKG05,warn,PLC,Infeed conveyor low - upstream supply degraded
2026-09-30T11:17:44Z,Kitting,KIT03,warn,VIS,Vision reject burst: 8 consecutive rejects - self-cleared
2026-09-30T11:17:59Z,Molding,MLD03,warn,PLC,Servo temperature high warning - capper axis (78 C)
2026-09-30T11:19:44Z,Packaging,PKG05,error,PLC,E310 STARVED - no product at infeed photo-eye for 60s
2026-09-30T11:20:10Z,Packaging,PKG08,info,HMI,Jam cleared - guards closed
2026-09-30T11:20:57Z,Kitting,KIT07,warn,PLC,Infeed conveyor low - upstream supply degraded
2026-09-30T11:22:17Z,Coating,COT02,info,MES,Hourly production: pass=2953 fail=37 yield=97.2%
2026-09-30T11:22:26Z,Packaging,PKG08,info,PLC,Fault reset - line restart
2026-09-30T11:22:39Z,Packaging,PKG04,warn,VIS,Vision reject burst: 7 consecutive rejects - self-cleared
2026-09-30T11:23:38Z,Packaging,PKG05,info,HMI,Alarm E310 acknowledged by operator
2026-09-30T11:23:55Z,Packaging,PKG08,info,MES,Hourly production: pass=3035 fail=161 yield=94.9%
2026-09-30T11:23:59Z,Kitting,KIT07,error,PLC,E310 STARVED - no product at infeed photo-eye for 60s
2026-09-30T11:24:26Z,Packaging,PKG08,info,PLC,Ramp to rate complete (3200 uph)
2026-09-30T11:24:52Z,Packaging,PKG07,info,MES,Hourly production: pass=3002 fail=235 yield=89.5%
2026-09-30T11:25:21Z,Assembly,ASM05,warn,PLC,Infeed backlog high - accumulation table at 85%
2026-09-30T11:25:24Z,Assembly,ASM05,warn,PLC,Torque limit warning - infeed screw drive
2026-09-30T11:26:00Z,Assembly,ASM05,info,MES,Hourly production: pass=2462 fail=75 yield=98.6%
2026-09-30T11:26:40Z,Kitting,KIT07,info,HMI,Alarm E310 acknowledged by operator
2026-09-30T11:27:45Z,Molding,MLD03,info,MES,Recipe change queued: SKU-1042 -> SKU-1179
2026-09-30T11:28:22Z,Kitting,KIT03,warn,PLC,Infeed conveyor low - upstream supply degraded
2026-09-30T11:28:23Z,Molding,MLD04,warn,VIS,Vision reject burst: 4 consecutive rejects - self-cleared
2026-09-30T11:28:54Z,Kitting,KIT05,info,MES,Change over started - line clearance in progress
2026-09-30T11:28:54Z,Kitting,KIT05,info,PLC,Guard door opened - operator station 1
2026-09-30T11:29:19Z,Assembly,ASM05,error,PLC,E201 INFEED JAM - line stopped by PLC interlock
2026-09-30T11:30:43Z,Assembly,ASM05,info,HMI,Alarm E201 acknowledged by operator
2026-09-30T11:31:09Z,Coating,COT03,info,MES,QA sampling in progress - 32 pc AQL pull
2026-09-30T11:31:25Z,Molding,MLD05,info,MES,Hourly production: pass=2572 fail=68 yield=88.9%
2026-09-30T11:31:28Z,Kitting,KIT03,error,PLC,E310 STARVED - no product at infeed photo-eye for 60s
2026-09-30T11:32:32Z,Kitting,KIT03,info,HMI,Alarm E310 acknowledged by operator
2026-09-30T11:33:08Z,Packaging,PKG06,warn,PLC,Infeed backlog high - accumulation table at 85%
2026-09-30T11:34:42Z,Molding,MLD04,error,PLC,E001 E-STOP PRESSED - operator station 2 - safety circuit open
2026-09-30T11:35:34Z,Molding,MLD07,info,MES,Hourly production: pass=3184 fail=285 yield=88.1%
2026-09-30T11:36:39Z,Packaging,PKG04,info,MES,Hourly production: pass=2975 fail=142 yield=95.5%
2026-09-30T11:36:48Z,Assembly,ASM05,info,HMI,Jam cleared - guards closed
2026-09-30T11:36:49Z,Kitting,KIT03,info,PLC,Product present at infeed - auto restart
2026-09-30T11:37:23Z,Kitting,KIT07,info,PLC,Product present at infeed - auto restart
2026-09-30T11:37:28Z,Packaging,PKG04,warn,PLC,Infeed conveyor low - upstream supply degraded
2026-09-30T11:37:33Z,Molding,MLD03,info,MES,Change over started - line clearance in progress
2026-09-30T11:37:33Z,Molding,MLD03,info,PLC,Guard door opened - operator station 1
2026-09-30T11:37:56Z,Packaging,PKG06,warn,PLC,Torque limit warning - infeed screw drive
2026-09-30T11:38:40Z,Assembly,ASM05,info,PLC,Fault reset - line restart
2026-09-30T11:38:47Z,Packaging,PKG06,info,MES,Hourly production: pass=2656 fail=85 yield=91.7%
2026-09-30T11:38:59Z,Packaging,PKG04,error,PLC,E310 STARVED - no product at infeed photo-eye for 60s
2026-09-30T11:39:10Z,Packaging,PKG06,error,PLC,E201 INFEED JAM - line stopped by PLC interlock
2026-09-30T11:39:14Z,Packaging,PKG05,info,PLC,Product present at infeed - auto restart
2026-09-30T11:40:00Z,Molding,MLD04,info,HMI,E-stop reset - safety circuit closed
2026-09-30T11:40:08Z,Packaging,PKG06,info,HMI,Alarm E201 acknowledged by operator
2026-09-30T11:40:09Z,Kitting,KIT05,info,MES,Line clearance checklist item complete: infeed cleared
2026-09-30T11:40:40Z,Assembly,ASM05,info,PLC,Ramp to rate complete (3200 uph)
2026-09-30T11:42:59Z,Packaging,PKG04,info,HMI,Alarm E310 acknowledged by operator
2026-09-30T11:43:34Z,Packaging,PKG07,warn,PLC,Infeed backlog high - accumulation table at 85%
2026-09-30T11:43:49Z,Packaging,PKG07,warn,PLC,Torque limit warning - infeed screw drive
2026-09-30T11:43:52Z,Molding,MLD03,info,MES,Line clearance checklist item complete: infeed cleared
2026-09-30T11:44:16Z,Assembly,ASM05,warn,VIS,Vision reject burst: 12 consecutive rejects - self-cleared
2026-09-30T11:44:18Z,Packaging,PKG06,info,HMI,Jam cleared - guards closed
2026-09-30T11:44:20Z,Molding,MLD05,warn,PLC,Infeed conveyor low - upstream supply degraded
2026-09-30T11:44:27Z,Kitting,KIT04,info,MES,Hourly production: pass=2201 fail=205 yield=90.7%
2026-09-30T11:45:19Z,Molding,MLD04,info,PLC,Safety reset complete - master reset - line restart
2026-09-30T11:45:35Z,Packaging,PKG06,info,PLC,Fault reset - line restart
2026-09-30T11:45:41Z,Assembly,ASM01,info,MES,Recipe change queued: SKU-2311 -> SKU-2044
2026-09-30T11:46:03Z,Assembly,ASM01,warn,VIS,Vision reject burst: 10 consecutive rejects - self-cleared
2026-09-30T11:47:26Z,Packaging,PKG07,error,PLC,E201 INFEED JAM - line stopped by PLC interlock
2026-09-30T11:47:35Z,Packaging,PKG06,info,PLC,Ramp to rate complete (3100 uph)
2026-09-30T11:47:44Z,Coating,COT03,info,MES,"QA disposition: RELEASE - hold lifted, line restart"
2026-09-30T11:48:36Z,Molding,MLD05,error,PLC,E310 STARVED - no product at infeed photo-eye for 60s
2026-09-30T11:49:36Z,Packaging,PKG07,info,HMI,Alarm E201 acknowledged by operator
2026-09-30T11:50:36Z,Molding,MLD05,info,HMI,Alarm E310 acknowledged by operator
2026-09-30T11:51:21Z,Kitting,KIT03,info,MES,Hourly production: pass=3399 fail=148 yield=98.8%
2026-09-30T11:53:20Z,Molding,MLD03,info,MES,Line clearance checklist item complete: reject bin verified empty
2026-09-30T11:53:39Z,Assembly,ASM01,info,MES,Change over started - line clearance in progress
2026-09-30T11:53:39Z,Assembly,ASM01,info,PLC,Guard door opened - operator station 1
2026-09-30T11:54:06Z,Coating,COT01,info,MES,Hourly production: pass=2307 fail=46 yield=88.4%
2026-09-30T11:54:23Z,Molding,MLD04,info,MES,Hourly production: pass=1781 fail=221 yield=93.4%
2026-09-30T11:55:30Z,Coating,COT02,warn,PLC,Infeed backlog high - accumulation table at 85%
2026-09-30T11:55:34Z,Coating,COT02,warn,PLC,Torque limit warning - infeed screw drive
2026-09-30T11:57:01Z,Kitting,KIT05,info,MES,Line clearance checklist item complete: reject bin verified empty
2026-09-30T11:57:01Z,Molding,MLD07,warn,VIS,Vision reject burst: 11 consecutive rejects - self-cleared
2026-09-30T11:58:37Z,Molding,MLD05,info,PLC,Product present at infeed - auto restart
2026-09-30T11:58:49Z,Molding,MLD07,warn,PLC,Infeed conveyor low - upstream supply degraded
2026-09-30T11:58:56Z,Packaging,PKG04,info,PLC,Product present at infeed - auto restart
2026-09-30T11:58:57Z,Packaging,PKG07,info,HMI,Jam cleared - guards closed
2026-09-30T11:59:22Z,Coating,COT02,error,PLC,E201 INFEED JAM - line stopped by PLC interlock
2026-09-30T12:00:07Z,Coating,COT02,info,HMI,Alarm E201 acknowledged by operator
2026-09-30T12:01:50Z,Packaging,PKG07,info,PLC,Fault reset - line restart
2026-09-30T12:02:08Z,Kitting,KIT07,info,MES,Hourly production: pass=2055 fail=235 yield=94.0%
2026-09-30T12:02:33Z,Molding,MLD07,error,PLC,E310 STARVED - no product at infeed photo-eye for 60s
2026-09-30T12:02:49Z,Molding,MLD03,info,PLC,Recipe SKU-3007 downloaded to PLC - parameters verified
2026-09-30T12:02:58Z,Assembly,ASM05,info,MES,Recipe change queued: SKU-2311 -> SKU-3007
2026-09-30T12:03:21Z,Coating,COT02,info,HMI,Jam cleared - guards closed
2026-09-30T12:03:38Z,Molding,MLD07,info,HMI,Alarm E310 acknowledged by operator
2026-09-30T12:03:50Z,Packaging,PKG07,info,PLC,Ramp to rate complete (2400 uph)
2026-09-30T12:04:20Z,Coating,COT02,info,PLC,Fault reset - line restart
2026-09-30T12:06:18Z,Kitting,KIT08,info,MES,PM task complete: lubrication / inspection checklist
2026-09-30T12:06:20Z,Coating,COT02,info,PLC,Ramp to rate complete (3200 uph)
2026-09-30T12:07:22Z,Packaging,PKG07,warn,PLC,Servo temperature high warning - capper axis (78 C)
2026-09-30T12:07:59Z,Molding,MLD07,info,PLC,Product present at infeed - auto restart
2026-09-30T12:08:05Z,Assembly,ASM01,info,MES,Line clearance checklist item complete: infeed cleared
2026-09-30T12:09:07Z,Coating,COT02,info,MES,Hourly production: pass=2385 fail=292 yield=89.1%
2026-09-30T12:09:08Z,Molding,MLD03,info,PLC,Master reset - line restart
2026-09-30T12:11:38Z,Molding,MLD03,info,PLC,Ramp to rate complete (2800 uph)
2026-09-30T12:11:56Z,Assembly,ASM05,info,MES,Hourly production: pass=2185 fail=180 yield=89.2%
2026-09-30T12:12:37Z,Molding,MLD07,info,MES,Hourly production: pass=2824 fail=135 yield=90.8%
2026-09-30T12:13:00Z,Assembly,ASM05,info,MES,Change over started - line clearance in progress
2026-09-30T12:13:00Z,Assembly,ASM05,info,PLC,Guard door opened - operator station 1
2026-09-30T12:13:53Z,Kitting,KIT05,info,PLC,Recipe SKU-3007 downloaded to PLC - parameters verified
2026-09-30T12:14:31Z,Kitting,KIT04,info,MES,Hourly production: pass=3160 fail=292 yield=97.7%
2026-09-30T12:17:33Z,Packaging,PKG06,warn,VIS,Vision reject burst: 4 consecutive rejects - self-cleared
2026-09-30T12:20:38Z,Packaging,PKG04,warn,PLC,Infeed backlog high - accumulation table at 85%
2026-09-30T12:21:16Z,Kitting,KIT03,info,MES,Hourly production: pass=2916 fail=236 yield=92.9%
2026-09-30T12:21:20Z,Packaging,PKG05,info,MES,Operator R.Patel signed in at station 1
2026-09-30T12:22:13Z,Molding,MLD05,warn,PLC,Infeed backlog high - accumulation table at 85%
2026-09-30T12:22:42Z,Coating,COT01,warn,VIS,Vision reject burst: 5 consecutive rejects - self-cleared
2026-09-30T12:23:38Z,Assembly,ASM05,info,MES,Line clearance checklist item complete: infeed cleared
2026-09-30T12:23:48Z,Molding,MLD05,warn,PLC,Torque limit warning - infeed screw drive
2026-09-30T12:24:13Z,Kitting,KIT04,warn,VIS,Vision reject burst: 8 consecutive rejects - self-cleared
2026-09-30T12:24:38Z,Molding,MLD03,info,MES,Hourly production: pass=1830 fail=268 yield=98.2%
2026-09-30T12:25:07Z,Kitting,KIT05,info,PLC,Master reset - line restart
2026-09-30T12:25:15Z,Packaging,PKG04,warn,PLC,Torque limit warning - infeed screw drive
2026-09-30T12:27:15Z,Packaging,PKG04,error,PLC,E201 INFEED JAM - line stopped by PLC interlock
2026-09-30T12:27:32Z,Molding,MLD05,error,PLC,E201 INFEED JAM - line stopped by PLC interlock
2026-09-30T12:27:37Z,Kitting,KIT05,info,PLC,Ramp to rate complete (2900 uph)
2026-09-30T12:28:09Z,Assembly,ASM02,info,MES,Hourly production: pass=2837 fail=100 yield=89.9%
2026-09-30T12:28:25Z,Packaging,PKG04,info,HMI,Alarm E201 acknowledged by operator
2026-09-30T12:29:07Z,Molding,MLD05,info,HMI,Alarm E201 acknowledged by operator
2026-09-30T12:29:12Z,Packaging,PKG08,warn,VIS,Vision reject burst: 5 consecutive rejects - self-cleared
2026-09-30T12:29:33Z,Molding,MLD07,info,MES,Operator K.Simmons signed in at station 1
2026-09-30T12:29:41Z,Kitting,KIT04,warn,PLC,Torque limit warning - infeed screw drive
2026-09-30T12:29:43Z,Assembly,ASM01,info,MES,Line clearance checklist item complete: reject bin verified empty
2026-09-30T12:30:16Z,Kitting,KIT04,warn,PLC,Infeed backlog high - accumulation table at 85%
2026-09-30T12:30:57Z,Packaging,PKG05,info,MES,Hourly production: pass=3378 fail=74 yield=90.9%
2026-09-30T12:33:16Z,Kitting,KIT04,error,PLC,E201 INFEED JAM - line stopped by PLC interlock
2026-09-30T12:33:26Z,Packaging,PKG04,info,HMI,Jam cleared - guards closed
2026-09-30T12:34:15Z,Kitting,KIT04,info,HMI,Alarm E201 acknowledged by operator
2026-09-30T12:34:16Z,Molding,MLD03,warn,VIS,Vision reject burst: 5 consecutive rejects - self-cleared
2026-09-30T12:34:58Z,Packaging,PKG08,info,MES,Hourly production: pass=3387 fail=113 yield=92.2%
2026-09-30T12:34:58Z,Packaging,PKG04,info,PLC,Fault reset - line restart
2026-09-30T12:35:49Z,Packaging,PKG08,warn,PLC,Infeed conveyor low - upstream supply degraded
2026-09-30T12:36:01Z,Molding,MLD05,info,HMI,Jam cleared - guards closed
2026-09-30T12:36:46Z,Molding,MLD03,info,MES,Recipe change queued: SKU-2311 -> SKU-1042
2026-09-30T12:36:58Z,Packaging,PKG04,info,PLC,Ramp to rate complete (3000 uph)
2026-09-30T12:37:21Z,Coating,COT01,info,MES,Hourly production: pass=2431 fail=79 yield=94.0%
2026-09-30T12:38:03Z,Packaging,PKG07,warn,VIS,Vision reject burst: 4 consecutive rejects - self-cleared
2026-09-30T12:38:08Z,Molding,MLD05,info,PLC,Fault reset - line restart
2026-09-30T12:38:15Z,Molding,MLD04,warn,PLC,Infeed backlog high - accumulation table at 85%
2026-09-30T12:38:31Z,Kitting,KIT04,info,HMI,Jam cleared - guards closed
2026-09-30T12:39:34Z,Assembly,ASM05,info,MES,Line clearance checklist item complete: reject bin verified empty
2026-09-30T12:39:50Z,Kitting,KIT04,info,PLC,Fault reset - line restart
2026-09-30T12:40:08Z,Molding,MLD05,info,PLC,Ramp to rate complete (2900 uph)
2026-09-30T12:40:13Z,Molding,MLD04,warn,PLC,Torque limit warning - infeed screw drive
2026-09-30T12:40:24Z,Packaging,PKG08,error,PLC,E310 STARVED - no product at infeed photo-eye for 60s
2026-09-30T12:40:26Z,Assembly,ASM02,warn,PLC,Infeed conveyor low - upstream supply degraded
2026-09-30T12:41:14Z,Packaging,PKG04,info,MES,Hourly production: pass=2363 fail=227 yield=92.8%
2026-09-30T12:41:39Z,Molding,MLD04,error,PLC,E201 INFEED JAM - line stopped by PLC interlock
2026-09-30T12:41:50Z,Kitting,KIT04,info,PLC,Ramp to rate complete (3300 uph)
2026-09-30T12:42:46Z,Assembly,ASM02,error,PLC,E310 STARVED - no product at infeed photo-eye for 60s
2026-09-30T12:42:50Z,Molding,MLD04,info,HMI,Alarm E201 acknowledged by operator
2026-09-30T12:43:21Z,Packaging,PKG08,info,HMI,Alarm E310 acknowledged by operator
2026-09-30T12:44:01Z,Molding,MLD03,info,MES,Change over started - line clearance in progress
2026-09-30T12:44:01Z,Molding,MLD03,info,PLC,Guard door opened - operator station 1
2026-09-30T12:45:57Z,Kitting,KIT03,info,MES,PM work order WO-49498 scheduled - line will stop at end of current lot
2026-09-30T12:46:21Z,Assembly,ASM02,info,HMI,Alarm E310 acknowledged by operator
2026-09-30T12:47:59Z,Molding,MLD04,info,HMI,Jam cleared - guards closed
2026-09-30T12:49:03Z,Coating,COT03,info,MES,Hourly production: pass=2967 fail=146 yield=94.5%
2026-09-30T12:49:34Z,Molding,MLD04,info,PLC,Fault reset - line restart
2026-09-30T12:49:54Z,Packaging,PKG07,info,MES,Recipe change queued: SKU-2044 -> SKU-2044
2026-09-30T12:49:55Z,Molding,MLD04,info,MES,Hourly production: pass=2855 fail=128 yield=97.3%
2026-09-30T12:50:10Z,Packaging,PKG05,warn,HMI,Operator sign-in timeout - line paused (break / shift relief)
2026-09-30T12:51:22Z,Assembly,ASM01,info,PLC,Recipe SKU-2311 downloaded to PLC - parameters verified
2026-09-30T12:51:34Z,Molding,MLD04,info,PLC,Ramp to rate complete (3300 uph)
2026-09-30T12:54:44Z,Packaging,PKG07,info,MES,Hourly production: pass=3224 fail=165 yield=93.6%
2026-09-30T12:55:08Z,Packaging,PKG08,info,PLC,Product present at infeed - auto restart
2026-09-30T12:55:11Z,Molding,MLD03,info,MES,Line clearance checklist item complete: infeed cleared
2026-09-30T12:55:29Z,Assembly,ASM05,info,PLC,Recipe SKU-2044 downloaded to PLC - parameters verified
2026-09-30T12:55:52Z,Kitting,KIT07,warn,VIS,Vision reject rate high: rolling 15 min at 4.9% (limit 3.0%)
2026-09-30T12:56:22Z,Kitting,KIT04,warn,PLC,Servo temperature high warning - capper axis (78 C)
2026-09-30T12:57:07Z,Packaging,PKG06,info,MES,Hourly production: pass=2990 fail=117 yield=95.4%
2026-09-30T12:57:43Z,Kitting,KIT07,warn,VIS,Camera 2 calibration drift detected - contrast margin low
2026-09-30T12:57:44Z,Molding,MLD05,info,MES,Hourly production: pass=1650 fail=257 yield=88.9%
2026-09-30T12:59:52Z,Kitting,KIT03,info,MES,Scheduled downtime started - PM work order WO-46669
2026-09-30T12:59:52Z,Kitting,KIT03,warn,PLC,LOTO applied - energy isolation verified
2026-09-30T13:00:27Z,Kitting,KIT07,error,MES,QUALITY HOLD - lot paused pending QA disposition
2026-09-30T13:00:42Z,Assembly,ASM02,info,PLC,Product present at infeed - auto restart
2026-09-30T13:02:29Z,Packaging,PKG07,info,MES,Change over started - line clearance in progress
2026-09-30T13:02:29Z,Packaging,PKG07,info,PLC,Guard door opened - operator station 1
2026-09-30T13:02:35Z,Packaging,PKG06,info,MES,Recipe change queued: SKU-2311 -> SKU-2311
2026-09-30T13:04:27Z,Kitting,KIT08,info,PLC,LOTO removed
2026-09-30T13:05:19Z,Molding,MLD05,warn,PLC,Discharge back-pressure rising - downstream accumulation at 90%
2026-09-30T13:05:43Z,Kitting,KIT05,warn,PLC,Discharge back-pressure rising - downstream accumulation at 90%
2026-09-30T13:05:46Z,Molding,MLD07,info,MES,Hourly production: pass=2552 fail=195 yield=93.8%
2026-09-30T13:05:47Z,Assembly,ASM01,info,PLC,Master reset - line restart
2026-09-30T13:06:07Z,Assembly,ASM05,info,PLC,Master reset - line restart
2026-09-30T13:06:27Z,Kitting,KIT08,info,PLC,Master reset - line restart
2026-09-30T13:07:30Z,Kitting,KIT05,error,PLC,"E311 BLOCKED - discharge full, line paused"
2026-09-30T13:08:17Z,Assembly,ASM01,info,PLC,Ramp to rate complete (3400 uph)
2026-09-30T13:08:36Z,Coating,COT03,warn,PLC,Infeed backlog high - accumulation table at 85%
2026-09-30T13:08:37Z,Assembly,ASM05,info,PLC,Ramp to rate complete (3200 uph)
2026-09-30T13:09:44Z,Packaging,PKG06,info,MES,Change over started - line clearance in progress
2026-09-30T13:09:44Z,Packaging,PKG06,info,PLC,Guard door opened - operator station 1
2026-09-30T13:10:05Z,Molding,MLD05,error,PLC,"E311 BLOCKED - discharge full, line paused"
2026-09-30T13:10:09Z,Coating,COT03,warn,PLC,Torque limit warning - infeed screw drive
2026-09-30T13:11:23Z,Kitting,KIT04,info,MES,Hourly production: pass=2813 fail=192 yield=96.8%
2026-09-30T13:11:26Z,Packaging,PKG05,info,HMI,Operator R.Patel signed in - line restart
2026-09-30T13:11:57Z,Molding,MLD03,info,MES,Line clearance checklist item complete: reject bin verified empty
2026-09-30T13:12:19Z,Kitting,KIT07,info,MES,QA sampling in progress - 32 pc AQL pull
2026-09-30T13:13:18Z,Coating,COT03,error,PLC,E201 INFEED JAM - line stopped by PLC interlock
2026-09-30T13:13:23Z,Coating,COT01,warn,PLC,Infeed conveyor low - upstream supply degraded
2026-09-30T13:13:37Z,Packaging,PKG07,info,MES,Line clearance checklist item complete: infeed cleared
2026-09-30T13:14:01Z,Coating,COT03,info,HMI,Alarm E201 acknowledged by operator
2026-09-30T13:17:05Z,Coating,COT01,error,PLC,E310 STARVED - no product at infeed photo-eye for 60s
2026-09-30T13:17:06Z,Coating,COT03,info,HMI,Jam cleared - guards closed
2026-09-30T13:17:22Z,Assembly,ASM01,info,MES,Hourly production: pass=2011 fail=280 yield=98.2%
2026-09-30T13:18:03Z,Coating,COT03,info,PLC,Fault reset - line restart
2026-09-30T13:19:38Z,Coating,COT02,warn,VIS,Vision reject rate high: rolling 15 min at 4.4% (limit 3.0%)
2026-09-30T13:19:46Z,Kitting,KIT05,info,PLC,Downstream cleared - auto restart
2026-09-30T13:19:53Z,Packaging,PKG04,info,MES,Operator T.Nguyen signed in at station 1
2026-09-30T13:20:03Z,Coating,COT03,info,PLC,Ramp to rate complete (3000 uph)
2026-09-30T13:21:03Z,Coating,COT01,info,HMI,Alarm E310 acknowledged by operator
2026-09-30T13:21:50Z,Coating,COT02,warn,VIS,Vision reject burst: 7 consecutive rejects - self-cleared
2026-09-30T13:22:35Z,Coating,COT02,warn,VIS,Camera 2 calibration drift detected - contrast margin low
2026-09-30T13:23:44Z,Molding,MLD05,info,PLC,Downstream cleared - auto restart
2026-09-30T13:24:12Z,Kitting,KIT07,info,MES,"QA disposition: RELEASE - hold lifted, line restart"
2026-09-30T13:25:09Z,Coating,COT02,error,MES,QUALITY HOLD - lot paused pending QA disposition
2026-09-30T13:26:32Z,Kitting,KIT05,info,MES,Hourly production: pass=3261 fail=223 yield=91.8%
2026-09-30T13:26:42Z,Packaging,PKG08,info,MES,Hourly production: pass=2408 fail=198 yield=88.9%
2026-09-30T13:27:16Z,Packaging,PKG06,info,MES,Line clearance checklist item complete: infeed cleared
2026-09-30T13:28:42Z,Molding,MLD03,info,PLC,Recipe SKU-2311 downloaded to PLC - parameters verified
2026-09-30T13:30:18Z,Packaging,PKG07,info,MES,Line clearance checklist item complete: reject bin verified empty
2026-09-30T13:31:16Z,Assembly,ASM01,warn,VIS,Vision reject rate high: rolling 15 min at 4.2% (limit 3.0%)
2026-09-30T13:31:42Z,Molding,MLD06,info,MES,Hourly production: pass=1917 fail=245 yield=97.3%
2026-09-30T13:35:15Z,Assembly,ASM05,warn,VIS,Vision reject burst: 7 consecutive rejects - self-cleared
2026-09-30T13:35:19Z,Assembly,ASM01,warn,VIS,Camera 2 calibration drift detected - contrast margin low
2026-09-30T13:36:33Z,Molding,MLD07,warn,PLC,Infeed conveyor low - upstream supply degraded
2026-09-30T13:36:54Z,Coating,COT01,info,PLC,Product present at infeed - auto restart
2026-09-30T13:37:13Z,Packaging,PKG04,warn,PLC,Discharge back-pressure rising - downstream accumulation at 90%
2026-09-30T13:38:40Z,Assembly,ASM02,info,MES,Hourly production: pass=2948 fail=58 yield=90.4%
2026-09-30T13:38:56Z,Assembly,ASM01,error,MES,QUALITY HOLD - lot paused pending QA disposition
2026-09-30T13:39:53Z,Molding,MLD03,info,PLC,Master reset - line restart
2026-09-30T13:40:21Z,Molding,MLD07,error,PLC,E310 STARVED - no product at infeed photo-eye for 60s
2026-09-30T13:41:35Z,Packaging,PKG04,error,PLC,"E311 BLOCKED - discharge full, line paused"
2026-09-30T13:42:23Z,Molding,MLD03,info,PLC,Ramp to rate complete (2800 uph)
2026-09-30T13:43:31Z,Molding,MLD07,info,HMI,Alarm E310 acknowledged by operator
2026-09-30T13:44:50Z,Assembly,ASM02,warn,PLC,Infeed conveyor low - upstream supply degraded
2026-09-30T13:46:02Z,Packaging,PKG08,warn,HMI,Operator sign-in timeout - line paused (break / shift relief)
2026-09-30T13:46:39Z,Kitting,KIT07,info,MES,PM work order WO-45396 scheduled - line will stop at end of current lot
2026-09-30T13:46:59Z,Packaging,PKG07,info,PLC,Recipe SKU-1179 downloaded to PLC - parameters verified
2026-09-30T13:47:04Z,Coating,COT02,info,MES,QA sampling in progress - 32 pc AQL pull
2026-09-30T13:47:34Z,Coating,COT03,info,MES,Hourly production: pass=2038 fail=69 yield=97.4%
2026-09-30T13:48:40Z,Kitting,KIT04,warn,PLC,Infeed backlog high - accumulation table at 85%
2026-09-30T13:49:49Z,Assembly,ASM02,error,PLC,E310 STARVED - no product at infeed photo-eye for 60s
2026-09-30T13:50:01Z,Kitting,KIT04,warn,PLC,Torque limit warning - infeed screw drive
2026-09-30T13:50:43Z,Kitting,KIT04,error,PLC,E201 INFEED JAM - line stopped by PLC interlock
2026-09-30T13:51:23Z,Kitting,KIT04,info,HMI,Alarm E201 acknowledged by operator
2026-09-30T13:51:36Z,Kitting,KIT03,info,MES,PM task complete: lubrication / inspection checklist
2026-09-30T13:51:42Z,Packaging,PKG04,info,PLC,Downstream cleared - auto restart
2026-09-30T13:52:32Z,Molding,MLD04,info,MES,Recipe change queued: SKU-2044 -> SKU-1179
2026-09-30T13:52:56Z,Molding,MLD05,info,MES,Hourly production: pass=1968 fail=152 yield=98.5%
2026-09-30T13:53:35Z,Packaging,PKG06,info,MES,Line clearance checklist item complete: reject bin verified empty
2026-09-30T13:53:48Z,Assembly,ASM02,info,HMI,Alarm E310 acknowledged by operator
2026-09-30T13:54:18Z,Kitting,KIT04,info,HMI,Jam cleared - guards closed
2026-09-30T13:55:12Z,Kitting,KIT04,info,PLC,Fault reset - line restart
2026-09-30T13:56:05Z,Molding,MLD04,info,MES,Hourly production: pass=2064 fail=300 yield=90.9%
2026-09-30T13:56:13Z,Molding,MLD07,info,PLC,Product present at infeed - auto restart
2026-09-30T13:56:36Z,Packaging,PKG08,info,HMI,Operator D.Okafor signed in - line restart
2026-09-30T13:56:50Z,Packaging,PKG05,info,MES,Hourly production: pass=2987 fail=273 yield=90.7%
2026-09-30T13:57:12Z,Kitting,KIT04,info,PLC,Ramp to rate complete (3300 uph)
2026-09-30T13:57:45Z,Packaging,PKG04,info,MES,Hourly production: pass=3352 fail=265 yield=94.4%
2026-09-30T13:58:03Z,Kitting,KIT08,info,MES,Hourly production: pass=3392 fail=228 yield=93.8%
2026-09-30T13:58:07Z,Packaging,PKG07,info,PLC,Master reset - line restart
2026-09-30T13:59:28Z,Assembly,ASM01,info,MES,QA sampling in progress - 32 pc AQL pull
2026-09-30T14:00:08Z,Molding,MLD03,info,MES,Hourly production: pass=2330 fail=196 yield=96.0%
2026-09-30T14:00:37Z,Packaging,PKG07,info,PLC,Ramp to rate complete (2400 uph)
2026-09-30T14:01:51Z,Kitting,KIT04,warn,VIS,Vision reject burst: 7 consecutive rejects - self-cleared
2026-09-30T14:02:34Z,Molding,MLD06,info,MES,Hourly production: pass=3163 fail=291 yield=89.6%
2026-09-30T14:02:48Z,Kitting,KIT07,warn,PLC,Servo temperature high warning - capper axis (78 C)
2026-09-30T14:03:14Z,Packaging,PKG05,warn,HMI,Operator sign-in timeout - line paused (break / shift relief)
2026-09-30T14:03:53Z,Coating,COT03,warn,PLC,Infeed conveyor low - upstream supply degraded
2026-09-30T14:04:42Z,Molding,MLD04,info,MES,Change over started - line clearance in progress
2026-09-30T14:04:42Z,Molding,MLD04,info,PLC,Guard door opened - operator station 1
2026-09-30T14:07:14Z,Kitting,KIT04,info,MES,Hourly production: pass=2038 fail=128 yield=95.0%
2026-09-30T14:08:00Z,Coating,COT03,error,PLC,E310 STARVED - no product at infeed photo-eye for 60s
2026-09-30T14:08:13Z,Assembly,ASM05,warn,PLC,Infeed backlog high - accumulation table at 85%
2026-09-30T14:08:28Z,Kitting,KIT07,info,MES,Scheduled downtime started - PM work order WO-43080
2026-09-30T14:08:28Z,Kitting,KIT07,warn,PLC,LOTO applied - energy isolation verified
2026-09-30T14:09:00Z,Coating,COT02,info,MES,"QA disposition: RELEASE - hold lifted, line restart"
2026-09-30T14:09:10Z,Coating,COT01,error,PLC,E001 E-STOP PRESSED - operator station 2 - safety circuit open
2026-09-30T14:09:40Z,Assembly,ASM02,info,PLC,Product present at infeed - auto restart
2026-09-30T14:10:29Z,Coating,COT03,info,HMI,Alarm E310 acknowledged by operator
2026-09-30T14:11:20Z,Kitting,KIT05,info,MES,Hourly production: pass=2936 fail=179 yield=90.4%
2026-09-30T14:12:04Z,Assembly,ASM05,warn,PLC,Torque limit warning - infeed screw drive
2026-09-30T14:12:13Z,Kitting,KIT05,warn,PLC,Discharge back-pressure rising - downstream accumulation at 90%
2026-09-30T14:13:06Z,Packaging,PKG05,info,HMI,Operator T.Nguyen signed in - line restart
2026-09-30T14:13:42Z,Assembly,ASM05,error,PLC,E201 INFEED JAM - line stopped by PLC interlock
2026-09-30T14:13:51Z,Coating,COT01,info,HMI,E-stop reset - safety circuit closed
2026-09-30T14:15:22Z,Kitting,KIT05,error,PLC,"E311 BLOCKED - discharge full, line paused"
2026-09-30T14:17:13Z,Assembly,ASM05,info,HMI,Alarm E201 acknowledged by operator
2026-09-30T14:18:32Z,Coating,COT01,info,PLC,Safety reset complete - master reset - line restart
2026-09-30T14:19:48Z,Kitting,KIT08,warn,PLC,Torque limit warning - infeed screw drive
2026-09-30T14:19:54Z,Packaging,PKG06,info,PLC,Recipe SKU-1179 downloaded to PLC - parameters verified
2026-09-30T14:20:01Z,Assembly,ASM01,info,MES,"QA disposition: RELEASE - hold lifted, line restart"
2026-09-30T14:20:27Z,Coating,COT03,info,PLC,Product present at infeed - auto restart
2026-09-30T14:20:30Z,Molding,MLD04,info,MES,Line clearance checklist item complete: infeed cleared
2026-09-30T14:21:01Z,Kitting,KIT08,warn,PLC,Infeed backlog high - accumulation table at 85%
2026-09-30T14:22:18Z,Kitting,KIT08,error,PLC,E201 INFEED JAM - line stopped by PLC interlock
2026-09-30T14:23:35Z,Kitting,KIT08,info,HMI,Alarm E201 acknowledged by operator
2026-09-30T14:24:40Z,Molding,MLD05,warn,PLC,Infeed conveyor low - upstream supply degraded
2026-09-30T14:24:58Z,Kitting,KIT05,info,PLC,Downstream cleared - auto restart
2026-09-30T14:25:33Z,Kitting,KIT05,warn,VIS,Vision reject burst: 6 consecutive rejects - self-cleared
2026-09-30T14:25:51Z,Molding,MLD05,error,PLC,E310 STARVED - no product at infeed photo-eye for 60s
2026-09-30T14:27:38Z,Molding,MLD05,info,HMI,Alarm E310 acknowledged by operator
2026-09-30T14:28:49Z,Packaging,PKG04,info,MES,Hourly production: pass=1749 fail=52 yield=97.6%
2026-09-30T14:29:10Z,Kitting,KIT08,info,HMI,Jam cleared - guards closed
2026-09-30T14:29:21Z,Packaging,PKG07,info,MES,Hourly production: pass=2022 fail=220 yield=89.0%
2026-09-30T14:30:54Z,Kitting,KIT08,info,PLC,Fault reset - line restart
2026-09-30T14:31:39Z,Packaging,PKG05,info,MES,Hourly production: pass=2225 fail=277 yield=91.1%
2026-09-30T14:32:27Z,Assembly,ASM05,info,HMI,Jam cleared - guards closed
2026-09-30T14:32:54Z,Kitting,KIT08,info,PLC,Ramp to rate complete (3100 uph)
2026-09-30T14:34:05Z,Kitting,KIT08,warn,VIS,Vision reject burst: 6 consecutive rejects - self-cleared
2026-09-30T14:34:45Z,Molding,MLD05,info,PLC,Product present at infeed - auto restart
2026-09-30T14:36:16Z,Assembly,ASM02,warn,PLC,Infeed conveyor low - upstream supply degraded
2026-09-30T14:37:08Z,Assembly,ASM05,info,PLC,Fault reset - line restart
2026-09-30T14:37:26Z,Packaging,PKG06,info,PLC,Master reset - line restart
2026-09-30T14:37:34Z,Molding,MLD03,warn,PLC,Discharge back-pressure rising - downstream accumulation at 90%
2026-09-30T14:38:18Z,Assembly,ASM02,error,PLC,E310 STARVED - no product at infeed photo-eye for 60s
2026-09-30T14:38:34Z,Packaging,PKG05,info,MES,Recipe change queued: SKU-1179 -> SKU-2044
2026-09-30T14:38:37Z,Coating,COT02,info,MES,Hourly production: pass=3359 fail=35 yield=93.9%
2026-09-30T14:38:46Z,Molding,MLD06,warn,PLC,Infeed backlog high - accumulation table at 85%
2026-09-30T14:39:08Z,Assembly,ASM05,info,PLC,Ramp to rate complete (3200 uph)
2026-09-30T14:39:45Z,Assembly,ASM02,info,HMI,Alarm E310 acknowledged by operator
2026-09-30T14:39:55Z,Molding,MLD06,warn,PLC,Torque limit warning - infeed screw drive
2026-09-30T14:39:56Z,Packaging,PKG06,info,PLC,Ramp to rate complete (3100 uph)
2026-09-30T14:40:53Z,Molding,MLD06,error,PLC,E201 INFEED JAM - line stopped by PLC interlock
2026-09-30T14:41:21Z,Kitting,KIT03,info,PLC,LOTO removed
2026-09-30T14:41:36Z,Molding,MLD03,error,PLC,"E311 BLOCKED - discharge full, line paused"
2026-09-30T14:42:10Z,Molding,MLD06,info,HMI,Alarm E201 acknowledged by operator
2026-09-30T14:43:21Z,Kitting,KIT03,info,PLC,Master reset - line restart
2026-09-30T14:43:58Z,Assembly,ASM01,info,MES,Hourly production: pass=2052 fail=220 yield=96.3%
2026-09-30T14:44:13Z,Molding,MLD04,info,MES,Line clearance checklist item complete: reject bin verified empty
2026-09-30T14:45:34Z,Assembly,ASM02,info,PLC,Product present at infeed - auto restart
2026-09-30T14:46:04Z,Packaging,PKG06,info,MES,Hourly production: pass=3266 fail=135 yield=92.8%
2026-09-30T14:46:48Z,Coating,COT03,info,MES,Hourly production: pass=2630 fail=57 yield=96.5%
2026-09-30T14:46:58Z,Coating,COT01,info,MES,Hourly production: pass=2866 fail=136 yield=95.4%
2026-09-30T14:47:24Z,Coating,COT01,warn,HMI,Operator sign-in timeout - line paused (break / shift relief)
2026-09-30T14:47:38Z,Packaging,PKG05,info,MES,Change over started - line clearance in progress
2026-09-30T14:47:38Z,Packaging,PKG05,info,PLC,Guard door opened - operator station 1
2026-09-30T14:47:40Z,Molding,MLD06,info,HMI,Jam cleared - guards closed
2026-09-30T14:49:21Z,Molding,MLD06,info,PLC,Fault reset - line restart
2026-09-30T14:49:49Z,Molding,MLD03,info,PLC,Downstream cleared - auto restart
2026-09-30T14:50:52Z,Molding,MLD03,warn,VIS,Vision reject burst: 5 consecutive rejects - self-cleared
2026-09-30T14:50:59Z,Kitting,KIT08,info,MES,Hourly production: pass=2772 fail=299 yield=93.0%
2026-09-30T14:51:21Z,Molding,MLD06,info,PLC,Ramp to rate complete (2700 uph)
2026-09-30T14:52:22Z,Molding,MLD07,info,MES,Hourly production: pass=3383 fail=175 yield=92.9%
2026-09-30T14:52:39Z,Kitting,KIT05,warn,VIS,Vision reject rate high: rolling 15 min at 4.3% (limit 3.0%)
2026-09-30T14:56:59Z,Packaging,PKG04,warn,PLC,Servo temperature high warning - capper axis (78 C)
2026-09-30T14:57:16Z,Packaging,PKG08,info,MES,Hourly production: pass=3390 fail=115 yield=92.3%
2026-09-30T14:57:36Z,Kitting,KIT05,warn,VIS,Camera 2 calibration drift detected - contrast margin low
2026-09-30T14:58:05Z,Packaging,PKG05,info,MES,Line clearance checklist item complete: infeed cleared
2026-09-30T14:59:38Z,Packaging,PKG07,warn,PLC,Infeed conveyor low - upstream supply degraded
2026-09-30T15:02:03Z,Kitting,KIT05,error,MES,QUALITY HOLD - lot paused pending QA disposition
2026-09-30T15:03:16Z,Coating,COT01,info,HMI,Operator T.Nguyen signed in - line restart
2026-09-30T15:03:31Z,Coating,COT02,warn,PLC,Infeed backlog high - accumulation table at 85%
2026-09-30T15:03:56Z,Packaging,PKG07,error,PLC,E310 STARVED - no product at infeed photo-eye for 60s
2026-09-30T15:04:14Z,Packaging,PKG04,info,MES,Hourly production: pass=2738 fail=138 yield=88.6%
2026-09-30T15:04:47Z,Coating,COT02,warn,PLC,Torque limit warning - infeed screw drive
2026-09-30T15:05:39Z,Coating,COT02,error,PLC,E201 INFEED JAM - line stopped by PLC interlock
2026-09-30T15:05:58Z,Packaging,PKG06,info,MES,Hourly production: pass=3224 fail=271 yield=96.3%
2026-09-30T15:06:14Z,Assembly,ASM05,warn,VIS,Vision reject burst: 4 consecutive rejects - self-cleared
2026-09-30T15:06:41Z,Kitting,KIT04,warn,PLC,Infeed backlog high - accumulation table at 85%
2026-09-30T15:06:58Z,Coating,COT02,info,HMI,Alarm E201 acknowledged by operator
2026-09-30T15:07:36Z,Packaging,PKG07,info,HMI,Alarm E310 acknowledged by operator
2026-09-30T15:07:55Z,Molding,MLD04,info,PLC,Recipe SKU-3007 downloaded to PLC - parameters verified
2026-09-30T15:09:05Z,Kitting,KIT04,warn,PLC,Torque limit warning - infeed screw drive
2026-09-30T15:09:42Z,Packaging,PKG04,warn,PLC,Infeed conveyor low - upstream supply degraded
2026-09-30T15:11:30Z,Kitting,KIT04,error,PLC,E201 INFEED JAM - line stopped by PLC interlock
2026-09-30T15:11:59Z,Packaging,PKG04,error,PLC,E310 STARVED - no product at infeed photo-eye for 60s
2026-09-30T15:12:19Z,Kitting,KIT05,info,MES,QA sampling in progress - 32 pc AQL pull
2026-09-30T15:12:42Z,Coating,COT02,info,HMI,Jam cleared - guards closed
2026-09-30T15:13:25Z,Kitting,KIT04,info,HMI,Alarm E201 acknowledged by operator
2026-09-30T15:13:47Z,Packaging,PKG05,info,MES,Line clearance checklist item complete: reject bin verified empty
2026-09-30T15:14:28Z,Coating,COT02,info,PLC,Fault reset - line restart
2026-09-30T15:14:48Z,Packaging,PKG04,info,HMI,Alarm E310 acknowledged by operator
2026-09-30T15:16:28Z,Coating,COT02,info,PLC,Ramp to rate complete (3200 uph)
2026-09-30T15:17:38Z,Molding,MLD03,info,MES,Operator D.Okafor signed in at station 1
2026-09-30T15:19:46Z,Coating,COT03,warn,PLC,Infeed backlog high - accumulation table at 85%
2026-09-30T15:19:53Z,Molding,MLD03,info,MES,Hourly production: pass=1800 fail=270 yield=88.9%
2026-09-30T15:19:57Z,Molding,MLD06,info,MES,Hourly production: pass=1587 fail=122 yield=93.4%
2026-09-30T15:20:14Z,Molding,MLD07,error,PLC,E001 E-STOP PRESSED - operator station 2 - safety circuit open
2026-09-30T15:20:34Z,Coating,COT03,warn,PLC,Torque limit warning - infeed screw drive
2026-09-30T15:21:39Z,Kitting,KIT04,info,HMI,Jam cleared - guards closed
2026-09-30T15:22:17Z,Packaging,PKG07,info,PLC,Product present at infeed - auto restart
2026-09-30T15:22:34Z,Kitting,KIT05,info,MES,"QA disposition: RELEASE - hold lifted, line restart"
2026-09-30T15:23:05Z,Molding,MLD07,info,HMI,E-stop reset - safety circuit closed
2026-09-30T15:23:09Z,Coating,COT03,error,PLC,E201 INFEED JAM - line stopped by PLC interlock
2026-09-30T15:23:44Z,Molding,MLD04,info,PLC,Master reset - line restart
2026-09-30T15:24:04Z,Assembly,ASM02,info,MES,Hourly production: pass=3360 fail=200 yield=94.9%
2026-09-30T15:24:11Z,Kitting,KIT04,info,PLC,Fault reset - line restart
2026-09-30T15:25:20Z,Coating,COT03,info,HMI,Alarm E201 acknowledged by operator
2026-09-30T15:25:57Z,Molding,MLD07,info,PLC,Safety reset complete - master reset - line restart
2026-09-30T15:26:03Z,Packaging,PKG04,info,PLC,Product present at infeed - auto restart
2026-09-30T15:26:11Z,Kitting,KIT04,info,PLC,Ramp to rate complete (3300 uph)
2026-09-30T15:26:14Z,Molding,MLD04,info,PLC,Ramp to rate complete (3300 uph)
2026-09-30T15:28:07Z,Packaging,PKG08,warn,PLC,Infeed backlog high - accumulation table at 85%
2026-09-30T15:28:22Z,Packaging,PKG08,warn,PLC,Torque limit warning - infeed screw drive
2026-09-30T15:29:28Z,Packaging,PKG05,info,PLC,Recipe SKU-1179 downloaded to PLC - parameters verified
2026-09-30T15:29:52Z,Packaging,PKG08,error,PLC,E201 INFEED JAM - line stopped by PLC interlock
2026-09-30T15:30:59Z,Packaging,PKG08,info,HMI,Alarm E201 acknowledged by operator
2026-09-30T15:32:51Z,Molding,MLD04,info,MES,Hourly production: pass=2157 fail=150 yield=95.2%
2026-09-30T15:33:02Z,Coating,COT01,info,MES,Hourly production: pass=2854 fail=145 yield=94.1%
2026-09-30T15:33:15Z,Kitting,KIT08,warn,PLC,Infeed conveyor low - upstream supply degraded
2026-09-30T15:33:47Z,Assembly,ASM01,warn,VIS,Camera 2 calibration drift detected - contrast margin low
2026-09-30T15:34:18Z,Molding,MLD06,info,MES,Recipe change queued: SKU-2044 -> SKU-3007
2026-09-30T15:34:49Z,Coating,COT03,info,HMI,Jam cleared - guards closed
2026-09-30T15:34:53Z,Assembly,ASM01,warn,VIS,Vision reject rate high: rolling 15 min at 6.2% (limit 3.0%)
2026-09-30T15:35:33Z,Kitting,KIT08,info,MES,Hourly production: pass=2644 fail=153 yield=90.7%
2026-09-30T15:35:51Z,Packaging,PKG08,info,HMI,Jam cleared - guards closed
2026-09-30T15:37:21Z,Packaging,PKG08,info,PLC,Fault reset - line restart
2026-09-30T15:37:25Z,Packaging,PKG04,warn,PLC,Servo temperature high warning - capper axis (78 C)
2026-09-30T15:37:44Z,Coating,COT03,info,PLC,Fault reset - line restart
2026-09-30T15:38:09Z,Kitting,KIT08,error,PLC,E310 STARVED - no product at infeed photo-eye for 60s
2026-09-30T15:38:37Z,Assembly,ASM01,error,MES,QUALITY HOLD - lot paused pending QA disposition
2026-09-30T15:39:13Z,Molding,MLD03,warn,VIS,Vision reject burst: 7 consecutive rejects - self-cleared
2026-09-30T15:39:15Z,Kitting,KIT08,info,HMI,Alarm E310 acknowledged by operator
2026-09-30T15:39:21Z,Packaging,PKG08,info,PLC,Ramp to rate complete (3200 uph)
2026-09-30T15:39:44Z,Coating,COT03,info,PLC,Ramp to rate complete (3000 uph)
2026-09-30T15:39:56Z,Packaging,PKG05,info,PLC,Master reset - line restart
2026-09-30T15:40:14Z,Molding,MLD06,info,MES,Change over started - line clearance in progress
2026-09-30T15:40:14Z,Molding,MLD06,info,PLC,Guard door opened - operator station 1
2026-09-30T15:40:32Z,Coating,COT01,info,MES,Recipe change queued: SKU-2311 -> SKU-2311
2026-09-30T15:41:43Z,Packaging,PKG07,info,MES,Hourly production: pass=2459 fail=140 yield=98.0%
2026-09-30T15:42:26Z,Packaging,PKG05,info,PLC,Ramp to rate complete (2600 uph)
2026-09-30T15:43:35Z,Kitting,KIT08,info,PLC,Product present at infeed - auto restart
2026-09-30T15:43:56Z,Molding,MLD04,warn,VIS,Vision reject burst: 11 consecutive rejects - self-cleared
2026-09-30T15:44:26Z,Molding,MLD05,warn,PLC,Infeed conveyor low - upstream supply degraded
2026-09-30T15:45:12Z,Kitting,KIT05,info,MES,Hourly production: pass=1762 fail=42 yield=89.2%
2026-09-30T15:45:40Z,Molding,MLD06,info,MES,Line clearance checklist item complete: infeed cleared
2026-09-30T15:46:39Z,Kitting,KIT04,info,MES,Recipe change queued: SKU-3007 -> SKU-3007
2026-09-30T15:47:14Z,Packaging,PKG05,warn,PLC,Servo temperature high warning - capper axis (78 C)
2026-09-30T15:47:15Z,Assembly,ASM01,info,MES,QA sampling in progress - 32 pc AQL pull
2026-09-30T15:47:24Z,Kitting,KIT08,info,MES,Operator T.Nguyen signed in at station 1
2026-09-30T15:47:33Z,Coating,COT02,warn,PLC,Infeed backlog high - accumulation table at 85%
2026-09-30T15:48:26Z,Molding,MLD05,error,PLC,E310 STARVED - no product at infeed photo-eye for 60s
2026-09-30T15:48:55Z,Coating,COT02,warn,PLC,Torque limit warning - infeed screw drive
2026-09-30T15:50:04Z,Molding,MLD05,info,HMI,Alarm E310 acknowledged by operator
2026-09-30T15:50:05Z,Assembly,ASM02,info,MES,Recipe change queued: SKU-2044 -> SKU-1042
2026-09-30T15:50:11Z,Coating,COT02,info,MES,Hourly production: pass=1868 fail=283 yield=90.5%
2026-09-30T15:50:12Z,Assembly,ASM05,info,MES,Hourly production: pass=2409 fail=178 yield=90.4%
2026-09-30T15:50:48Z,Kitting,KIT04,info,MES,Hourly production: pass=2992 fail=145 yield=91.4%
2026-09-30T15:52:03Z,Coating,COT02,error,PLC,E201 INFEED JAM - line stopped by PLC interlock
2026-09-30T15:52:03Z,Coating,COT01,info,MES,Change over started - line clearance in progress
2026-09-30T15:52:03Z,Coating,COT01,info,PLC,Guard door opened - operator station 1
2026-09-30T15:52:26Z,Molding,MLD07,info,MES,Operator T.Nguyen signed in at station 1
2026-09-30T15:52:27Z,Packaging,PKG06,warn,PLC,Infeed backlog high - accumulation table at 85%
2026-09-30T15:53:50Z,Molding,MLD06,info,MES,Line clearance checklist item complete: reject bin verified empty
2026-09-30T15:53:56Z,Kitting,KIT04,info,MES,Change over started - line clearance in progress
2026-09-30T15:53:56Z,Kitting,KIT04,info,PLC,Guard door opened - operator station 1
2026-09-30T15:54:25Z,Coating,COT03,info,MES,Hourly production: pass=3220 fail=284 yield=88.7%
2026-09-30T15:54:30Z,Packaging,PKG06,warn,PLC,Torque limit warning - infeed screw drive
2026-09-30T15:54:55Z,Coating,COT02,info,HMI,Alarm E201 acknowledged by operator
2026-09-30T15:55:54Z,Assembly,ASM01,info,MES,"QA disposition: RELEASE - hold lifted, line restart"
2026-09-30T15:55:57Z,Packaging,PKG06,error,PLC,E201 INFEED JAM - line stopped by PLC interlock
2026-09-30T15:56:39Z,Molding,MLD05,info,PLC,Product present at infeed - auto restart
2026-09-30T15:57:13Z,Kitting,KIT03,info,MES,Hourly production: pass=3248 fail=151 yield=88.3%
2026-09-30T15:57:38Z,Molding,MLD05,info,MES,Hourly production: pass=3308 fail=283 yield=89.3%
2026-09-30T15:58:02Z,Kitting,KIT07,info,MES,PM task complete: lubrication / inspection checklist
2026-09-30T15:59:04Z,Packaging,PKG06,info,HMI,Alarm E201 acknowledged by operator
2026-09-30T16:01:06Z,Assembly,ASM02,info,MES,Change over started - line clearance in progress
2026-09-30T16:01:06Z,Assembly,ASM02,info,PLC,Guard door opened - operator station 1
2026-09-30T16:01:06Z,Assembly,ASM05,warn,PLC,Infeed backlog high - accumulation table at 85%
2026-09-30T16:02:00Z,Molding,MLD06,info,PLC,Recipe SKU-2311 downloaded to PLC - parameters verified
2026-09-30T16:02:10Z,Assembly,ASM05,warn,PLC,Torque limit warning - infeed screw drive
2026-09-30T16:03:47Z,Assembly,ASM05,error,PLC,E201 INFEED JAM - line stopped by PLC interlock
2026-09-30T16:04:23Z,Assembly,ASM05,info,HMI,Alarm E201 acknowledged by operator
2026-09-30T16:04:32Z,Kitting,KIT03,warn,VIS,Vision reject burst: 11 consecutive rejects - self-cleared
2026-09-30T16:05:02Z,Kitting,KIT05,warn,PLC,Torque limit warning - infeed screw drive
2026-09-30T16:07:02Z,Assembly,ASM05,info,HMI,Jam cleared - guards closed
2026-09-30T16:07:05Z,Kitting,KIT05,warn,PLC,Infeed backlog high - accumulation table at 85%
2026-09-30T16:07:24Z,Coating,COT02,info,HMI,Jam cleared - guards closed
2026-09-30T16:07:27Z,Molding,MLD06,info,PLC,Master reset - line restart
2026-09-30T16:07:30Z,Coating,COT01,info,MES,Line clearance checklist item complete: infeed cleared
2026-09-30T16:07:50Z,Assembly,ASM05,info,PLC,Fault reset - line restart
2026-09-30T16:07:58Z,Kitting,KIT03,warn,PLC,Torque limit warning - infeed screw drive
2026-09-30T16:08:16Z,Kitting,KIT03,warn,PLC,Infeed backlog high - accumulation table at 85%
2026-09-30T16:08:21Z,Kitting,KIT05,error,PLC,E201 INFEED JAM - line stopped by PLC interlock
2026-09-30T16:08:42Z,Kitting,KIT04,info,MES,Line clearance checklist item complete: infeed cleared
2026-09-30T16:09:48Z,Kitting,KIT03,error,PLC,E201 INFEED JAM - line stopped by PLC interlock
2026-09-30T16:09:50Z,Assembly,ASM05,info,PLC,Ramp to rate complete (3200 uph)
2026-09-30T16:09:54Z,Kitting,KIT05,info,HMI,Alarm E201 acknowledged by operator
2026-09-30T16:09:57Z,Molding,MLD06,info,PLC,Ramp to rate complete (2700 uph)
2026-09-30T16:10:08Z,Packaging,PKG08,info,MES,Hourly production: pass=2640 fail=126 yield=92.3%
2026-09-30T16:11:14Z,Coating,COT02,info,PLC,Fault reset - line restart
2026-09-30T16:12:36Z,Packaging,PKG06,info,HMI,Jam cleared - guards closed
2026-09-30T16:12:56Z,Molding,MLD03,warn,PLC,Infeed conveyor low - upstream supply degraded
2026-09-30T16:13:07Z,Kitting,KIT03,info,HMI,Alarm E201 acknowledged by operator
2026-09-30T16:13:14Z,Coating,COT02,info,PLC,Ramp to rate complete (3200 uph)
2026-09-30T16:13:58Z,Molding,MLD03,error,PLC,E310 STARVED - no product at infeed photo-eye for 60s
2026-09-30T16:14:21Z,Molding,MLD04,warn,PLC,Torque limit warning - infeed screw drive
2026-09-30T16:14:45Z,Assembly,ASM02,info,MES,Line clearance checklist item complete: infeed cleared
2026-09-30T16:14:46Z,Coating,COT03,info,MES,Operator K.Simmons signed in at station 1
2026-09-30T16:15:01Z,Molding,MLD04,warn,PLC,Infeed backlog high - accumulation table at 85%
2026-09-30T16:15:24Z,Molding,MLD06,info,MES,Hourly production: pass=2239 fail=223 yield=93.9%
2026-09-30T16:15:40Z,Molding,MLD03,info,HMI,Alarm E310 acknowledged by operator
2026-09-30T16:16:36Z,Kitting,KIT05,info,HMI,Jam cleared - guards closed
2026-09-30T16:16:36Z,Molding,MLD04,error,PLC,E201 INFEED JAM - line stopped by PLC interlock
2026-09-30T16:16:45Z,Packaging,PKG06,info,PLC,Fault reset - line restart
2026-09-30T16:17:21Z,Packaging,PKG04,info,MES,Hourly production: pass=2370 fail=291 yield=94.3%
2026-09-30T16:18:40Z,Kitting,KIT05,info,PLC,Fault reset - line restart
2026-09-30T16:18:45Z,Packaging,PKG06,info,PLC,Ramp to rate complete (3100 uph)
2026-09-30T16:19:27Z,Molding,MLD07,warn,PLC,Infeed backlog high - accumulation table at 85%
2026-09-30T16:20:19Z,Molding,MLD04,info,HMI,Alarm E201 acknowledged by operator
2026-09-30T16:20:40Z,Kitting,KIT05,info,PLC,Ramp to rate complete (2900 uph)
2026-09-30T16:21:03Z,Coating,COT03,warn,VIS,Vision reject rate high: rolling 15 min at 6.5% (limit 3.0%)
2026-09-30T16:22:08Z,Assembly,ASM01,info,MES,Hourly production: pass=1841 fail=136 yield=88.1%
2026-09-30T16:22:28Z,Molding,MLD03,info,PLC,Product present at infeed - auto restart
2026-09-30T16:22:36Z,Packaging,PKG05,info,MES,Hourly production: pass=3114 fail=113 yield=94.2%
2026-09-30T16:23:23Z,Molding,MLD07,warn,PLC,Torque limit warning - infeed screw drive
2026-09-30T16:23:25Z,Packaging,PKG07,info,MES,Recipe change queued: SKU-2311 -> SKU-2044
2026-09-30T16:24:34Z,Coating,COT03,warn,VIS,Camera 2 calibration drift detected - contrast margin low
2026-09-30T16:25:37Z,Molding,MLD07,error,PLC,E201 INFEED JAM - line stopped by PLC interlock
2026-09-30T16:27:18Z,Molding,MLD07,info,HMI,Alarm E201 acknowledged by operator
2026-09-30T16:27:26Z,Kitting,KIT03,info,HMI,Jam cleared - guards closed
2026-09-30T16:28:03Z,Coating,COT03,error,MES,QUALITY HOLD - lot paused pending QA disposition
2026-09-30T16:30:29Z,Packaging,PKG04,info,MES,Recipe change queued: SKU-1042 -> SKU-2044
2026-09-30T16:30:41Z,Coating,COT01,info,MES,Line clearance checklist item complete: reject bin verified empty
2026-09-30T16:30:51Z,Kitting,KIT04,info,MES,Line clearance checklist item complete: reject bin verified empty
2026-09-30T16:31:50Z,Kitting,KIT03,info,PLC,Fault reset - line restart
2026-09-30T16:32:04Z,Packaging,PKG05,info,MES,PM work order WO-42847 scheduled - line will stop at end of current lot
2026-09-30T16:33:50Z,Kitting,KIT03,info,PLC,Ramp to rate complete (3000 uph)
2026-09-30T16:34:35Z,Molding,MLD07,info,HMI,Jam cleared - guards closed
2026-09-30T16:34:58Z,Packaging,PKG07,info,MES,Operator R.Patel signed in at station 1
2026-09-30T16:35:15Z,Assembly,ASM02,info,MES,Line clearance checklist item complete: reject bin verified empty
2026-09-30T16:35:44Z,Kitting,KIT05,info,MES,Hourly production: pass=3209 fail=85 yield=88.3%
2026-09-30T16:36:02Z,Packaging,PKG07,info,MES,Change over started - line clearance in progress
2026-09-30T16:36:02Z,Packaging,PKG07,info,PLC,Guard door opened - operator station 1
2026-09-30T16:36:04Z,Molding,MLD05,info,MES,Hourly production: pass=2497 fail=249 yield=90.8%
2026-09-30T16:36:21Z,Molding,MLD04,info,HMI,Jam cleared - guards closed
2026-09-30T16:36:49Z,Molding,MLD07,info,PLC,Fault reset - line restart
2026-09-30T16:38:49Z,Molding,MLD07,info,PLC,Ramp to rate complete (2600 uph)
2026-09-30T16:39:08Z,Packaging,PKG04,warn,VIS,Vision reject burst: 5 consecutive rejects - self-cleared
2026-09-30T16:40:07Z,Coating,COT02,warn,PLC,Servo temperature high warning - capper axis (78 C)
2026-09-30T16:41:17Z,Molding,MLD04,info,PLC,Fault reset - line restart
2026-09-30T16:43:17Z,Molding,MLD04,info,PLC,Ramp to rate complete (3300 uph)
2026-09-30T16:43:44Z,Coating,COT03,info,MES,QA sampling in progress - 32 pc AQL pull
2026-09-30T16:44:18Z,Packaging,PKG04,info,MES,Change over started - line clearance in progress
2026-09-30T16:44:18Z,Packaging,PKG04,info,PLC,Guard door opened - operator station 1
2026-09-30T16:44:52Z,Packaging,PKG08,warn,PLC,Infeed conveyor low - upstream supply degraded
2026-09-30T16:44:55Z,Packaging,PKG07,info,MES,Line clearance checklist item complete: infeed cleared
2026-09-30T16:45:04Z,Assembly,ASM01,warn,PLC,Servo temperature high warning - capper axis (78 C)
2026-09-30T16:46:26Z,Coating,COT02,info,MES,Hourly production: pass=2233 fail=268 yield=91.3%
2026-09-30T16:47:08Z,Packaging,PKG08,error,PLC,E310 STARVED - no product at infeed photo-eye for 60s
2026-09-30T16:47:43Z,Molding,MLD07,info,MES,Hourly production: pass=2970 fail=66 yield=97.1%
2026-09-30T16:47:55Z,Molding,MLD03,info,MES,Hourly production: pass=2296 fail=283 yield=97.9%
2026-09-30T16:49:23Z,Molding,MLD06,warn,HMI,Operator sign-in timeout - line paused (break / shift relief)
2026-09-30T16:49:44Z,Packaging,PKG08,info,HMI,Alarm E310 acknowledged by operator
2026-09-30T16:49:55Z,Kitting,KIT08,info,MES,Hourly production: pass=2333 fail=274 yield=89.4%
2026-09-30T16:50:21Z,Packaging,PKG06,info,MES,Hourly production: pass=1818 fail=187 yield=90.1%
2026-09-30T16:51:36Z,Assembly,ASM05,info,MES,Hourly production: pass=2892 fail=278 yield=95.2%
2026-09-30T16:53:00Z,Kitting,KIT04,info,PLC,Recipe SKU-1179 downloaded to PLC - parameters verified
2026-09-30T16:53:51Z,Coating,COT01,info,PLC,Recipe SKU-1179 downloaded to PLC - parameters verified
2026-09-30T16:55:45Z,Assembly,ASM02,info,PLC,Recipe SKU-1179 downloaded to PLC - parameters verified
2026-09-30T16:56:51Z,Molding,MLD03,warn,PLC,Infeed conveyor low - upstream supply degraded
2026-09-30T16:58:08Z,Packaging,PKG05,info,MES,Operator J.Alvarez signed in at station 1
2026-09-30T16:58:14Z,Packaging,PKG07,info,MES,Line clearance checklist item complete: reject bin verified empty
2026-09-30T16:58:37Z,Packaging,PKG05,info,MES,Scheduled downtime started - PM work order WO-46089
2026-09-30T16:58:37Z,Packaging,PKG05,warn,PLC,LOTO applied - energy isolation verified
2026-09-30T16:59:01Z,Molding,MLD03,error,PLC,E310 STARVED - no product at infeed photo-eye for 60s
2026-09-30T16:59:25Z,Coating,COT03,info,MES,"QA disposition: RELEASE - hold lifted, line restart"
2026-09-30T17:00:10Z,Packaging,PKG08,info,PLC,Product present at infeed - auto restart
2026-09-30T17:00:40Z,Packaging,PKG04,info,MES,Line clearance checklist item complete: infeed cleared
2026-09-30T17:01:17Z,Coating,COT02,info,MES,Hourly production: pass=2772 fail=151 yield=95.6%
2026-09-30T17:02:08Z,Molding,MLD03,info,HMI,Alarm E310 acknowledged by operator
2026-09-30T17:02:40Z,Kitting,KIT08,error,PLC,E001 E-STOP PRESSED - operator station 2 - safety circuit open
2026-09-30T17:03:36Z,Coating,COT03,info,MES,Hourly production: pass=2941 fail=269 yield=89.3%
2026-09-30T17:06:17Z,Kitting,KIT08,info,HMI,E-stop reset - safety circuit closed
2026-09-30T17:06:32Z,Assembly,ASM05,info,MES,Hourly production: pass=2259 fail=91 yield=89.1%
2026-09-30T17:07:45Z,Kitting,KIT05,warn,VIS,Vision reject burst: 7 consecutive rejects - self-cleared
2026-09-30T17:07:46Z,Kitting,KIT04,info,PLC,Master reset - line restart
2026-09-30T17:07:53Z,Assembly,ASM01,warn,VIS,Vision reject burst: 9 consecutive rejects - self-cleared
2026-09-30T17:09:18Z,Coating,COT01,info,PLC,Master reset - line restart
2026-09-30T17:09:25Z,Assembly,ASM02,info,PLC,Master reset - line restart
2026-09-30T17:09:54Z,Kitting,KIT08,info,PLC,Safety reset complete - master reset - line restart
2026-09-30T17:10:16Z,Kitting,KIT04,info,PLC,Ramp to rate complete (3300 uph)
2026-09-30T17:10:34Z,Molding,MLD05,info,MES,Hourly production: pass=3174 fail=187 yield=95.0%
2026-09-30T17:11:07Z,Molding,MLD06,info,HMI,Operator M.Chen signed in - line restart
2026-09-30T17:11:18Z,Assembly,ASM05,warn,PLC,Discharge back-pressure rising - downstream accumulation at 90%
2026-09-30T17:11:28Z,Packaging,PKG08,info,MES,Hourly production: pass=1648 fail=255 yield=89.1%
2026-09-30T17:11:34Z,Packaging,PKG07,info,PLC,Recipe SKU-3007 downloaded to PLC - parameters verified
2026-09-30T17:11:43Z,Packaging,PKG06,warn,VIS,Vision reject rate high: rolling 15 min at 5.4% (limit 3.0%)
2026-09-30T17:11:48Z,Coating,COT01,info,PLC,Ramp to rate complete (2400 uph)
2026-09-30T17:11:55Z,Assembly,ASM02,info,PLC,Ramp to rate complete (3000 uph)
2026-09-30T17:13:17Z,Assembly,ASM05,error,PLC,"E311 BLOCKED - discharge full, line paused"
2026-09-30T17:14:36Z,Molding,MLD03,info,PLC,Product present at infeed - auto restart
2026-09-30T17:16:46Z,Packaging,PKG06,warn,VIS,Camera 2 calibration drift detected - contrast margin low
2026-09-30T17:16:51Z,Kitting,KIT04,info,MES,Hourly production: pass=1717 fail=145 yield=89.8%
2026-09-30T17:19:28Z,Coating,COT01,info,MES,Operator T.Nguyen signed in at station 1
2026-09-30T17:20:26Z,Packaging,PKG07,info,PLC,Master reset - line restart
2026-09-30T17:21:02Z,Assembly,ASM05,info,PLC,Downstream cleared - auto restart
2026-09-30T17:21:17Z,Assembly,ASM01,warn,PLC,Discharge back-pressure rising - downstream accumulation at 90%
2026-09-30T17:21:29Z,Packaging,PKG06,error,MES,QUALITY HOLD - lot paused pending QA disposition
2026-09-30T17:21:31Z,Kitting,KIT05,error,PLC,E001 E-STOP PRESSED - operator station 2 - safety circuit open
2026-09-30T17:22:38Z,Assembly,ASM01,warn,PLC,Servo temperature high warning - capper axis (78 C)
2026-09-30T17:22:38Z,Molding,MLD05,warn,PLC,Infeed backlog high - accumulation table at 85%
2026-09-30T17:22:56Z,Packaging,PKG07,info,PLC,Ramp to rate complete (2400 uph)
2026-09-30T17:24:14Z,Assembly,ASM01,error,PLC,"E311 BLOCKED - discharge full, line paused"
2026-09-30T17:25:14Z,Packaging,PKG04,info,MES,Line clearance checklist item complete: reject bin verified empty
2026-09-30T17:25:30Z,Kitting,KIT05,info,HMI,E-stop reset - safety circuit closed
2026-09-30T17:25:40Z,Molding,MLD05,warn,PLC,Torque limit warning - infeed screw drive
2026-09-30T17:25:46Z,Kitting,KIT08,warn,VIS,Vision reject burst: 6 consecutive rejects - self-cleared
2026-09-30T17:26:01Z,Molding,MLD04,warn,PLC,Torque limit warning - infeed screw drive
2026-09-30T17:26:02Z,Coating,COT01,info,MES,Hourly production: pass=3400 fail=253 yield=88.1%
2026-09-30T17:26:40Z,Packaging,PKG07,info,MES,Hourly production: pass=2948 fail=30 yield=90.2%
2026-09-30T17:27:47Z,Molding,MLD05,error,PLC,E201 INFEED JAM - line stopped by PLC interlock
2026-09-30T17:27:54Z,Molding,MLD04,warn,PLC,Infeed backlog high - accumulation table at 85%
2026-09-30T17:28:15Z,Coating,COT02,warn,VIS,Vision reject rate high: rolling 15 min at 5.7% (limit 3.0%)
2026-09-30T17:28:57Z,Molding,MLD04,error,PLC,E201 INFEED JAM - line stopped by PLC interlock
2026-09-30T17:29:00Z,Assembly,ASM01,info,PLC,Downstream cleared - auto restart
2026-09-30T17:29:29Z,Kitting,KIT05,info,PLC,Safety reset complete - master reset - line restart
2026-09-30T17:29:35Z,Molding,MLD05,info,HMI,Alarm E201 acknowledged by operator
2026-09-30T17:31:42Z,Coating,COT02,warn,VIS,Vision reject burst: 12 consecutive rejects - self-cleared
2026-09-30T17:32:20Z,Molding,MLD04,info,HMI,Alarm E201 acknowledged by operator
2026-09-30T17:34:40Z,Coating,COT02,warn,VIS,Camera 2 calibration drift detected - contrast margin low
2026-09-30T17:35:16Z,Kitting,KIT04,info,MES,Operator J.Alvarez signed in at station 1
2026-09-30T17:36:38Z,Assembly,ASM02,warn,VIS,Vision reject burst: 10 consecutive rejects - self-cleared
2026-09-30T17:37:24Z,Molding,MLD05,info,HMI,Jam cleared - guards closed
2026-09-30T17:37:58Z,Coating,COT02,error,MES,QUALITY HOLD - lot paused pending QA disposition
2026-09-30T17:38:14Z,Molding,MLD07,warn,VIS,Vision reject rate high: rolling 15 min at 3.7% (limit 3.0%)
2026-09-30T17:39:09Z,Coating,COT01,warn,PLC,Infeed conveyor low - upstream supply degraded
2026-09-30T17:39:20Z,Molding,MLD03,warn,PLC,Infeed conveyor low - upstream supply degraded
2026-09-30T17:39:48Z,Molding,MLD05,info,PLC,Fault reset - line restart
2026-09-30T17:40:24Z,Molding,MLD03,error,PLC,E310 STARVED - no product at infeed photo-eye for 60s
2026-09-30T17:41:16Z,Coating,COT01,error,PLC,E310 STARVED - no product at infeed photo-eye for 60s
2026-09-30T17:41:48Z,Molding,MLD05,info,PLC,Ramp to rate complete (2900 uph)
2026-09-30T17:42:32Z,Molding,MLD07,warn,VIS,Camera 2 calibration drift detected - contrast margin low
2026-09-30T17:42:34Z,Packaging,PKG06,info,MES,QA sampling in progress - 32 pc AQL pull
2026-09-30T17:43:32Z,Molding,MLD03,info,HMI,Alarm E310 acknowledged by operator
2026-09-30T17:43:33Z,Assembly,ASM02,info,MES,Recipe change queued: SKU-1179 -> SKU-1179
2026-09-30T17:45:04Z,Coating,COT03,warn,PLC,Servo temperature high warning - capper axis (78 C)
2026-09-30T17:45:12Z,Coating,COT01,info,HMI,Alarm E310 acknowledged by operator
2026-09-30T17:45:36Z,Kitting,KIT07,info,PLC,LOTO removed
2026-09-30T17:46:45Z,Molding,MLD07,error,MES,QUALITY HOLD - lot paused pending QA disposition
2026-09-30T17:47:02Z,Molding,MLD04,info,HMI,Jam cleared - guards closed
2026-09-30T17:47:36Z,Kitting,KIT07,info,PLC,Master reset - line restart
2026-09-30T17:47:47Z,Assembly,ASM02,info,MES,Hourly production: pass=3151 fail=264 yield=98.6%
2026-09-30T17:49:47Z,Packaging,PKG04,info,PLC,Recipe SKU-2044 downloaded to PLC - parameters verified
2026-09-30T17:50:06Z,Packaging,PKG05,info,MES,PM task complete: lubrication / inspection checklist
2026-09-30T17:50:36Z,Kitting,KIT03,warn,VIS,Vision reject burst: 4 consecutive rejects - self-cleared
2026-09-30T17:51:19Z,Kitting,KIT03,warn,PLC,Servo temperature high warning - capper axis (78 C)
2026-09-30T17:51:34Z,Molding,MLD04,info,PLC,Fault reset - line restart
2026-09-30T17:51:55Z,Kitting,KIT03,info,MES,Hourly production: pass=2156 fail=140 yield=93.1%
2026-09-30T17:52:28Z,Assembly,ASM02,info,MES,Change over started - line clearance in progress
2026-09-30T17:52:28Z,Assembly,ASM02,info,PLC,Guard door opened - operator station 1
2026-09-30T17:52:39Z,Kitting,KIT08,info,MES,Hourly production: pass=2656 fail=296 yield=89.7%
2026-09-30T17:53:34Z,Molding,MLD04,info,PLC,Ramp to rate complete (3300 uph)
2026-09-30T17:53:58Z,Packaging,PKG07,warn,VIS,Vision reject burst: 9 consecutive rejects - self-cleared
2026-09-30T17:55:25Z,Coating,COT02,info,MES,QA sampling in progress - 32 pc AQL pull
2026-09-30T17:56:05Z,Molding,MLD03,info,PLC,Product present at infeed - auto restart
2026-09-30T17:56:23Z,Kitting,KIT05,info,MES,Hourly production: pass=2281 fail=138 yield=96.1%
2026-09-30T17:56:29Z,Molding,MLD06,info,MES,Hourly production: pass=2926 fail=159 yield=89.4%
2026-09-30T17:56:54Z,Kitting,KIT08,warn,PLC,Infeed conveyor low - upstream supply degraded
2026-09-30T17:57:44Z,Assembly,ASM01,info,MES,Hourly production: pass=2277 fail=100 yield=88.7%
2026-09-30T18:00:06Z,Assembly,ASM02,info,MES,Line clearance checklist item complete: infeed cleared
2026-09-30T18:00:32Z,Molding,MLD07,info,MES,QA sampling in progress - 32 pc AQL pull
2026-09-30T18:00:36Z,Kitting,KIT08,error,PLC,E310 STARVED - no product at infeed photo-eye for 60s
2026-09-30T18:00:55Z,Coating,COT01,info,PLC,Product present at infeed - auto restart
2026-09-30T18:01:13Z,Packaging,PKG07,warn,PLC,Discharge back-pressure rising - downstream accumulation at 90%
2026-09-30T18:01:53Z,Kitting,KIT04,info,MES,Hourly production: pass=2738 fail=69 yield=97.8%
2026-09-30T18:02:00Z,Kitting,KIT08,info,HMI,Alarm E310 acknowledged by operator
2026-09-30T18:02:24Z,Kitting,KIT05,info,MES,Hourly production: pass=1701 fail=36 yield=95.8%
2026-09-30T18:02:30Z,Kitting,KIT03,warn,PLC,Infeed backlog high - accumulation table at 85%
2026-09-30T18:02:33Z,Packaging,PKG07,error,PLC,"E311 BLOCKED - discharge full, line paused"
2026-09-30T18:02:55Z,Assembly,ASM01,warn,PLC,Infeed conveyor low - upstream supply degraded
2026-09-30T18:03:39Z,Packaging,PKG06,info,MES,"QA disposition: RELEASE - hold lifted, line restart"
2026-09-30T18:04:41Z,Kitting,KIT03,warn,PLC,Torque limit warning - infeed screw drive
2026-09-30T18:06:09Z,Packaging,PKG04,info,PLC,Master reset - line restart
2026-09-30T18:06:13Z,Kitting,KIT03,error,PLC,E201 INFEED JAM - line stopped by PLC interlock
2026-09-30T18:06:59Z,Assembly,ASM01,error,PLC,E310 STARVED - no product at infeed photo-eye for 60s
2026-09-30T18:07:37Z,Kitting,KIT08,info,PLC,Product present at infeed - auto restart
2026-09-30T18:08:01Z,Assembly,ASM01,info,HMI,Alarm E310 acknowledged by operator
2026-09-30T18:08:39Z,Packaging,PKG04,info,PLC,Ramp to rate complete (3000 uph)
2026-09-30T18:09:16Z,Kitting,KIT03,info,HMI,Alarm E201 acknowledged by operator
2026-09-30T18:11:05Z,Molding,MLD05,info,MES,Operator D.Okafor signed in at station 1
2026-09-30T18:11:34Z,Assembly,ASM02,info,MES,Line clearance checklist item complete: reject bin verified empty
2026-09-30T18:12:09Z,Assembly,ASM01,info,PLC,Product present at infeed - auto restart
2026-09-30T18:12:47Z,Molding,MLD05,warn,HMI,Operator sign-in timeout - line paused (break / shift relief)
2026-09-30T18:12:53Z,Coating,COT02,info,MES,"QA disposition: RELEASE - hold lifted, line restart"
2026-09-30T18:13:35Z,Packaging,PKG07,info,PLC,Downstream cleared - auto restart
2026-09-30T18:14:18Z,Molding,MLD07,info,MES,"QA disposition: RELEASE - hold lifted, line restart"
2026-09-30T18:15:51Z,Molding,MLD06,warn,VIS,Vision reject burst: 5 consecutive rejects - self-cleared
2026-09-30T18:16:00Z,Molding,MLD03,info,MES,Hourly production: pass=2552 fail=202 yield=92.7%
2026-09-30T18:20:34Z,Packaging,PKG08,warn,PLC,Infeed conveyor low - upstream supply degraded
2026-09-30T18:22:28Z,Kitting,KIT03,info,HMI,Jam cleared - guards closed
2026-09-30T18:23:01Z,Assembly,ASM02,info,PLC,Recipe SKU-1179 downloaded to PLC - parameters verified
2026-09-30T18:24:58Z,Packaging,PKG08,error,PLC,E310 STARVED - no product at infeed photo-eye for 60s
2026-09-30T18:25:47Z,Assembly,ASM05,warn,PLC,Infeed backlog high - accumulation table at 85%
2026-09-30T18:26:31Z,Kitting,KIT03,info,PLC,Fault reset - line restart
2026-09-30T18:26:35Z,Assembly,ASM05,warn,PLC,Torque limit warning - infeed screw drive
2026-09-30T18:26:38Z,Kitting,KIT07,warn,VIS,Vision reject burst: 8 consecutive rejects - self-cleared
2026-09-30T18:27:23Z,Coating,COT01,info,MES,Hourly production: pass=2921 fail=280 yield=89.6%
2026-09-30T18:28:31Z,Kitting,KIT03,info,PLC,Ramp to rate complete (3000 uph)
2026-09-30T18:28:43Z,Packaging,PKG08,info,HMI,Alarm E310 acknowledged by operator
2026-09-30T18:30:13Z,Assembly,ASM05,error,PLC,E201 INFEED JAM - line stopped by PLC interlock
2026-09-30T18:30:39Z,Assembly,ASM02,info,PLC,Master reset - line restart
2026-09-30T18:30:44Z,Coating,COT03,warn,HMI,Operator sign-in timeout - line paused (break / shift relief)
2026-09-30T18:30:46Z,Kitting,KIT04,warn,VIS,Vision reject rate high: rolling 15 min at 6.0% (limit 3.0%)
2026-09-30T18:32:03Z,Molding,MLD05,info,HMI,Operator K.Simmons signed in - line restart
2026-09-30T18:32:06Z,Molding,MLD04,info,MES,Hourly production: pass=2621 fail=37 yield=96.6%
2026-09-30T18:32:59Z,Packaging,PKG06,warn,PLC,Servo temperature high warning - capper axis (78 C)
2026-09-30T18:33:09Z,Assembly,ASM02,info,PLC,Ramp to rate complete (3000 uph)
2026-09-30T18:33:29Z,Assembly,ASM05,info,HMI,Alarm E201 acknowledged by operator
2026-09-30T18:34:31Z,Kitting,KIT04,warn,VIS,Camera 2 calibration drift detected - contrast margin low
2026-09-30T18:35:00Z,Kitting,KIT05,warn,HMI,Operator sign-in timeout - line paused (break / shift relief)
2026-09-30T18:35:11Z,Assembly,ASM02,warn,VIS,Vision reject burst: 6 consecutive rejects - self-cleared
2026-09-30T18:36:21Z,Kitting,KIT07,info,MES,Hourly production: pass=2914 fail=88 yield=96.2%
2026-09-30T18:36:33Z,Kitting,KIT04,error,MES,QUALITY HOLD - lot paused pending QA disposition
2026-09-30T18:36:43Z,Packaging,PKG07,warn,VIS,Vision reject burst: 6 consecutive rejects - self-cleared
2026-09-30T18:36:58Z,Packaging,PKG07,info,MES,Hourly production: pass=3036 fail=296 yield=98.7%
2026-09-30T18:38:33Z,Molding,MLD06,warn,PLC,Discharge back-pressure rising - downstream accumulation at 90%
2026-09-30T18:39:36Z,Packaging,PKG05,info,PLC,LOTO removed
2026-09-30T18:39:57Z,Coating,COT02,info,MES,Hourly production: pass=2509 fail=94 yield=90.9%
2026-09-30T18:40:04Z,Kitting,KIT08,info,MES,Hourly production: pass=1591 fail=120 yield=89.1%
2026-09-30T18:40:11Z,Molding,MLD06,error,PLC,"E311 BLOCKED - discharge full, line paused"
2026-09-30T18:41:36Z,Packaging,PKG05,info,PLC,Master reset - line restart
2026-09-30T18:43:44Z,Packaging,PKG08,info,PLC,Product present at infeed - auto restart
2026-09-30T18:45:08Z,Molding,MLD07,info,MES,Hourly production: pass=2034 fail=117 yield=98.1%
2026-09-30T18:46:56Z,Packaging,PKG04,warn,VIS,Vision reject rate high: rolling 15 min at 6.2% (limit 3.0%)
2026-09-30T18:47:22Z,Molding,MLD06,info,PLC,Downstream cleared - auto restart
2026-09-30T18:47:35Z,Kitting,KIT04,info,MES,QA sampling in progress - 32 pc AQL pull
2026-09-30T18:47:41Z,Assembly,ASM05,info,HMI,Jam cleared - guards closed
2026-09-30T18:48:44Z,Packaging,PKG04,warn,VIS,Camera 2 calibration drift detected - contrast margin low
2026-09-30T18:49:47Z,Packaging,PKG04,error,MES,QUALITY HOLD - lot paused pending QA disposition
2026-09-30T18:49:58Z,Assembly,ASM01,warn,HMI,Operator sign-in timeout - line paused (break / shift relief)
2026-09-30T18:51:49Z,Coating,COT01,warn,PLC,Infeed backlog high - accumulation table at 85%
2026-09-30T18:51:54Z,Coating,COT01,warn,PLC,Torque limit warning - infeed screw drive
2026-09-30T18:52:03Z,Assembly,ASM05,info,PLC,Fault reset - line restart
2026-09-30T18:52:24Z,Molding,MLD04,warn,VIS,Vision reject rate high: rolling 15 min at 6.2% (limit 3.0%)
2026-09-30T18:52:31Z,Packaging,PKG06,error,PLC,E001 E-STOP PRESSED - operator station 2 - safety circuit open
2026-09-30T18:52:45Z,Molding,MLD03,warn,PLC,Infeed backlog high - accumulation table at 85%
2026-09-30T18:53:57Z,Kitting,KIT03,warn,VIS,Vision reject burst: 6 consecutive rejects - self-cleared
2026-09-30T18:54:03Z,Assembly,ASM05,info,PLC,Ramp to rate complete (3200 uph)
2026-09-30T18:54:51Z,Coating,COT01,error,PLC,E201 INFEED JAM - line stopped by PLC interlock
2026-09-30T18:55:24Z,Packaging,PKG06,info,HMI,E-stop reset - safety circuit closed
2026-09-30T18:55:44Z,Kitting,KIT05,info,HMI,Operator M.Chen signed in - line restart
2026-09-30T18:56:00Z,Molding,MLD03,warn,PLC,Torque limit warning - infeed screw drive
2026-09-30T18:56:30Z,Coating,COT01,info,HMI,Alarm E201 acknowledged by operator
2026-09-30T18:56:59Z,Molding,MLD04,warn,VIS,Camera 2 calibration drift detected - contrast margin low
2026-09-30T18:58:08Z,Packaging,PKG04,info,MES,QA sampling in progress - 32 pc AQL pull
2026-09-30T18:58:18Z,Packaging,PKG06,info,PLC,Safety reset complete - master reset - line restart
2026-09-30T18:58:36Z,Kitting,KIT04,info,MES,"QA disposition: RELEASE - hold lifted, line restart"
2026-09-30T18:58:56Z,Molding,MLD03,error,PLC,E201 INFEED JAM - line stopped by PLC interlock
2026-09-30T18:59:33Z,Coating,COT03,info,HMI,Operator M.Chen signed in - line restart
2026-09-30T19:00:14Z,Molding,MLD04,error,MES,QUALITY HOLD - lot paused pending QA disposition
2026-09-30T19:00:15Z,Assembly,ASM05,info,MES,Hourly production: pass=1987 fail=94 yield=94.3%
2026-09-30T19:01:15Z,Molding,MLD03,info,HMI,Alarm E201 acknowledged by operator
2026-09-30T19:02:02Z,Packaging,PKG08,info,MES,Hourly production: pass=1985 fail=28 yield=92.5%
2026-09-30T19:03:39Z,Coating,COT01,info,HMI,Jam cleared - guards closed
2026-09-30T19:03:41Z,Molding,MLD05,warn,PLC,Infeed backlog high - accumulation table at 85%
2026-09-30T19:03:54Z,Packaging,PKG05,warn,PLC,Servo temperature high warning - capper axis (78 C)
2026-09-30T19:03:59Z,Coating,COT03,info,MES,Hourly production: pass=2642 fail=273 yield=98.6%
2026-09-30T19:04:13Z,Assembly,ASM01,info,HMI,Operator J.Alvarez signed in - line restart
2026-09-30T19:04:15Z,Kitting,KIT03,info,MES,Hourly production: pass=2286 fail=146 yield=88.1%
2026-09-30T19:05:43Z,Kitting,KIT05,info,MES,Operator K.Simmons signed in at station 1
2026-09-30T19:05:51Z,Coating,COT01,info,PLC,Fault reset - line restart
2026-09-30T19:06:29Z,Packaging,PKG04,info,MES,"QA disposition: RELEASE - hold lifted, line restart"
2026-09-30T19:07:08Z,Packaging,PKG05,info,MES,Hourly production: pass=3349 fail=96 yield=92.8%
2026-09-30T19:07:28Z,Molding,MLD06,warn,VIS,Vision reject burst: 9 consecutive rejects - self-cleared
2026-09-30T19:07:43Z,Molding,MLD05,warn,PLC,Torque limit warning - infeed screw drive
2026-09-30T19:07:51Z,Coating,COT01,info,PLC,Ramp to rate complete (2400 uph)
2026-09-30T19:08:19Z,Molding,MLD05,error,PLC,E201 INFEED JAM - line stopped by PLC interlock
2026-09-30T19:08:31Z,Kitting,KIT08,info,MES,Hourly production: pass=2107 fail=146 yield=93.6%
2026-09-30T19:09:02Z,Molding,MLD05,info,HMI,Alarm E201 acknowledged by operator
2026-09-30T19:10:44Z,Packaging,PKG04,info,MES,Hourly production: pass=2871 fail=44 yield=94.0%
2026-09-30T19:11:14Z,Molding,MLD03,info,HMI,Jam cleared - guards closed
2026-09-30T19:12:08Z,Molding,MLD05,info,HMI,Jam cleared - guards closed
2026-09-30T19:12:52Z,Packaging,PKG05,warn,PLC,Infeed conveyor low - upstream supply degraded
2026-09-30T19:13:05Z,Molding,MLD05,info,PLC,Fault reset - line restart
2026-09-30T19:13:12Z,Kitting,KIT04,info,MES,Hourly production: pass=1938 fail=245 yield=97.7%
2026-09-30T19:13:14Z,Kitting,KIT07,warn,PLC,Discharge back-pressure rising - downstream accumulation at 90%
2026-09-30T19:13:17Z,Coating,COT02,warn,PLC,Discharge back-pressure rising - downstream accumulation at 90%
2026-09-30T19:14:08Z,Assembly,ASM01,info,MES,Hourly production: pass=1624 fail=186 yield=90.1%
2026-09-30T19:14:19Z,Molding,MLD03,info,PLC,Fault reset - line restart
2026-09-30T19:15:05Z,Molding,MLD05,info,PLC,Ramp to rate complete (2900 uph)
2026-09-30T19:16:14Z,Kitting,KIT07,error,PLC,"E311 BLOCKED - discharge full, line paused"
2026-09-30T19:16:19Z,Molding,MLD03,info,PLC,Ramp to rate complete (2800 uph)
2026-09-30T19:16:35Z,Coating,COT02,error,PLC,"E311 BLOCKED - discharge full, line paused"
2026-09-30T19:16:50Z,Molding,MLD04,info,MES,QA sampling in progress - 32 pc AQL pull
2026-09-30T19:17:22Z,Molding,MLD03,warn,VIS,Vision reject burst: 10 consecutive rejects - self-cleared
2026-09-30T19:17:30Z,Packaging,PKG05,error,PLC,E310 STARVED - no product at infeed photo-eye for 60s
2026-09-30T19:18:07Z,Kitting,KIT03,warn,PLC,Discharge back-pressure rising - downstream accumulation at 90%
2026-09-30T19:19:27Z,Molding,MLD07,info,MES,Hourly production: pass=2525 fail=256 yield=89.4%
2026-09-30T19:20:22Z,Assembly,ASM05,warn,VIS,Vision reject burst: 7 consecutive rejects - self-cleared
2026-09-30T19:21:03Z,Assembly,ASM01,warn,VIS,Vision reject burst: 4 consecutive rejects - self-cleared
2026-09-30T19:21:10Z,Assembly,ASM02,warn,PLC,Infeed conveyor low - upstream supply degraded
2026-09-30T19:21:28Z,Packaging,PKG05,info,HMI,Alarm E310 acknowledged by operator
2026-09-30T19:22:39Z,Kitting,KIT03,error,PLC,"E311 BLOCKED - discharge full, line paused"
2026-09-30T19:24:37Z,Assembly,ASM02,error,PLC,E310 STARVED - no product at infeed photo-eye for 60s
2026-09-30T19:25:05Z,Coating,COT02,info,PLC,Downstream cleared - auto restart
2026-09-30T19:26:43Z,Molding,MLD07,info,MES,Operator D.Okafor signed in at station 1
2026-09-30T19:28:36Z,Assembly,ASM02,info,HMI,Alarm E310 acknowledged by operator
2026-09-30T19:29:00Z,Assembly,ASM01,warn,PLC,Infeed backlog high - accumulation table at 85%
2026-09-30T19:29:35Z,Kitting,KIT07,info,PLC,Downstream cleared - auto restart
2026-09-30T19:33:27Z,Molding,MLD04,info,MES,"QA disposition: RELEASE - hold lifted, line restart"
2026-09-30T19:33:44Z,Kitting,KIT05,warn,VIS,Vision reject rate high: rolling 15 min at 3.3% (limit 3.0%)
2026-09-30T19:33:49Z,Assembly,ASM01,warn,PLC,Torque limit warning - infeed screw drive
2026-09-30T19:33:49Z,Kitting,KIT08,warn,PLC,Infeed backlog high - accumulation table at 85%
2026-09-30T19:34:00Z,Kitting,KIT05,warn,VIS,Camera 2 calibration drift detected - contrast margin low
2026-09-30T19:34:23Z,Packaging,PKG07,info,MES,Hourly production: pass=1747 fail=130 yield=89.4%
2026-09-30T19:34:25Z,Assembly,ASM01,error,PLC,E201 INFEED JAM - line stopped by PLC interlock
2026-09-30T19:36:10Z,Kitting,KIT05,error,MES,QUALITY HOLD - lot paused pending QA disposition
2026-09-30T19:36:11Z,Assembly,ASM01,info,HMI,Alarm E201 acknowledged by operator
2026-09-30T19:36:12Z,Kitting,KIT03,info,PLC,Downstream cleared - auto restart
2026-09-30T19:36:23Z,Kitting,KIT08,warn,PLC,Torque limit warning - infeed screw drive
2026-09-30T19:37:17Z,Packaging,PKG05,info,PLC,Product present at infeed - auto restart
2026-09-30T19:37:51Z,Kitting,KIT07,info,MES,Hourly production: pass=2612 fail=42 yield=95.7%
2026-09-30T19:38:33Z,Coating,COT01,info,MES,Hourly production: pass=1937 fail=297 yield=88.1%
2026-09-30T19:38:36Z,Kitting,KIT08,error,PLC,E201 INFEED JAM - line stopped by PLC interlock
2026-09-30T19:39:30Z,Kitting,KIT03,warn,PLC,Servo temperature high warning - capper axis (78 C)
2026-09-30T19:40:07Z,Packaging,PKG07,warn,PLC,Infeed backlog high - accumulation table at 85%
2026-09-30T19:40:16Z,Kitting,KIT08,info,HMI,Alarm E201 acknowledged by operator
2026-09-30T19:40:43Z,Molding,MLD07,warn,PLC,Infeed conveyor low - upstream supply degraded
2026-09-30T19:41:26Z,Packaging,PKG07,warn,PLC,Torque limit warning - infeed screw drive
2026-09-30T19:42:29Z,Packaging,PKG04,warn,PLC,Discharge back-pressure rising - downstream accumulation at 90%
2026-09-30T19:42:38Z,Packaging,PKG07,error,PLC,E201 INFEED JAM - line stopped by PLC interlock
2026-09-30T19:43:23Z,Assembly,ASM05,info,MES,Recipe change queued: SKU-1179 -> SKU-1042
2026-09-30T19:43:39Z,Packaging,PKG04,error,PLC,"E311 BLOCKED - discharge full, line paused"
2026-09-30T19:43:50Z,Assembly,ASM01,info,HMI,Jam cleared - guards closed
2026-09-30T19:44:27Z,Molding,MLD07,error,PLC,E310 STARVED - no product at infeed photo-eye for 60s
2026-09-30T19:44:35Z,Coating,COT03,warn,VIS,Camera 2 calibration drift detected - contrast margin low
2026-09-30T19:44:35Z,Assembly,ASM02,info,PLC,Product present at infeed - auto restart
2026-09-30T19:45:40Z,Packaging,PKG06,info,MES,Hourly production: pass=3161 fail=284 yield=97.9%
2026-09-30T19:45:51Z,Coating,COT03,warn,VIS,Vision reject rate high: rolling 15 min at 6.1% (limit 3.0%)
2026-09-30T19:46:04Z,Packaging,PKG07,info,HMI,Alarm E201 acknowledged by operator
2026-09-30T19:46:12Z,Assembly,ASM01,info,PLC,Fault reset - line restart
2026-09-30T19:47:25Z,Kitting,KIT08,info,HMI,Jam cleared - guards closed
2026-09-30T19:47:54Z,Coating,COT03,error,MES,QUALITY HOLD - lot paused pending QA disposition
2026-09-30T19:48:07Z,Molding,MLD07,info,HMI,Alarm E310 acknowledged by operator
2026-09-30T19:48:12Z,Assembly,ASM01,info,PLC,Ramp to rate complete (3400 uph)
2026-09-30T19:48:18Z,Packaging,PKG05,warn,VIS,Vision reject burst: 10 consecutive rejects - self-cleared
2026-09-30T19:49:04Z,Assembly,ASM02,warn,PLC,Servo temperature high warning - capper axis (78 C)
2026-09-30T19:49:06Z,Kitting,KIT05,info,MES,QA sampling in progress - 32 pc AQL pull
2026-09-30T19:49:31Z,Molding,MLD06,info,MES,Hourly production: pass=2817 fail=30 yield=90.9%
2026-09-30T19:49:37Z,Kitting,KIT08,info,PLC,Fault reset - line restart
2026-09-30T19:49:39Z,Molding,MLD05,warn,HMI,Operator sign-in timeout - line paused (break / shift relief)
2026-09-30T19:51:37Z,Kitting,KIT08,info,PLC,Ramp to rate complete (3100 uph)
2026-09-30T19:52:47Z,Molding,MLD03,info,MES,Hourly production: pass=2997 fail=32 yield=97.5%
2026-09-30T19:53:09Z,Assembly,ASM05,info,MES,Change over started - line clearance in progress
2026-09-30T19:53:09Z,Assembly,ASM05,info,PLC,Guard door opened - operator station 1
2026-09-30T19:54:00Z,Packaging,PKG04,info,PLC,Downstream cleared - auto restart
2026-09-30T19:55:34Z,Packaging,PKG06,warn,PLC,Torque limit warning - infeed screw drive
2026-09-30T19:56:36Z,Packaging,PKG06,warn,PLC,Infeed backlog high - accumulation table at 85%
2026-09-30T19:58:12Z,Molding,MLD04,info,MES,Hourly production: pass=2215 fail=184 yield=95.1%
2026-09-30T19:58:20Z,Packaging,PKG06,error,PLC,E201 INFEED JAM - line stopped by PLC interlock
