ts,factory,line,pass,fail,yield_pct,avail_pct,perform_pct,oee_pct
2026-09-18T11:00:00Z,Assembly,ASM01,2088,86,96.03,81.67,78.31,61.41
2026-09-18T11:00:00Z,Assembly,ASM02,1070,41,96.28,50.0,74.06,35.65
2026-09-18T11:00:00Z,Assembly,ASM05,2305,51,97.84,91.67,80.3,72.02
2026-09-18T11:00:00Z,Molding,MLD03,1563,28,98.26,83.33,68.16,55.81
2026-09-18T11:00:00Z,Molding,MLD04,2012,21,98.99,81.67,75.42,60.97
2026-09-18T11:00:00Z,Molding,MLD05,834,58,93.49,61.67,49.9,28.77
2026-09-18T11:00:00Z,Molding,MLD06,872,33,96.31,50.0,67.09,32.31
2026-09-18T11:00:00Z,Molding,MLD07,1292,33,97.51,91.67,55.57,49.67
2026-09-18T11:00:00Z,Coating,COT02,1719,28,98.39,85.0,64.24,53.72
2026-09-18T11:00:00Z,Coating,COT03,1962,51,97.46,91.67,73.22,65.41
2026-09-18T11:00:00Z,Packaging,PKG04,1231,84,93.6,61.67,71.1,41.04
2026-09-18T11:00:00Z,Packaging,PKG05,384,56,87.37,33.33,50.77,14.79
2026-09-18T11:00:00Z,Packaging,PKG06,1498,124,92.35,75.0,69.77,48.33
2026-09-18T11:00:00Z,Packaging,PKG07,853,77,91.7,90.0,43.07,35.54
2026-09-18T11:00:00Z,Packaging,PKG08,1578,153,91.14,78.33,69.06,49.31
2026-09-18T11:00:00Z,Kitting,KIT03,1505,35,97.75,68.33,75.1,50.16
2026-09-18T11:00:00Z,Kitting,KIT04,1748,26,98.53,75.0,71.68,52.97
2026-09-18T11:00:00Z,Kitting,KIT05,1864,62,96.79,100.0,66.4,64.27
2026-09-18T11:00:00Z,Kitting,KIT07,2103,7,99.66,100.0,70.33,70.09
2026-09-18T11:00:00Z,Kitting,KIT08,900,17,98.14,45.0,65.73,29.03
2026-09-18T12:00:00Z,Assembly,ASM01,2176,74,96.7,73.33,90.25,64.0
2026-09-18T12:00:00Z,Assembly,ASM02,1189,40,96.73,58.33,70.21,39.62
2026-09-18T12:00:00Z,Assembly,ASM05,1372,40,97.2,53.33,82.7,42.87
2026-09-18T12:00:00Z,Molding,MLD03,1599,53,96.81,88.33,66.78,57.11
2026-09-18T12:00:00Z,Molding,MLD04,2815,22,99.23,100.0,85.95,85.29
2026-09-18T12:00:00Z,Molding,MLD05,774,53,93.64,53.33,53.44,26.69
2026-09-18T12:00:00Z,Molding,MLD06,1075,41,96.29,63.33,65.3,39.82
2026-09-18T12:00:00Z,Molding,MLD07,1504,68,95.66,100.0,60.46,57.84
2026-09-18T12:00:00Z,Coating,COT01,1180,37,96.99,86.67,58.49,49.16
2026-09-18T12:00:00Z,Coating,COT02,2063,68,96.83,83.33,79.91,64.47
2026-09-18T12:00:00Z,Coating,COT03,1510,24,98.46,71.67,71.32,50.32
2026-09-18T12:00:00Z,Packaging,PKG04,1884,127,93.68,100.0,67.04,62.8
2026-09-18T12:00:00Z,Packaging,PKG05,1091,160,87.18,83.33,57.77,41.97
2026-09-18T12:00:00Z,Packaging,PKG06,1659,163,91.08,71.67,82.0,53.52
2026-09-18T12:00:00Z,Packaging,PKG07,941,101,90.33,91.67,47.36,39.22
2026-09-18T12:00:00Z,Packaging,PKG08,1257,132,90.51,60.0,72.35,39.29
2026-09-18T12:00:00Z,Kitting,KIT03,80,2,97.82,3.33,81.66,2.66
2026-09-18T12:00:00Z,Kitting,KIT04,2550,58,97.78,88.33,89.45,77.27
2026-09-18T12:00:00Z,Kitting,KIT05,272,9,96.69,15.0,64.57,9.36
2026-09-18T12:00:00Z,Kitting,KIT07,1381,11,99.24,53.33,87.0,46.05
2026-09-18T12:00:00Z,Kitting,KIT08,1728,29,98.35,75.0,75.58,55.75
2026-09-18T13:00:00Z,Assembly,ASM02,1924,81,95.94,78.33,85.33,64.13
2026-09-18T13:00:00Z,Assembly,ASM05,2290,73,96.92,88.33,83.58,71.56
2026-09-18T13:00:00Z,Molding,MLD03,1186,40,96.78,60.0,72.93,42.35
2026-09-18T13:00:00Z,Molding,MLD04,2010,19,99.08,83.33,73.77,60.91
2026-09-18T13:00:00Z,Molding,MLD05,1230,80,93.91,83.33,54.18,42.4
2026-09-18T13:00:00Z,Molding,MLD07,463,15,96.79,28.33,64.87,17.79
2026-09-18T13:00:00Z,Coating,COT01,764,20,97.42,55.0,59.39,31.82
2026-09-18T13:00:00Z,Coating,COT02,1535,48,96.96,63.33,78.11,47.97
2026-09-18T13:00:00Z,Coating,COT03,1272,32,97.55,66.67,65.22,42.41
2026-09-18T13:00:00Z,Packaging,PKG04,1194,78,93.88,58.33,72.67,39.79
2026-09-18T13:00:00Z,Packaging,PKG06,2053,190,91.55,90.0,80.38,66.22
2026-09-18T13:00:00Z,Packaging,PKG07,1115,128,89.73,93.33,55.5,46.48
2026-09-18T13:00:00Z,Packaging,PKG08,2046,203,90.96,100.0,70.3,63.95
2026-09-18T13:00:00Z,Kitting,KIT03,1413,21,98.5,63.33,75.52,47.12
2026-09-18T13:00:00Z,Kitting,KIT04,2201,42,98.14,78.33,86.75,66.69
2026-09-18T13:00:00Z,Kitting,KIT07,2346,30,98.72,96.67,81.94,78.19
2026-09-18T13:00:00Z,Kitting,KIT08,1396,13,99.06,60.0,75.75,45.02
2026-09-18T14:00:00Z,Assembly,ASM01,3137,66,97.93,100.0,94.21,92.25
2026-09-18T14:00:00Z,Assembly,ASM02,1895,84,95.76,86.67,76.09,63.15
2026-09-18T14:00:00Z,Assembly,ASM05,2468,71,97.2,90.0,88.16,77.13
2026-09-18T14:00:00Z,Molding,MLD03,1515,49,96.87,81.67,68.38,54.1
2026-09-18T14:00:00Z,Molding,MLD04,2419,39,98.43,86.67,85.92,73.3
2026-09-18T14:00:00Z,Molding,MLD05,1477,98,93.77,83.33,65.16,50.92
2026-09-18T14:00:00Z,Coating,COT02,2274,62,97.33,100.0,73.02,71.08
2026-09-18T14:00:00Z,Coating,COT03,1980,53,97.41,98.33,68.91,66.01
2026-09-18T14:00:00Z,Packaging,PKG04,1583,94,94.39,86.67,64.51,52.77
2026-09-18T14:00:00Z,Packaging,PKG06,1811,134,93.1,83.33,75.29,58.41
2026-09-18T14:00:00Z,Packaging,PKG07,31,3,90.16,3.33,42.75,1.28
2026-09-18T14:00:00Z,Packaging,PKG08,1418,141,90.94,63.33,76.94,44.31
2026-09-18T14:00:00Z,Kitting,KIT03,1833,23,98.78,81.67,75.73,61.09
2026-09-18T14:00:00Z,Kitting,KIT04,2862,60,97.96,100.0,88.53,86.73
2026-09-18T14:00:00Z,Kitting,KIT08,2000,34,98.34,91.67,71.58,64.53
2026-09-18T15:00:00Z,Assembly,ASM01,1929,83,95.88,68.33,86.58,56.73
2026-09-18T15:00:00Z,Assembly,ASM02,1997,93,95.57,85.0,81.96,66.57
2026-09-18T15:00:00Z,Assembly,ASM05,1510,54,96.53,63.33,77.19,47.19
2026-09-18T15:00:00Z,Molding,MLD03,1716,42,97.61,85.0,73.86,61.28
2026-09-18T15:00:00Z,Molding,MLD04,1978,29,98.56,75.0,81.09,59.95
2026-09-18T15:00:00Z,Molding,MLD05,1800,91,95.2,96.67,67.45,62.08
2026-09-18T15:00:00Z,Molding,MLD07,247,10,96.12,16.67,59.26,9.49
2026-09-18T15:00:00Z,Coating,COT02,1924,61,96.93,88.33,70.23,60.13
2026-09-18T15:00:00Z,Coating,COT03,1486,16,98.94,75.0,66.74,49.53
2026-09-18T15:00:00Z,Packaging,PKG04,1465,78,94.94,71.67,71.8,48.85
2026-09-18T15:00:00Z,Packaging,PKG06,1242,123,90.99,55.0,80.03,40.05
2026-09-18T15:00:00Z,Packaging,PKG07,654,72,90.14,68.33,44.27,27.27
2026-09-18T15:00:00Z,Packaging,PKG08,232,23,91.11,11.67,68.22,7.25
2026-09-18T15:00:00Z,Kitting,KIT03,395,3,99.36,18.33,72.28,13.17
2026-09-18T15:00:00Z,Kitting,KIT04,1848,6,99.7,66.67,84.28,56.01
2026-09-18T15:00:00Z,Kitting,KIT05,904,12,98.69,51.67,61.11,31.16
2026-09-18T15:00:00Z,Kitting,KIT08,1598,33,97.98,75.0,70.15,51.55
2026-09-18T16:00:00Z,Assembly,ASM01,3197,61,98.11,100.0,95.83,94.02
2026-09-18T16:00:00Z,Assembly,ASM02,1989,83,95.98,81.67,84.59,66.3
2026-09-18T16:00:00Z,Assembly,ASM05,2606,79,97.04,100.0,83.93,81.45
2026-09-18T16:00:00Z,Molding,MLD03,1042,31,97.11,51.67,74.2,37.23
2026-09-18T16:00:00Z,Molding,MLD04,2306,31,98.66,85.0,83.32,69.87
2026-09-18T16:00:00Z,Molding,MLD05,1046,53,95.18,70.0,54.12,36.06
2026-09-18T16:00:00Z,Molding,MLD06,1389,63,95.67,88.33,60.89,51.46
2026-09-18T16:00:00Z,Molding,MLD07,615,18,97.16,38.33,63.52,23.66
2026-09-18T16:00:00Z,Coating,COT01,1434,54,96.4,93.33,66.43,59.77
2026-09-18T16:00:00Z,Coating,COT02,2036,50,97.61,80.0,81.47,63.62
2026-09-18T16:00:00Z,Coating,COT03,1402,36,97.53,66.67,71.88,46.73
2026-09-18T16:00:00Z,Packaging,PKG04,2105,149,93.4,98.33,76.4,70.17
2026-09-18T16:00:00Z,Packaging,PKG05,397,61,86.75,28.33,62.13,15.27
2026-09-18T16:00:00Z,Packaging,PKG06,2129,178,92.3,86.67,85.86,68.69
2026-09-18T16:00:00Z,Packaging,PKG07,695,66,91.31,61.67,51.43,28.96
2026-09-18T16:00:00Z,Packaging,PKG08,2063,253,89.06,95.0,76.18,64.45
2026-09-18T16:00:00Z,Kitting,KIT03,1493,23,98.46,70.0,72.19,49.76
2026-09-18T16:00:00Z,Kitting,KIT04,1176,3,99.74,45.0,79.41,35.64
2026-09-18T16:00:00Z,Kitting,KIT05,1719,45,97.46,88.33,68.86,59.28
2026-09-18T16:00:00Z,Kitting,KIT08,1854,7,99.64,91.67,65.49,59.82
2026-09-18T17:00:00Z,Assembly,ASM01,2813,112,96.17,90.0,95.59,82.74
2026-09-18T17:00:00Z,Assembly,ASM02,2444,124,95.17,100.0,85.59,81.45
2026-09-18T17:00:00Z,Assembly,ASM05,933,29,96.97,35.0,85.91,29.16
2026-09-18T17:00:00Z,Molding,MLD03,1484,38,97.52,73.33,74.1,52.99
2026-09-18T17:00:00Z,Molding,MLD04,2287,34,98.53,85.0,82.74,69.3
2026-09-18T17:00:00Z,Molding,MLD05,1601,104,93.91,100.0,58.77,55.19
2026-09-18T17:00:00Z,Molding,MLD06,1272,52,96.06,78.33,62.63,47.13
2026-09-18T17:00:00Z,Molding,MLD07,910,33,96.48,53.33,68.02,35.0
2026-09-18T17:00:00Z,Coating,COT01,678,27,96.2,50.0,58.69,28.23
2026-09-18T17:00:00Z,Coating,COT02,2118,55,97.46,90.0,75.47,66.2
2026-09-18T17:00:00Z,Coating,COT03,734,9,98.82,38.33,64.57,24.46
2026-09-18T17:00:00Z,Packaging,PKG04,911,46,95.22,41.67,76.55,30.37
2026-09-18T17:00:00Z,Packaging,PKG05,515,79,86.68,41.67,54.88,19.82
2026-09-18T17:00:00Z,Packaging,PKG06,2112,171,92.5,90.0,81.85,68.14
2026-09-18T17:00:00Z,Packaging,PKG07,1231,111,91.74,100.0,55.89,51.27
2026-09-18T17:00:00Z,Packaging,PKG08,1479,181,89.1,78.33,66.24,46.23
2026-09-18T17:00:00Z,Kitting,KIT03,2592,24,99.09,100.0,87.21,86.41
2026-09-18T17:00:00Z,Kitting,KIT04,1465,31,97.96,50.0,90.64,44.39
2026-09-18T17:00:00Z,Kitting,KIT05,1510,41,97.33,88.33,60.57,52.08
2026-09-18T17:00:00Z,Kitting,KIT07,1418,3,99.8,58.33,81.21,47.28
2026-09-18T17:00:00Z,Kitting,KIT08,1632,30,98.18,85.0,63.07,52.63
2026-09-18T18:00:00Z,Assembly,ASM01,950,36,96.4,31.67,91.57,27.95
2026-09-18T18:00:00Z,Assembly,ASM02,1688,62,96.45,71.67,81.4,56.26
2026-09-18T18:00:00Z,Assembly,ASM05,2644,37,98.63,100.0,83.76,82.62
2026-09-18T18:00:00Z,Molding,MLD03,1200,76,94.01,70.0,65.13,42.86
2026-09-18T18:00:00Z,Molding,MLD04,1966,23,98.86,78.33,76.92,59.57
2026-09-18T18:00:00Z,Molding,MLD05,1192,78,93.88,83.33,52.55,41.11
2026-09-18T18:00:00Z,Molding,MLD06,1589,93,94.45,100.0,62.29,58.84
2026-09-18T18:00:00Z,Molding,MLD07,1678,42,97.59,100.0,66.14,64.54
2026-09-18T18:00:00Z,Coating,COT01,1386,34,97.58,100.0,59.19,57.76
2026-09-18T18:00:00Z,Coating,COT02,1796,146,92.47,81.67,74.31,56.11
2026-09-18T18:00:00Z,Coating,COT03,2271,66,97.17,100.0,77.91,75.71
2026-09-18T18:00:00Z,Packaging,PKG04,1382,64,95.6,71.67,67.25,46.08
2026-09-18T18:00:00Z,Packaging,PKG05,107,15,87.6,8.33,56.13,4.1
2026-09-18T18:00:00Z,Packaging,PKG06,1717,229,88.22,75.0,83.69,55.37
2026-09-18T18:00:00Z,Packaging,PKG07,541,55,90.81,55.0,45.12,22.54
2026-09-18T18:00:00Z,Packaging,PKG08,1676,163,91.13,86.67,66.3,52.36
2026-09-18T18:00:00Z,Kitting,KIT03,1056,56,94.95,50.0,74.13,35.19
2026-09-18T18:00:00Z,Kitting,KIT04,2335,45,98.12,81.67,88.31,70.77
2026-09-18T18:00:00Z,Kitting,KIT05,1072,30,97.25,61.67,61.64,36.97
2026-09-18T18:00:00Z,Kitting,KIT07,2051,2,99.9,81.67,83.78,68.35
2026-09-18T18:00:00Z,Kitting,KIT08,1825,106,94.53,93.33,66.72,58.86
2026-09-18T19:00:00Z,Assembly,ASM01,1812,54,97.13,65.0,84.43,53.3
2026-09-18T19:00:00Z,Assembly,ASM02,1664,73,95.79,73.33,78.96,55.47
2026-09-18T19:00:00Z,Assembly,ASM05,1870,59,96.96,76.67,78.6,58.43
2026-09-18T19:00:00Z,Molding,MLD03,1820,112,94.2,95.0,72.63,64.99
2026-09-18T19:00:00Z,Molding,MLD04,2055,51,97.56,83.33,76.58,62.26
2026-09-18T19:00:00Z,Molding,MLD05,216,15,93.47,15.0,53.22,7.46
2026-09-18T19:00:00Z,Molding,MLD06,356,14,96.24,21.67,63.26,13.19
2026-09-18T19:00:00Z,Molding,MLD07,902,22,97.62,51.67,68.75,34.68
2026-09-18T19:00:00Z,Coating,COT01,1008,27,97.42,75.0,57.46,41.99
2026-09-18T19:00:00Z,Coating,COT02,2361,177,93.02,100.0,79.33,73.79
2026-09-18T19:00:00Z,Coating,COT03,1568,56,96.56,76.67,70.58,52.25
2026-09-18T19:00:00Z,Packaging,PKG05,1155,173,86.96,100.0,51.11,44.44
2026-09-18T19:00:00Z,Packaging,PKG06,1520,207,88.02,78.33,71.09,49.02
2026-09-18T19:00:00Z,Packaging,PKG07,961,91,91.31,85.0,51.57,40.03
2026-09-18T19:00:00Z,Packaging,PKG08,1861,195,90.53,100.0,64.23,58.15
2026-09-18T19:00:00Z,Kitting,KIT04,2503,44,98.29,91.67,84.17,75.84
2026-09-18T19:00:00Z,Kitting,KIT05,1447,17,98.86,73.33,68.81,49.88
2026-09-18T19:00:00Z,Kitting,KIT07,2134,16,99.24,81.67,87.77,71.14
2026-09-18T20:00:00Z,Assembly,ASM01,2047,52,97.53,66.67,92.61,60.22
2026-09-18T20:00:00Z,Assembly,ASM05,2252,45,98.02,91.67,78.31,70.37
2026-09-18T20:00:00Z,Molding,MLD03,332,8,97.72,18.33,66.2,11.86
2026-09-18T20:00:00Z,Molding,MLD04,2173,33,98.52,83.33,80.22,65.86
2026-09-18T20:00:00Z,Molding,MLD05,865,52,94.3,53.33,59.34,29.84
2026-09-18T20:00:00Z,Molding,MLD06,1622,59,96.47,96.67,64.43,60.08
2026-09-18T20:00:00Z,Molding,MLD07,1635,69,95.97,93.33,70.19,62.87
2026-09-18T20:00:00Z,Coating,COT01,1070,24,97.83,76.67,59.42,44.56
2026-09-18T20:00:00Z,Coating,COT02,1214,25,98.0,53.33,72.59,37.94
2026-09-18T20:00:00Z,Coating,COT03,1458,44,97.08,66.67,75.08,48.59
2026-09-18T20:00:00Z,Packaging,PKG04,2006,95,95.49,96.67,72.44,66.87
2026-09-18T20:00:00Z,Packaging,PKG05,682,104,86.72,48.33,62.55,26.22
2026-09-18T20:00:00Z,Packaging,PKG06,1740,134,92.84,78.33,77.18,56.13
2026-09-18T20:00:00Z,Packaging,PKG07,837,93,90.04,68.33,56.67,34.87
2026-09-18T20:00:00Z,Packaging,PKG08,342,41,89.19,16.67,71.94,10.69
2026-09-18T20:00:00Z,Kitting,KIT03,1371,34,97.6,58.33,80.28,45.71
2026-09-18T20:00:00Z,Kitting,KIT04,2212,14,99.38,80.0,84.32,67.03
2026-09-18T20:00:00Z,Kitting,KIT07,2157,11,99.5,91.67,78.82,71.89
2026-09-18T20:00:00Z,Kitting,KIT08,1448,11,99.23,63.33,74.33,46.71
2026-09-18T21:00:00Z,Assembly,ASM01,251,9,96.47,8.33,91.97,7.39
2026-09-18T21:00:00Z,Assembly,ASM02,1932,90,95.57,86.67,77.75,64.4
2026-09-18T21:00:00Z,Assembly,ASM05,1825,26,98.61,75.0,77.12,57.03
2026-09-18T21:00:00Z,Molding,MLD03,2168,68,96.94,100.0,79.86,77.42
2026-09-18T21:00:00Z,Molding,MLD04,1665,21,98.75,66.67,76.64,50.46
2026-09-18T21:00:00Z,Molding,MLD05,1041,71,93.63,66.67,57.51,35.9
2026-09-18T21:00:00Z,Molding,MLD06,1231,59,95.44,68.33,69.89,45.58
2026-09-18T21:00:00Z,Molding,MLD07,1411,43,97.08,78.33,71.39,54.29
2026-09-18T21:00:00Z,Coating,COT02,1793,47,97.43,83.33,69.02,56.04
2026-09-18T21:00:00Z,Coating,COT03,2161,43,98.04,100.0,73.46,72.02
2026-09-18T21:00:00Z,Packaging,PKG04,1680,89,94.95,95.0,62.08,56.0
2026-09-18T21:00:00Z,Packaging,PKG05,623,103,85.81,46.67,59.82,23.96
2026-09-18T21:00:00Z,Packaging,PKG06,1481,136,91.56,70.0,74.54,47.77
2026-09-18T21:00:00Z,Packaging,PKG07,1077,121,89.89,100.0,49.93,44.88
2026-09-18T21:00:00Z,Kitting,KIT03,1190,10,99.17,55.0,72.72,39.67
2026-09-18T21:00:00Z,Kitting,KIT04,2650,21,99.2,100.0,80.95,80.3
2026-09-18T21:00:00Z,Kitting,KIT07,1853,5,99.72,83.33,74.31,61.75
2026-09-18T21:00:00Z,Kitting,KIT08,1855,51,97.34,86.67,70.93,59.84
2026-09-18T22:00:00Z,Assembly,ASM01,2960,78,97.44,100.0,89.36,87.07
2026-09-18T22:00:00Z,Assembly,ASM02,1560,54,96.64,71.67,75.08,52.0
2026-09-18T22:00:00Z,Assembly,ASM05,2075,51,97.59,76.67,86.66,64.84
2026-09-18T22:00:00Z,Molding,MLD03,1481,53,96.57,75.0,73.01,52.88
2026-09-18T22:00:00Z,Molding,MLD04,2076,11,99.49,80.0,79.03,62.9
2026-09-18T22:00:00Z,Molding,MLD05,1458,94,93.96,93.33,57.35,50.29
2026-09-18T22:00:00Z,Molding,MLD06,791,45,94.62,48.33,64.03,29.28
2026-09-18T22:00:00Z,Molding,MLD07,1162,51,95.8,76.67,60.86,44.7
2026-09-18T22:00:00Z,Coating,COT01,361,8,97.85,21.67,71.01,15.05
2026-09-18T22:00:00Z,Coating,COT02,1428,44,97.02,68.33,67.33,44.64
2026-09-18T22:00:00Z,Coating,COT03,1315,38,97.18,61.67,73.16,43.84
2026-09-18T22:00:00Z,Packaging,PKG04,1806,94,95.06,93.33,67.86,60.21
2026-09-18T22:00:00Z,Packaging,PKG05,67,10,86.91,5.0,59.6,2.59
2026-09-18T22:00:00Z,Packaging,PKG06,2003,145,93.25,88.33,78.43,64.6
2026-09-18T22:00:00Z,Packaging,PKG07,980,97,91.03,85.0,52.76,40.82
2026-09-18T22:00:00Z,Packaging,PKG08,335,35,90.43,15.0,77.2,10.47
2026-09-18T22:00:00Z,Kitting,KIT03,1829,22,98.82,85.0,72.6,60.98
2026-09-18T22:00:00Z,Kitting,KIT04,1024,7,99.31,40.0,78.08,31.02
2026-09-18T22:00:00Z,Kitting,KIT05,979,34,96.64,55.0,63.49,33.75
2026-09-18T22:00:00Z,Kitting,KIT07,2188,2,99.9,93.33,78.23,72.95
2026-09-18T22:00:00Z,Kitting,KIT08,1215,23,98.1,61.67,64.8,39.2
2026-09-18T23:00:00Z,Assembly,ASM01,2544,63,97.58,91.67,83.64,74.81
2026-09-18T23:00:00Z,Assembly,ASM02,1638,50,97.05,80.0,70.31,54.59
2026-09-18T23:00:00Z,Assembly,ASM05,1608,36,97.79,58.33,88.09,50.25
2026-09-18T23:00:00Z,Molding,MLD03,1311,36,97.3,71.67,67.15,46.83
2026-09-18T23:00:00Z,Molding,MLD04,1968,17,99.17,81.67,73.63,59.63
2026-09-18T23:00:00Z,Molding,MLD05,1225,66,94.9,75.0,59.36,42.25
2026-09-18T23:00:00Z,Molding,MLD06,769,36,95.55,45.0,66.21,28.47
2026-09-18T23:00:00Z,Molding,MLD07,1557,50,96.89,100.0,61.79,59.87
2026-09-18T23:00:00Z,Coating,COT01,1357,37,97.32,91.67,63.4,56.56
2026-09-18T23:00:00Z,Coating,COT02,2054,33,98.41,93.33,69.89,64.19
2026-09-18T23:00:00Z,Coating,COT03,1606,36,97.81,73.33,74.64,53.54
2026-09-18T23:00:00Z,Packaging,PKG04,1808,100,94.74,83.33,76.35,60.28
2026-09-18T23:00:00Z,Packaging,PKG05,1321,177,88.17,100.0,57.64,50.82
2026-09-18T23:00:00Z,Packaging,PKG06,1428,141,91.02,63.33,79.91,46.06
2026-09-18T23:00:00Z,Packaging,PKG07,755,81,90.34,76.67,45.39,31.44
2026-09-18T23:00:00Z,Packaging,PKG08,1895,226,89.34,100.0,66.3,59.23
2026-09-18T23:00:00Z,Kitting,KIT03,251,5,98.03,11.67,73.26,8.38
2026-09-18T23:00:00Z,Kitting,KIT04,330,7,98.05,11.67,87.55,10.01
2026-09-18T23:00:00Z,Kitting,KIT05,1118,30,97.36,63.33,62.5,38.54
2026-09-18T23:00:00Z,Kitting,KIT07,2516,36,98.58,100.0,85.07,83.86
2026-09-18T23:00:00Z,Kitting,KIT08,1842,43,97.7,81.67,74.46,59.41
2026-09-19T00:00:00Z,Assembly,ASM01,2447,88,96.54,86.67,86.03,71.97
2026-09-19T00:00:00Z,Assembly,ASM02,2018,91,95.68,98.33,71.5,67.27
2026-09-19T00:00:00Z,Assembly,ASM05,2294,71,97.01,85.0,86.94,71.69
2026-09-19T00:00:00Z,Molding,MLD03,1370,27,98.06,73.33,68.04,48.93
2026-09-19T00:00:00Z,Molding,MLD04,1480,7,99.55,61.67,73.07,44.86
2026-09-19T00:00:00Z,Molding,MLD05,1084,64,94.42,65.0,60.91,37.38
2026-09-19T00:00:00Z,Molding,MLD06,788,49,94.11,48.33,64.2,29.2
2026-09-19T00:00:00Z,Molding,MLD07,1727,61,96.58,95.0,72.4,66.43
2026-09-19T00:00:00Z,Coating,COT01,1347,52,96.29,81.67,71.38,56.13
2026-09-19T00:00:00Z,Coating,COT02,2031,54,97.4,93.33,69.83,63.48
2026-09-19T00:00:00Z,Coating,COT03,1136,17,98.53,51.67,74.38,37.86
2026-09-19T00:00:00Z,Packaging,PKG04,1632,112,93.59,81.67,71.18,54.4
2026-09-19T00:00:00Z,Packaging,PKG05,172,27,86.29,13.33,57.58,6.62
2026-09-19T00:00:00Z,Packaging,PKG06,2150,201,91.45,91.67,82.74,69.36
2026-09-19T00:00:00Z,Packaging,PKG07,809,93,89.68,70.0,53.67,33.69
2026-09-19T00:00:00Z,Packaging,PKG08,910,104,89.78,41.67,75.99,28.43
2026-09-19T00:00:00Z,Kitting,KIT03,1288,22,98.35,53.33,81.88,42.95
2026-09-19T00:00:00Z,Kitting,KIT04,2829,38,98.69,100.0,86.87,85.73
2026-09-19T00:00:00Z,Kitting,KIT05,1825,36,98.05,90.0,71.32,62.93
2026-09-19T00:00:00Z,Kitting,KIT07,1110,1,99.9,43.33,85.45,36.99
2026-09-19T00:00:00Z,Kitting,KIT08,1931,24,98.78,90.0,70.08,62.31
2026-09-19T01:00:00Z,Assembly,ASM01,2685,115,95.91,100.0,82.33,78.96
2026-09-19T01:00:00Z,Assembly,ASM02,498,19,96.34,23.33,73.78,16.59
2026-09-19T01:00:00Z,Assembly,ASM05,1021,31,97.08,38.33,85.71,31.9
2026-09-19T01:00:00Z,Molding,MLD03,1363,41,97.1,63.33,79.14,48.67
2026-09-19T01:00:00Z,Molding,MLD04,877,6,99.36,33.33,80.23,26.57
2026-09-19T01:00:00Z,Molding,MLD06,1222,48,96.23,68.33,68.83,45.26
2026-09-19T01:00:00Z,Molding,MLD07,811,24,97.18,45.0,71.28,31.17
2026-09-19T01:00:00Z,Coating,COT01,1078,38,96.62,73.33,63.4,44.92
2026-09-19T01:00:00Z,Coating,COT02,1716,41,97.69,81.67,67.22,53.63
2026-09-19T01:00:00Z,Coating,COT03,1608,53,96.81,76.67,72.21,53.59
2026-09-19T01:00:00Z,Packaging,PKG04,1683,77,95.64,78.33,74.88,56.1
2026-09-19T01:00:00Z,Packaging,PKG05,937,128,88.0,73.33,55.83,36.03
2026-09-19T01:00:00Z,Packaging,PKG06,1759,168,91.26,73.33,84.76,56.73
2026-09-19T01:00:00Z,Packaging,PKG07,1053,99,91.43,91.67,52.36,43.89
2026-09-19T01:00:00Z,Packaging,PKG08,1901,197,90.6,93.33,70.24,59.4
2026-09-19T01:00:00Z,Kitting,KIT03,2192,11,99.52,100.0,73.44,73.08
2026-09-19T01:00:00Z,Kitting,KIT04,2132,41,98.11,85.0,77.47,64.61
2026-09-19T01:00:00Z,Kitting,KIT05,1610,49,97.04,80.0,71.53,55.53
2026-09-19T01:00:00Z,Kitting,KIT07,1757,25,98.62,68.33,86.91,58.57
2026-09-19T01:00:00Z,Kitting,KIT08,1498,12,99.19,70.0,69.59,48.32
2026-09-19T02:00:00Z,Assembly,ASM01,2247,58,97.48,76.67,88.44,66.09
2026-09-19T02:00:00Z,Assembly,ASM05,2149,37,98.31,86.67,78.81,67.14
2026-09-19T02:00:00Z,Molding,MLD03,1775,50,97.25,100.0,65.17,63.38
2026-09-19T02:00:00Z,Molding,MLD05,1118,50,95.7,71.67,56.21,38.55
2026-09-19T02:00:00Z,Molding,MLD06,965,58,94.3,61.67,61.47,35.74
2026-09-19T02:00:00Z,Coating,COT01,1436,34,97.69,93.33,65.62,59.82
2026-09-19T02:00:00Z,Coating,COT02,1868,70,96.4,78.33,77.32,58.39
2026-09-19T02:00:00Z,Coating,COT03,179,2,98.8,8.33,72.66,5.98
2026-09-19T02:00:00Z,Packaging,PKG04,1616,74,95.64,83.33,67.58,53.86
2026-09-19T02:00:00Z,Packaging,PKG05,1360,204,86.96,100.0,60.13,52.29
2026-09-19T02:00:00Z,Packaging,PKG06,1573,114,93.25,71.67,75.93,50.74
2026-09-19T02:00:00Z,Packaging,PKG07,1168,121,90.6,100.0,53.73,48.68
2026-09-19T02:00:00Z,Packaging,PKG08,1678,185,90.05,76.67,75.95,52.43
2026-09-19T02:00:00Z,Kitting,KIT03,1835,36,98.07,73.33,85.04,61.15
2026-09-19T02:00:00Z,Kitting,KIT04,1642,9,99.48,61.67,81.09,49.74
2026-09-19T02:00:00Z,Kitting,KIT05,1242,13,98.95,61.67,70.19,42.83
2026-09-19T02:00:00Z,Kitting,KIT07,1868,22,98.82,78.33,80.44,62.27
2026-09-19T02:00:00Z,Kitting,KIT08,1854,10,99.44,85.0,70.76,59.82
2026-09-19T11:00:00Z,Assembly,ASM01,2632,109,96.01,93.33,86.4,77.42
2026-09-19T11:00:00Z,Assembly,ASM02,2148,67,96.96,98.33,75.11,71.61
2026-09-19T11:00:00Z,Assembly,ASM05,2213,40,98.2,93.33,75.46,69.17
2026-09-19T11:00:00Z,Molding,MLD03,1658,41,97.6,90.0,67.41,59.22
2026-09-19T11:00:00Z,Molding,MLD04,1230,3,99.73,48.33,77.3,37.26
2026-09-19T11:00:00Z,Molding,MLD05,1610,83,95.11,100.0,58.39,55.53
2026-09-19T11:00:00Z,Molding,MLD06,1172,44,96.38,90.0,50.05,43.41
2026-09-19T11:00:00Z,Molding,MLD07,45,1,96.92,3.33,54.09,1.75
2026-09-19T11:00:00Z,Coating,COT01,1293,45,96.65,85.0,65.6,53.89
2026-09-19T11:00:00Z,Coating,COT02,2113,85,96.12,100.0,68.7,66.03
2026-09-19T11:00:00Z,Coating,COT03,1560,26,98.33,76.67,68.99,52.01
2026-09-19T11:00:00Z,Packaging,PKG04,1465,81,94.74,73.33,70.28,48.82
2026-09-19T11:00:00Z,Packaging,PKG05,909,144,86.3,78.33,51.73,34.97
2026-09-19T11:00:00Z,Packaging,PKG06,1177,95,92.51,58.33,70.38,37.98
2026-09-19T11:00:00Z,Packaging,PKG07,678,61,91.7,71.67,42.97,28.24
2026-09-19T11:00:00Z,Packaging,PKG08,1280,128,90.88,70.0,62.86,39.99
2026-09-19T11:00:00Z,Kitting,KIT03,2099,43,98.01,88.33,80.81,69.96
2026-09-19T11:00:00Z,Kitting,KIT04,1746,39,97.84,71.67,75.47,52.91
2026-09-19T11:00:00Z,Kitting,KIT05,1090,26,97.65,66.67,57.73,37.59
2026-09-19T11:00:00Z,Kitting,KIT07,467,6,98.83,23.33,67.45,15.55
2026-09-19T11:00:00Z,Kitting,KIT08,1830,44,97.66,100.0,60.44,59.02
2026-09-19T12:00:00Z,Assembly,ASM01,2626,102,96.25,86.67,92.57,77.22
2026-09-19T12:00:00Z,Assembly,ASM02,2166,98,95.66,90.0,83.87,72.21
2026-09-19T12:00:00Z,Assembly,ASM05,2149,71,96.8,78.33,88.57,67.16
2026-09-19T12:00:00Z,Molding,MLD03,1698,52,97.04,96.67,64.66,60.65
2026-09-19T12:00:00Z,Molding,MLD04,1897,23,98.8,76.67,75.88,57.48
2026-09-19T12:00:00Z,Molding,MLD05,1485,70,95.49,81.67,65.68,51.22
2026-09-19T12:00:00Z,Molding,MLD07,1267,62,95.32,83.33,61.37,48.75
2026-09-19T12:00:00Z,Coating,COT01,1182,31,97.41,76.67,65.95,49.25
2026-09-19T12:00:00Z,Coating,COT02,2295,90,96.24,90.0,82.78,71.7
2026-09-19T12:00:00Z,Coating,COT03,1600,21,98.7,81.67,66.15,53.32
2026-09-19T12:00:00Z,Packaging,PKG04,1975,120,94.28,100.0,69.83,65.84
2026-09-19T12:00:00Z,Packaging,PKG05,1395,208,87.05,98.33,62.69,53.66
2026-09-19T12:00:00Z,Packaging,PKG06,1656,125,92.95,71.67,80.17,53.4
2026-09-19T12:00:00Z,Packaging,PKG07,385,39,90.72,33.33,53.07,16.05
2026-09-19T12:00:00Z,Packaging,PKG08,1875,183,91.12,100.0,64.29,58.58
2026-09-19T12:00:00Z,Kitting,KIT03,1225,22,98.26,55.0,75.55,40.83
2026-09-19T12:00:00Z,Kitting,KIT04,2331,49,97.96,85.0,84.83,70.63
2026-09-19T12:00:00Z,Kitting,KIT05,1659,23,98.65,78.33,74.02,57.2
2026-09-19T12:00:00Z,Kitting,KIT07,1283,1,99.9,48.33,88.56,42.76
2026-09-19T12:00:00Z,Kitting,KIT08,1213,7,99.39,60.0,65.63,39.14
2026-09-19T13:00:00Z,Assembly,ASM01,2878,94,96.84,100.0,87.39,84.64
2026-09-19T13:00:00Z,Assembly,ASM02,1073,37,96.67,45.0,82.2,35.76
2026-09-19T13:00:00Z,Assembly,ASM05,2128,30,98.63,85.0,79.33,66.5
2026-09-19T13:00:00Z,Molding,MLD03,472,13,97.34,25.0,69.33,16.87
2026-09-19T13:00:00Z,Molding,MLD04,2399,51,97.91,85.0,87.37,72.71
2026-09-19T13:00:00Z,Molding,MLD05,1468,91,94.14,88.33,60.86,50.61
2026-09-19T13:00:00Z,Molding,MLD06,28,1,95.38,1.67,64.91,1.03
2026-09-19T13:00:00Z,Molding,MLD07,760,33,95.87,48.33,63.06,29.22
2026-09-19T13:00:00Z,Coating,COT01,730,22,97.13,51.67,60.6,30.42
2026-09-19T13:00:00Z,Coating,COT02,1382,26,98.15,65.0,67.72,43.2
2026-09-19T13:00:00Z,Coating,COT03,2152,52,97.63,100.0,73.47,71.73
2026-09-19T13:00:00Z,Packaging,PKG04,898,52,94.56,43.33,73.05,29.93
2026-09-19T13:00:00Z,Packaging,PKG06,156,16,90.92,6.67,83.04,5.03
2026-09-19T13:00:00Z,Packaging,PKG08,1078,116,90.29,48.33,77.2,33.69
2026-09-19T13:00:00Z,Kitting,KIT03,2159,37,98.33,95.0,77.03,71.95
2026-09-19T13:00:00Z,Kitting,KIT04,2080,7,99.66,81.67,77.46,63.04
2026-09-19T13:00:00Z,Kitting,KIT05,1432,32,97.83,73.33,68.82,49.37
2026-09-19T13:00:00Z,Kitting,KIT07,2411,38,98.45,100.0,81.64,80.38
2026-09-19T13:00:00Z,Kitting,KIT08,1573,43,97.35,80.0,65.14,50.73
2026-09-19T14:00:00Z,Assembly,ASM01,1585,68,95.89,55.0,88.39,46.62
2026-09-19T14:00:00Z,Assembly,ASM02,2465,94,96.31,100.0,85.3,82.15
2026-09-19T14:00:00Z,Assembly,ASM05,937,20,97.94,36.67,81.5,29.27
2026-09-19T14:00:00Z,Molding,MLD03,997,16,98.44,48.33,74.86,35.62
2026-09-19T14:00:00Z,Molding,MLD04,2598,25,99.05,100.0,79.48,78.73
2026-09-19T14:00:00Z,Molding,MLD05,1421,82,94.52,81.67,63.48,49.0
2026-09-19T14:00:00Z,Molding,MLD06,1200,72,94.33,75.0,62.82,44.44
2026-09-19T14:00:00Z,Coating,COT01,1368,27,98.06,81.67,71.19,57.01
2026-09-19T14:00:00Z,Coating,COT02,2397,51,97.91,100.0,76.52,74.91
2026-09-19T14:00:00Z,Coating,COT03,1089,16,98.52,50.0,73.67,36.29
2026-09-19T14:00:00Z,Packaging,PKG04,1419,87,94.22,71.67,70.05,47.3
2026-09-19T14:00:00Z,Packaging,PKG05,644,96,86.98,51.67,55.11,24.77
2026-09-19T14:00:00Z,Packaging,PKG06,2014,188,91.47,100.0,71.04,64.98
2026-09-19T14:00:00Z,Packaging,PKG07,448,43,91.19,43.33,47.19,18.65
2026-09-19T14:00:00Z,Packaging,PKG08,1869,201,90.27,98.33,65.79,58.4
2026-09-19T14:00:00Z,Kitting,KIT03,2073,23,98.91,88.33,79.1,69.11
2026-09-19T14:00:00Z,Kitting,KIT04,1453,7,99.52,50.0,88.47,44.02
2026-09-19T14:00:00Z,Kitting,KIT05,1164,17,98.56,65.0,62.65,40.14
2026-09-19T14:00:00Z,Kitting,KIT07,1800,2,99.9,80.0,75.06,59.99
2026-09-19T14:00:00Z,Kitting,KIT08,1315,4,99.68,58.33,72.97,42.43
2026-09-19T15:00:00Z,Assembly,ASM01,2591,65,97.54,96.67,80.83,76.21
2026-09-19T15:00:00Z,Assembly,ASM02,1987,94,95.49,86.67,80.05,66.25
2026-09-19T15:00:00Z,Assembly,ASM05,1721,61,96.56,68.33,81.5,53.78
2026-09-19T15:00:00Z,Molding,MLD03,1445,42,97.17,76.67,69.27,51.6
2026-09-19T15:00:00Z,Molding,MLD04,1406,23,98.38,51.67,83.8,42.6
2026-09-19T15:00:00Z,Molding,MLD05,1536,70,95.62,95.0,58.3,52.96
2026-09-19T15:00:00Z,Molding,MLD06,1567,90,94.58,90.0,68.17,58.03
2026-09-19T15:00:00Z,Coating,COT01,1598,31,98.07,100.0,67.9,66.59
2026-09-19T15:00:00Z,Coating,COT02,631,11,98.28,28.33,70.85,19.73
2026-09-19T15:00:00Z,Coating,COT03,682,15,97.82,30.0,77.47,22.73
2026-09-19T15:00:00Z,Packaging,PKG04,1604,90,94.71,80.0,70.56,53.46
2026-09-19T15:00:00Z,Packaging,PKG05,1286,195,86.86,91.67,62.13,49.46
2026-09-19T15:00:00Z,Packaging,PKG06,1708,139,92.49,83.33,71.5,55.11
2026-09-19T15:00:00Z,Packaging,PKG07,595,57,91.29,53.33,50.95,24.81
2026-09-19T15:00:00Z,Packaging,PKG08,1799,185,90.66,81.67,75.93,56.22
2026-09-19T15:00:00Z,Kitting,KIT03,2225,28,98.77,100.0,75.11,74.18
2026-09-19T15:00:00Z,Kitting,KIT04,520,6,98.81,20.0,79.79,15.77
2026-09-19T15:00:00Z,Kitting,KIT05,827,17,97.95,41.67,69.9,28.53
2026-09-19T15:00:00Z,Kitting,KIT07,1934,25,98.72,75.0,87.06,64.46
2026-09-19T16:00:00Z,Assembly,ASM01,2464,86,96.61,91.67,81.83,72.47
2026-09-19T16:00:00Z,Assembly,ASM02,617,19,97.02,30.0,70.65,20.56
2026-09-19T16:00:00Z,Assembly,ASM05,2282,40,98.3,90.0,80.61,71.31
2026-09-19T16:00:00Z,Molding,MLD03,1919,58,97.08,100.0,70.62,68.55
2026-09-19T16:00:00Z,Molding,MLD04,2167,3,99.87,75.0,87.67,65.67
2026-09-19T16:00:00Z,Molding,MLD05,1227,58,95.47,71.67,61.87,42.33
2026-09-19T16:00:00Z,Molding,MLD06,951,57,94.31,66.67,56.04,35.24
2026-09-19T16:00:00Z,Coating,COT01,1247,54,95.84,80.0,67.78,51.97
2026-09-19T16:00:00Z,Coating,COT02,2027,32,98.45,86.67,74.25,63.35
2026-09-19T16:00:00Z,Packaging,PKG04,1673,90,94.91,90.0,65.27,55.76
2026-09-19T16:00:00Z,Packaging,PKG05,866,136,86.38,63.33,60.85,33.29
2026-09-19T16:00:00Z,Packaging,PKG06,1512,134,91.83,70.0,75.87,48.77
2026-09-19T16:00:00Z,Packaging,PKG07,759,78,90.67,80.0,43.59,31.61
2026-09-19T16:00:00Z,Packaging,PKG08,1927,241,88.87,100.0,67.76,60.22
2026-09-19T16:00:00Z,Kitting,KIT03,1682,36,97.9,75.0,76.37,56.07
2026-09-19T16:00:00Z,Kitting,KIT04,807,2,99.74,31.67,77.44,24.46
2026-09-19T16:00:00Z,Kitting,KIT05,1655,34,98.01,86.67,67.19,57.07
2026-09-19T16:00:00Z,Kitting,KIT07,969,14,98.54,41.67,78.65,32.29
2026-09-19T17:00:00Z,Assembly,ASM01,1909,45,97.67,61.67,93.21,56.14
2026-09-19T17:00:00Z,Assembly,ASM02,2145,86,96.15,91.67,81.13,71.5
2026-09-19T17:00:00Z,Assembly,ASM05,2300,67,97.16,88.33,83.74,71.88
2026-09-19T17:00:00Z,Molding,MLD03,1495,48,96.86,81.67,67.5,53.39
2026-09-19T17:00:00Z,Molding,MLD04,1264,6,99.54,50.0,76.98,38.31
2026-09-19T17:00:00Z,Molding,MLD05,1728,112,93.93,100.0,63.45,59.6
2026-09-19T17:00:00Z,Molding,MLD06,1336,50,96.41,81.67,62.83,49.47
2026-09-19T17:00:00Z,Molding,MLD07,364,17,95.46,23.33,62.85,14.0
2026-09-19T17:00:00Z,Coating,COT01,1170,40,96.67,81.67,61.76,48.75
2026-09-19T17:00:00Z,Coating,COT02,1406,43,97.03,58.33,77.62,43.94
2026-09-19T17:00:00Z,Coating,COT03,1674,27,98.44,81.67,69.43,55.82
2026-09-19T17:00:00Z,Packaging,PKG04,1743,94,94.88,83.33,73.5,58.11
2026-09-19T17:00:00Z,Packaging,PKG05,516,78,86.93,48.33,47.22,19.84
2026-09-19T17:00:00Z,Packaging,PKG06,1982,146,93.14,90.0,76.29,63.95
2026-09-19T17:00:00Z,Packaging,PKG07,527,62,89.4,51.67,47.54,21.96
2026-09-19T17:00:00Z,Packaging,PKG08,2113,264,88.88,95.0,78.19,66.02
2026-09-19T17:00:00Z,Kitting,KIT03,2481,44,98.25,96.67,87.07,82.69
2026-09-19T17:00:00Z,Kitting,KIT04,1827,44,97.67,71.67,79.11,55.38
2026-09-19T17:00:00Z,Kitting,KIT05,1479,19,98.71,83.33,62.0,51.0
2026-09-19T17:00:00Z,Kitting,KIT07,2036,2,99.9,88.33,76.92,67.88
2026-09-19T17:00:00Z,Kitting,KIT08,1237,29,97.73,65.0,62.8,39.89
2026-09-19T18:00:00Z,Assembly,ASM01,3127,72,97.74,100.0,94.1,91.97
2026-09-19T18:00:00Z,Assembly,ASM02,310,26,92.28,13.33,83.96,10.33
2026-09-19T18:00:00Z,Assembly,ASM05,2312,57,97.61,88.33,83.79,72.25
2026-09-19T18:00:00Z,Molding,MLD03,1356,25,98.19,76.67,64.35,48.44
2026-09-19T18:00:00Z,Molding,MLD04,2807,50,98.24,100.0,86.59,85.06
2026-09-19T18:00:00Z,Molding,MLD05,1307,90,93.59,75.0,64.19,45.06
2026-09-19T18:00:00Z,Molding,MLD07,1604,63,96.24,90.0,71.24,61.71
2026-09-19T18:00:00Z,Coating,COT01,1316,32,97.65,91.67,61.27,54.85
2026-09-19T18:00:00Z,Coating,COT02,2213,67,97.05,100.0,71.27,69.17
2026-09-19T18:00:00Z,Coating,COT03,1553,51,96.83,71.67,74.58,51.76
2026-09-19T18:00:00Z,Packaging,PKG04,1069,65,94.25,60.0,62.99,35.62
2026-09-19T18:00:00Z,Packaging,PKG05,928,134,87.39,76.67,53.27,35.69
2026-09-19T18:00:00Z,Packaging,PKG06,1266,112,91.84,56.67,78.48,40.84
2026-09-19T18:00:00Z,Packaging,PKG07,513,56,90.22,55.0,43.08,21.38
2026-09-19T18:00:00Z,Packaging,PKG08,1919,235,89.08,93.33,72.14,59.98
2026-09-19T18:00:00Z,Kitting,KIT03,1854,48,97.5,85.0,74.58,61.81
2026-09-19T18:00:00Z,Kitting,KIT04,2168,44,98.02,86.67,77.32,65.69
2026-09-19T18:00:00Z,Kitting,KIT05,1405,25,98.26,68.33,72.16,48.45
2026-09-19T18:00:00Z,Kitting,KIT07,2256,12,99.47,93.33,81.01,75.2
2026-09-19T18:00:00Z,Kitting,KIT08,1526,13,99.19,68.33,72.61,49.21
2026-09-19T19:00:00Z,Assembly,ASM01,2202,75,96.69,83.33,80.36,64.75
2026-09-19T19:00:00Z,Assembly,ASM02,1330,128,91.22,60.0,81.01,44.34
2026-09-19T19:00:00Z,Assembly,ASM05,1939,29,98.51,76.67,80.21,60.58
2026-09-19T19:00:00Z,Molding,MLD03,1569,28,98.26,78.33,72.8,56.03
2026-09-19T19:00:00Z,Molding,MLD04,1686,12,99.28,65.0,79.15,51.08
2026-09-19T19:00:00Z,Molding,MLD05,601,29,95.33,35.0,62.15,20.74
2026-09-19T19:00:00Z,Molding,MLD07,1785,59,96.8,100.0,70.93,68.66
2026-09-19T19:00:00Z,Coating,COT01,692,20,97.19,50.0,59.31,28.82
2026-09-19T19:00:00Z,Coating,COT02,500,13,97.55,23.33,68.7,15.64
2026-09-19T19:00:00Z,Coating,COT03,1359,36,97.43,61.67,75.39,45.3
2026-09-19T19:00:00Z,Packaging,PKG04,1669,85,95.14,90.0,64.97,55.63
2026-09-19T19:00:00Z,Packaging,PKG05,972,147,86.88,75.0,57.36,37.38
2026-09-19T19:00:00Z,Packaging,PKG06,2269,169,93.08,100.0,78.64,73.2
2026-09-19T19:00:00Z,Packaging,PKG07,807,93,89.64,88.33,42.45,33.61
2026-09-19T19:00:00Z,Packaging,PKG08,1808,206,89.79,93.33,67.43,56.51
2026-09-19T19:00:00Z,Kitting,KIT03,231,0,99.79,10.0,77.05,7.69
2026-09-19T19:00:00Z,Kitting,KIT04,2424,9,99.62,85.0,86.76,73.47
2026-09-19T19:00:00Z,Kitting,KIT05,1578,21,98.7,78.33,70.38,54.41
2026-09-19T19:00:00Z,Kitting,KIT07,2218,24,98.92,90.0,83.05,73.94
2026-09-19T19:00:00Z,Kitting,KIT08,1149,20,98.3,51.67,72.97,37.06
2026-09-19T20:00:00Z,Assembly,ASM01,1748,38,97.87,55.0,95.51,51.41
2026-09-19T20:00:00Z,Assembly,ASM02,286,10,96.64,13.33,74.04,9.54
2026-09-19T20:00:00Z,Assembly,ASM05,1276,33,97.47,48.33,84.6,39.86
2026-09-19T20:00:00Z,Molding,MLD04,1332,21,98.47,48.33,84.81,40.37
2026-09-19T20:00:00Z,Molding,MLD05,677,44,93.95,45.0,55.19,23.33
2026-09-19T20:00:00Z,Molding,MLD07,520,17,96.85,30.0,68.83,20.0
2026-09-19T20:00:00Z,Coating,COT01,1081,33,97.08,73.33,63.27,45.04
2026-09-19T20:00:00Z,Coating,COT02,2198,45,97.99,100.0,70.1,68.69
2026-09-19T20:00:00Z,Packaging,PKG04,2166,105,95.37,100.0,75.7,72.19
2026-09-19T20:00:00Z,Packaging,PKG05,1266,193,86.78,100.0,56.09,48.68
2026-09-19T20:00:00Z,Packaging,PKG06,1706,123,93.29,70.0,84.28,55.04
2026-09-19T20:00:00Z,Packaging,PKG07,1098,109,90.99,88.33,56.92,45.75
2026-09-19T20:00:00Z,Packaging,PKG08,1386,151,90.19,63.33,75.81,43.31
2026-09-19T20:00:00Z,Kitting,KIT04,2636,15,99.43,88.33,90.95,79.87
2026-09-19T20:00:00Z,Kitting,KIT05,1261,29,97.77,68.33,65.1,43.49
2026-09-19T20:00:00Z,Kitting,KIT07,1645,2,99.9,68.33,80.34,54.84
2026-09-19T20:00:00Z,Kitting,KIT08,2217,21,99.08,100.0,72.18,71.51
2026-09-19T21:00:00Z,Assembly,ASM02,2230,99,95.73,100.0,77.66,74.34
2026-09-19T21:00:00Z,Assembly,ASM05,2206,71,96.88,86.67,82.11,68.95
2026-09-19T21:00:00Z,Molding,MLD03,1492,38,97.52,80.0,68.28,53.27
2026-09-19T21:00:00Z,Molding,MLD04,2040,46,97.78,83.33,75.87,61.83
2026-09-19T21:00:00Z,Molding,MLD05,1395,98,93.42,81.67,63.06,48.11
2026-09-19T21:00:00Z,Molding,MLD06,1285,67,95.03,81.67,61.3,47.57
2026-09-19T21:00:00Z,Coating,COT01,1565,44,97.27,100.0,67.02,65.19
2026-09-19T21:00:00Z,Coating,COT02,397,13,96.77,18.33,69.94,12.41
2026-09-19T21:00:00Z,Coating,COT03,1692,55,96.83,85.0,68.55,56.42
2026-09-19T21:00:00Z,Packaging,PKG04,1479,99,93.73,68.33,76.99,49.32
2026-09-19T21:00:00Z,Packaging,PKG05,459,67,87.26,35.0,57.8,17.65
2026-09-19T21:00:00Z,Packaging,PKG06,1642,152,91.51,71.67,80.77,52.97
2026-09-19T21:00:00Z,Packaging,PKG07,816,76,91.53,81.67,45.5,34.01
2026-09-19T21:00:00Z,Packaging,PKG08,468,58,89.04,21.67,75.81,14.62
2026-09-19T21:00:00Z,Kitting,KIT03,1776,27,98.49,71.67,83.86,59.19
2026-09-19T21:00:00Z,Kitting,KIT04,2625,64,97.64,96.67,84.28,79.55
2026-09-19T21:00:00Z,Kitting,KIT05,1733,20,98.85,85.0,71.14,59.78
2026-09-19T21:00:00Z,Kitting,KIT07,2199,2,99.9,81.67,89.83,73.29
2026-09-19T21:00:00Z,Kitting,KIT08,394,11,97.33,18.33,71.27,12.72
2026-09-19T22:00:00Z,Assembly,ASM02,2043,99,95.37,90.0,79.33,68.09
2026-09-19T22:00:00Z,Assembly,ASM05,1946,47,97.63,78.33,79.51,60.8
2026-09-19T22:00:00Z,Molding,MLD03,1672,56,96.76,90.0,68.56,59.71
2026-09-19T22:00:00Z,Molding,MLD04,2105,48,97.75,78.33,83.29,63.77
2026-09-19T22:00:00Z,Molding,MLD05,571,34,94.43,35.0,59.58,19.69
2026-09-19T22:00:00Z,Coating,COT01,1077,34,96.95,65.0,71.21,44.87
2026-09-19T22:00:00Z,Coating,COT03,1654,56,96.74,88.33,64.53,55.15
2026-09-19T22:00:00Z,Packaging,PKG04,2156,106,95.33,100.0,75.38,71.86
2026-09-19T22:00:00Z,Packaging,PKG05,723,108,86.96,58.33,54.79,27.79
2026-09-19T22:00:00Z,Packaging,PKG06,2165,205,91.36,91.67,83.41,69.85
2026-09-19T22:00:00Z,Packaging,PKG07,638,73,89.71,61.67,48.07,26.59
2026-09-19T22:00:00Z,Packaging,PKG08,661,80,89.15,33.33,69.47,20.64
2026-09-19T22:00:00Z,Kitting,KIT03,2054,42,97.99,86.67,80.61,68.45
2026-09-19T22:00:00Z,Kitting,KIT04,1589,41,97.49,60.0,82.32,48.15
2026-09-19T22:00:00Z,Kitting,KIT05,978,11,98.91,45.0,75.8,33.74
2026-09-19T22:00:00Z,Kitting,KIT07,2087,34,98.41,80.0,88.35,69.55
2026-09-19T22:00:00Z,Kitting,KIT08,1438,10,99.34,70.0,66.71,46.39
2026-09-19T23:00:00Z,Assembly,ASM02,1427,48,96.77,70.0,70.22,47.56
2026-09-19T23:00:00Z,Assembly,ASM05,2639,58,97.84,100.0,84.29,82.47
2026-09-19T23:00:00Z,Molding,MLD03,1836,54,97.12,86.67,77.92,65.58
2026-09-19T23:00:00Z,Molding,MLD04,2011,13,99.36,83.33,73.61,60.95
2026-09-19T23:00:00Z,Molding,MLD05,1318,66,95.23,91.67,52.06,45.45
2026-09-19T23:00:00Z,Molding,MLD06,891,55,94.21,58.33,60.05,33.0
2026-09-19T23:00:00Z,Molding,MLD07,230,7,97.22,15.0,60.61,8.84
2026-09-19T23:00:00Z,Coating,COT03,1154,34,97.17,61.67,64.19,38.46
2026-09-19T23:00:00Z,Packaging,PKG04,1252,85,93.64,71.67,62.21,41.75
2026-09-19T23:00:00Z,Packaging,PKG05,938,145,86.66,75.0,55.54,36.09
2026-09-19T23:00:00Z,Packaging,PKG06,2280,180,92.7,96.67,82.07,73.54
2026-09-19T23:00:00Z,Packaging,PKG07,958,104,90.22,100.0,44.24,39.91
2026-09-19T23:00:00Z,Packaging,PKG08,1670,162,91.18,88.33,64.78,52.17
2026-09-19T23:00:00Z,Kitting,KIT03,2280,21,99.08,88.33,86.85,76.01
2026-09-19T23:00:00Z,Kitting,KIT04,2108,27,98.75,83.33,77.64,63.89
2026-09-19T23:00:00Z,Kitting,KIT05,1442,31,97.91,75.0,67.69,49.71
2026-09-19T23:00:00Z,Kitting,KIT07,1102,16,98.54,41.67,89.44,36.72
2026-09-19T23:00:00Z,Kitting,KIT08,1608,17,98.94,83.33,62.89,51.86
2026-09-20T00:00:00Z,Assembly,ASM01,1900,77,96.13,61.67,94.26,55.87
2026-09-20T00:00:00Z,Assembly,ASM02,2308,69,97.11,100.0,79.21,76.92
2026-09-20T00:00:00Z,Assembly,ASM05,1294,28,97.89,51.67,79.95,40.44
2026-09-20T00:00:00Z,Molding,MLD03,1714,63,96.46,86.67,73.23,61.22
2026-09-20T00:00:00Z,Molding,MLD04,1793,32,98.24,70.0,79.01,54.33
2026-09-20T00:00:00Z,Molding,MLD05,1121,54,95.41,66.67,60.76,38.65
2026-09-20T00:00:00Z,Molding,MLD06,827,30,96.45,50.0,63.54,30.64
2026-09-20T00:00:00Z,Molding,MLD07,1115,46,96.05,73.33,60.91,42.9
2026-09-20T00:00:00Z,Coating,COT02,450,7,98.44,20.0,71.46,14.07
2026-09-20T00:00:00Z,Coating,COT03,2201,27,98.78,100.0,74.27,73.36
2026-09-20T00:00:00Z,Packaging,PKG04,1976,87,95.77,100.0,68.77,65.86
2026-09-20T00:00:00Z,Packaging,PKG05,944,129,87.94,68.33,60.42,36.31
2026-09-20T00:00:00Z,Packaging,PKG06,843,77,91.66,35.0,84.78,27.2
2026-09-20T00:00:00Z,Packaging,PKG07,786,82,90.6,83.33,43.39,32.76
2026-09-20T00:00:00Z,Packaging,PKG08,1021,103,90.83,51.67,67.97,31.9
2026-09-20T00:00:00Z,Kitting,KIT03,1400,16,98.85,60.0,78.7,46.68
2026-09-20T00:00:00Z,Kitting,KIT04,1913,37,98.13,65.0,90.9,57.98
2026-09-20T00:00:00Z,Kitting,KIT05,1683,54,96.9,83.33,71.88,58.04
2026-09-20T00:00:00Z,Kitting,KIT07,245,2,99.12,10.0,82.35,8.16
2026-09-20T00:00:00Z,Kitting,KIT08,1870,21,98.91,88.33,69.03,60.32
2026-09-20T01:00:00Z,Assembly,ASM01,2834,85,97.08,91.67,93.65,83.34
2026-09-20T01:00:00Z,Assembly,ASM02,1762,75,95.92,71.67,85.45,58.74
2026-09-20T01:00:00Z,Assembly,ASM05,1370,41,97.13,50.0,88.16,42.81
2026-09-20T01:00:00Z,Molding,MLD03,1516,30,98.05,73.33,75.28,54.13
2026-09-20T01:00:00Z,Molding,MLD04,2324,33,98.59,85.0,84.03,70.42
2026-09-20T01:00:00Z,Molding,MLD05,816,48,94.42,55.0,54.2,28.15
2026-09-20T01:00:00Z,Molding,MLD06,1187,67,94.63,80.0,58.06,43.95
2026-09-20T01:00:00Z,Molding,MLD07,1667,73,95.79,100.0,66.93,64.12
2026-09-20T01:00:00Z,Coating,COT01,1266,28,97.87,76.67,70.29,52.74
2026-09-20T01:00:00Z,Coating,COT02,1504,55,96.45,66.67,73.11,47.01
2026-09-20T01:00:00Z,Coating,COT03,1596,22,98.64,81.67,66.02,53.19
2026-09-20T01:00:00Z,Packaging,PKG04,1679,95,94.62,78.33,75.5,55.96
2026-09-20T01:00:00Z,Packaging,PKG05,788,108,87.92,66.67,51.71,30.31
2026-09-20T01:00:00Z,Packaging,PKG06,2227,163,93.18,100.0,77.08,71.82
2026-09-20T01:00:00Z,Packaging,PKG07,746,76,90.75,60.0,57.1,31.09
2026-09-20T01:00:00Z,Packaging,PKG08,161,16,91.2,8.33,66.38,5.04
2026-09-20T01:00:00Z,Kitting,KIT03,1006,4,99.59,45.0,74.81,33.53
2026-09-20T01:00:00Z,Kitting,KIT04,2558,30,98.85,96.67,81.11,77.51
2026-09-20T01:00:00Z,Kitting,KIT05,1213,19,98.45,61.67,68.89,41.83
2026-09-20T01:00:00Z,Kitting,KIT07,2035,27,98.71,86.67,79.29,67.84
2026-09-20T01:00:00Z,Kitting,KIT08,1367,25,98.23,65.0,69.04,44.08
2026-09-20T02:00:00Z,Assembly,ASM01,1655,49,97.11,55.0,91.14,48.68
2026-09-20T02:00:00Z,Assembly,ASM02,1461,46,96.97,65.0,77.28,48.71
2026-09-20T02:00:00Z,Assembly,ASM05,2597,82,96.92,96.67,86.62,81.16
2026-09-20T02:00:00Z,Molding,MLD03,1024,33,96.86,53.33,70.8,36.57
2026-09-20T02:00:00Z,Molding,MLD04,2223,44,98.04,90.0,76.35,67.37
2026-09-20T02:00:00Z,Molding,MLD05,1556,78,95.22,100.0,56.36,53.67
2026-09-20T02:00:00Z,Molding,MLD06,1495,64,95.87,95.0,60.81,55.38
2026-09-20T02:00:00Z,Molding,MLD07,1236,60,95.39,73.33,67.93,47.52
2026-09-20T02:00:00Z,Coating,COT01,419,17,96.19,26.67,68.1,17.47
2026-09-20T02:00:00Z,Coating,COT02,1441,54,96.4,60.0,77.87,45.04
2026-09-20T02:00:00Z,Coating,COT03,1755,41,97.7,80.0,74.87,58.51
2026-09-20T02:00:00Z,Packaging,PKG04,1486,81,94.86,78.33,66.68,49.55
2026-09-20T02:00:00Z,Packaging,PKG06,605,55,91.69,28.33,75.11,19.51
2026-09-20T02:00:00Z,Packaging,PKG07,979,115,89.49,100.0,45.6,40.81
2026-09-20T02:00:00Z,Kitting,KIT03,1752,43,97.58,70.0,85.5,58.4
2026-09-20T02:00:00Z,Kitting,KIT04,2635,34,98.73,91.67,88.23,79.85
2026-09-20T02:00:00Z,Kitting,KIT05,1625,28,98.28,76.67,74.37,56.04
2026-09-20T02:00:00Z,Kitting,KIT07,2223,13,99.42,96.67,77.09,74.09
2026-09-20T02:00:00Z,Kitting,KIT08,1973,34,98.3,100.0,64.74,63.64
2026-09-21T11:00:00Z,Assembly,ASM01,2098,61,97.17,81.67,77.77,61.72
2026-09-21T11:00:00Z,Assembly,ASM02,1339,65,95.38,66.67,70.18,44.63
2026-09-21T11:00:00Z,Assembly,ASM05,1889,38,98.0,83.33,72.27,59.02
2026-09-21T11:00:00Z,Molding,MLD04,2018,2,99.89,86.67,70.64,61.16
2026-09-21T11:00:00Z,Molding,MLD05,943,44,95.5,65.0,52.41,32.53
2026-09-21T11:00:00Z,Molding,MLD06,757,35,95.55,56.67,51.79,28.04
2026-09-21T11:00:00Z,Molding,MLD07,1264,49,96.3,91.67,55.08,48.62
2026-09-21T11:00:00Z,Coating,COT01,1136,46,96.09,83.33,59.12,47.34
2026-09-21T11:00:00Z,Coating,COT02,1959,58,97.14,91.67,68.75,61.22
2026-09-21T11:00:00Z,Coating,COT03,1754,20,98.87,91.67,64.53,58.48
2026-09-21T11:00:00Z,Packaging,PKG04,1449,83,94.6,100.0,51.06,48.3
2026-09-21T11:00:00Z,Packaging,PKG05,558,89,86.27,60.0,41.44,21.45
2026-09-21T11:00:00Z,Packaging,PKG06,1908,144,93.0,86.67,76.37,61.55
2026-09-21T11:00:00Z,Packaging,PKG07,649,69,90.35,71.67,41.77,27.05
2026-09-21T11:00:00Z,Packaging,PKG08,1989,206,90.59,100.0,68.6,62.15
2026-09-21T11:00:00Z,Kitting,KIT04,1889,29,98.51,75.0,77.47,57.23
2026-09-21T11:00:00Z,Kitting,KIT05,1218,40,96.81,83.33,52.08,42.02
2026-09-21T11:00:00Z,Kitting,KIT07,1573,18,98.87,76.67,69.18,52.44
2026-09-21T11:00:00Z,Kitting,KIT08,2032,27,98.68,100.0,66.41,65.53
2026-09-21T12:00:00Z,Assembly,ASM01,2165,54,97.56,81.67,79.93,63.68
2026-09-21T12:00:00Z,Assembly,ASM02,2012,100,95.26,90.0,78.22,67.06
2026-09-21T12:00:00Z,Assembly,ASM05,1080,26,97.69,45.0,76.75,33.74
2026-09-21T12:00:00Z,Molding,MLD03,1469,30,98.01,78.33,68.32,52.45
2026-09-21T12:00:00Z,Molding,MLD04,1807,26,98.58,80.0,69.44,54.77
2026-09-21T12:00:00Z,Molding,MLD05,575,36,94.17,40.0,52.66,19.83
2026-09-21T12:00:00Z,Molding,MLD06,1288,50,96.28,88.33,56.11,47.72
2026-09-21T12:00:00Z,Molding,MLD07,770,28,96.48,56.67,54.14,29.6
2026-09-21T12:00:00Z,Coating,COT01,1464,48,96.84,100.0,62.98,60.99
2026-09-21T12:00:00Z,Coating,COT02,2180,60,97.3,100.0,70.0,68.11
2026-09-21T12:00:00Z,Coating,COT03,1700,60,96.58,81.67,71.85,56.68
2026-09-21T12:00:00Z,Packaging,PKG04,1004,67,93.71,61.67,57.94,33.48
2026-09-21T12:00:00Z,Packaging,PKG05,851,139,85.94,76.67,49.7,32.75
2026-09-21T12:00:00Z,Packaging,PKG06,1627,120,93.15,85.0,66.3,52.49
2026-09-21T12:00:00Z,Packaging,PKG07,283,29,90.66,31.67,41.08,11.79
2026-09-21T12:00:00Z,Packaging,PKG08,1350,169,88.85,66.67,71.21,42.18
2026-09-21T12:00:00Z,Kitting,KIT03,1604,12,99.26,80.0,67.35,53.48
2026-09-21T12:00:00Z,Kitting,KIT04,2249,24,98.95,88.33,77.95,68.14
2026-09-21T12:00:00Z,Kitting,KIT05,1581,17,98.92,85.0,64.82,54.5
2026-09-21T12:00:00Z,Kitting,KIT07,2423,2,99.9,98.33,82.22,80.77
2026-09-21T12:00:00Z,Kitting,KIT08,1511,25,98.37,78.33,63.25,48.74
2026-09-21T13:00:00Z,Assembly,ASM01,1935,80,96.03,76.67,77.31,56.92
2026-09-21T13:00:00Z,Assembly,ASM02,1569,59,96.37,80.0,67.84,52.3
2026-09-21T13:00:00Z,Assembly,ASM05,1428,21,98.54,61.67,73.42,44.62
2026-09-21T13:00:00Z,Molding,MLD03,1410,24,98.35,71.67,71.43,50.34
2026-09-21T13:00:00Z,Molding,MLD04,1842,9,99.5,78.33,71.63,55.83
2026-09-21T13:00:00Z,Molding,MLD05,819,48,94.48,58.33,51.24,28.24
2026-09-21T13:00:00Z,Molding,MLD06,982,49,95.24,61.67,61.92,36.37
2026-09-21T13:00:00Z,Molding,MLD07,593,17,97.29,45.0,52.08,22.8
2026-09-21T13:00:00Z,Coating,COT01,1110,38,96.7,81.67,58.58,46.26
2026-09-21T13:00:00Z,Coating,COT02,2052,64,96.98,93.33,70.85,64.13
2026-09-21T13:00:00Z,Coating,COT03,1662,23,98.61,100.0,56.19,55.41
2026-09-21T13:00:00Z,Packaging,PKG04,1774,94,94.99,93.33,66.7,59.13
2026-09-21T13:00:00Z,Packaging,PKG05,629,102,86.01,65.0,43.24,24.17
2026-09-21T13:00:00Z,Packaging,PKG06,2069,206,90.93,95.0,77.26,66.74
2026-09-21T13:00:00Z,Packaging,PKG07,1063,101,91.32,100.0,48.52,44.31
2026-09-21T13:00:00Z,Packaging,PKG08,648,76,89.53,36.67,61.67,20.25
2026-09-21T13:00:00Z,Kitting,KIT03,1585,32,98.05,68.33,78.86,52.84
2026-09-21T13:00:00Z,Kitting,KIT05,1532,39,97.54,80.0,67.71,52.84
2026-09-21T13:00:00Z,Kitting,KIT08,1907,29,98.48,90.0,69.42,61.53
2026-09-21T14:00:00Z,Assembly,ASM01,2692,63,97.7,96.67,83.83,79.17
2026-09-21T14:00:00Z,Assembly,ASM02,1789,59,96.83,78.33,78.63,59.64
2026-09-21T14:00:00Z,Assembly,ASM05,2405,42,98.29,90.0,84.94,75.14
2026-09-21T14:00:00Z,Molding,MLD03,1966,30,98.48,100.0,71.28,70.2
2026-09-21T14:00:00Z,Molding,MLD04,639,15,97.65,25.0,79.36,19.38
2026-09-21T14:00:00Z,Molding,MLD05,1098,74,93.67,68.33,59.16,37.87
2026-09-21T14:00:00Z,Molding,MLD06,624,30,95.38,35.0,69.26,23.12
2026-09-21T14:00:00Z,Coating,COT01,1378,39,97.24,91.67,64.4,57.4
2026-09-21T14:00:00Z,Coating,COT02,1971,31,98.44,86.67,72.18,61.58
2026-09-21T14:00:00Z,Packaging,PKG04,1390,82,94.4,63.33,77.51,46.34
2026-09-21T14:00:00Z,Packaging,PKG05,447,70,86.4,40.0,49.7,17.18
2026-09-21T14:00:00Z,Packaging,PKG06,1940,186,91.23,80.0,85.74,62.58
2026-09-21T14:00:00Z,Packaging,PKG07,1040,111,90.33,90.0,53.32,43.35
2026-09-21T14:00:00Z,Packaging,PKG08,1761,207,89.49,78.33,78.5,55.03
2026-09-21T14:00:00Z,Kitting,KIT03,2003,16,99.2,81.67,82.43,66.78
2026-09-21T14:00:00Z,Kitting,KIT05,1663,21,98.75,88.33,65.74,57.34
2026-09-21T14:00:00Z,Kitting,KIT07,1975,2,99.9,75.0,87.87,65.84
2026-09-21T14:00:00Z,Kitting,KIT08,1900,9,99.51,85.0,72.46,61.29
2026-09-21T15:00:00Z,Assembly,ASM01,2018,72,96.57,70.0,87.79,59.34
2026-09-21T15:00:00Z,Assembly,ASM02,2100,78,96.4,100.0,72.6,69.98
2026-09-21T15:00:00Z,Assembly,ASM05,1905,36,98.13,81.67,74.27,59.52
2026-09-21T15:00:00Z,Molding,MLD03,1347,51,96.33,63.33,78.83,48.09
2026-09-21T15:00:00Z,Molding,MLD05,1427,68,95.44,96.67,53.33,49.2
2026-09-21T15:00:00Z,Molding,MLD06,648,28,95.89,36.67,68.29,24.01
2026-09-21T15:00:00Z,Molding,MLD07,1775,61,96.66,100.0,70.64,68.28
2026-09-21T15:00:00Z,Coating,COT01,1072,39,96.49,76.67,60.36,44.65
2026-09-21T15:00:00Z,Coating,COT03,1446,32,97.82,63.33,77.79,48.19
2026-09-21T15:00:00Z,Packaging,PKG04,1901,96,95.21,91.67,72.6,63.37
2026-09-21T15:00:00Z,Packaging,PKG05,346,48,87.76,30.0,50.56,13.31
2026-09-21T15:00:00Z,Packaging,PKG06,1841,146,92.64,81.67,78.48,59.38
2026-09-21T15:00:00Z,Packaging,PKG07,1092,101,91.53,95.0,52.31,45.49
2026-09-21T15:00:00Z,Packaging,PKG08,1967,208,90.44,100.0,67.95,61.45
2026-09-21T15:00:00Z,Kitting,KIT03,1829,15,99.16,71.67,85.78,60.96
2026-09-21T15:00:00Z,Kitting,KIT04,225,4,98.22,8.33,83.32,6.82
2026-09-21T15:00:00Z,Kitting,KIT05,1656,53,96.9,85.0,69.32,57.09
2026-09-21T15:00:00Z,Kitting,KIT07,1953,18,99.1,85.0,77.28,65.1
2026-09-21T15:00:00Z,Kitting,KIT08,1360,10,99.25,68.33,64.69,43.87
2026-09-21T16:00:00Z,Assembly,ASM01,2008,73,96.49,70.0,87.42,59.05
2026-09-21T16:00:00Z,Assembly,ASM02,1398,58,96.03,60.0,80.9,46.61
2026-09-21T16:00:00Z,Assembly,ASM05,2745,57,97.95,100.0,87.56,85.77
2026-09-21T16:00:00Z,Molding,MLD03,1719,30,98.29,91.67,68.15,61.4
2026-09-21T16:00:00Z,Molding,MLD05,1165,80,93.55,66.67,64.44,40.19
2026-09-21T16:00:00Z,Molding,MLD06,619,29,95.47,40.0,60.04,22.93
2026-09-21T16:00:00Z,Molding,MLD07,1361,53,96.26,78.33,69.41,52.34
2026-09-21T16:00:00Z,Coating,COT01,1288,32,97.57,85.0,64.69,53.65
2026-09-21T16:00:00Z,Coating,COT02,1586,48,97.07,73.33,69.63,49.57
2026-09-21T16:00:00Z,Coating,COT03,872,28,96.88,48.33,62.06,29.06
2026-09-21T16:00:00Z,Packaging,PKG04,1686,118,93.47,80.0,75.17,56.21
2026-09-21T16:00:00Z,Packaging,PKG05,1211,197,86.03,100.0,54.14,46.58
2026-09-21T16:00:00Z,Packaging,PKG06,1632,141,92.03,68.33,83.7,52.64
2026-09-21T16:00:00Z,Packaging,PKG07,881,90,90.7,93.33,43.38,36.73
2026-09-21T16:00:00Z,Packaging,PKG08,1424,155,90.16,63.33,77.93,44.5
2026-09-21T16:00:00Z,Kitting,KIT03,2311,46,98.03,100.0,78.57,77.02
2026-09-21T16:00:00Z,Kitting,KIT04,1395,4,99.71,46.67,90.88,42.29
2026-09-21T16:00:00Z,Kitting,KIT05,1406,39,97.31,80.0,62.27,48.48
2026-09-21T16:00:00Z,Kitting,KIT07,2439,20,99.21,100.0,81.95,81.3
2026-09-21T16:00:00Z,Kitting,KIT08,1250,28,97.82,63.33,65.09,40.33
2026-09-21T17:00:00Z,Assembly,ASM01,2746,119,95.85,100.0,84.27,80.77
2026-09-21T17:00:00Z,Assembly,ASM02,646,28,95.91,28.33,79.21,21.52
2026-09-21T17:00:00Z,Assembly,ASM05,2206,49,97.85,81.67,86.27,68.94
2026-09-21T17:00:00Z,Molding,MLD03,1735,46,97.39,90.0,70.69,61.96
2026-09-21T17:00:00Z,Molding,MLD04,278,4,98.69,10.0,85.48,8.44
2026-09-21T17:00:00Z,Molding,MLD05,751,33,95.76,50.0,54.11,25.91
2026-09-21T17:00:00Z,Molding,MLD06,1180,49,96.0,80.0,56.92,43.71
2026-09-21T17:00:00Z,Molding,MLD07,234,11,95.5,15.0,62.76,8.99
2026-09-21T17:00:00Z,Coating,COT01,1474,52,96.59,95.0,66.93,61.42
2026-09-21T17:00:00Z,Coating,COT02,2103,80,96.32,90.0,75.82,65.73
2026-09-21T17:00:00Z,Coating,COT03,1972,43,97.85,93.33,71.99,65.75
2026-09-21T17:00:00Z,Packaging,PKG04,1511,94,94.13,85.0,62.94,50.36
2026-09-21T17:00:00Z,Packaging,PKG05,972,154,86.33,81.67,53.04,37.39
2026-09-21T17:00:00Z,Packaging,PKG06,1979,197,90.94,86.67,80.99,63.83
2026-09-21T17:00:00Z,Packaging,PKG07,1189,139,89.52,96.67,57.25,49.54
2026-09-21T17:00:00Z,Packaging,PKG08,995,109,90.12,53.33,64.67,31.08
2026-09-21T17:00:00Z,Kitting,KIT03,1639,16,99.04,66.67,82.74,54.63
2026-09-21T17:00:00Z,Kitting,KIT04,772,10,98.67,26.67,88.94,23.4
2026-09-21T17:00:00Z,Kitting,KIT05,1006,20,98.09,58.33,60.64,34.7
2026-09-21T17:00:00Z,Kitting,KIT07,831,13,98.45,31.67,88.87,27.71
2026-09-21T17:00:00Z,Kitting,KIT08,1975,51,97.5,90.0,72.6,63.71
2026-09-21T18:00:00Z,Assembly,ASM01,2483,75,97.07,80.0,94.05,73.04
2026-09-21T18:00:00Z,Assembly,ASM02,1979,99,95.26,81.67,84.81,65.98
2026-09-21T18:00:00Z,Assembly,ASM05,1173,40,96.69,48.33,78.44,36.65
2026-09-21T18:00:00Z,Molding,MLD03,1954,75,96.3,91.67,79.07,69.8
2026-09-21T18:00:00Z,Molding,MLD04,2557,149,94.51,100.0,81.98,77.48
2026-09-21T18:00:00Z,Molding,MLD05,1700,116,93.63,95.0,65.89,58.61
2026-09-21T18:00:00Z,Molding,MLD06,1026,60,94.43,68.33,58.9,38.01
2026-09-21T18:00:00Z,Molding,MLD07,1401,67,95.44,91.67,61.57,53.87
2026-09-21T18:00:00Z,Coating,COT01,1236,48,96.25,91.67,58.36,51.49
2026-09-21T18:00:00Z,Coating,COT02,1879,140,93.07,76.67,82.3,58.73
2026-09-21T18:00:00Z,Coating,COT03,1008,70,93.5,55.0,65.31,33.59
2026-09-21T18:00:00Z,Packaging,PKG05,1081,145,88.17,100.0,47.15,41.57
2026-09-21T18:00:00Z,Packaging,PKG06,1124,107,91.33,51.67,76.82,36.25
2026-09-21T18:00:00Z,Packaging,PKG07,818,74,91.76,75.0,49.55,34.1
2026-09-21T18:00:00Z,Packaging,PKG08,1661,169,90.76,80.0,71.49,51.91
2026-09-21T18:00:00Z,Kitting,KIT03,1705,7,99.57,76.67,74.47,56.85
2026-09-21T18:00:00Z,Kitting,KIT04,2345,20,99.15,91.67,78.2,71.07
2026-09-21T18:00:00Z,Kitting,KIT05,907,17,98.18,45.0,70.79,31.28
2026-09-21T18:00:00Z,Kitting,KIT07,652,2,99.66,25.0,87.16,21.72
2026-09-21T18:00:00Z,Kitting,KIT08,2043,22,98.92,88.33,75.41,65.89
2026-09-21T19:00:00Z,Assembly,ASM01,1955,37,98.16,66.67,87.86,57.5
2026-09-21T19:00:00Z,Assembly,ASM02,960,39,96.06,41.67,79.95,32.0
2026-09-21T19:00:00Z,Assembly,ASM05,811,27,96.74,33.33,78.58,25.34
2026-09-21T19:00:00Z,Molding,MLD03,1188,40,96.74,61.67,71.1,42.41
2026-09-21T19:00:00Z,Molding,MLD04,1866,101,94.88,80.0,74.51,56.56
2026-09-21T19:00:00Z,Molding,MLD05,1247,82,93.86,73.33,62.48,43.01
2026-09-21T19:00:00Z,Molding,MLD06,1040,54,95.08,68.33,59.3,38.53
2026-09-21T19:00:00Z,Coating,COT01,1048,46,95.76,68.33,66.71,43.65
2026-09-21T19:00:00Z,Coating,COT02,2488,151,94.27,100.0,82.49,77.76
2026-09-21T19:00:00Z,Coating,COT03,1473,106,93.29,80.0,65.79,49.1
2026-09-21T19:00:00Z,Packaging,PKG04,1512,100,93.79,81.67,65.81,50.41
2026-09-21T19:00:00Z,Packaging,PKG05,1178,171,87.31,86.67,59.89,45.32
2026-09-21T19:00:00Z,Packaging,PKG06,2193,203,91.52,95.0,81.35,70.73
2026-09-21T19:00:00Z,Packaging,PKG07,688,68,90.96,70.0,45.02,28.67
2026-09-21T19:00:00Z,Packaging,PKG08,1883,205,90.17,83.33,78.31,58.85
2026-09-21T19:00:00Z,Kitting,KIT03,1937,46,97.68,86.67,76.29,64.58
2026-09-21T19:00:00Z,Kitting,KIT04,2397,26,98.93,83.33,88.12,72.65
2026-09-21T19:00:00Z,Kitting,KIT05,1780,54,97.08,95.0,66.54,61.37
2026-09-21T19:00:00Z,Kitting,KIT07,1771,21,98.85,70.0,85.34,59.05
2026-09-21T19:00:00Z,Kitting,KIT08,1540,7,99.54,76.67,65.11,49.69
2026-09-21T20:00:00Z,Assembly,ASM01,2031,60,97.13,71.67,85.83,59.75
2026-09-21T20:00:00Z,Assembly,ASM02,2157,83,96.31,96.67,77.21,71.89
2026-09-21T20:00:00Z,Assembly,ASM05,574,20,96.59,21.67,85.75,17.95
2026-09-21T20:00:00Z,Molding,MLD03,97,2,98.03,5.0,70.67,3.46
2026-09-21T20:00:00Z,Molding,MLD04,1878,5,99.71,76.67,74.46,56.92
2026-09-21T20:00:00Z,Molding,MLD05,1477,82,94.71,81.67,65.86,50.94
2026-09-21T20:00:00Z,Molding,MLD06,1029,41,96.2,65.0,60.93,38.1
2026-09-21T20:00:00Z,Coating,COT01,1293,34,97.4,83.33,66.36,53.87
2026-09-21T20:00:00Z,Coating,COT02,1513,49,96.86,71.67,68.11,47.28
2026-09-21T20:00:00Z,Packaging,PKG04,2011,117,94.51,95.0,74.65,67.03
2026-09-21T20:00:00Z,Packaging,PKG05,1015,143,87.64,73.33,60.77,39.06
2026-09-21T20:00:00Z,Packaging,PKG06,1614,116,93.27,73.33,76.1,52.05
2026-09-21T20:00:00Z,Packaging,PKG07,966,104,90.27,100.0,44.58,40.25
2026-09-21T20:00:00Z,Packaging,PKG08,1863,183,91.04,86.67,73.77,58.2
2026-09-21T20:00:00Z,Kitting,KIT03,2318,34,98.57,100.0,78.4,77.28
2026-09-21T20:00:00Z,Kitting,KIT04,2828,33,98.83,100.0,86.72,85.71
2026-09-21T20:00:00Z,Kitting,KIT05,1355,46,96.74,71.67,67.4,46.73
2026-09-21T20:00:00Z,Kitting,KIT07,2195,2,99.9,91.67,79.88,73.15
2026-09-21T20:00:00Z,Kitting,KIT08,2263,58,97.48,100.0,74.9,73.01
2026-09-21T21:00:00Z,Assembly,ASM01,2400,68,97.24,78.33,92.67,70.58
2026-09-21T21:00:00Z,Assembly,ASM02,2243,92,96.08,91.67,84.9,74.78
2026-09-21T21:00:00Z,Assembly,ASM05,2210,33,98.54,85.0,82.44,69.05
2026-09-21T21:00:00Z,Molding,MLD03,1270,46,96.49,71.67,65.6,45.36
2026-09-21T21:00:00Z,Molding,MLD04,1772,34,98.13,71.67,76.34,53.69
2026-09-21T21:00:00Z,Molding,MLD05,1834,125,93.64,100.0,67.55,63.26
2026-09-21T21:00:00Z,Molding,MLD06,651,33,95.11,38.33,66.13,24.11
2026-09-21T21:00:00Z,Coating,COT01,1246,30,97.63,90.0,59.06,51.9
2026-09-21T21:00:00Z,Coating,COT02,1862,50,97.4,75.0,79.66,58.19
2026-09-21T21:00:00Z,Packaging,PKG04,1404,71,95.22,75.0,65.53,46.8
2026-09-21T21:00:00Z,Packaging,PKG05,1096,168,86.74,93.33,52.09,42.17
2026-09-21T21:00:00Z,Packaging,PKG06,2003,180,91.74,100.0,70.44,64.62
2026-09-21T21:00:00Z,Packaging,PKG07,830,90,90.19,73.33,52.29,34.58
2026-09-21T21:00:00Z,Packaging,PKG08,1707,168,91.03,73.33,79.9,53.33
2026-09-21T21:00:00Z,Kitting,KIT03,1708,29,98.36,73.33,78.93,56.93
2026-09-21T21:00:00Z,Kitting,KIT04,1295,5,99.65,45.0,87.5,39.24
2026-09-21T21:00:00Z,Kitting,KIT05,1492,17,98.85,83.33,62.45,51.44
2026-09-21T21:00:00Z,Kitting,KIT07,838,1,99.9,36.67,76.27,27.94
2026-09-21T21:00:00Z,Kitting,KIT08,1484,25,98.36,78.33,62.14,47.88
2026-09-21T22:00:00Z,Assembly,ASM01,3068,108,96.59,100.0,93.43,90.25
2026-09-21T22:00:00Z,Assembly,ASM02,1183,54,95.65,53.33,77.32,39.45
2026-09-21T22:00:00Z,Assembly,ASM05,1815,58,96.89,70.0,83.65,56.73
2026-09-21T22:00:00Z,Molding,MLD03,1825,53,97.16,85.0,78.9,65.16
2026-09-21T22:00:00Z,Molding,MLD04,2022,46,97.79,80.0,78.32,61.27
2026-09-21T22:00:00Z,Molding,MLD05,1183,53,95.7,76.67,55.61,40.8
2026-09-21T22:00:00Z,Molding,MLD06,1598,100,94.14,100.0,62.87,59.19
2026-09-21T22:00:00Z,Molding,MLD07,1095,43,96.22,71.67,61.08,42.12
2026-09-21T22:00:00Z,Coating,COT01,1377,45,96.81,90.0,65.83,57.36
2026-09-21T22:00:00Z,Coating,COT02,2017,39,98.1,83.33,77.09,63.03
2026-09-21T22:00:00Z,Packaging,PKG04,1968,136,93.56,100.0,70.13,65.61
2026-09-21T22:00:00Z,Packaging,PKG05,985,152,86.64,76.67,57.04,37.89
2026-09-21T22:00:00Z,Packaging,PKG06,1087,97,91.85,53.33,71.59,35.07
2026-09-21T22:00:00Z,Packaging,PKG07,1098,121,90.04,93.33,54.46,45.76
2026-09-21T22:00:00Z,Packaging,PKG08,1608,180,89.91,70.0,79.83,50.24
2026-09-21T22:00:00Z,Kitting,KIT03,2143,39,98.19,86.67,83.93,71.43
2026-09-21T22:00:00Z,Kitting,KIT04,735,11,98.46,26.67,84.82,22.27
2026-09-21T22:00:00Z,Kitting,KIT05,1107,29,97.41,58.33,67.16,38.16
2026-09-21T22:00:00Z,Kitting,KIT07,2276,35,98.48,100.0,77.05,75.88
2026-09-21T22:00:00Z,Kitting,KIT08,1841,33,98.25,93.33,64.74,59.37
2026-09-21T23:00:00Z,Assembly,ASM01,1876,57,97.05,68.33,83.22,55.19
2026-09-21T23:00:00Z,Assembly,ASM02,1240,58,95.51,53.33,81.12,41.32
2026-09-21T23:00:00Z,Assembly,ASM05,1905,37,98.1,73.33,82.73,59.52
2026-09-21T23:00:00Z,Molding,MLD03,1634,31,98.13,78.33,75.92,58.36
2026-09-21T23:00:00Z,Molding,MLD04,2453,52,97.92,91.67,82.83,74.34
2026-09-21T23:00:00Z,Molding,MLD05,1466,95,93.89,80.0,67.32,50.57
2026-09-21T23:00:00Z,Molding,MLD06,1451,88,94.27,88.33,64.52,53.73
2026-09-21T23:00:00Z,Molding,MLD07,1233,36,97.16,76.67,63.65,47.41
2026-09-21T23:00:00Z,Coating,COT01,1116,35,96.99,73.33,65.38,46.5
2026-09-21T23:00:00Z,Coating,COT02,1969,48,97.63,85.0,74.13,61.52
2026-09-21T23:00:00Z,Coating,COT03,634,17,97.33,31.67,68.61,21.14
2026-09-21T23:00:00Z,Packaging,PKG04,660,35,94.96,33.33,69.55,22.01
2026-09-21T23:00:00Z,Packaging,PKG05,1231,175,87.54,91.67,59.0,47.35
2026-09-21T23:00:00Z,Packaging,PKG07,480,51,90.43,51.67,42.79,19.99
2026-09-21T23:00:00Z,Packaging,PKG08,2248,263,89.53,100.0,78.48,70.26
2026-09-21T23:00:00Z,Kitting,KIT03,2306,53,97.75,91.67,85.77,76.85
2026-09-21T23:00:00Z,Kitting,KIT04,2807,41,98.57,95.0,90.84,85.07
2026-09-21T23:00:00Z,Kitting,KIT05,1094,15,98.62,55.0,69.52,37.71
2026-09-21T23:00:00Z,Kitting,KIT07,1773,3,99.84,76.67,77.23,59.11
2026-09-21T23:00:00Z,Kitting,KIT08,1610,21,98.74,70.0,75.15,51.94
2026-09-22T00:00:00Z,Assembly,ASM01,2447,107,95.8,91.67,81.94,71.96
2026-09-22T00:00:00Z,Assembly,ASM02,1864,64,96.7,80.0,80.32,62.14
2026-09-22T00:00:00Z,Assembly,ASM05,2370,43,98.21,100.0,75.42,74.07
2026-09-22T00:00:00Z,Molding,MLD03,2105,79,96.39,100.0,78.01,75.2
2026-09-22T00:00:00Z,Molding,MLD04,2430,16,99.33,85.0,87.21,73.63
2026-09-22T00:00:00Z,Molding,MLD05,362,16,95.66,20.0,65.23,12.48
2026-09-22T00:00:00Z,Molding,MLD06,1395,68,95.36,90.0,60.2,51.67
2026-09-22T00:00:00Z,Molding,MLD07,1571,49,96.96,100.0,62.32,60.43
2026-09-22T00:00:00Z,Coating,COT02,2145,45,97.96,100.0,68.41,67.02
2026-09-22T00:00:00Z,Coating,COT03,1971,59,97.1,100.0,67.67,65.71
2026-09-22T00:00:00Z,Packaging,PKG04,1519,71,95.52,85.0,62.38,50.65
2026-09-22T00:00:00Z,Packaging,PKG05,1211,164,88.04,85.0,62.23,46.57
2026-09-22T00:00:00Z,Packaging,PKG07,1161,115,90.95,100.0,53.2,48.39
2026-09-22T00:00:00Z,Packaging,PKG08,1152,139,89.22,51.67,78.08,35.99
2026-09-22T00:00:00Z,Kitting,KIT03,1452,8,99.42,60.0,81.11,48.38
2026-09-22T00:00:00Z,Kitting,KIT04,1541,19,98.8,55.0,85.93,46.69
2026-09-22T00:00:00Z,Kitting,KIT05,1433,41,97.25,71.67,70.9,49.42
2026-09-22T00:00:00Z,Kitting,KIT07,2008,28,98.62,78.33,86.63,66.93
2026-09-22T00:00:00Z,Kitting,KIT08,2182,55,97.56,100.0,72.16,70.4
2026-09-22T01:00:00Z,Assembly,ASM01,2399,71,97.13,86.67,83.82,70.55
2026-09-22T01:00:00Z,Assembly,ASM02,2051,99,95.39,100.0,71.68,68.37
2026-09-22T01:00:00Z,Assembly,ASM05,1933,25,98.73,81.67,74.93,60.42
2026-09-22T01:00:00Z,Molding,MLD03,1312,36,97.34,71.67,67.19,46.87
2026-09-22T01:00:00Z,Molding,MLD04,2524,8,99.69,100.0,76.74,76.5
2026-09-22T01:00:00Z,Molding,MLD05,1348,85,94.08,75.0,65.88,46.49
2026-09-22T01:00:00Z,Molding,MLD06,1255,60,95.42,83.33,58.44,46.47
2026-09-22T01:00:00Z,Molding,MLD07,421,14,96.79,23.33,71.66,16.18
2026-09-22T01:00:00Z,Coating,COT01,1213,48,96.2,91.67,57.31,50.54
2026-09-22T01:00:00Z,Coating,COT02,1763,40,97.77,76.67,73.51,55.1
2026-09-22T01:00:00Z,Coating,COT03,1849,33,98.25,81.67,76.8,61.62
2026-09-22T01:00:00Z,Packaging,PKG04,1460,102,93.48,78.33,66.45,48.66
2026-09-22T01:00:00Z,Packaging,PKG05,452,70,86.58,33.33,60.2,17.37
2026-09-22T01:00:00Z,Packaging,PKG07,364,43,89.47,33.33,50.88,15.18
2026-09-22T01:00:00Z,Packaging,PKG08,2070,235,89.79,93.33,77.18,64.69
2026-09-22T01:00:00Z,Kitting,KIT03,1922,17,99.14,78.33,82.5,64.07
2026-09-22T01:00:00Z,Kitting,KIT04,2986,51,98.31,100.0,92.03,90.48
2026-09-22T01:00:00Z,Kitting,KIT05,935,14,98.49,51.67,63.34,32.23
2026-09-22T01:00:00Z,Kitting,KIT07,2089,2,99.9,85.0,81.99,69.62
2026-09-22T01:00:00Z,Kitting,KIT08,1379,4,99.7,66.67,66.93,44.48
2026-09-22T02:00:00Z,Assembly,ASM01,2799,92,96.81,93.33,91.11,82.32
2026-09-22T02:00:00Z,Assembly,ASM02,1570,45,97.22,70.0,76.92,52.34
2026-09-22T02:00:00Z,Assembly,ASM05,2524,85,96.75,91.67,88.92,78.86
2026-09-22T02:00:00Z,Molding,MLD03,1772,51,97.23,88.33,73.68,63.28
2026-09-22T02:00:00Z,Molding,MLD04,179,3,98.61,6.67,82.43,5.42
2026-09-22T02:00:00Z,Molding,MLD05,1391,77,94.76,78.33,64.62,47.97
2026-09-22T02:00:00Z,Molding,MLD06,1162,46,96.19,78.33,57.13,43.05
2026-09-22T02:00:00Z,Molding,MLD07,847,35,96.04,56.67,59.88,32.59
2026-09-22T02:00:00Z,Coating,COT01,323,9,97.32,23.33,59.26,13.46
2026-09-22T02:00:00Z,Coating,COT02,1314,39,97.12,55.0,76.87,41.06
2026-09-22T02:00:00Z,Coating,COT03,594,21,96.62,28.33,72.35,19.81
2026-09-22T02:00:00Z,Packaging,PKG04,1478,94,94.03,68.33,76.67,49.26
2026-09-22T02:00:00Z,Packaging,PKG05,395,62,86.36,28.33,62.08,15.19
2026-09-22T02:00:00Z,Packaging,PKG06,472,36,92.87,23.33,70.24,15.22
2026-09-22T02:00:00Z,Packaging,PKG07,1180,115,91.09,100.0,53.95,49.15
2026-09-22T02:00:00Z,Packaging,PKG08,673,82,89.11,35.0,67.38,21.02
2026-09-22T02:00:00Z,Kitting,KIT03,1840,8,99.56,76.67,80.35,61.33
2026-09-22T02:00:00Z,Kitting,KIT04,2251,39,98.31,83.33,83.27,68.22
2026-09-22T02:00:00Z,Kitting,KIT05,1477,29,98.1,76.67,67.73,50.94
2026-09-22T02:00:00Z,Kitting,KIT07,2083,8,99.61,86.67,80.43,69.43
2026-09-22T02:00:00Z,Kitting,KIT08,1983,47,97.71,100.0,65.48,63.98
2026-09-22T11:00:00Z,Assembly,ASM01,2207,45,98.0,80.0,82.8,64.92
2026-09-22T11:00:00Z,Assembly,ASM02,1620,76,95.5,80.0,70.69,54.01
2026-09-22T11:00:00Z,Assembly,ASM05,1863,55,97.14,81.67,73.39,58.22
2026-09-22T11:00:00Z,Molding,MLD03,1073,42,96.24,58.33,68.25,38.31
2026-09-22T11:00:00Z,Molding,MLD04,1694,3,99.85,68.33,75.25,51.34
2026-09-22T11:00:00Z,Molding,MLD05,706,36,95.21,48.33,52.91,24.35
2026-09-22T11:00:00Z,Molding,MLD06,1069,42,96.18,76.67,53.67,39.58
2026-09-22T11:00:00Z,Coating,COT01,1480,44,97.12,98.33,64.59,61.68
2026-09-22T11:00:00Z,Packaging,PKG04,1767,86,95.38,95.0,64.99,58.88
2026-09-22T11:00:00Z,Packaging,PKG05,452,74,85.91,46.67,43.38,17.39
2026-09-22T11:00:00Z,Packaging,PKG06,1703,153,91.75,78.33,76.45,54.95
2026-09-22T11:00:00Z,Packaging,PKG07,699,76,90.23,68.33,47.25,29.14
2026-09-22T11:00:00Z,Packaging,PKG08,1589,198,88.92,85.0,65.71,49.66
2026-09-22T11:00:00Z,Kitting,KIT03,1561,13,99.17,65.0,80.71,52.03
2026-09-22T11:00:00Z,Kitting,KIT04,1967,32,98.4,73.33,82.6,59.61
2026-09-22T11:00:00Z,Kitting,KIT05,1725,20,98.84,100.0,60.16,59.47
2026-09-22T11:00:00Z,Kitting,KIT07,2282,19,99.17,98.33,77.99,76.05
2026-09-22T11:00:00Z,Kitting,KIT08,1348,9,99.33,73.33,59.71,43.49
2026-09-22T12:00:00Z,Assembly,ASM01,1551,50,96.9,53.33,88.28,45.62
2026-09-22T12:00:00Z,Assembly,ASM02,2132,97,95.64,95.0,78.21,71.06
2026-09-22T12:00:00Z,Assembly,ASM05,2390,72,97.08,100.0,76.92,74.68
2026-09-22T12:00:00Z,Molding,MLD03,1736,34,98.07,96.67,65.42,62.01
2026-09-22T12:00:00Z,Molding,MLD04,2358,30,98.74,95.0,76.19,71.46
2026-09-22T12:00:00Z,Molding,MLD05,1154,77,93.74,68.33,62.13,39.8
2026-09-22T12:00:00Z,Molding,MLD06,1224,49,96.12,85.0,55.48,45.33
2026-09-22T12:00:00Z,Coating,COT01,1100,44,96.19,81.67,58.33,45.82
2026-09-22T12:00:00Z,Coating,COT02,1213,45,96.4,55.0,71.51,37.92
2026-09-22T12:00:00Z,Packaging,PKG04,1456,90,94.16,78.33,65.79,48.53
2026-09-22T12:00:00Z,Packaging,PKG05,408,66,86.04,30.0,60.74,15.68
2026-09-22T12:00:00Z,Packaging,PKG06,1249,117,91.41,56.67,77.77,40.28
2026-09-22T12:00:00Z,Packaging,PKG07,1184,124,90.49,98.33,55.44,49.33
2026-09-22T12:00:00Z,Packaging,PKG08,1662,201,89.22,81.67,71.3,51.95
2026-09-22T12:00:00Z,Kitting,KIT03,670,5,99.2,30.0,75.02,22.32
2026-09-22T12:00:00Z,Kitting,KIT04,2300,53,97.75,78.33,91.01,69.69
2026-09-22T12:00:00Z,Kitting,KIT05,1595,45,97.25,90.0,62.83,54.99
2026-09-22T12:00:00Z,Kitting,KIT07,1829,12,99.34,68.33,89.81,60.96
2026-09-22T12:00:00Z,Kitting,KIT08,2012,20,99.04,91.67,71.5,64.91
2026-09-22T13:00:00Z,Assembly,ASM02,39,2,95.51,1.67,81.45,1.3
2026-09-22T13:00:00Z,Assembly,ASM05,269,9,96.9,10.0,86.81,8.41
2026-09-22T13:00:00Z,Molding,MLD03,1473,26,98.24,83.33,64.24,52.59
2026-09-22T13:00:00Z,Molding,MLD04,1913,28,98.56,76.67,76.71,57.96
2026-09-22T13:00:00Z,Molding,MLD05,1459,89,94.23,80.0,66.76,50.33
2026-09-22T13:00:00Z,Molding,MLD06,1604,67,95.98,100.0,61.88,59.39
2026-09-22T13:00:00Z,Molding,MLD07,733,25,96.75,40.0,72.87,28.2
2026-09-22T13:00:00Z,Coating,COT01,1045,20,98.13,70.0,63.37,43.53
2026-09-22T13:00:00Z,Coating,COT02,1406,42,97.12,61.67,73.36,43.93
2026-09-22T13:00:00Z,Coating,COT03,2031,63,96.99,90.0,77.56,67.7
2026-09-22T13:00:00Z,Packaging,PKG04,2217,103,95.57,100.0,77.32,73.9
2026-09-22T13:00:00Z,Packaging,PKG05,1144,180,86.38,100.0,50.94,44.0
2026-09-22T13:00:00Z,Packaging,PKG06,2034,196,91.22,95.0,75.73,65.63
2026-09-22T13:00:00Z,Packaging,PKG07,595,65,90.14,60.0,45.81,24.77
2026-09-22T13:00:00Z,Packaging,PKG08,482,56,89.51,21.67,77.66,15.06
2026-09-22T13:00:00Z,Kitting,KIT03,1909,47,97.61,86.67,75.23,63.64
2026-09-22T13:00:00Z,Kitting,KIT04,2416,16,99.36,86.67,85.03,73.22
2026-09-22T13:00:00Z,Kitting,KIT05,1623,28,98.28,75.0,75.95,55.98
2026-09-22T13:00:00Z,Kitting,KIT07,1623,26,98.41,66.67,82.47,54.11
2026-09-22T13:00:00Z,Kitting,KIT08,622,13,98.0,31.67,64.61,20.05
2026-09-22T14:00:00Z,Assembly,ASM02,2097,81,96.27,100.0,72.6,69.9
2026-09-22T14:00:00Z,Assembly,ASM05,1585,35,97.86,68.33,74.07,49.53
2026-09-22T14:00:00Z,Molding,MLD03,417,7,98.32,23.33,64.93,14.9
2026-09-22T14:00:00Z,Molding,MLD04,2214,22,99.03,86.67,78.18,67.1
2026-09-22T14:00:00Z,Molding,MLD05,574,39,93.62,33.33,63.39,19.78
2026-09-22T14:00:00Z,Molding,MLD06,1325,48,96.47,86.67,58.7,49.07
2026-09-22T14:00:00Z,Molding,MLD07,1655,78,95.52,95.0,70.16,63.67
2026-09-22T14:00:00Z,Coating,COT01,523,14,97.48,38.33,58.35,21.81
2026-09-22T14:00:00Z,Coating,COT02,2255,81,96.53,100.0,73.01,70.48
2026-09-22T14:00:00Z,Coating,COT03,1305,24,98.17,65.0,68.16,43.49
2026-09-22T14:00:00Z,Packaging,PKG04,1533,95,94.15,73.33,74.02,51.1
2026-09-22T14:00:00Z,Packaging,PKG05,756,117,86.58,55.0,61.08,29.09
2026-09-22T14:00:00Z,Packaging,PKG06,1607,120,93.03,65.0,85.74,51.85
2026-09-22T14:00:00Z,Packaging,PKG07,1146,112,91.09,100.0,52.41,47.74
2026-09-22T14:00:00Z,Packaging,PKG08,1505,157,90.57,71.67,72.48,47.04
2026-09-22T14:00:00Z,Kitting,KIT03,1671,28,98.34,78.33,72.29,55.68
2026-09-22T14:00:00Z,Kitting,KIT04,2529,21,99.18,83.33,92.73,76.64
2026-09-22T14:00:00Z,Kitting,KIT05,1488,26,98.31,70.0,74.58,51.32
2026-09-22T14:00:00Z,Kitting,KIT07,111,0,99.9,5.0,74.25,3.71
2026-09-22T14:00:00Z,Kitting,KIT08,696,7,98.96,30.0,75.67,22.46
2026-09-22T15:00:00Z,Assembly,ASM02,1761,60,96.71,71.67,84.68,58.69
2026-09-22T15:00:00Z,Assembly,ASM05,1692,60,96.6,73.33,74.62,52.86
2026-09-22T15:00:00Z,Molding,MLD03,605,23,96.4,30.0,74.66,21.59
2026-09-22T15:00:00Z,Molding,MLD04,1920,42,97.87,68.33,86.98,58.17
2026-09-22T15:00:00Z,Molding,MLD05,1745,101,94.53,98.33,64.72,60.16
2026-09-22T15:00:00Z,Molding,MLD06,1005,37,96.44,65.0,59.37,37.22
2026-09-22T15:00:00Z,Molding,MLD07,1225,47,96.29,76.67,63.84,47.13
2026-09-22T15:00:00Z,Coating,COT01,1133,46,96.13,75.0,65.48,47.21
2026-09-22T15:00:00Z,Coating,COT02,1554,31,98.05,63.33,78.22,48.58
2026-09-22T15:00:00Z,Coating,COT03,1431,49,96.71,73.33,67.24,47.69
2026-09-22T15:00:00Z,Packaging,PKG04,1941,124,94.01,93.33,73.73,64.69
2026-09-22T15:00:00Z,Packaging,PKG05,991,145,87.26,80.0,54.6,38.11
2026-09-22T15:00:00Z,Packaging,PKG06,2013,159,92.66,90.0,77.85,64.92
2026-09-22T15:00:00Z,Packaging,PKG07,722,78,90.25,66.67,49.99,30.08
2026-09-22T15:00:00Z,Packaging,PKG08,1148,117,90.74,51.67,76.5,35.87
2026-09-22T15:00:00Z,Kitting,KIT03,1826,24,98.7,75.0,82.23,60.87
2026-09-22T15:00:00Z,Kitting,KIT04,1730,26,98.5,60.0,88.71,52.43
2026-09-22T15:00:00Z,Kitting,KIT05,1239,18,98.59,71.67,60.48,42.73
2026-09-22T15:00:00Z,Kitting,KIT07,2417,12,99.52,90.0,89.95,80.57
2026-09-22T15:00:00Z,Kitting,KIT08,1391,13,99.07,68.33,66.3,44.88
2026-09-22T16:00:00Z,Assembly,ASM01,1453,55,96.37,53.33,83.17,42.75
2026-09-22T16:00:00Z,Assembly,ASM02,474,18,96.32,21.67,75.74,15.81
2026-09-22T16:00:00Z,Assembly,ASM05,2619,55,97.93,98.33,84.99,81.85
2026-09-22T16:00:00Z,Molding,MLD03,1412,24,98.36,75.0,68.34,50.42
2026-09-22T16:00:00Z,Molding,MLD04,2012,29,98.58,75.0,82.48,60.98
2026-09-22T16:00:00Z,Molding,MLD05,1148,74,93.96,66.67,63.22,39.6
2026-09-22T16:00:00Z,Molding,MLD06,1419,58,96.1,78.33,69.84,52.57
2026-09-22T16:00:00Z,Molding,MLD07,760,21,97.29,48.33,62.12,29.21
2026-09-22T16:00:00Z,Coating,COT01,1644,39,97.68,100.0,70.12,68.5
2026-09-22T16:00:00Z,Coating,COT02,2149,34,98.43,86.67,78.74,67.17
2026-09-22T16:00:00Z,Coating,COT03,33,1,98.39,1.67,67.03,1.1
2026-09-22T16:00:00Z,Packaging,PKG04,737,48,93.9,41.67,62.76,24.56
2026-09-22T16:00:00Z,Packaging,PKG05,891,141,86.31,81.67,48.62,34.27
2026-09-22T16:00:00Z,Packaging,PKG06,1932,180,91.5,85.0,80.15,62.34
2026-09-22T16:00:00Z,Packaging,PKG07,566,55,91.14,58.33,44.33,23.57
2026-09-22T16:00:00Z,Packaging,PKG08,1359,139,90.74,65.0,72.02,42.48
2026-09-22T16:00:00Z,Kitting,KIT03,2444,51,97.95,100.0,83.17,81.47
2026-09-22T16:00:00Z,Kitting,KIT05,922,20,97.89,53.33,60.92,31.8
2026-09-22T16:00:00Z,Kitting,KIT07,2058,21,99.0,81.67,84.86,68.61
2026-09-22T16:00:00Z,Kitting,KIT08,1798,11,99.37,76.67,76.15,58.02
2026-09-22T17:00:00Z,Assembly,ASM01,1046,31,97.1,38.33,82.63,30.76
2026-09-22T17:00:00Z,Assembly,ASM05,2134,71,96.78,88.33,78.03,66.7
2026-09-22T17:00:00Z,Molding,MLD03,1789,37,98.0,85.0,76.7,63.89
2026-09-22T17:00:00Z,Molding,MLD04,591,11,98.25,23.33,78.16,17.92
2026-09-22T17:00:00Z,Molding,MLD05,1233,59,95.4,70.0,63.69,42.53
2026-09-22T17:00:00Z,Molding,MLD07,210,8,96.3,11.67,71.91,8.08
2026-09-22T17:00:00Z,Coating,COT01,1069,40,96.43,70.0,65.96,44.53
2026-09-22T17:00:00Z,Coating,COT02,1304,49,96.4,53.33,79.24,40.74
2026-09-22T17:00:00Z,Coating,COT03,1917,30,98.47,100.0,64.88,63.88
2026-09-22T17:00:00Z,Packaging,PKG04,1177,54,95.63,65.0,63.13,39.24
2026-09-22T17:00:00Z,Packaging,PKG05,879,124,87.62,73.33,52.6,33.8
2026-09-22T17:00:00Z,Packaging,PKG06,2098,187,91.82,86.67,85.03,67.66
2026-09-22T17:00:00Z,Packaging,PKG07,909,87,91.31,73.33,56.58,37.89
2026-09-22T17:00:00Z,Packaging,PKG08,2028,215,90.41,100.0,70.11,63.39
2026-09-22T17:00:00Z,Kitting,KIT03,920,22,97.68,41.67,75.38,30.68
2026-09-22T17:00:00Z,Kitting,KIT04,2688,23,99.14,98.33,83.55,81.45
2026-09-22T17:00:00Z,Kitting,KIT05,1902,23,98.8,93.33,71.11,65.58
2026-09-22T17:00:00Z,Kitting,KIT07,1582,3,99.81,70.0,75.49,52.75
2026-09-22T17:00:00Z,Kitting,KIT08,1843,39,97.92,83.33,72.85,59.45
2026-09-22T18:00:00Z,Assembly,ASM01,2458,77,96.96,83.33,89.48,72.3
2026-09-22T18:00:00Z,Assembly,ASM05,2199,40,98.23,83.33,83.95,68.72
2026-09-22T18:00:00Z,Molding,MLD03,1320,49,96.41,75.0,65.22,47.16
2026-09-22T18:00:00Z,Molding,MLD04,1718,13,99.28,66.67,78.66,52.06
2026-09-22T18:00:00Z,Molding,MLD05,1415,86,94.28,81.67,63.36,48.78
2026-09-22T18:00:00Z,Molding,MLD06,1538,76,95.31,90.0,66.39,56.95
2026-09-22T18:00:00Z,Molding,MLD07,959,28,97.18,58.33,65.05,36.87
2026-09-22T18:00:00Z,Coating,COT01,1284,56,95.84,90.0,62.04,53.51
2026-09-22T18:00:00Z,Coating,COT02,1824,38,97.94,76.67,75.9,56.99
2026-09-22T18:00:00Z,Coating,COT03,1664,58,96.64,91.67,62.63,55.48
2026-09-22T18:00:00Z,Packaging,PKG04,1705,93,94.82,80.0,74.91,56.82
2026-09-22T18:00:00Z,Packaging,PKG05,1006,153,86.84,78.33,56.9,38.7
2026-09-22T18:00:00Z,Packaging,PKG06,1538,214,87.79,68.33,82.7,49.61
2026-09-22T18:00:00Z,Packaging,PKG07,956,93,91.15,100.0,43.7,39.83
2026-09-22T18:00:00Z,Packaging,PKG08,1847,183,90.99,91.67,69.21,57.72
2026-09-22T18:00:00Z,Kitting,KIT04,2435,34,98.62,83.33,89.79,73.8
2026-09-22T18:00:00Z,Kitting,KIT05,1849,21,98.89,90.0,71.64,63.76
2026-09-22T18:00:00Z,Kitting,KIT07,2353,2,99.9,100.0,78.52,78.44
2026-09-22T18:00:00Z,Kitting,KIT08,1803,44,97.6,76.67,77.71,58.15
2026-09-22T19:00:00Z,Assembly,ASM01,2428,61,97.56,81.67,89.63,71.41
2026-09-22T19:00:00Z,Assembly,ASM02,423,13,97.0,20.0,72.64,14.09
2026-09-22T19:00:00Z,Assembly,ASM05,2157,30,98.63,91.67,74.57,67.42
2026-09-22T19:00:00Z,Molding,MLD03,2104,76,96.51,100.0,77.84,75.13
2026-09-22T19:00:00Z,Molding,MLD04,836,12,98.53,33.33,77.1,25.32
2026-09-22T19:00:00Z,Molding,MLD05,958,60,94.1,66.67,52.65,33.03
2026-09-22T19:00:00Z,Molding,MLD06,1422,78,94.78,81.67,68.04,52.66
2026-09-22T19:00:00Z,Molding,MLD07,1269,41,96.9,85.0,59.26,48.81
2026-09-22T19:00:00Z,Coating,COT01,1333,53,96.18,80.0,72.16,55.52
2026-09-22T19:00:00Z,Coating,COT02,2538,41,98.4,100.0,80.6,79.31
2026-09-22T19:00:00Z,Coating,COT03,1784,47,97.46,90.0,67.79,59.46
2026-09-22T19:00:00Z,Packaging,PKG04,1437,86,94.34,71.67,70.83,47.89
2026-09-22T19:00:00Z,Packaging,PKG06,1142,161,87.62,51.67,81.37,36.84
2026-09-22T19:00:00Z,Packaging,PKG07,824,88,90.35,75.0,50.64,34.32
2026-09-22T19:00:00Z,Packaging,PKG08,1654,192,89.6,90.0,64.11,51.69
2026-09-22T19:00:00Z,Kitting,KIT04,3009,45,98.54,100.0,92.54,91.19
2026-09-22T19:00:00Z,Kitting,KIT05,584,9,98.5,28.33,72.16,20.14
2026-09-22T19:00:00Z,Kitting,KIT07,1789,31,98.32,73.33,82.73,59.65
2026-09-22T19:00:00Z,Kitting,KIT08,1944,42,97.86,88.33,72.55,62.71
2026-09-22T20:00:00Z,Assembly,ASM01,2190,76,96.64,78.33,85.09,64.42
2026-09-22T20:00:00Z,Assembly,ASM02,1571,79,95.19,70.0,78.58,52.36
2026-09-22T20:00:00Z,Assembly,ASM05,1676,47,97.28,61.67,87.32,52.39
2026-09-22T20:00:00Z,Molding,MLD03,475,10,97.98,26.67,64.88,16.95
2026-09-22T20:00:00Z,Molding,MLD04,2209,27,98.77,91.67,73.94,66.95
2026-09-22T20:00:00Z,Molding,MLD05,1360,93,93.58,88.33,56.72,46.88
2026-09-22T20:00:00Z,Molding,MLD06,170,7,96.13,10.0,65.51,6.3
2026-09-22T20:00:00Z,Molding,MLD07,1112,33,97.13,66.67,66.05,42.77
2026-09-22T20:00:00Z,Coating,COT01,760,25,96.8,56.67,57.71,31.66
2026-09-22T20:00:00Z,Coating,COT02,1928,49,97.54,88.33,69.95,60.26
2026-09-22T20:00:00Z,Coating,COT03,1906,54,97.27,88.33,73.94,63.53
2026-09-22T20:00:00Z,Packaging,PKG04,1692,112,93.8,93.33,64.43,56.4
2026-09-22T20:00:00Z,Packaging,PKG05,88,14,86.36,6.67,58.86,3.39
2026-09-22T20:00:00Z,Packaging,PKG06,1513,139,91.57,71.67,74.39,48.81
2026-09-22T20:00:00Z,Packaging,PKG07,676,79,89.56,71.67,43.9,28.17
2026-09-22T20:00:00Z,Packaging,PKG08,2224,247,89.99,100.0,77.22,69.49
2026-09-22T20:00:00Z,Kitting,KIT03,1200,31,97.52,55.0,74.59,40.0
2026-09-22T20:00:00Z,Kitting,KIT04,886,10,98.93,35.0,77.5,26.83
2026-09-22T20:00:00Z,Kitting,KIT05,841,29,96.68,40.0,74.96,28.99
2026-09-22T20:00:00Z,Kitting,KIT07,1834,3,99.84,71.67,85.43,61.12
2026-09-22T20:00:00Z,Kitting,KIT08,1813,43,97.69,95.0,63.03,58.5
2026-09-22T21:00:00Z,Assembly,ASM01,2107,75,96.57,76.67,83.71,61.98
2026-09-22T21:00:00Z,Assembly,ASM02,1919,60,96.96,86.67,76.11,63.96
2026-09-22T21:00:00Z,Assembly,ASM05,2527,32,98.75,93.33,85.68,78.97
2026-09-22T21:00:00Z,Molding,MLD03,1619,51,96.97,80.0,74.55,57.83
2026-09-22T21:00:00Z,Molding,MLD04,1942,33,98.34,70.0,85.47,58.84
2026-09-22T21:00:00Z,Molding,MLD05,896,58,93.92,55.0,59.81,30.9
2026-09-22T21:00:00Z,Molding,MLD06,869,39,95.69,56.67,59.32,32.17
2026-09-22T21:00:00Z,Molding,MLD07,1368,63,95.6,81.67,67.4,52.62
2026-09-22T21:00:00Z,Coating,COT01,1407,39,97.28,93.33,64.59,58.64
2026-09-22T21:00:00Z,Coating,COT02,1989,78,96.24,81.67,79.1,62.17
2026-09-22T21:00:00Z,Coating,COT03,1518,40,97.41,70.0,74.22,50.61
2026-09-22T21:00:00Z,Packaging,PKG04,2005,129,93.94,100.0,71.14,66.83
2026-09-22T21:00:00Z,Packaging,PKG05,1180,172,87.26,100.0,52.0,45.37
2026-09-22T21:00:00Z,Packaging,PKG06,1915,155,92.53,91.67,72.84,61.78
2026-09-22T21:00:00Z,Packaging,PKG07,1054,122,89.67,100.0,49.0,43.94
2026-09-22T21:00:00Z,Packaging,PKG08,2104,256,89.14,93.33,79.03,65.75
2026-09-22T21:00:00Z,Kitting,KIT03,1933,29,98.51,90.0,72.68,64.44
2026-09-22T21:00:00Z,Kitting,KIT04,1600,20,98.77,60.0,81.81,48.49
2026-09-22T21:00:00Z,Kitting,KIT05,1291,18,98.61,65.0,69.47,44.53
2026-09-22T21:00:00Z,Kitting,KIT07,1909,29,98.52,85.0,76.0,63.64
2026-09-22T21:00:00Z,Kitting,KIT08,1242,22,98.25,58.33,69.93,40.08
2026-09-22T22:00:00Z,Assembly,ASM01,2223,44,98.07,78.33,85.12,65.39
2026-09-22T22:00:00Z,Assembly,ASM02,2356,75,96.9,100.0,81.06,78.54
2026-09-22T22:00:00Z,Assembly,ASM05,1939,41,97.93,75.0,82.49,60.58
2026-09-22T22:00:00Z,Molding,MLD03,1210,39,96.87,66.67,66.95,43.23
2026-09-22T22:00:00Z,Molding,MLD04,2284,57,97.57,85.0,83.46,69.22
2026-09-22T22:00:00Z,Molding,MLD05,1359,86,94.06,90.0,55.35,46.86
2026-09-22T22:00:00Z,Molding,MLD06,1418,72,95.16,80.0,69.0,52.52
2026-09-22T22:00:00Z,Molding,MLD07,1087,34,97.01,68.33,63.04,41.79
2026-09-22T22:00:00Z,Coating,COT01,1239,38,96.99,73.33,72.57,51.62
2026-09-22T22:00:00Z,Coating,COT02,624,15,97.65,28.33,70.51,19.51
2026-09-22T22:00:00Z,Coating,COT03,1862,59,96.91,91.67,69.85,62.05
2026-09-22T22:00:00Z,Packaging,PKG04,1578,82,95.05,75.0,73.78,52.6
2026-09-22T22:00:00Z,Packaging,PKG05,989,137,87.84,91.67,47.23,38.03
2026-09-22T22:00:00Z,Packaging,PKG06,1714,157,91.6,83.33,72.43,55.29
2026-09-22T22:00:00Z,Packaging,PKG07,700,72,90.67,61.67,52.2,29.19
2026-09-22T22:00:00Z,Packaging,PKG08,1722,186,90.26,80.0,74.51,53.8
2026-09-22T22:00:00Z,Kitting,KIT03,2555,47,98.19,100.0,86.73,85.16
2026-09-22T22:00:00Z,Kitting,KIT04,2310,6,99.72,85.0,82.57,69.99
2026-09-22T22:00:00Z,Kitting,KIT05,1746,33,98.16,100.0,61.33,60.2
2026-09-22T22:00:00Z,Kitting,KIT07,1891,19,98.99,83.33,76.43,63.05
2026-09-22T22:00:00Z,Kitting,KIT08,932,10,98.9,48.33,62.9,30.07
2026-09-22T23:00:00Z,Assembly,ASM01,2764,113,96.06,93.33,90.66,81.28
2026-09-22T23:00:00Z,Assembly,ASM02,1330,58,95.85,60.0,77.06,44.32
2026-09-22T23:00:00Z,Assembly,ASM05,1725,31,98.24,68.33,80.31,53.91
2026-09-22T23:00:00Z,Molding,MLD03,1923,50,97.48,90.0,78.29,68.68
2026-09-22T23:00:00Z,Molding,MLD04,1714,38,97.84,68.33,77.68,51.93
2026-09-22T23:00:00Z,Molding,MLD05,884,50,94.6,55.0,58.6,30.49
2026-09-22T23:00:00Z,Molding,MLD06,1071,60,94.73,66.67,62.82,39.67
2026-09-22T23:00:00Z,Molding,MLD07,1689,47,97.29,95.0,70.28,64.96
2026-09-22T23:00:00Z,Coating,COT01,76,2,97.62,5.0,64.63,3.15
2026-09-22T23:00:00Z,Coating,COT02,1886,42,97.83,81.67,73.77,58.94
2026-09-22T23:00:00Z,Packaging,PKG04,1831,123,93.71,90.0,72.35,61.02
2026-09-22T23:00:00Z,Packaging,PKG05,1073,144,88.15,75.0,62.42,41.26
2026-09-22T23:00:00Z,Packaging,PKG06,1615,144,91.8,75.0,75.66,52.1
2026-09-22T23:00:00Z,Packaging,PKG07,860,84,91.14,76.67,51.27,35.82
2026-09-22T23:00:00Z,Packaging,PKG08,1646,186,89.86,75.0,76.3,51.43
2026-09-22T23:00:00Z,Kitting,KIT03,1892,43,97.76,81.67,79.0,63.07
2026-09-22T23:00:00Z,Kitting,KIT04,2433,29,98.83,85.0,87.77,73.73
2026-09-22T23:00:00Z,Kitting,KIT05,570,6,98.88,30.0,66.31,19.67
2026-09-22T23:00:00Z,Kitting,KIT07,1721,23,98.68,75.0,77.52,57.37
2026-09-22T23:00:00Z,Kitting,KIT08,1876,15,99.23,80.0,76.23,60.51
2026-09-23T00:00:00Z,Assembly,ASM01,2150,56,97.47,75.0,86.51,63.24
2026-09-23T00:00:00Z,Assembly,ASM02,1832,77,95.98,75.0,84.85,61.08
2026-09-23T00:00:00Z,Assembly,ASM05,2337,36,98.49,85.0,87.24,73.04
2026-09-23T00:00:00Z,Molding,MLD03,1588,34,97.9,73.33,78.99,56.71
2026-09-23T00:00:00Z,Molding,MLD04,2315,3,99.87,90.0,78.06,70.16
2026-09-23T00:00:00Z,Molding,MLD05,1205,85,93.44,81.67,54.45,41.55
2026-09-23T00:00:00Z,Molding,MLD06,1437,60,95.98,90.0,61.6,53.22
2026-09-23T00:00:00Z,Coating,COT01,1190,48,96.13,76.67,67.28,49.58
2026-09-23T00:00:00Z,Coating,COT02,1447,40,97.28,68.33,68.03,45.22
2026-09-23T00:00:00Z,Coating,COT03,969,35,96.55,48.33,69.19,32.29
2026-09-23T00:00:00Z,Packaging,PKG04,1285,90,93.47,63.33,72.38,42.85
2026-09-23T00:00:00Z,Packaging,PKG05,446,61,88.01,31.67,61.51,17.14
2026-09-23T00:00:00Z,Packaging,PKG06,1239,99,92.62,53.33,80.91,39.97
2026-09-23T00:00:00Z,Packaging,PKG07,1038,100,91.23,90.0,52.66,43.24
2026-09-23T00:00:00Z,Packaging,PKG08,1327,150,89.82,66.67,69.24,41.46
2026-09-23T00:00:00Z,Kitting,KIT03,2182,24,98.9,90.0,81.73,72.75
2026-09-23T00:00:00Z,Kitting,KIT04,2744,50,98.21,98.33,86.11,83.16
2026-09-23T00:00:00Z,Kitting,KIT05,1694,41,97.61,80.0,74.79,58.4
2026-09-23T00:00:00Z,Kitting,KIT07,2549,34,98.7,96.67,89.07,84.98
2026-09-23T00:00:00Z,Kitting,KIT08,1021,13,98.78,53.33,62.53,32.94
2026-09-23T01:00:00Z,Assembly,ASM01,1358,30,97.82,43.33,94.24,39.95
2026-09-23T01:00:00Z,Assembly,ASM02,2060,94,95.63,100.0,71.81,68.68
2026-09-23T01:00:00Z,Assembly,ASM05,1727,57,96.8,65.0,85.78,53.98
2026-09-23T01:00:00Z,Molding,MLD03,1631,51,96.99,91.67,65.51,58.25
2026-09-23T01:00:00Z,Molding,MLD04,1597,8,99.51,61.67,78.85,48.38
2026-09-23T01:00:00Z,Molding,MLD05,1659,93,94.71,100.0,60.41,57.22
2026-09-23T01:00:00Z,Molding,MLD06,931,46,95.25,56.67,63.86,34.47
2026-09-23T01:00:00Z,Molding,MLD07,790,38,95.46,53.33,59.66,30.38
2026-09-23T01:00:00Z,Coating,COT01,824,18,97.81,60.0,58.48,34.32
2026-09-23T01:00:00Z,Coating,COT02,1268,46,96.5,58.33,70.4,39.63
2026-09-23T01:00:00Z,Coating,COT03,700,15,97.94,38.33,62.15,23.33
2026-09-23T01:00:00Z,Packaging,PKG04,981,50,95.19,48.33,71.07,32.7
2026-09-23T01:00:00Z,Packaging,PKG05,549,76,87.82,46.67,51.5,21.11
2026-09-23T01:00:00Z,Packaging,PKG06,785,59,93.06,31.67,85.9,25.31
2026-09-23T01:00:00Z,Packaging,PKG07,942,109,89.64,90.0,48.66,39.25
2026-09-23T01:00:00Z,Packaging,PKG08,1092,122,89.92,58.33,65.06,34.13
2026-09-23T01:00:00Z,Kitting,KIT03,2495,20,99.2,100.0,83.85,83.18
2026-09-23T01:00:00Z,Kitting,KIT04,225,5,97.74,8.33,83.61,6.81
2026-09-23T01:00:00Z,Kitting,KIT05,1778,44,97.59,98.33,63.89,61.31
2026-09-23T01:00:00Z,Kitting,KIT07,1291,1,99.9,53.33,80.78,43.04
2026-09-23T01:00:00Z,Kitting,KIT08,1751,38,97.9,75.0,76.94,56.49
2026-09-23T02:00:00Z,Assembly,ASM01,1582,60,96.35,51.67,93.45,46.52
2026-09-23T02:00:00Z,Assembly,ASM02,123,5,95.9,5.0,85.67,4.11
2026-09-23T02:00:00Z,Assembly,ASM05,1710,27,98.45,66.67,81.4,53.43
2026-09-23T02:00:00Z,Molding,MLD03,1619,38,97.69,80.0,73.97,57.81
2026-09-23T02:00:00Z,Molding,MLD04,877,13,98.56,35.0,77.01,26.57
2026-09-23T02:00:00Z,Molding,MLD05,1073,64,94.39,66.67,58.78,36.99
2026-09-23T02:00:00Z,Molding,MLD06,1576,77,95.35,100.0,61.23,58.38
2026-09-23T02:00:00Z,Molding,MLD07,1514,68,95.69,95.0,64.06,58.23
2026-09-23T02:00:00Z,Coating,COT01,1304,37,97.25,91.67,60.97,54.35
2026-09-23T02:00:00Z,Coating,COT02,1697,64,96.35,70.0,78.64,53.04
2026-09-23T02:00:00Z,Coating,COT03,1806,55,97.04,100.0,62.02,60.18
2026-09-23T02:00:00Z,Packaging,PKG04,1727,102,94.42,85.0,71.74,57.58
2026-09-23T02:00:00Z,Packaging,PKG05,1018,146,87.47,80.0,55.93,39.14
2026-09-23T02:00:00Z,Packaging,PKG06,2154,179,92.34,93.33,80.61,69.47
2026-09-23T02:00:00Z,Packaging,PKG07,801,91,89.77,78.33,47.46,33.38
2026-09-23T02:00:00Z,Packaging,PKG08,1907,239,88.86,86.67,77.4,59.61
2026-09-23T02:00:00Z,Kitting,KIT03,2008,6,99.72,76.67,87.55,66.94
2026-09-23T02:00:00Z,Kitting,KIT04,1395,15,98.97,55.0,77.65,42.27
2026-09-23T02:00:00Z,Kitting,KIT05,1173,33,97.25,61.67,67.45,40.45
2026-09-23T02:00:00Z,Kitting,KIT07,531,7,98.64,21.67,82.84,17.71
2026-09-23T02:00:00Z,Kitting,KIT08,1135,12,98.94,55.0,67.27,36.6
2026-09-23T11:00:00Z,Assembly,ASM01,1315,34,97.47,45.0,88.15,38.66
2026-09-23T11:00:00Z,Assembly,ASM02,1923,65,96.72,85.0,77.96,64.09
2026-09-23T11:00:00Z,Assembly,ASM05,724,19,97.39,35.0,66.37,22.62
2026-09-23T11:00:00Z,Molding,MLD03,684,13,98.11,43.33,57.48,24.44
2026-09-23T11:00:00Z,Molding,MLD04,1951,31,98.41,83.33,72.1,59.13
2026-09-23T11:00:00Z,Molding,MLD05,872,51,94.43,58.33,54.57,30.06
2026-09-23T11:00:00Z,Molding,MLD06,1090,41,96.36,75.0,55.86,40.37
2026-09-23T11:00:00Z,Coating,COT01,922,40,95.86,76.67,52.26,38.41
2026-09-23T11:00:00Z,Coating,COT02,1854,61,96.82,86.67,69.05,57.94
2026-09-23T11:00:00Z,Coating,COT03,1169,19,98.44,66.67,59.39,38.97
2026-09-23T11:00:00Z,Packaging,PKG04,1562,96,94.22,91.67,60.27,52.05
2026-09-23T11:00:00Z,Packaging,PKG05,1021,164,86.13,91.67,49.74,39.27
2026-09-23T11:00:00Z,Packaging,PKG06,1973,176,91.81,100.0,69.33,63.65
2026-09-23T11:00:00Z,Packaging,PKG07,458,44,91.3,43.33,48.27,19.1
2026-09-23T11:00:00Z,Packaging,PKG08,1423,161,89.85,73.33,67.51,44.48
2026-09-23T11:00:00Z,Kitting,KIT03,1644,7,99.56,78.33,70.26,54.79
2026-09-23T11:00:00Z,Kitting,KIT04,1616,31,98.1,66.67,74.86,48.96
2026-09-23T11:00:00Z,Kitting,KIT05,941,28,97.08,53.33,62.68,32.45
2026-09-23T11:00:00Z,Kitting,KIT07,1556,24,98.5,73.33,71.82,51.88
2026-09-23T11:00:00Z,Kitting,KIT08,1791,39,97.88,98.33,60.03,57.78
2026-09-23T12:00:00Z,Assembly,ASM01,2563,50,98.08,90.0,85.4,75.39
2026-09-23T12:00:00Z,Assembly,ASM02,1541,49,96.9,75.0,70.7,51.38
2026-09-23T12:00:00Z,Assembly,ASM05,2384,71,97.11,100.0,76.72,74.5
2026-09-23T12:00:00Z,Molding,MLD03,522,13,97.59,25.0,76.38,18.64
2026-09-23T12:00:00Z,Molding,MLD04,1697,7,99.6,70.0,73.74,51.41
2026-09-23T12:00:00Z,Molding,MLD05,1609,96,94.35,88.33,66.59,55.49
2026-09-23T12:00:00Z,Molding,MLD06,1593,58,96.48,95.0,64.35,58.98
2026-09-23T12:00:00Z,Molding,MLD07,1475,72,95.32,93.33,63.78,56.74
2026-09-23T12:00:00Z,Coating,COT01,1388,48,96.63,86.67,69.07,57.84
2026-09-23T12:00:00Z,Coating,COT02,2088,50,97.66,96.67,69.12,65.25
2026-09-23T12:00:00Z,Coating,COT03,1967,53,97.37,100.0,67.34,65.57
2026-09-23T12:00:00Z,Packaging,PKG04,1698,95,94.7,80.0,74.73,56.61
2026-09-23T12:00:00Z,Packaging,PKG05,835,123,87.14,63.33,58.17,32.1
2026-09-23T12:00:00Z,Packaging,PKG06,1222,94,92.87,60.0,70.76,39.43
2026-09-23T12:00:00Z,Packaging,PKG07,1084,116,90.34,100.0,49.99,45.16
2026-09-23T12:00:00Z,Packaging,PKG08,1395,138,91.01,71.67,66.84,43.59
2026-09-23T12:00:00Z,Kitting,KIT03,2011,29,98.6,81.67,83.26,67.05
2026-09-23T12:00:00Z,Kitting,KIT04,2525,64,97.52,100.0,78.46,76.52
2026-09-23T12:00:00Z,Kitting,KIT05,1393,36,97.5,73.33,67.18,48.03
2026-09-23T12:00:00Z,Kitting,KIT07,2678,8,99.71,100.0,89.52,89.26
2026-09-23T12:00:00Z,Kitting,KIT08,1152,31,97.42,60.0,63.56,37.15
2026-09-23T13:00:00Z,Assembly,ASM01,2217,87,96.23,75.0,90.36,65.21
2026-09-23T13:00:00Z,Assembly,ASM02,1933,64,96.79,78.33,84.98,64.43
2026-09-23T13:00:00Z,Assembly,ASM05,2201,26,98.82,81.67,85.23,68.78
2026-09-23T13:00:00Z,Molding,MLD03,1775,38,97.89,90.0,71.95,63.39
2026-09-23T13:00:00Z,Molding,MLD04,1844,4,99.79,73.33,76.35,55.87
2026-09-23T13:00:00Z,Molding,MLD05,802,50,94.1,53.33,55.08,27.64
2026-09-23T13:00:00Z,Molding,MLD06,1261,68,94.9,73.33,67.08,46.69
2026-09-23T13:00:00Z,Molding,MLD07,854,28,96.77,48.33,70.2,32.84
2026-09-23T13:00:00Z,Coating,COT01,1350,26,98.1,93.33,61.43,56.24
2026-09-23T13:00:00Z,Coating,COT02,1980,42,97.9,76.67,82.43,61.87
2026-09-23T13:00:00Z,Coating,COT03,1312,26,98.07,61.67,72.32,43.74
2026-09-23T13:00:00Z,Packaging,PKG04,1518,81,94.95,73.33,72.67,50.6
2026-09-23T13:00:00Z,Packaging,PKG05,885,120,88.04,78.33,49.37,34.05
2026-09-23T13:00:00Z,Packaging,PKG06,2191,214,91.11,96.67,80.25,70.68
2026-09-23T13:00:00Z,Packaging,PKG07,16,2,91.04,1.67,44.21,0.67
2026-09-23T13:00:00Z,Kitting,KIT03,2291,32,98.61,88.33,87.66,76.35
2026-09-23T13:00:00Z,Kitting,KIT04,1919,23,98.84,73.33,80.23,58.15
2026-09-23T13:00:00Z,Kitting,KIT05,2046,59,97.22,100.0,72.58,70.56
2026-09-23T13:00:00Z,Kitting,KIT07,1684,4,99.79,68.33,82.32,56.13
2026-09-23T13:00:00Z,Kitting,KIT08,1546,10,99.35,68.33,73.48,49.88
2026-09-23T14:00:00Z,Assembly,ASM01,1978,53,97.37,71.67,83.35,58.16
2026-09-23T14:00:00Z,Assembly,ASM02,2024,105,95.08,83.33,85.15,67.46
2026-09-23T14:00:00Z,Assembly,ASM05,2575,29,98.88,91.67,88.78,80.47
2026-09-23T14:00:00Z,Molding,MLD03,2067,50,97.66,100.0,75.59,73.82
2026-09-23T14:00:00Z,Molding,MLD04,2358,21,99.1,86.67,83.18,71.44
2026-09-23T14:00:00Z,Molding,MLD05,1115,75,93.66,78.33,52.38,38.43
2026-09-23T14:00:00Z,Molding,MLD06,1225,76,94.18,80.0,60.2,45.36
2026-09-23T14:00:00Z,Molding,MLD07,572,22,96.37,40.0,57.11,22.01
2026-09-23T14:00:00Z,Coating,COT01,837,29,96.64,61.67,58.53,34.88
2026-09-23T14:00:00Z,Coating,COT02,2070,69,96.77,83.33,80.22,64.69
2026-09-23T14:00:00Z,Coating,COT03,1917,47,97.6,85.0,77.03,63.91
2026-09-23T14:00:00Z,Packaging,PKG04,1651,109,93.78,86.67,67.72,55.04
2026-09-23T14:00:00Z,Packaging,PKG05,592,90,86.84,53.33,49.15,22.77
2026-09-23T14:00:00Z,Packaging,PKG06,1325,121,91.65,65.0,71.73,42.73
2026-09-23T14:00:00Z,Packaging,PKG07,860,102,89.43,80.0,50.06,35.81
2026-09-23T14:00:00Z,Kitting,KIT04,2124,31,98.56,78.33,83.36,64.35
2026-09-23T14:00:00Z,Kitting,KIT05,1617,48,97.13,76.67,74.89,55.77
2026-09-23T14:00:00Z,Kitting,KIT07,1059,3,99.73,45.0,78.66,35.3
2026-09-23T14:00:00Z,Kitting,KIT08,1967,35,98.23,95.0,67.98,63.44
2026-09-23T15:00:00Z,Assembly,ASM01,1152,31,97.34,38.33,90.82,33.89
2026-09-23T15:00:00Z,Assembly,ASM02,1592,79,95.3,65.0,85.67,53.06
2026-09-23T15:00:00Z,Assembly,ASM05,1981,24,98.81,81.67,76.73,61.91
2026-09-23T15:00:00Z,Molding,MLD03,1109,38,96.71,58.33,70.22,39.61
2026-09-23T15:00:00Z,Molding,MLD04,2367,39,98.37,83.33,87.49,71.72
2026-09-23T15:00:00Z,Molding,MLD05,1286,72,94.68,78.33,59.77,44.33
2026-09-23T15:00:00Z,Molding,MLD06,1431,76,94.96,83.33,66.96,52.99
2026-09-23T15:00:00Z,Molding,MLD07,1149,34,97.13,68.33,66.58,44.19
2026-09-23T15:00:00Z,Coating,COT01,876,32,96.51,53.33,70.92,36.5
2026-09-23T15:00:00Z,Coating,COT02,1958,60,97.01,83.33,75.67,61.17
2026-09-23T15:00:00Z,Coating,COT03,1434,34,97.68,75.0,65.23,47.79
2026-09-23T15:00:00Z,Packaging,PKG04,1055,47,95.76,50.0,73.45,35.17
2026-09-23T15:00:00Z,Packaging,PKG05,1127,169,86.94,88.33,56.43,43.34
2026-09-23T15:00:00Z,Packaging,PKG06,2208,197,91.82,100.0,77.57,71.23
2026-09-23T15:00:00Z,Packaging,PKG07,853,95,90.01,75.0,52.68,35.56
2026-09-23T15:00:00Z,Packaging,PKG08,2048,246,89.27,90.0,79.65,63.99
2026-09-23T15:00:00Z,Kitting,KIT03,1445,4,99.72,66.67,72.44,48.16
2026-09-23T15:00:00Z,Kitting,KIT04,2636,31,98.84,100.0,80.83,79.89
2026-09-23T15:00:00Z,Kitting,KIT05,1358,21,98.45,63.33,75.1,46.83
2026-09-23T15:00:00Z,Kitting,KIT07,2662,7,99.73,100.0,88.98,88.74
2026-09-23T15:00:00Z,Kitting,KIT08,1522,7,99.54,71.67,68.84,49.11
2026-09-23T16:00:00Z,Assembly,ASM01,593,15,97.61,21.67,82.51,17.45
2026-09-23T16:00:00Z,Assembly,ASM02,1637,66,96.1,68.33,83.11,54.58
2026-09-23T16:00:00Z,Assembly,ASM05,1728,45,97.49,63.33,87.46,54.0
2026-09-23T16:00:00Z,Molding,MLD03,1773,49,97.29,100.0,65.1,63.34
2026-09-23T16:00:00Z,Molding,MLD04,2369,43,98.22,90.0,81.2,71.78
2026-09-23T16:00:00Z,Molding,MLD05,1507,99,93.86,85.0,65.15,51.98
2026-09-23T16:00:00Z,Molding,MLD06,564,25,95.71,38.33,56.91,20.88
2026-09-23T16:00:00Z,Molding,MLD07,1354,49,96.5,88.33,61.09,52.07
2026-09-23T16:00:00Z,Coating,COT01,1241,44,96.58,85.0,63.01,51.72
2026-09-23T16:00:00Z,Coating,COT02,2062,37,98.23,83.33,78.71,64.43
2026-09-23T16:00:00Z,Coating,COT03,1915,27,98.59,83.33,77.69,63.83
2026-09-23T16:00:00Z,Packaging,PKG05,758,120,86.36,68.33,49.42,29.16
2026-09-23T16:00:00Z,Packaging,PKG06,1562,154,91.01,66.67,83.03,50.38
2026-09-23T16:00:00Z,Packaging,PKG07,992,94,91.37,83.33,54.27,41.32
2026-09-23T16:00:00Z,Kitting,KIT03,1255,24,98.15,56.67,75.2,41.83
2026-09-23T16:00:00Z,Kitting,KIT04,2216,9,99.61,75.0,89.89,67.16
2026-09-23T16:00:00Z,Kitting,KIT05,1722,20,98.84,86.67,69.3,59.37
2026-09-23T16:00:00Z,Kitting,KIT07,1942,14,99.28,73.33,88.93,64.75
2026-09-23T16:00:00Z,Kitting,KIT08,2212,35,98.43,100.0,72.5,71.37
2026-09-23T17:00:00Z,Assembly,ASM01,2609,68,97.45,85.0,92.64,76.73
2026-09-23T17:00:00Z,Assembly,ASM02,1790,61,96.71,80.0,77.13,59.67
2026-09-23T17:00:00Z,Assembly,ASM05,2807,50,98.26,100.0,89.28,87.72
2026-09-23T17:00:00Z,Molding,MLD03,1553,52,96.78,86.67,66.14,55.47
2026-09-23T17:00:00Z,Molding,MLD04,1489,2,99.87,61.67,73.28,45.13
2026-09-23T17:00:00Z,Molding,MLD05,1520,96,94.04,83.33,66.88,52.41
2026-09-23T17:00:00Z,Coating,COT01,1375,38,97.34,100.0,58.85,57.28
2026-09-23T17:00:00Z,Coating,COT02,1608,26,98.43,70.0,72.95,50.27
2026-09-23T17:00:00Z,Coating,COT03,2262,55,97.63,100.0,77.23,75.4
2026-09-23T17:00:00Z,Packaging,PKG04,30,2,94.25,1.67,63.6,1.0
2026-09-23T17:00:00Z,Packaging,PKG05,45,6,88.15,3.33,59.07,1.74
2026-09-23T17:00:00Z,Packaging,PKG06,1798,145,92.55,81.67,76.75,58.01
2026-09-23T17:00:00Z,Packaging,PKG07,1208,127,90.5,98.33,56.54,50.32
2026-09-23T17:00:00Z,Kitting,KIT03,2589,51,98.08,100.0,87.99,86.3
2026-09-23T17:00:00Z,Kitting,KIT04,1206,4,99.7,46.67,78.52,36.53
2026-09-23T17:00:00Z,Kitting,KIT05,1652,51,97.01,81.67,71.92,56.98
2026-09-23T17:00:00Z,Kitting,KIT08,1965,24,98.82,86.67,74.01,63.38
2026-09-23T18:00:00Z,Assembly,ASM01,2316,186,92.56,78.33,93.94,68.12
2026-09-23T18:00:00Z,Assembly,ASM02,1380,71,95.13,65.0,74.39,46.0
2026-09-23T18:00:00Z,Assembly,ASM05,1628,25,98.49,58.33,88.54,50.86
2026-09-23T18:00:00Z,Molding,MLD03,1552,39,97.58,81.67,69.57,55.44
2026-09-23T18:00:00Z,Molding,MLD04,2480,5,99.79,96.67,77.92,75.16
2026-09-23T18:00:00Z,Molding,MLD05,1420,74,95.08,96.67,53.29,48.98
2026-09-23T18:00:00Z,Coating,COT01,1012,34,96.76,68.33,63.76,42.16
2026-09-23T18:00:00Z,Coating,COT02,1952,140,93.29,88.33,74.0,60.98
2026-09-23T18:00:00Z,Coating,COT03,1653,107,93.92,90.0,65.19,55.1
2026-09-23T18:00:00Z,Packaging,PKG04,1457,69,95.47,66.67,76.29,48.55
2026-09-23T18:00:00Z,Packaging,PKG05,1176,194,85.83,88.33,59.66,45.24
2026-09-23T18:00:00Z,Packaging,PKG06,2306,203,91.9,100.0,80.94,74.39
2026-09-23T18:00:00Z,Packaging,PKG07,476,45,91.42,45.0,48.25,19.85
2026-09-23T18:00:00Z,Packaging,PKG08,1841,231,88.86,100.0,64.76,57.54
2026-09-23T18:00:00Z,Kitting,KIT03,939,14,98.49,36.67,86.67,31.3
2026-09-23T18:00:00Z,Kitting,KIT04,2184,24,98.91,83.33,80.29,66.18
2026-09-23T18:00:00Z,Kitting,KIT05,1757,122,93.52,86.67,74.75,60.59
2026-09-23T18:00:00Z,Kitting,KIT07,1195,19,98.41,50.0,80.98,39.85
2026-09-23T18:00:00Z,Kitting,KIT08,1783,44,97.59,80.0,73.69,57.53
2026-09-23T19:00:00Z,Assembly,ASM01,2259,142,94.08,85.0,83.1,66.45
2026-09-23T19:00:00Z,Assembly,ASM02,415,19,95.53,20.0,72.33,13.82
2026-09-23T19:00:00Z,Assembly,ASM05,2583,47,98.22,93.33,88.06,80.72
2026-09-23T19:00:00Z,Molding,MLD03,1987,66,96.8,100.0,73.3,70.95
2026-09-23T19:00:00Z,Molding,MLD04,1348,6,99.53,56.67,72.41,40.84
2026-09-23T19:00:00Z,Molding,MLD05,998,47,95.54,55.0,65.49,34.41
2026-09-23T19:00:00Z,Molding,MLD06,980,59,94.28,55.0,69.99,36.29
2026-09-23T19:00:00Z,Coating,COT01,980,31,96.89,71.67,58.8,40.83
2026-09-23T19:00:00Z,Coating,COT02,1766,127,93.3,80.0,73.95,55.2
2026-09-23T19:00:00Z,Coating,COT03,71,5,92.91,3.33,76.52,2.37
2026-09-23T19:00:00Z,Packaging,PKG04,1195,74,94.15,61.67,68.61,39.84
2026-09-23T19:00:00Z,Packaging,PKG05,1207,171,87.58,90.0,58.88,46.41
2026-09-23T19:00:00Z,Packaging,PKG06,1402,102,93.24,66.67,72.78,45.24
2026-09-23T19:00:00Z,Packaging,PKG07,529,53,90.85,50.0,48.49,22.03
2026-09-23T19:00:00Z,Kitting,KIT03,2490,19,99.24,100.0,83.63,83.0
2026-09-23T19:00:00Z,Kitting,KIT04,2204,21,99.05,75.0,89.9,66.79
2026-09-23T19:00:00Z,Kitting,KIT05,1474,112,92.93,88.33,61.9,50.81
2026-09-23T19:00:00Z,Kitting,KIT07,2127,2,99.9,90.0,78.86,70.91
2026-09-23T19:00:00Z,Kitting,KIT08,1811,22,98.83,91.67,64.48,58.41
2026-09-23T20:00:00Z,Assembly,ASM01,480,19,96.15,18.33,80.15,14.13
2026-09-23T20:00:00Z,Assembly,ASM02,1969,54,97.32,85.0,79.36,65.65
2026-09-23T20:00:00Z,Assembly,ASM05,431,11,97.45,16.67,82.87,13.46
2026-09-23T20:00:00Z,Molding,MLD03,1436,41,97.24,81.67,64.59,51.29
2026-09-23T20:00:00Z,Molding,MLD05,1088,58,94.96,75.0,52.66,37.5
2026-09-23T20:00:00Z,Molding,MLD06,1310,69,94.98,83.33,61.3,48.52
2026-09-23T20:00:00Z,Molding,MLD07,359,17,95.45,25.0,57.9,13.82
2026-09-23T20:00:00Z,Coating,COT01,1444,28,98.09,98.33,62.39,60.18
2026-09-23T20:00:00Z,Coating,COT02,1214,39,96.9,58.33,67.12,37.94
2026-09-23T20:00:00Z,Coating,COT03,1329,37,97.3,61.67,73.84,44.3
2026-09-23T20:00:00Z,Packaging,PKG04,1489,70,95.51,68.33,76.05,49.63
2026-09-23T20:00:00Z,Packaging,PKG05,949,137,87.36,71.67,58.31,36.5
2026-09-23T20:00:00Z,Packaging,PKG06,1531,139,91.68,68.33,78.82,49.37
2026-09-23T20:00:00Z,Packaging,PKG07,748,84,89.87,71.67,48.41,31.18
2026-09-23T20:00:00Z,Packaging,PKG08,1923,214,89.99,100.0,66.79,60.1
2026-09-23T20:00:00Z,Kitting,KIT03,1581,26,98.4,63.33,84.54,52.68
2026-09-23T20:00:00Z,Kitting,KIT04,2518,6,99.76,93.33,81.96,76.32
2026-09-23T20:00:00Z,Kitting,KIT05,1563,35,97.8,86.67,63.59,53.9
2026-09-23T20:00:00Z,Kitting,KIT07,1150,5,99.54,45.0,85.6,38.34
2026-09-23T20:00:00Z,Kitting,KIT08,1679,6,99.64,81.67,66.56,54.16
2026-09-23T21:00:00Z,Assembly,ASM01,1253,26,97.97,43.33,86.81,36.86
2026-09-23T21:00:00Z,Assembly,ASM02,1550,45,97.17,71.67,74.2,51.67
2026-09-23T21:00:00Z,Assembly,ASM05,2390,43,98.24,90.0,84.48,74.69
2026-09-23T21:00:00Z,Molding,MLD03,1366,39,97.25,66.67,75.27,48.8
2026-09-23T21:00:00Z,Molding,MLD04,1553,38,97.58,60.0,80.36,47.05
2026-09-23T21:00:00Z,Molding,MLD05,1394,77,94.74,80.0,63.44,48.08
2026-09-23T21:00:00Z,Molding,MLD07,1509,72,95.42,83.33,72.99,58.04
2026-09-23T21:00:00Z,Coating,COT01,680,26,96.27,50.0,58.83,28.32
2026-09-23T21:00:00Z,Coating,COT02,1895,72,96.34,76.67,80.17,59.21
2026-09-23T21:00:00Z,Coating,COT03,2002,47,97.71,88.33,77.33,66.74
2026-09-23T21:00:00Z,Packaging,PKG04,811,36,95.73,45.0,62.79,27.05
2026-09-23T21:00:00Z,Packaging,PKG05,834,134,86.2,76.67,48.56,32.09
2026-09-23T21:00:00Z,Packaging,PKG06,991,83,92.27,46.67,74.23,31.96
2026-09-23T21:00:00Z,Packaging,PKG07,1021,112,90.12,100.0,47.21,42.55
2026-09-23T21:00:00Z,Packaging,PKG08,601,72,89.33,31.67,66.45,18.8
2026-09-23T21:00:00Z,Kitting,KIT03,1625,4,99.78,73.33,74.03,54.17
2026-09-23T21:00:00Z,Kitting,KIT04,1616,34,97.95,58.33,85.7,48.97
2026-09-23T21:00:00Z,Kitting,KIT05,1641,46,97.26,93.33,62.33,56.59
2026-09-23T21:00:00Z,Kitting,KIT08,526,12,97.83,23.33,74.26,16.95
2026-09-23T22:00:00Z,Assembly,ASM01,1630,50,97.04,60.0,82.33,47.94
2026-09-23T22:00:00Z,Assembly,ASM02,1758,58,96.82,75.0,80.69,58.59
2026-09-23T22:00:00Z,Assembly,ASM05,1943,55,97.23,76.67,81.45,60.72
2026-09-23T22:00:00Z,Molding,MLD03,879,13,98.55,43.33,73.49,31.38
2026-09-23T22:00:00Z,Molding,MLD04,2034,26,98.72,80.0,78.05,61.64
2026-09-23T22:00:00Z,Molding,MLD05,1054,69,93.83,70.0,55.36,36.36
2026-09-23T22:00:00Z,Molding,MLD06,1450,79,94.82,81.67,69.33,53.69
2026-09-23T22:00:00Z,Molding,MLD07,1237,58,95.51,86.67,57.49,47.58
2026-09-23T22:00:00Z,Coating,COT01,1119,35,96.96,83.33,57.71,46.63
2026-09-23T22:00:00Z,Coating,COT02,2095,65,96.98,85.0,79.41,65.46
2026-09-23T22:00:00Z,Coating,COT03,1308,26,98.06,68.33,65.06,43.6
2026-09-23T22:00:00Z,Packaging,PKG04,1860,90,95.38,96.67,67.23,61.99
2026-09-23T22:00:00Z,Packaging,PKG05,864,127,87.21,68.33,55.75,33.23
2026-09-23T22:00:00Z,Packaging,PKG06,393,38,91.15,16.67,83.37,12.67
2026-09-23T22:00:00Z,Packaging,PKG07,656,63,91.27,51.67,57.97,27.34
2026-09-23T22:00:00Z,Kitting,KIT04,2476,13,99.47,85.0,88.73,75.02
2026-09-23T22:00:00Z,Kitting,KIT05,2046,51,97.56,100.0,72.31,70.55
2026-09-23T22:00:00Z,Kitting,KIT07,1209,4,99.67,53.33,75.83,40.31
2026-09-23T22:00:00Z,Kitting,KIT08,100,2,97.68,5.0,66.34,3.24
2026-09-23T23:00:00Z,Assembly,ASM01,2451,75,97.02,88.33,84.12,72.09
2026-09-23T23:00:00Z,Assembly,ASM02,2241,101,95.67,91.67,85.16,74.69
2026-09-23T23:00:00Z,Assembly,ASM05,2014,61,97.07,81.67,79.38,62.93
2026-09-23T23:00:00Z,Molding,MLD03,826,17,98.0,40.0,75.28,29.51
2026-09-23T23:00:00Z,Molding,MLD04,2306,54,97.72,91.67,78.02,69.88
2026-09-23T23:00:00Z,Molding,MLD05,1143,66,94.53,78.33,53.2,39.4
2026-09-23T23:00:00Z,Molding,MLD06,1303,79,94.29,76.67,66.75,48.25
2026-09-23T23:00:00Z,Molding,MLD07,1020,34,96.73,60.0,67.58,39.22
2026-09-23T23:00:00Z,Coating,COT01,1361,30,97.88,91.67,63.21,56.71
2026-09-23T23:00:00Z,Coating,COT02,1990,75,96.36,83.33,77.46,62.2
2026-09-23T23:00:00Z,Coating,COT03,1548,28,98.25,70.0,75.04,51.61
2026-09-23T23:00:00Z,Packaging,PKG04,1469,88,94.36,78.33,66.23,48.95
2026-09-23T23:00:00Z,Packaging,PKG05,734,117,86.26,61.67,53.08,28.24
2026-09-23T23:00:00Z,Packaging,PKG06,1981,157,92.65,81.67,84.44,63.89
2026-09-23T23:00:00Z,Packaging,PKG07,736,81,90.09,73.33,46.39,30.65
2026-09-23T23:00:00Z,Packaging,PKG08,1734,174,90.89,76.67,77.76,54.18
2026-09-23T23:00:00Z,Kitting,KIT04,2350,46,98.1,85.0,85.4,71.21
2026-09-23T23:00:00Z,Kitting,KIT05,925,10,98.96,50.0,64.43,31.88
2026-09-23T23:00:00Z,Kitting,KIT07,770,9,98.88,33.33,77.86,25.66
2026-09-23T23:00:00Z,Kitting,KIT08,1875,15,99.21,85.0,71.7,60.47
2026-09-24T00:00:00Z,Assembly,ASM01,1779,56,96.94,66.67,80.96,52.32
2026-09-24T00:00:00Z,Assembly,ASM02,1042,54,95.11,50.0,73.02,34.73
2026-09-24T00:00:00Z,Assembly,ASM05,2272,38,98.34,88.33,81.73,70.99
2026-09-24T00:00:00Z,Molding,MLD03,1886,58,97.02,100.0,69.44,67.37
2026-09-24T00:00:00Z,Molding,MLD04,2370,38,98.41,100.0,73.0,71.83
2026-09-24T00:00:00Z,Molding,MLD05,1571,83,94.95,98.33,58.0,54.16
2026-09-24T00:00:00Z,Molding,MLD06,1031,61,94.43,73.33,55.14,38.19
2026-09-24T00:00:00Z,Coating,COT01,1184,27,97.79,81.67,61.78,49.34
2026-09-24T00:00:00Z,Coating,COT02,2288,81,96.56,100.0,74.04,71.5
2026-09-24T00:00:00Z,Coating,COT03,1980,59,97.08,90.0,75.55,66.01
2026-09-24T00:00:00Z,Packaging,PKG04,1819,120,93.82,85.0,76.04,60.64
2026-09-24T00:00:00Z,Packaging,PKG05,589,89,86.91,46.67,55.85,22.65
2026-09-24T00:00:00Z,Packaging,PKG06,2429,193,92.62,100.0,84.61,78.37
2026-09-24T00:00:00Z,Packaging,PKG07,336,33,91.0,31.67,48.51,13.98
2026-09-24T00:00:00Z,Kitting,KIT03,840,13,98.47,38.33,74.17,28.0
2026-09-24T00:00:00Z,Kitting,KIT04,2780,56,98.02,100.0,85.93,84.23
2026-09-24T00:00:00Z,Kitting,KIT05,1856,44,97.68,100.0,65.53,64.0
2026-09-24T00:00:00Z,Kitting,KIT07,2491,2,99.9,93.33,89.07,83.05
2026-09-24T00:00:00Z,Kitting,KIT08,1542,35,97.8,75.0,67.81,49.74
2026-09-24T01:00:00Z,Assembly,ASM01,2176,84,96.3,76.67,86.7,64.01
2026-09-24T01:00:00Z,Assembly,ASM02,1723,63,96.46,83.33,71.46,57.44
2026-09-24T01:00:00Z,Assembly,ASM05,2224,43,98.11,80.0,88.53,69.49
2026-09-24T01:00:00Z,Molding,MLD03,1629,26,98.45,76.67,77.07,58.17
2026-09-24T01:00:00Z,Molding,MLD04,307,6,98.15,11.67,81.14,9.29
2026-09-24T01:00:00Z,Molding,MLD05,1361,70,95.11,88.33,55.85,46.92
2026-09-24T01:00:00Z,Molding,MLD06,1635,69,95.93,100.0,63.14,60.56
2026-09-24T01:00:00Z,Coating,COT01,1503,43,97.24,96.67,66.62,62.62
2026-09-24T01:00:00Z,Coating,COT02,765,22,97.21,36.67,67.09,23.91
2026-09-24T01:00:00Z,Coating,COT03,1573,21,98.7,83.33,63.73,52.42
2026-09-24T01:00:00Z,Packaging,PKG04,1296,72,94.74,71.67,63.62,43.2
2026-09-24T01:00:00Z,Packaging,PKG05,1194,182,86.76,96.67,54.77,45.93
2026-09-24T01:00:00Z,Packaging,PKG06,501,46,91.57,23.33,75.68,16.17
2026-09-24T01:00:00Z,Packaging,PKG07,566,58,90.75,51.67,50.29,23.58
2026-09-24T01:00:00Z,Kitting,KIT03,2307,4,99.81,100.0,77.06,76.91
2026-09-24T01:00:00Z,Kitting,KIT04,2717,19,99.31,90.0,92.1,82.32
2026-09-24T01:00:00Z,Kitting,KIT05,1557,43,97.32,75.0,73.55,53.69
2026-09-24T01:00:00Z,Kitting,KIT07,1220,15,98.82,46.67,88.19,40.67
2026-09-24T01:00:00Z,Kitting,KIT08,2039,10,99.5,95.0,69.59,65.78
2026-09-24T02:00:00Z,Assembly,ASM01,2583,108,95.97,95.0,83.31,75.96
2026-09-24T02:00:00Z,Assembly,ASM02,2030,66,96.85,86.67,80.61,67.66
2026-09-24T02:00:00Z,Assembly,ASM05,1974,52,97.41,71.67,88.37,61.7
2026-09-24T02:00:00Z,Molding,MLD03,1609,47,97.16,83.33,70.97,57.46
2026-09-24T02:00:00Z,Molding,MLD04,1036,26,97.54,40.0,80.44,31.38
2026-09-24T02:00:00Z,Molding,MLD05,1410,79,94.68,93.33,55.02,48.62
2026-09-24T02:00:00Z,Molding,MLD06,1165,63,94.91,81.67,55.68,43.16
2026-09-24T02:00:00Z,Molding,MLD07,77,2,97.68,5.0,60.6,2.96
2026-09-24T02:00:00Z,Coating,COT01,1248,25,98.02,81.67,64.94,51.98
2026-09-24T02:00:00Z,Coating,COT02,1225,35,97.24,55.0,71.57,38.28
2026-09-24T02:00:00Z,Coating,COT03,1891,46,97.62,88.33,73.1,63.04
2026-09-24T02:00:00Z,Packaging,PKG04,1447,67,95.59,76.67,65.8,48.22
2026-09-24T02:00:00Z,Packaging,PKG05,1006,140,87.79,71.67,61.48,38.68
2026-09-24T02:00:00Z,Packaging,PKG07,853,81,91.28,88.33,44.06,35.53
2026-09-24T02:00:00Z,Packaging,PKG08,1059,120,89.86,53.33,69.07,33.1
2026-09-24T02:00:00Z,Kitting,KIT03,86,2,98.15,3.33,87.27,2.86
2026-09-24T02:00:00Z,Kitting,KIT04,2481,59,97.68,90.0,85.5,75.17
2026-09-24T02:00:00Z,Kitting,KIT05,1671,19,98.87,85.0,68.56,57.62
2026-09-24T02:00:00Z,Kitting,KIT07,1593,2,99.9,68.33,77.76,53.08
2026-09-24T02:00:00Z,Kitting,KIT08,1745,8,99.53,80.0,70.68,56.28
2026-09-24T11:00:00Z,Assembly,ASM01,2623,74,97.26,100.0,79.32,77.15
2026-09-24T11:00:00Z,Assembly,ASM02,1074,47,95.83,46.67,80.06,35.8
2026-09-24T11:00:00Z,Assembly,ASM05,1148,28,97.66,50.0,73.47,35.88
2026-09-24T11:00:00Z,Molding,MLD03,945,36,96.37,53.33,65.69,33.76
2026-09-24T11:00:00Z,Molding,MLD04,1781,29,98.37,80.0,68.57,53.96
2026-09-24T11:00:00Z,Molding,MLD05,1617,78,95.42,91.67,63.75,55.75
2026-09-24T11:00:00Z,Molding,MLD06,965,56,94.55,61.67,61.29,35.73
2026-09-24T11:00:00Z,Molding,MLD07,1088,42,96.3,71.67,60.65,41.86
2026-09-24T11:00:00Z,Coating,COT01,1065,30,97.3,81.67,55.85,44.38
2026-09-24T11:00:00Z,Coating,COT02,1247,32,97.47,65.0,61.49,38.96
2026-09-24T11:00:00Z,Coating,COT03,834,12,98.54,45.0,62.71,27.81
2026-09-24T11:00:00Z,Packaging,PKG04,648,38,94.46,41.67,54.9,21.61
2026-09-24T11:00:00Z,Packaging,PKG05,1135,174,86.68,100.0,50.34,43.64
2026-09-24T11:00:00Z,Packaging,PKG06,1734,153,91.88,83.33,73.04,55.92
2026-09-24T11:00:00Z,Packaging,PKG07,898,97,90.25,88.33,46.92,37.41
2026-09-24T11:00:00Z,Packaging,PKG08,453,47,90.64,20.0,78.15,14.17
2026-09-24T11:00:00Z,Kitting,KIT03,479,11,97.85,23.33,69.9,15.96
2026-09-24T11:00:00Z,Kitting,KIT04,2625,59,97.8,95.0,85.63,79.56
2026-09-24T11:00:00Z,Kitting,KIT05,1851,46,97.56,100.0,65.42,63.83
2026-09-24T11:00:00Z,Kitting,KIT07,1365,4,99.73,65.0,70.17,45.49
2026-09-24T12:00:00Z,Assembly,ASM01,2415,66,97.34,80.0,91.21,71.03
2026-09-24T12:00:00Z,Assembly,ASM02,2257,97,95.86,91.67,85.63,75.25
2026-09-24T12:00:00Z,Molding,MLD03,1893,74,96.22,100.0,70.28,67.62
2026-09-24T12:00:00Z,Molding,MLD04,2095,23,98.9,76.67,83.72,63.48
2026-09-24T12:00:00Z,Molding,MLD05,1398,66,95.48,86.67,58.26,48.21
2026-09-24T12:00:00Z,Molding,MLD06,1715,64,96.39,100.0,65.89,63.51
2026-09-24T12:00:00Z,Coating,COT01,1426,35,97.58,90.0,67.64,59.4
2026-09-24T12:00:00Z,Coating,COT02,1875,42,97.8,80.0,74.88,58.59
2026-09-24T12:00:00Z,Coating,COT03,2012,27,98.69,88.33,76.95,67.08
2026-09-24T12:00:00Z,Packaging,PKG04,1885,102,94.89,100.0,66.24,62.85
2026-09-24T12:00:00Z,Packaging,PKG05,1164,165,87.58,81.67,62.61,44.78
2026-09-24T12:00:00Z,Packaging,PKG06,2308,219,91.32,100.0,81.52,74.44
2026-09-24T12:00:00Z,Packaging,PKG07,908,84,91.54,85.0,48.6,37.82
2026-09-24T12:00:00Z,Packaging,PKG08,1442,174,89.25,66.67,75.72,45.06
2026-09-24T12:00:00Z,Kitting,KIT03,2224,7,99.7,95.0,78.28,74.15
2026-09-24T12:00:00Z,Kitting,KIT04,2134,39,98.19,75.0,87.82,64.67
2026-09-24T12:00:00Z,Kitting,KIT05,1236,34,97.33,58.33,75.07,42.62
2026-09-24T12:00:00Z,Kitting,KIT07,2039,29,98.59,80.0,86.16,67.96
2026-09-24T13:00:00Z,Assembly,ASM01,2197,94,95.9,75.0,89.85,64.62
2026-09-24T13:00:00Z,Assembly,ASM02,2479,85,96.67,100.0,85.5,82.65
2026-09-24T13:00:00Z,Assembly,ASM05,2372,48,98.02,100.0,75.62,74.12
2026-09-24T13:00:00Z,Molding,MLD03,1500,57,96.31,80.0,69.52,53.57
2026-09-24T13:00:00Z,Molding,MLD04,1763,5,99.73,73.33,73.06,53.43
2026-09-24T13:00:00Z,Molding,MLD05,1520,84,94.76,93.33,59.25,52.4
2026-09-24T13:00:00Z,Molding,MLD06,995,36,96.46,56.67,67.41,36.85
2026-09-24T13:00:00Z,Coating,COT01,1210,41,96.73,80.0,65.14,50.41
2026-09-24T13:00:00Z,Coating,COT02,1839,56,97.05,85.0,69.67,57.47
2026-09-24T13:00:00Z,Coating,COT03,1835,34,98.16,85.0,73.3,61.15
2026-09-24T13:00:00Z,Packaging,PKG04,1712,87,95.15,83.33,71.98,57.07
2026-09-24T13:00:00Z,Packaging,PKG05,1058,145,87.98,83.33,55.49,40.68
2026-09-24T13:00:00Z,Packaging,PKG06,1437,123,92.12,68.33,73.62,46.34
2026-09-24T13:00:00Z,Packaging,PKG07,384,39,90.83,40.0,44.06,16.01
2026-09-24T13:00:00Z,Packaging,PKG08,1883,189,90.88,85.0,76.18,58.85
2026-09-24T13:00:00Z,Kitting,KIT03,1652,18,98.94,73.33,75.89,55.06
2026-09-24T13:00:00Z,Kitting,KIT04,2958,71,97.65,100.0,91.8,89.64
2026-09-24T13:00:00Z,Kitting,KIT05,1100,31,97.27,51.67,75.5,37.94
2026-09-24T13:00:00Z,Kitting,KIT07,2210,2,99.9,96.67,76.3,73.68
2026-09-24T13:00:00Z,Kitting,KIT08,792,12,98.55,35.0,74.03,25.53
2026-09-24T14:00:00Z,Assembly,ASM01,2418,74,97.03,81.67,89.73,71.11
2026-09-24T14:00:00Z,Assembly,ASM02,1442,72,95.24,66.67,75.71,48.07
2026-09-24T14:00:00Z,Assembly,ASM05,1791,64,96.55,76.67,75.62,55.97
2026-09-24T14:00:00Z,Molding,MLD03,1690,53,96.98,78.33,79.46,60.36
2026-09-24T14:00:00Z,Molding,MLD04,2091,11,99.46,86.67,73.5,63.35
2026-09-24T14:00:00Z,Molding,MLD05,1045,68,93.87,56.67,67.74,36.03
2026-09-24T14:00:00Z,Molding,MLD06,1436,67,95.57,91.67,60.72,53.2
2026-09-24T14:00:00Z,Coating,COT01,1087,35,96.87,71.67,65.25,45.3
2026-09-24T14:00:00Z,Coating,COT02,2455,51,97.95,100.0,78.33,76.72
2026-09-24T14:00:00Z,Coating,COT03,1007,21,97.93,51.67,66.36,33.58
2026-09-24T14:00:00Z,Packaging,PKG04,1513,78,95.12,85.0,62.4,50.45
2026-09-24T14:00:00Z,Packaging,PKG05,1089,179,85.85,80.0,60.98,41.88
2026-09-24T14:00:00Z,Packaging,PKG07,1017,109,90.36,85.0,55.17,42.37
2026-09-24T14:00:00Z,Packaging,PKG08,1657,166,90.88,78.33,72.72,51.77
2026-09-24T14:00:00Z,Kitting,KIT03,1669,15,99.09,71.67,78.35,55.64
2026-09-24T14:00:00Z,Kitting,KIT04,2125,28,98.72,80.0,81.52,64.38
2026-09-24T14:00:00Z,Kitting,KIT05,1352,36,97.39,76.67,62.43,46.61
2026-09-24T14:00:00Z,Kitting,KIT07,1896,29,98.48,73.33,87.53,63.21
2026-09-24T14:00:00Z,Kitting,KIT08,1831,14,99.24,95.0,62.65,59.07
2026-09-24T15:00:00Z,Assembly,ASM01,1049,45,95.92,36.67,87.74,30.86
2026-09-24T15:00:00Z,Assembly,ASM02,1647,73,95.76,76.67,74.77,54.89
2026-09-24T15:00:00Z,Assembly,ASM05,2074,61,97.13,90.0,74.13,64.8
2026-09-24T15:00:00Z,Molding,MLD03,2119,33,98.48,98.33,78.16,75.69
2026-09-24T15:00:00Z,Molding,MLD04,1836,46,97.56,71.67,79.57,55.63
2026-09-24T15:00:00Z,Molding,MLD05,1370,73,94.95,81.67,60.92,47.24
2026-09-24T15:00:00Z,Molding,MLD06,1003,61,94.29,56.67,69.53,37.15
2026-09-24T15:00:00Z,Molding,MLD07,294,9,97.04,18.33,63.65,11.32
2026-09-24T15:00:00Z,Coating,COT01,1182,44,96.4,76.67,66.63,49.24
2026-09-24T15:00:00Z,Coating,COT03,34,1,97.32,1.67,70.12,1.14
2026-09-24T15:00:00Z,Packaging,PKG04,1046,64,94.25,58.33,63.42,34.87
2026-09-24T15:00:00Z,Packaging,PKG05,673,106,86.38,61.67,48.56,25.87
2026-09-24T15:00:00Z,Packaging,PKG07,877,103,89.53,76.67,53.26,36.56
2026-09-24T15:00:00Z,Packaging,PKG08,954,112,89.5,41.67,79.91,29.8
2026-09-24T15:00:00Z,Kitting,KIT03,1774,22,98.75,80.0,74.85,59.14
2026-09-24T15:00:00Z,Kitting,KIT04,2266,43,98.15,85.0,82.3,68.66
2026-09-24T15:00:00Z,Kitting,KIT05,378,13,96.64,18.33,73.61,13.04
2026-09-24T15:00:00Z,Kitting,KIT07,2205,36,98.38,100.0,74.72,73.51
2026-09-24T15:00:00Z,Kitting,KIT08,1341,25,98.14,70.0,62.99,43.27
2026-09-24T16:00:00Z,Assembly,ASM01,2370,87,96.46,85.0,85.04,69.72
2026-09-24T16:00:00Z,Assembly,ASM02,2107,97,95.58,100.0,73.49,70.24
2026-09-24T16:00:00Z,Assembly,ASM05,1770,28,98.43,68.33,82.22,55.3
2026-09-24T16:00:00Z,Molding,MLD03,1616,30,98.18,83.33,70.56,57.73
2026-09-24T16:00:00Z,Molding,MLD04,1629,40,97.59,65.0,77.8,49.35
2026-09-24T16:00:00Z,Molding,MLD05,1524,84,94.79,81.67,67.9,52.56
2026-09-24T16:00:00Z,Molding,MLD06,953,36,96.37,53.33,68.71,35.31
2026-09-24T16:00:00Z,Molding,MLD07,1700,68,96.17,95.0,71.57,65.39
2026-09-24T16:00:00Z,Coating,COT01,1316,40,97.06,93.33,60.51,54.81
2026-09-24T16:00:00Z,Coating,COT03,1266,31,97.58,56.67,76.3,42.19
2026-09-24T16:00:00Z,Packaging,PKG04,1452,90,94.16,66.67,77.1,48.4
2026-09-24T16:00:00Z,Packaging,PKG05,1186,161,88.07,88.33,58.63,45.61
2026-09-24T16:00:00Z,Packaging,PKG06,1146,83,93.23,46.67,84.97,36.97
2026-09-24T16:00:00Z,Packaging,PKG07,927,94,90.78,80.0,53.21,38.64
2026-09-24T16:00:00Z,Packaging,PKG08,587,61,90.52,31.67,64.03,18.35
2026-09-24T16:00:00Z,Kitting,KIT03,2349,27,98.88,90.0,87.98,78.29
2026-09-24T16:00:00Z,Kitting,KIT04,2545,14,99.44,90.0,86.17,77.12
2026-09-24T16:00:00Z,Kitting,KIT05,1978,65,96.83,100.0,70.44,68.21
2026-09-24T16:00:00Z,Kitting,KIT07,1817,15,99.17,78.33,77.96,60.56
2026-09-24T16:00:00Z,Kitting,KIT08,1743,20,98.86,78.33,72.59,56.21
2026-09-24T17:00:00Z,Assembly,ASM01,2464,83,96.74,90.0,83.22,72.46
2026-09-24T17:00:00Z,Assembly,ASM02,1543,45,97.18,63.33,83.55,51.42
2026-09-24T17:00:00Z,Assembly,ASM05,1347,44,96.84,56.67,76.73,42.11
2026-09-24T17:00:00Z,Molding,MLD03,1525,54,96.6,73.33,76.89,54.47
2026-09-24T17:00:00Z,Molding,MLD04,1912,39,97.98,70.0,84.47,57.93
2026-09-24T17:00:00Z,Molding,MLD05,363,18,95.38,20.0,65.66,12.53
2026-09-24T17:00:00Z,Molding,MLD06,1374,51,96.4,81.67,64.62,50.88
2026-09-24T17:00:00Z,Molding,MLD07,1445,38,97.43,85.0,67.12,55.59
2026-09-24T17:00:00Z,Coating,COT01,1197,38,96.9,81.67,63.02,49.87
2026-09-24T17:00:00Z,Coating,COT03,1813,22,98.8,80.0,76.47,60.44
2026-09-24T17:00:00Z,Packaging,PKG04,1701,120,93.44,80.0,75.86,56.7
2026-09-24T17:00:00Z,Packaging,PKG05,1166,157,88.14,86.67,58.7,44.84
2026-09-24T17:00:00Z,Packaging,PKG06,1460,113,92.8,61.67,82.29,47.09
2026-09-24T17:00:00Z,Packaging,PKG07,782,83,90.39,83.33,43.28,32.6
2026-09-24T17:00:00Z,Packaging,PKG08,1636,166,90.81,76.67,73.44,51.13
2026-09-24T17:00:00Z,Kitting,KIT03,2275,28,98.78,95.0,80.82,75.85
2026-09-24T17:00:00Z,Kitting,KIT04,3002,57,98.15,100.0,92.67,90.96
2026-09-24T17:00:00Z,Kitting,KIT05,642,18,97.25,35.0,65.07,22.15
2026-09-24T17:00:00Z,Kitting,KIT07,2086,2,99.9,80.0,87.02,69.55
2026-09-24T17:00:00Z,Kitting,KIT08,1735,45,97.45,80.0,71.77,55.95
2026-09-24T18:00:00Z,Assembly,ASM01,1912,40,97.98,71.67,80.1,56.24
2026-09-24T18:00:00Z,Assembly,ASM02,67,3,95.35,3.33,70.36,2.24
2026-09-24T18:00:00Z,Assembly,ASM05,1688,56,96.8,65.0,83.83,52.74
2026-09-24T18:00:00Z,Molding,MLD03,1285,37,97.18,60.0,78.73,45.91
2026-09-24T18:00:00Z,Molding,MLD04,1720,13,99.27,68.33,76.85,52.13
2026-09-24T18:00:00Z,Molding,MLD05,1376,139,90.81,96.67,54.07,47.46
2026-09-24T18:00:00Z,Molding,MLD06,1412,54,96.3,83.33,65.18,52.31
2026-09-24T18:00:00Z,Molding,MLD07,369,13,96.54,25.0,58.87,14.21
2026-09-24T18:00:00Z,Coating,COT01,1180,38,96.88,71.67,70.8,49.16
2026-09-24T18:00:00Z,Coating,COT02,473,9,98.06,18.33,82.25,14.79
2026-09-24T18:00:00Z,Coating,COT03,1738,62,96.57,88.33,67.91,57.93
2026-09-24T18:00:00Z,Packaging,PKG04,1944,121,94.16,90.0,76.45,64.79
2026-09-24T18:00:00Z,Packaging,PKG05,1097,170,86.6,91.67,53.13,42.18
2026-09-24T18:00:00Z,Packaging,PKG06,1396,116,92.3,68.33,71.38,45.02
2026-09-24T18:00:00Z,Packaging,PKG07,595,93,86.43,58.33,49.17,24.79
2026-09-24T18:00:00Z,Packaging,PKG08,2103,264,88.85,100.0,73.95,65.7
2026-09-24T18:00:00Z,Kitting,KIT03,2258,39,98.3,95.0,80.6,75.27
2026-09-24T18:00:00Z,Kitting,KIT04,1970,33,98.35,76.67,79.19,59.71
2026-09-24T18:00:00Z,Kitting,KIT05,1536,51,96.81,78.33,69.85,52.97
2026-09-24T18:00:00Z,Kitting,KIT07,2457,8,99.68,100.0,82.17,81.91
2026-09-24T18:00:00Z,Kitting,KIT08,1971,23,98.87,86.67,74.22,63.6
2026-09-24T19:00:00Z,Assembly,ASM01,1709,45,97.42,58.33,88.47,50.28
2026-09-24T19:00:00Z,Assembly,ASM02,2010,77,96.3,98.33,70.74,66.99
2026-09-24T19:00:00Z,Assembly,ASM05,2165,54,97.56,83.33,83.21,67.65
2026-09-24T19:00:00Z,Molding,MLD03,1854,53,97.23,96.67,70.46,66.22
2026-09-24T19:00:00Z,Molding,MLD04,2244,48,97.9,81.67,85.06,68.01
2026-09-24T19:00:00Z,Molding,MLD06,1245,73,94.46,90.0,54.26,46.13
2026-09-24T19:00:00Z,Molding,MLD07,1249,40,96.87,86.67,57.22,48.04
2026-09-24T19:00:00Z,Coating,COT01,1081,43,96.16,70.0,66.9,45.03
2026-09-24T19:00:00Z,Coating,COT02,1665,62,96.42,66.67,80.94,52.03
2026-09-24T19:00:00Z,Coating,COT03,674,18,97.34,33.33,69.2,22.45
2026-09-24T19:00:00Z,Packaging,PKG04,1847,109,94.42,100.0,65.21,61.57
2026-09-24T19:00:00Z,Packaging,PKG05,704,110,86.46,50.0,62.6,27.06
2026-09-24T19:00:00Z,Packaging,PKG06,2193,214,91.11,96.67,80.33,70.75
2026-09-24T19:00:00Z,Packaging,PKG07,1113,159,87.49,100.0,53.01,46.38
2026-09-24T19:00:00Z,Packaging,PKG08,1915,187,91.08,88.33,74.38,59.85
2026-09-24T19:00:00Z,Kitting,KIT03,1741,10,99.45,70.0,83.36,58.03
2026-09-24T19:00:00Z,Kitting,KIT04,1799,32,98.26,60.0,92.48,54.52
2026-09-24T19:00:00Z,Kitting,KIT05,1702,25,98.58,86.67,68.68,58.67
2026-09-24T19:00:00Z,Kitting,KIT07,2218,2,99.9,88.33,83.76,73.92
2026-09-24T19:00:00Z,Kitting,KIT08,2166,56,97.49,93.33,76.8,69.89
2026-09-24T20:00:00Z,Assembly,ASM01,2709,86,96.93,96.67,85.02,79.66
2026-09-24T20:00:00Z,Assembly,ASM02,2076,93,95.72,86.67,83.42,69.2
2026-09-24T20:00:00Z,Assembly,ASM05,1795,38,97.94,65.0,88.12,56.1
2026-09-24T20:00:00Z,Molding,MLD03,793,17,97.88,45.0,64.29,28.32
2026-09-24T20:00:00Z,Molding,MLD04,1017,9,99.09,40.0,77.72,30.81
2026-09-24T20:00:00Z,Molding,MLD05,1289,90,93.48,78.33,60.68,44.44
2026-09-24T20:00:00Z,Molding,MLD06,594,35,94.43,38.33,60.82,22.02
2026-09-24T20:00:00Z,Molding,MLD07,780,29,96.37,53.33,58.37,30.0
2026-09-24T20:00:00Z,Coating,COT01,1367,54,96.19,91.67,64.6,56.96
2026-09-24T20:00:00Z,Coating,COT02,1876,66,96.62,76.67,79.15,58.63
2026-09-24T20:00:00Z,Coating,COT03,587,7,98.87,31.67,62.46,19.55
2026-09-24T20:00:00Z,Packaging,PKG04,1324,81,94.23,61.67,75.97,44.14
2026-09-24T20:00:00Z,Packaging,PKG05,1176,161,87.95,93.33,55.08,45.22
2026-09-24T20:00:00Z,Packaging,PKG06,1455,133,91.61,66.67,76.86,46.94
2026-09-24T20:00:00Z,Packaging,PKG07,809,85,90.48,78.33,47.57,33.71
2026-09-24T20:00:00Z,Packaging,PKG08,1765,187,90.43,90.0,67.78,55.17
2026-09-24T20:00:00Z,Kitting,KIT03,1591,19,98.82,71.67,74.86,53.02
2026-09-24T20:00:00Z,Kitting,KIT04,1194,22,98.16,43.33,85.07,36.19
2026-09-24T20:00:00Z,Kitting,KIT05,1592,54,96.71,78.33,72.47,54.9
2026-09-24T20:00:00Z,Kitting,KIT07,1523,7,99.52,68.33,74.65,50.77
2026-09-24T20:00:00Z,Kitting,KIT08,1794,12,99.32,83.33,69.92,57.87
2026-09-24T21:00:00Z,Assembly,ASM01,2369,57,97.67,78.33,91.06,69.67
2026-09-24T21:00:00Z,Assembly,ASM02,2097,97,95.58,100.0,73.13,69.9
2026-09-24T21:00:00Z,Assembly,ASM05,2299,37,98.41,88.33,82.63,71.83
2026-09-24T21:00:00Z,Molding,MLD03,833,21,97.55,38.33,79.58,29.76
2026-09-24T21:00:00Z,Molding,MLD04,2672,39,98.57,95.0,86.47,80.97
2026-09-24T21:00:00Z,Molding,MLD05,1036,46,95.78,66.67,55.94,35.72
2026-09-24T21:00:00Z,Molding,MLD06,1508,73,95.37,90.0,65.09,55.87
2026-09-24T21:00:00Z,Molding,MLD07,513,19,96.49,28.33,72.19,19.74
2026-09-24T21:00:00Z,Coating,COT01,1141,46,96.14,71.67,68.99,47.53
2026-09-24T21:00:00Z,Coating,COT02,2093,52,97.59,83.33,80.42,65.4
2026-09-24T21:00:00Z,Coating,COT03,1834,56,97.03,100.0,63.0,61.13
2026-09-24T21:00:00Z,Packaging,PKG04,1742,99,94.62,85.0,72.18,58.05
2026-09-24T21:00:00Z,Packaging,PKG05,1124,155,87.88,83.33,59.05,43.24
2026-09-24T21:00:00Z,Packaging,PKG06,2046,178,91.98,100.0,71.74,65.99
2026-09-24T21:00:00Z,Packaging,PKG07,715,79,90.06,63.33,52.22,29.78
2026-09-24T21:00:00Z,Packaging,PKG08,1312,157,89.34,70.0,65.58,41.01
2026-09-24T21:00:00Z,Kitting,KIT03,2272,9,99.62,88.33,86.06,75.74
2026-09-24T21:00:00Z,Kitting,KIT04,2443,28,98.88,81.67,91.67,74.03
2026-09-24T21:00:00Z,Kitting,KIT05,2110,64,97.07,100.0,74.97,72.78
2026-09-24T21:00:00Z,Kitting,KIT07,2670,3,99.9,100.0,89.07,88.98
2026-09-24T21:00:00Z,Kitting,KIT08,1655,36,97.86,71.67,76.14,53.4
2026-09-24T22:00:00Z,Assembly,ASM01,2551,97,96.32,81.67,95.39,75.04
2026-09-24T22:00:00Z,Assembly,ASM02,1589,83,95.03,66.67,83.61,52.97
2026-09-24T22:00:00Z,Assembly,ASM05,2118,62,97.16,85.0,80.16,66.2
2026-09-24T22:00:00Z,Molding,MLD03,1717,36,97.96,81.67,76.67,61.34
2026-09-24T22:00:00Z,Molding,MLD04,1696,18,98.95,63.33,82.02,51.4
2026-09-24T22:00:00Z,Molding,MLD05,1417,72,95.19,95.0,54.03,48.86
2026-09-24T22:00:00Z,Molding,MLD06,1248,57,95.61,76.67,63.05,46.22
2026-09-24T22:00:00Z,Molding,MLD07,1694,40,97.7,100.0,66.69,65.15
2026-09-24T22:00:00Z,Coating,COT01,761,29,96.29,50.0,65.85,31.7
2026-09-24T22:00:00Z,Coating,COT02,1900,62,96.82,75.0,81.75,59.36
2026-09-24T22:00:00Z,Coating,COT03,489,7,98.61,25.0,66.17,16.31
2026-09-24T22:00:00Z,Packaging,PKG04,1644,111,93.68,91.67,63.83,54.82
2026-09-24T22:00:00Z,Packaging,PKG05,759,106,87.72,63.33,52.54,29.19
2026-09-24T22:00:00Z,Packaging,PKG06,1690,126,93.04,71.67,81.75,54.51
2026-09-24T22:00:00Z,Packaging,PKG07,1033,111,90.27,83.33,57.2,43.03
2026-09-24T22:00:00Z,Packaging,PKG08,1367,137,90.9,73.33,64.1,42.73
2026-09-24T22:00:00Z,Kitting,KIT03,2271,16,99.28,100.0,76.23,75.69
2026-09-24T22:00:00Z,Kitting,KIT04,2732,51,98.17,100.0,84.32,82.78
2026-09-24T22:00:00Z,Kitting,KIT05,790,15,98.18,40.0,69.34,27.23
2026-09-24T22:00:00Z,Kitting,KIT07,577,6,98.9,23.33,83.4,19.24
2026-09-24T22:00:00Z,Kitting,KIT08,1394,34,97.64,71.67,64.25,44.96
2026-09-24T23:00:00Z,Assembly,ASM01,2491,52,97.96,93.33,80.14,73.28
2026-09-24T23:00:00Z,Assembly,ASM02,1999,74,96.45,88.33,78.21,66.63
2026-09-24T23:00:00Z,Assembly,ASM05,2113,27,98.75,90.0,74.28,66.02
2026-09-24T23:00:00Z,Molding,MLD03,1797,49,97.35,83.33,79.11,64.18
2026-09-24T23:00:00Z,Molding,MLD04,1665,27,98.42,68.33,75.02,50.46
2026-09-24T23:00:00Z,Molding,MLD05,912,43,95.46,56.67,58.14,31.45
2026-09-24T23:00:00Z,Molding,MLD06,1629,61,96.41,100.0,62.57,60.32
2026-09-24T23:00:00Z,Molding,MLD07,1492,57,96.29,83.33,71.52,57.39
2026-09-24T23:00:00Z,Coating,COT01,1576,60,96.33,100.0,68.16,65.66
2026-09-24T23:00:00Z,Coating,COT02,2388,75,96.96,96.67,79.62,74.63
2026-09-24T23:00:00Z,Coating,COT03,1469,41,97.29,76.67,65.67,48.98
2026-09-24T23:00:00Z,Packaging,PKG04,1475,69,95.55,73.33,70.18,49.18
2026-09-24T23:00:00Z,Packaging,PKG05,1130,161,87.55,100.0,49.66,43.48
2026-09-24T23:00:00Z,Packaging,PKG06,1657,121,93.2,70.0,81.91,53.44
2026-09-24T23:00:00Z,Packaging,PKG07,928,86,91.47,78.33,53.96,38.66
2026-09-24T23:00:00Z,Kitting,KIT03,1267,31,97.58,53.33,81.14,42.22
2026-09-24T23:00:00Z,Kitting,KIT04,2014,24,98.81,76.67,80.58,61.04
2026-09-24T23:00:00Z,Kitting,KIT05,1712,53,97.0,85.0,71.61,59.04
2026-09-24T23:00:00Z,Kitting,KIT07,2559,3,99.9,98.33,86.82,85.28
2026-09-24T23:00:00Z,Kitting,KIT08,2360,30,98.76,100.0,77.08,76.12
2026-09-25T00:00:00Z,Assembly,ASM01,2565,89,96.65,86.67,90.08,75.45
2026-09-25T00:00:00Z,Assembly,ASM02,904,30,96.74,38.33,81.29,30.14
2026-09-25T00:00:00Z,Assembly,ASM05,2182,72,96.8,88.33,79.73,68.17
2026-09-25T00:00:00Z,Molding,MLD03,1465,54,96.45,75.0,72.34,52.33
2026-09-25T00:00:00Z,Molding,MLD04,1959,43,97.84,76.67,79.13,59.36
2026-09-25T00:00:00Z,Molding,MLD05,1320,64,95.37,78.33,60.95,45.53
2026-09-25T00:00:00Z,Molding,MLD06,1340,58,95.85,88.33,58.6,49.62
2026-09-25T00:00:00Z,Molding,MLD07,1389,37,97.38,80.0,68.57,53.42
2026-09-25T00:00:00Z,Coating,COT01,1229,50,96.08,81.67,65.24,51.19
2026-09-25T00:00:00Z,Coating,COT02,1962,51,97.45,88.33,71.23,61.32
2026-09-25T00:00:00Z,Coating,COT03,1251,23,98.2,65.0,65.34,41.7
2026-09-25T00:00:00Z,Packaging,PKG04,1821,109,94.36,86.67,74.22,60.7
2026-09-25T00:00:00Z,Packaging,PKG05,1016,141,87.82,78.33,56.81,39.08
2026-09-25T00:00:00Z,Packaging,PKG06,513,38,93.09,21.67,82.01,16.54
2026-09-25T00:00:00Z,Packaging,PKG07,731,86,89.53,71.67,47.5,30.47
2026-09-25T00:00:00Z,Kitting,KIT03,2019,51,97.55,80.0,86.24,67.31
2026-09-25T00:00:00Z,Kitting,KIT04,2547,62,97.61,88.33,89.51,77.18
2026-09-25T00:00:00Z,Kitting,KIT05,1578,42,97.39,86.67,64.47,54.41
2026-09-25T00:00:00Z,Kitting,KIT07,1220,5,99.62,53.33,76.54,40.67
2026-09-25T00:00:00Z,Kitting,KIT08,1666,16,99.05,75.0,72.33,53.73
2026-09-25T01:00:00Z,Assembly,ASM01,1115,37,96.82,36.67,92.42,32.81
2026-09-25T01:00:00Z,Assembly,ASM02,474,23,95.38,23.33,71.02,15.81
2026-09-25T01:00:00Z,Assembly,ASM05,1437,43,97.08,56.67,81.63,44.91
2026-09-25T01:00:00Z,Molding,MLD03,1629,61,96.37,85.0,71.02,58.18
2026-09-25T01:00:00Z,Molding,MLD04,2196,42,98.14,91.67,73.97,66.54
2026-09-25T01:00:00Z,Molding,MLD05,1481,87,94.43,100.0,54.07,51.06
2026-09-25T01:00:00Z,Molding,MLD06,1258,56,95.73,75.0,64.88,46.58
2026-09-25T01:00:00Z,Molding,MLD07,998,32,96.91,68.33,57.96,38.38
2026-09-25T01:00:00Z,Coating,COT01,1221,30,97.61,80.0,65.13,50.86
2026-09-25T01:00:00Z,Coating,COT02,1369,46,96.74,63.33,69.81,42.77
2026-09-25T01:00:00Z,Coating,COT03,1497,35,97.75,71.67,71.21,49.89
2026-09-25T01:00:00Z,Packaging,PKG04,1962,125,94.0,100.0,69.59,65.42
2026-09-25T01:00:00Z,Packaging,PKG05,1118,170,86.81,80.0,61.91,43.0
2026-09-25T01:00:00Z,Packaging,PKG07,928,93,90.92,100.0,42.52,38.66
2026-09-25T01:00:00Z,Packaging,PKG08,1569,196,88.91,76.67,71.94,49.04
2026-09-25T01:00:00Z,Kitting,KIT03,1771,5,99.71,70.0,84.58,59.03
2026-09-25T01:00:00Z,Kitting,KIT04,1680,4,99.75,55.0,92.81,50.92
2026-09-25T01:00:00Z,Kitting,KIT07,2296,23,99.01,88.33,87.5,76.52
2026-09-25T01:00:00Z,Kitting,KIT08,1508,21,98.66,71.67,68.81,48.65
2026-09-25T02:00:00Z,Assembly,ASM01,389,12,97.05,13.33,88.53,11.45
2026-09-25T02:00:00Z,Assembly,ASM02,1186,59,95.28,55.0,75.46,39.55
2026-09-25T02:00:00Z,Assembly,ASM05,1923,26,98.69,75.0,81.18,60.09
2026-09-25T02:00:00Z,Molding,MLD03,1821,36,98.07,85.0,78.02,65.04
2026-09-25T02:00:00Z,Molding,MLD04,1132,9,99.18,46.67,74.12,34.3
2026-09-25T02:00:00Z,Molding,MLD05,1067,75,93.41,60.0,65.62,36.78
2026-09-25T02:00:00Z,Molding,MLD06,1557,71,95.65,86.67,69.59,57.68
2026-09-25T02:00:00Z,Molding,MLD07,1064,33,96.95,60.0,70.35,40.92
2026-09-25T02:00:00Z,Coating,COT01,1251,55,95.77,88.33,61.63,52.14
2026-09-25T02:00:00Z,Coating,COT02,1102,25,97.76,50.0,70.47,34.44
2026-09-25T02:00:00Z,Coating,COT03,1731,22,98.74,76.67,76.23,57.71
2026-09-25T02:00:00Z,Packaging,PKG04,131,7,95.11,6.67,68.67,4.35
2026-09-25T02:00:00Z,Packaging,PKG05,1183,184,86.53,86.67,60.69,45.51
2026-09-25T02:00:00Z,Packaging,PKG06,1374,134,91.12,65.0,74.85,44.33
2026-09-25T02:00:00Z,Packaging,PKG07,191,20,90.54,18.33,48.04,7.97
2026-09-25T02:00:00Z,Packaging,PKG08,1465,157,90.32,73.33,69.13,45.78
2026-09-25T02:00:00Z,Kitting,KIT03,1658,42,97.55,71.67,79.03,55.25
2026-09-25T02:00:00Z,Kitting,KIT04,1954,45,97.76,71.67,84.52,59.22
2026-09-25T02:00:00Z,Kitting,KIT07,1949,23,98.83,73.33,89.65,64.97
2026-09-25T02:00:00Z,Kitting,KIT08,1197,33,97.3,61.67,64.35,38.61
2026-09-25T11:00:00Z,Assembly,ASM01,2251,98,95.82,88.33,78.23,66.21
2026-09-25T11:00:00Z,Assembly,ASM02,1893,87,95.61,88.33,74.74,63.12
2026-09-25T11:00:00Z,Assembly,ASM05,1830,27,98.56,83.33,69.63,57.19
2026-09-25T11:00:00Z,Molding,MLD03,1688,59,96.63,83.33,74.87,60.29
2026-09-25T11:00:00Z,Molding,MLD04,1226,29,97.69,50.0,76.07,37.16
2026-09-25T11:00:00Z,Molding,MLD05,1087,61,94.72,71.67,55.22,37.48
2026-09-25T11:00:00Z,Molding,MLD06,1044,50,95.45,80.0,50.61,38.65
2026-09-25T11:00:00Z,Molding,MLD07,979,25,97.52,68.33,56.48,37.64
2026-09-25T11:00:00Z,Coating,COT01,1155,33,97.19,95.0,52.12,48.13
2026-09-25T11:00:00Z,Coating,COT02,2098,47,97.8,100.0,67.02,65.55
2026-09-25T11:00:00Z,Coating,COT03,1049,29,97.35,55.0,65.29,34.96
2026-09-25T11:00:00Z,Packaging,PKG04,220,15,93.57,13.33,58.8,7.34
2026-09-25T11:00:00Z,Packaging,PKG05,854,139,86.03,71.67,53.3,32.86
2026-09-25T11:00:00Z,Packaging,PKG06,1792,150,92.28,91.67,68.33,57.8
2026-09-25T11:00:00Z,Packaging,PKG07,22,3,89.57,3.33,30.63,0.91
2026-09-25T11:00:00Z,Packaging,PKG08,1458,159,90.17,80.0,63.18,45.57
2026-09-25T11:00:00Z,Kitting,KIT03,2301,48,97.95,96.67,80.99,76.69
2026-09-25T11:00:00Z,Kitting,KIT04,1853,27,98.55,73.33,77.69,56.15
2026-09-25T11:00:00Z,Kitting,KIT05,1464,39,97.42,86.67,59.78,50.47
2026-09-25T11:00:00Z,Kitting,KIT07,1788,4,99.78,85.0,70.28,59.61
2026-09-25T11:00:00Z,Kitting,KIT08,2158,18,99.16,100.0,70.2,69.61
2026-09-25T12:00:00Z,Assembly,ASM01,2503,55,97.83,91.67,82.08,73.61
2026-09-25T12:00:00Z,Assembly,ASM02,1138,53,95.58,48.33,82.14,37.95
2026-09-25T12:00:00Z,Assembly,ASM05,904,28,97.0,38.33,75.95,28.24
2026-09-25T12:00:00Z,Molding,MLD03,1547,60,96.25,76.67,74.88,55.25
2026-09-25T12:00:00Z,Molding,MLD04,2667,20,99.24,93.33,87.24,80.81
2026-09-25T12:00:00Z,Molding,MLD05,1465,70,95.43,86.67,61.09,50.53
2026-09-25T12:00:00Z,Molding,MLD06,1369,73,94.96,91.67,58.26,50.71
2026-09-25T12:00:00Z,Coating,COT01,814,23,97.2,50.0,69.82,33.93
2026-09-25T12:00:00Z,Coating,COT02,348,12,96.56,15.0,75.01,10.86
2026-09-25T12:00:00Z,Coating,COT03,1658,36,97.88,73.33,77.02,55.28
2026-09-25T12:00:00Z,Packaging,PKG05,1102,182,85.82,88.33,55.93,42.4
2026-09-25T12:00:00Z,Packaging,PKG06,2015,179,91.84,88.33,80.11,64.99
2026-09-25T12:00:00Z,Packaging,PKG07,736,67,91.66,73.33,45.65,30.68
2026-09-25T12:00:00Z,Packaging,PKG08,2037,223,90.11,91.67,77.07,63.66
2026-09-25T12:00:00Z,Kitting,KIT03,1420,16,98.87,56.67,84.46,47.32
2026-09-25T12:00:00Z,Kitting,KIT04,1980,38,98.1,68.33,89.49,59.99
2026-09-25T12:00:00Z,Kitting,KIT05,1340,21,98.48,76.67,61.19,46.2
2026-09-25T12:00:00Z,Kitting,KIT07,1943,2,99.9,80.0,81.05,64.77
2026-09-25T12:00:00Z,Kitting,KIT08,168,2,98.72,8.33,65.98,5.43
2026-09-25T13:00:00Z,Assembly,ASM01,1613,66,96.07,58.33,84.64,47.43
2026-09-25T13:00:00Z,Assembly,ASM02,2374,87,96.46,100.0,82.03,79.13
2026-09-25T13:00:00Z,Assembly,ASM05,2682,66,97.58,100.0,85.88,83.8
2026-09-25T13:00:00Z,Molding,MLD03,1817,63,96.65,85.0,79.0,64.9
2026-09-25T13:00:00Z,Molding,MLD04,1801,6,99.66,70.0,78.24,54.59
2026-09-25T13:00:00Z,Molding,MLD05,195,13,93.69,13.33,53.76,6.72
2026-09-25T13:00:00Z,Molding,MLD06,1363,53,96.23,78.33,66.98,50.49
2026-09-25T13:00:00Z,Coating,COT02,961,26,97.37,40.0,77.08,30.02
2026-09-25T13:00:00Z,Coating,COT03,1756,28,98.41,88.33,67.33,58.53
2026-09-25T13:00:00Z,Packaging,PKG05,961,136,87.61,80.0,52.76,36.98
2026-09-25T13:00:00Z,Packaging,PKG06,1941,186,91.26,91.67,74.84,62.61
2026-09-25T13:00:00Z,Packaging,PKG07,323,33,90.71,26.67,55.71,13.48
2026-09-25T13:00:00Z,Packaging,PKG08,1414,167,89.45,63.33,77.98,44.18
2026-09-25T13:00:00Z,Kitting,KIT03,1964,4,99.81,76.67,85.53,65.45
2026-09-25T13:00:00Z,Kitting,KIT04,2132,34,98.43,76.67,85.62,64.61
2026-09-25T13:00:00Z,Kitting,KIT05,1550,31,98.01,83.33,65.43,53.44
2026-09-25T13:00:00Z,Kitting,KIT07,1547,2,99.9,65.0,79.43,51.58
2026-09-25T13:00:00Z,Kitting,KIT08,1986,54,97.37,96.67,68.07,64.07
2026-09-25T14:00:00Z,Assembly,ASM01,2093,42,98.05,76.67,81.89,61.56
2026-09-25T14:00:00Z,Assembly,ASM02,1485,52,96.62,60.0,85.37,49.49
2026-09-25T14:00:00Z,Assembly,ASM05,1325,44,96.78,50.0,85.59,41.41
2026-09-25T14:00:00Z,Molding,MLD03,1281,34,97.42,68.33,68.71,45.74
2026-09-25T14:00:00Z,Molding,MLD04,1637,37,97.78,70.0,72.46,49.59
2026-09-25T14:00:00Z,Molding,MLD05,1630,96,94.45,100.0,59.53,56.22
2026-09-25T14:00:00Z,Molding,MLD06,1554,81,95.04,93.33,64.88,57.55
2026-09-25T14:00:00Z,Coating,COT01,1343,53,96.22,83.33,69.76,55.94
2026-09-25T14:00:00Z,Coating,COT02,2169,51,97.72,88.33,78.51,67.77
2026-09-25T14:00:00Z,Coating,COT03,1820,33,98.21,91.67,67.39,60.66
2026-09-25T14:00:00Z,Packaging,PKG04,1067,61,94.57,50.0,75.25,35.58
2026-09-25T14:00:00Z,Packaging,PKG05,1365,222,85.99,100.0,61.05,52.5
2026-09-25T14:00:00Z,Packaging,PKG06,1757,139,92.69,81.67,74.88,56.68
2026-09-25T14:00:00Z,Packaging,PKG07,398,43,90.32,41.67,44.1,16.6
2026-09-25T14:00:00Z,Packaging,PKG08,1590,170,90.36,75.0,73.33,49.69
2026-09-25T14:00:00Z,Kitting,KIT03,2253,48,97.9,90.0,85.22,75.09
2026-09-25T14:00:00Z,Kitting,KIT04,1866,20,98.95,70.0,81.64,56.55
2026-09-25T14:00:00Z,Kitting,KIT05,929,18,98.1,53.33,61.21,32.02
2026-09-25T14:00:00Z,Kitting,KIT08,964,5,99.44,48.33,64.69,31.09
2026-09-25T15:00:00Z,Assembly,ASM01,2784,59,97.91,95.0,88.04,81.89
2026-09-25T15:00:00Z,Assembly,ASM02,1639,86,95.03,68.33,84.12,54.63
2026-09-25T15:00:00Z,Assembly,ASM05,1885,62,96.79,80.0,76.09,58.92
2026-09-25T15:00:00Z,Molding,MLD03,1975,54,97.32,95.0,76.31,70.55
2026-09-25T15:00:00Z,Molding,MLD04,2218,30,98.68,91.67,74.29,67.2
2026-09-25T15:00:00Z,Molding,MLD05,870,50,94.54,55.0,57.7,30.0
2026-09-25T15:00:00Z,Molding,MLD06,1112,68,94.26,63.33,68.97,41.18
2026-09-25T15:00:00Z,Molding,MLD07,678,22,96.86,38.33,70.26,26.09
2026-09-25T15:00:00Z,Coating,COT01,1249,50,96.15,81.67,66.26,52.03
2026-09-25T15:00:00Z,Coating,COT02,2257,47,97.96,95.0,75.77,70.52
2026-09-25T15:00:00Z,Coating,COT03,1730,36,97.94,85.0,69.27,57.66
2026-09-25T15:00:00Z,Packaging,PKG04,1821,114,94.09,98.33,65.62,60.71
2026-09-25T15:00:00Z,Packaging,PKG05,860,138,86.15,80.0,47.98,33.07
2026-09-25T15:00:00Z,Packaging,PKG06,1667,162,91.14,71.67,82.31,53.76
2026-09-25T15:00:00Z,Packaging,PKG07,432,50,89.66,41.67,48.21,18.01
2026-09-25T15:00:00Z,Packaging,PKG08,976,115,89.48,51.67,65.95,30.49
2026-09-25T15:00:00Z,Kitting,KIT03,1071,10,99.08,50.0,72.08,35.71
2026-09-25T15:00:00Z,Kitting,KIT04,2387,25,98.96,85.0,85.98,72.32
2026-09-25T15:00:00Z,Kitting,KIT05,1446,36,97.6,83.33,61.32,49.87
2026-09-25T15:00:00Z,Kitting,KIT08,1540,33,97.89,71.67,70.8,49.67
2026-09-25T16:00:00Z,Assembly,ASM01,1636,61,96.4,61.67,80.96,48.13
2026-09-25T16:00:00Z,Assembly,ASM02,743,37,95.3,36.67,70.89,24.77
2026-09-25T16:00:00Z,Assembly,ASM05,2350,67,97.24,90.0,83.89,73.42
2026-09-25T16:00:00Z,Molding,MLD03,1430,54,96.33,81.67,64.92,51.08
2026-09-25T16:00:00Z,Molding,MLD04,2435,25,98.98,100.0,74.56,73.8
2026-09-25T16:00:00Z,Molding,MLD05,1510,106,93.41,100.0,55.74,52.07
2026-09-25T16:00:00Z,Molding,MLD06,1212,65,94.89,70.0,67.61,44.91
2026-09-25T16:00:00Z,Molding,MLD07,1557,54,96.64,88.33,70.15,59.89
2026-09-25T16:00:00Z,Coating,COT01,773,23,97.13,56.67,58.51,32.21
2026-09-25T16:00:00Z,Coating,COT02,1177,40,96.7,55.0,69.15,36.78
2026-09-25T16:00:00Z,Coating,COT03,1811,38,97.95,83.33,73.94,60.35
2026-09-25T16:00:00Z,Packaging,PKG05,1142,183,86.17,100.0,50.98,43.93
2026-09-25T16:00:00Z,Packaging,PKG06,1532,121,92.67,71.67,74.39,49.4
2026-09-25T16:00:00Z,Packaging,PKG07,932,96,90.69,91.67,46.72,38.84
2026-09-25T16:00:00Z,Packaging,PKG08,1831,221,89.21,98.33,65.24,57.23
2026-09-25T16:00:00Z,Kitting,KIT03,1154,19,98.4,53.33,73.27,38.45
2026-09-25T16:00:00Z,Kitting,KIT04,2486,29,98.86,86.67,87.92,75.32
2026-09-25T16:00:00Z,Kitting,KIT05,1666,38,97.75,86.67,67.8,57.44
2026-09-25T16:00:00Z,Kitting,KIT07,1025,13,98.75,43.33,79.86,34.17
2026-09-25T16:00:00Z,Kitting,KIT08,1869,24,98.73,85.0,71.84,60.29
2026-09-25T17:00:00Z,Assembly,ASM01,2326,66,97.26,81.67,86.13,68.41
2026-09-25T17:00:00Z,Assembly,ASM02,764,30,96.28,36.67,72.12,25.46
2026-09-25T17:00:00Z,Assembly,ASM05,2230,80,96.56,83.33,86.61,69.69
2026-09-25T17:00:00Z,Molding,MLD03,1793,54,97.1,100.0,65.97,64.05
2026-09-25T17:00:00Z,Molding,MLD04,1417,28,98.06,50.0,87.6,42.95
2026-09-25T17:00:00Z,Molding,MLD05,615,40,93.89,40.0,56.48,21.21
2026-09-25T17:00:00Z,Molding,MLD06,1473,61,96.03,86.67,65.56,54.56
2026-09-25T17:00:00Z,Coating,COT01,582,25,95.83,43.33,58.42,24.26
2026-09-25T17:00:00Z,Coating,COT02,1675,51,97.03,66.67,80.94,52.36
2026-09-25T17:00:00Z,Coating,COT03,1679,40,97.65,86.67,66.11,55.95
2026-09-25T17:00:00Z,Packaging,PKG05,1058,165,86.47,91.67,51.32,40.68
2026-09-25T17:00:00Z,Packaging,PKG06,2335,194,92.32,100.0,81.59,75.33
2026-09-25T17:00:00Z,Packaging,PKG07,923,102,90.02,76.67,55.71,38.45
2026-09-25T17:00:00Z,Packaging,PKG08,1886,195,90.63,88.33,73.62,58.94
2026-09-25T17:00:00Z,Kitting,KIT03,1555,21,98.67,63.33,82.93,51.82
2026-09-25T17:00:00Z,Kitting,KIT04,1141,16,98.66,45.0,77.89,34.58
2026-09-25T17:00:00Z,Kitting,KIT05,1653,54,96.86,83.33,70.62,57.01
2026-09-25T17:00:00Z,Kitting,KIT07,2465,19,99.24,93.33,88.72,82.17
2026-09-25T17:00:00Z,Kitting,KIT08,1761,30,98.3,88.33,65.43,56.82
2026-09-25T18:00:00Z,Assembly,ASM01,2893,73,97.52,100.0,87.25,85.09
2026-09-25T18:00:00Z,Assembly,ASM02,2056,150,93.2,91.67,80.24,68.55
2026-09-25T18:00:00Z,Assembly,ASM05,2690,76,97.26,100.0,86.44,84.07
2026-09-25T18:00:00Z,Molding,MLD03,1682,29,98.32,90.0,67.88,60.07
2026-09-25T18:00:00Z,Molding,MLD04,1454,32,97.84,60.0,75.07,44.07
2026-09-25T18:00:00Z,Molding,MLD05,1410,63,95.71,88.33,57.53,48.64
2026-09-25T18:00:00Z,Molding,MLD06,1176,49,96.03,70.0,64.8,43.55
2026-09-25T18:00:00Z,Coating,COT01,1414,62,95.77,100.0,61.51,58.91
2026-09-25T18:00:00Z,Coating,COT02,2003,124,94.17,93.33,71.21,62.58
2026-09-25T18:00:00Z,Coating,COT03,1521,26,98.29,70.0,73.67,50.69
2026-09-25T18:00:00Z,Packaging,PKG05,772,110,87.51,65.0,52.18,29.68
2026-09-25T18:00:00Z,Packaging,PKG06,1655,130,92.7,81.67,70.5,53.37
2026-09-25T18:00:00Z,Packaging,PKG07,840,84,90.86,78.33,49.18,35.01
2026-09-25T18:00:00Z,Packaging,PKG08,1490,160,90.3,71.67,71.96,46.57
2026-09-25T18:00:00Z,Kitting,KIT03,1835,34,98.16,75.0,83.1,61.18
2026-09-25T18:00:00Z,Kitting,KIT04,2506,27,98.94,90.0,85.29,75.95
2026-09-25T18:00:00Z,Kitting,KIT05,1861,33,98.25,100.0,65.32,64.18
2026-09-25T18:00:00Z,Kitting,KIT08,1802,17,99.09,85.0,69.01,58.13
2026-09-25T19:00:00Z,Assembly,ASM01,2187,47,97.89,78.33,83.9,64.34
2026-09-25T19:00:00Z,Assembly,ASM02,1348,123,91.67,63.33,77.39,44.93
2026-09-25T19:00:00Z,Assembly,ASM05,2043,73,96.56,83.33,79.33,63.83
2026-09-25T19:00:00Z,Molding,MLD03,2076,47,97.8,100.0,75.83,74.16
2026-09-25T19:00:00Z,Molding,MLD04,1990,42,97.93,70.0,87.96,60.29
2026-09-25T19:00:00Z,Molding,MLD05,1576,101,93.98,86.67,66.73,54.35
2026-09-25T19:00:00Z,Molding,MLD06,1295,74,94.58,85.0,59.67,47.97
2026-09-25T19:00:00Z,Coating,COT01,1004,34,96.73,68.33,63.3,41.84
2026-09-25T19:00:00Z,Coating,COT02,1641,139,92.21,80.0,69.51,51.27
2026-09-25T19:00:00Z,Coating,COT03,1552,39,97.54,76.67,69.16,51.72
2026-09-25T19:00:00Z,Packaging,PKG04,785,91,89.64,41.67,70.09,26.18
2026-09-25T19:00:00Z,Packaging,PKG05,1214,186,86.69,95.0,56.71,46.71
2026-09-25T19:00:00Z,Packaging,PKG06,1713,144,92.24,81.67,73.36,55.26
2026-09-25T19:00:00Z,Packaging,PKG07,609,68,89.9,61.67,45.81,25.4
2026-09-25T19:00:00Z,Packaging,PKG08,1950,199,90.73,100.0,67.18,60.95
2026-09-25T19:00:00Z,Kitting,KIT03,2477,44,98.24,98.33,85.48,82.58
2026-09-25T19:00:00Z,Kitting,KIT04,1716,22,98.76,58.33,90.24,51.99
2026-09-25T19:00:00Z,Kitting,KIT05,1136,29,97.5,66.67,60.25,39.16
2026-09-25T19:00:00Z,Kitting,KIT07,1824,103,94.67,75.0,85.62,60.79
2026-09-25T19:00:00Z,Kitting,KIT08,1029,15,98.6,48.33,69.67,33.2
2026-09-25T20:00:00Z,Assembly,ASM01,1944,84,95.86,71.67,83.2,57.16
2026-09-25T20:00:00Z,Assembly,ASM02,1826,66,96.53,85.0,74.18,60.86
2026-09-25T20:00:00Z,Assembly,ASM05,2347,30,98.75,88.33,84.08,73.34
2026-09-25T20:00:00Z,Molding,MLD03,1122,41,96.5,61.67,67.35,40.08
2026-09-25T20:00:00Z,Molding,MLD04,2525,4,99.84,88.33,86.75,76.5
2026-09-25T20:00:00Z,Molding,MLD05,1048,72,93.58,70.0,55.17,36.14
2026-09-25T20:00:00Z,Molding,MLD06,1236,51,96.03,73.33,64.98,45.76
2026-09-25T20:00:00Z,Molding,MLD07,71,3,95.42,5.0,57.05,2.72
2026-09-25T20:00:00Z,Coating,COT01,1429,55,96.31,91.67,67.45,59.55
2026-09-25T20:00:00Z,Coating,COT02,2448,99,96.13,100.0,79.58,76.49
2026-09-25T20:00:00Z,Coating,COT03,1696,28,98.36,75.0,76.64,56.53
2026-09-25T20:00:00Z,Packaging,PKG04,1685,88,95.05,81.67,72.37,56.18
2026-09-25T20:00:00Z,Packaging,PKG05,548,88,86.16,40.0,61.13,21.07
2026-09-25T20:00:00Z,Packaging,PKG06,1029,76,93.13,41.67,85.53,33.19
2026-09-25T20:00:00Z,Packaging,PKG07,878,90,90.73,88.33,45.64,36.57
2026-09-25T20:00:00Z,Packaging,PKG08,1556,163,90.53,83.33,64.45,48.62
2026-09-25T20:00:00Z,Kitting,KIT03,1490,33,97.82,68.33,74.28,49.65
2026-09-25T20:00:00Z,Kitting,KIT04,2490,54,97.88,83.33,92.52,75.46
2026-09-25T20:00:00Z,Kitting,KIT05,1622,30,98.17,75.0,75.98,55.95
2026-09-25T20:00:00Z,Kitting,KIT07,2093,5,99.77,81.67,85.64,69.78
2026-09-25T20:00:00Z,Kitting,KIT08,1814,44,97.64,85.0,70.49,58.5
2026-09-25T21:00:00Z,Assembly,ASM01,3139,76,97.63,100.0,94.57,92.33
2026-09-25T21:00:00Z,Assembly,ASM02,2308,100,95.86,100.0,80.27,76.95
2026-09-25T21:00:00Z,Assembly,ASM05,2142,35,98.39,80.0,85.04,66.94
2026-09-25T21:00:00Z,Molding,MLD03,1730,66,96.32,83.33,76.97,61.79
2026-09-25T21:00:00Z,Molding,MLD04,1811,12,99.36,63.33,87.21,54.88
2026-09-25T21:00:00Z,Molding,MLD05,1373,84,94.26,80.0,62.78,47.34
2026-09-25T21:00:00Z,Molding,MLD06,829,51,94.22,53.33,61.14,30.72
2026-09-25T21:00:00Z,Molding,MLD07,1714,54,96.92,100.0,68.02,65.93
2026-09-25T21:00:00Z,Coating,COT01,129,4,97.17,8.33,66.45,5.38
2026-09-25T21:00:00Z,Coating,COT02,1590,28,98.28,65.0,77.79,49.7
2026-09-25T21:00:00Z,Coating,COT03,1726,29,98.37,85.0,68.79,57.52
2026-09-25T21:00:00Z,Packaging,PKG04,1682,113,93.69,81.67,73.28,56.07
2026-09-25T21:00:00Z,Packaging,PKG05,960,152,86.35,90.0,47.52,36.93
2026-09-25T21:00:00Z,Packaging,PKG07,982,103,90.55,78.33,57.71,40.93
2026-09-25T21:00:00Z,Packaging,PKG08,1219,128,90.5,56.67,74.26,38.08
2026-09-25T21:00:00Z,Kitting,KIT03,2080,31,98.55,96.67,72.79,69.35
2026-09-25T21:00:00Z,Kitting,KIT04,2035,51,97.55,76.67,82.44,61.66
2026-09-25T21:00:00Z,Kitting,KIT05,1764,33,98.17,100.0,61.95,60.82
2026-09-25T21:00:00Z,Kitting,KIT07,2230,22,99.03,88.33,84.96,74.32
2026-09-25T21:00:00Z,Kitting,KIT08,1197,13,98.89,53.33,73.2,38.61
2026-09-25T22:00:00Z,Assembly,ASM01,2002,43,97.9,65.0,92.54,58.89
2026-09-25T22:00:00Z,Assembly,ASM02,1559,69,95.74,66.67,81.44,51.98
2026-09-25T22:00:00Z,Assembly,ASM05,2301,73,96.94,86.67,85.57,71.89
2026-09-25T22:00:00Z,Molding,MLD03,1413,23,98.37,68.33,75.09,50.47
2026-09-25T22:00:00Z,Molding,MLD04,2077,24,98.88,76.67,83.02,62.93
2026-09-25T22:00:00Z,Molding,MLD05,1571,81,95.07,85.0,67.02,54.16
2026-09-25T22:00:00Z,Molding,MLD06,1248,48,96.33,85.0,56.46,46.23
2026-09-25T22:00:00Z,Molding,MLD07,1384,34,97.57,90.0,60.6,53.22
2026-09-25T22:00:00Z,Coating,COT01,1313,55,96.01,100.0,57.01,54.73
2026-09-25T22:00:00Z,Coating,COT02,920,22,97.62,43.33,67.97,28.75
2026-09-25T22:00:00Z,Coating,COT03,1302,33,97.56,63.33,70.25,43.41
2026-09-25T22:00:00Z,Packaging,PKG04,1324,87,93.84,71.67,65.65,44.15
2026-09-25T22:00:00Z,Packaging,PKG05,897,130,87.31,68.33,57.85,34.52
2026-09-25T22:00:00Z,Packaging,PKG07,931,99,90.39,80.0,53.65,38.79
2026-09-25T22:00:00Z,Packaging,PKG08,2085,219,90.48,100.0,72.01,65.15
2026-09-25T22:00:00Z,Kitting,KIT03,1544,24,98.44,61.67,84.81,51.48
2026-09-25T22:00:00Z,Kitting,KIT04,2072,54,97.45,81.67,78.89,62.78
2026-09-25T22:00:00Z,Kitting,KIT05,1092,14,98.76,61.67,61.82,37.65
2026-09-25T22:00:00Z,Kitting,KIT07,1687,4,99.76,75.0,75.14,56.22
2026-09-25T22:00:00Z,Kitting,KIT08,720,16,97.84,36.67,64.76,23.23
2026-09-25T23:00:00Z,Assembly,ASM01,1779,58,96.84,65.0,83.14,52.33
2026-09-25T23:00:00Z,Assembly,ASM02,2444,120,95.31,100.0,85.47,81.46
2026-09-25T23:00:00Z,Assembly,ASM05,2633,53,98.03,98.33,85.36,82.29
2026-09-25T23:00:00Z,Molding,MLD04,2302,14,99.39,96.67,72.61,69.76
2026-09-25T23:00:00Z,Molding,MLD05,1514,70,95.57,88.33,61.84,52.21
2026-09-25T23:00:00Z,Molding,MLD06,1074,51,95.44,66.67,62.53,39.78
2026-09-25T23:00:00Z,Molding,MLD07,1557,76,95.37,88.33,71.09,59.89
2026-09-25T23:00:00Z,Coating,COT01,45,1,97.09,3.33,57.74,1.87
2026-09-25T23:00:00Z,Coating,COT02,1667,28,98.34,76.67,69.11,52.1
2026-09-25T23:00:00Z,Coating,COT03,1861,47,97.55,88.33,71.98,62.02
2026-09-25T23:00:00Z,Packaging,PKG04,1426,86,94.29,80.0,63.02,47.53
2026-09-25T23:00:00Z,Packaging,PKG05,1233,182,87.16,93.33,58.29,47.42
2026-09-25T23:00:00Z,Packaging,PKG06,1090,101,91.48,46.67,82.33,35.15
2026-09-25T23:00:00Z,Packaging,PKG07,1009,109,90.28,100.0,46.56,42.04
2026-09-25T23:00:00Z,Packaging,PKG08,1337,150,89.93,63.33,73.33,41.77
2026-09-25T23:00:00Z,Kitting,KIT03,166,3,98.25,6.67,84.65,5.54
2026-09-25T23:00:00Z,Kitting,KIT04,2189,51,97.72,81.67,83.13,66.35
2026-09-25T23:00:00Z,Kitting,KIT05,1450,46,96.94,78.33,65.86,50.01
2026-09-25T23:00:00Z,Kitting,KIT07,2310,13,99.44,100.0,77.45,77.02
2026-09-25T23:00:00Z,Kitting,KIT08,1554,19,98.82,66.67,76.09,50.13
2026-09-26T00:00:00Z,Assembly,ASM01,2921,78,97.41,100.0,88.21,85.92
2026-09-26T00:00:00Z,Assembly,ASM02,1806,49,97.38,73.33,84.3,60.2
2026-09-26T00:00:00Z,Assembly,ASM05,1436,42,97.14,55.0,83.98,44.87
2026-09-26T00:00:00Z,Molding,MLD03,1944,44,97.78,98.33,72.19,69.41
2026-09-26T00:00:00Z,Molding,MLD04,2074,53,97.51,73.33,87.88,62.84
2026-09-26T00:00:00Z,Molding,MLD05,1414,91,93.98,85.0,61.03,48.75
2026-09-26T00:00:00Z,Molding,MLD06,546,33,94.36,31.67,67.64,20.21
2026-09-26T00:00:00Z,Molding,MLD07,117,4,97.07,6.67,69.62,4.51
2026-09-26T00:00:00Z,Coating,COT01,1384,54,96.28,88.33,67.8,57.66
2026-09-26T00:00:00Z,Coating,COT02,1754,64,96.49,73.33,77.46,54.81
2026-09-26T00:00:00Z,Coating,COT03,37,1,97.66,1.67,75.84,1.23
2026-09-26T00:00:00Z,Packaging,PKG04,188,9,95.23,10.0,65.91,6.28
2026-09-26T00:00:00Z,Packaging,PKG05,1308,195,87.01,100.0,57.82,50.31
2026-09-26T00:00:00Z,Packaging,PKG06,1361,135,90.99,65.0,74.25,43.91
2026-09-26T00:00:00Z,Packaging,PKG07,434,43,90.94,41.67,47.69,18.07
2026-09-26T00:00:00Z,Packaging,PKG08,2095,254,89.18,100.0,73.4,65.46
2026-09-26T00:00:00Z,Kitting,KIT03,2126,15,99.3,85.0,83.96,70.87
2026-09-26T00:00:00Z,Kitting,KIT04,2134,7,99.68,81.67,79.43,64.66
2026-09-26T00:00:00Z,Kitting,KIT05,2018,24,98.84,100.0,70.4,69.59
2026-09-26T00:00:00Z,Kitting,KIT07,1814,29,98.41,75.0,81.93,60.48
2026-09-26T01:00:00Z,Assembly,ASM01,2179,91,95.98,78.33,85.24,64.09
2026-09-26T01:00:00Z,Assembly,ASM02,182,9,95.37,8.33,76.36,6.07
2026-09-26T01:00:00Z,Assembly,ASM05,2522,68,97.39,100.0,80.94,78.82
2026-09-26T01:00:00Z,Molding,MLD03,1704,26,98.5,80.0,77.23,60.86
2026-09-26T01:00:00Z,Molding,MLD04,2464,56,97.76,100.0,76.37,74.66
2026-09-26T01:00:00Z,Molding,MLD05,1569,88,94.66,86.67,65.93,54.09
2026-09-26T01:00:00Z,Molding,MLD06,1556,74,95.48,88.33,68.34,57.63
2026-09-26T01:00:00Z,Molding,MLD07,802,25,97.01,45.0,70.67,30.85
2026-09-26T01:00:00Z,Coating,COT01,1116,23,97.95,68.33,69.45,46.48
2026-09-26T01:00:00Z,Coating,COT02,1899,69,96.47,83.33,73.81,59.34
2026-09-26T01:00:00Z,Coating,COT03,1983,59,97.1,100.0,68.09,66.11
2026-09-26T01:00:00Z,Packaging,PKG04,1524,71,95.52,73.33,72.51,50.79
2026-09-26T01:00:00Z,Packaging,PKG05,220,36,85.84,16.67,59.26,8.48
2026-09-26T01:00:00Z,Packaging,PKG06,1355,98,93.27,63.33,73.98,43.7
2026-09-26T01:00:00Z,Packaging,PKG08,1315,145,90.1,60.0,76.04,41.11
2026-09-26T01:00:00Z,Kitting,KIT03,999,24,97.62,41.67,81.86,33.3
2026-09-26T01:00:00Z,Kitting,KIT04,2299,32,98.65,86.67,81.5,69.68
2026-09-26T01:00:00Z,Kitting,KIT05,1691,43,97.52,83.33,71.76,58.32
2026-09-26T01:00:00Z,Kitting,KIT07,1583,9,99.41,68.33,77.66,52.76
2026-09-26T01:00:00Z,Kitting,KIT08,2122,18,99.17,98.33,70.19,68.45
2026-09-26T02:00:00Z,Assembly,ASM01,2233,58,97.46,80.0,84.24,65.68
2026-09-26T02:00:00Z,Assembly,ASM05,2366,82,96.64,86.67,88.28,73.94
2026-09-26T02:00:00Z,Molding,MLD03,1217,22,98.22,63.33,69.85,43.45
2026-09-26T02:00:00Z,Molding,MLD04,242,4,98.34,10.0,74.63,7.34
2026-09-26T02:00:00Z,Molding,MLD05,1286,58,95.66,78.33,59.16,44.33
2026-09-26T02:00:00Z,Molding,MLD06,1083,48,95.75,75.0,55.88,40.12
2026-09-26T02:00:00Z,Molding,MLD07,1499,70,95.56,93.33,64.65,57.66
2026-09-26T02:00:00Z,Coating,COT01,925,31,96.71,66.67,59.75,38.52
2026-09-26T02:00:00Z,Coating,COT02,2078,69,96.78,86.67,77.41,64.93
2026-09-26T02:00:00Z,Coating,COT03,1194,25,97.92,58.33,69.67,39.8
2026-09-26T02:00:00Z,Packaging,PKG04,1636,78,95.47,80.0,71.39,54.52
2026-09-26T02:00:00Z,Packaging,PKG05,690,97,87.65,50.0,60.52,26.52
2026-09-26T02:00:00Z,Packaging,PKG06,2140,175,92.46,100.0,74.66,69.03
2026-09-26T02:00:00Z,Packaging,PKG07,421,40,91.27,43.33,44.31,17.52
2026-09-26T02:00:00Z,Packaging,PKG08,1892,216,89.75,95.0,69.34,59.12
2026-09-26T02:00:00Z,Kitting,KIT03,2373,17,99.28,100.0,79.67,79.1
2026-09-26T02:00:00Z,Kitting,KIT04,1873,21,98.89,71.67,80.11,56.77
2026-09-26T02:00:00Z,Kitting,KIT05,1537,41,97.42,83.33,65.3,53.01
2026-09-26T02:00:00Z,Kitting,KIT07,1519,17,98.9,61.67,83.02,50.63
2026-09-26T02:00:00Z,Kitting,KIT08,1352,36,97.41,63.33,70.7,43.61
2026-09-26T11:00:00Z,Assembly,ASM01,1854,42,97.81,66.67,83.64,54.53
2026-09-26T11:00:00Z,Assembly,ASM02,1670,49,97.15,88.33,64.88,55.68
2026-09-26T11:00:00Z,Assembly,ASM05,1377,41,97.11,53.33,83.07,43.02
2026-09-26T11:00:00Z,Molding,MLD03,1762,31,98.29,98.33,65.1,62.92
2026-09-26T11:00:00Z,Molding,MLD04,1008,24,97.71,38.33,81.57,30.55
2026-09-26T11:00:00Z,Molding,MLD05,892,63,93.41,70.0,47.02,30.75
2026-09-26T11:00:00Z,Molding,MLD06,1141,63,94.79,83.33,53.48,42.24
2026-09-26T11:00:00Z,Molding,MLD07,1360,50,96.47,81.67,66.38,52.29
2026-09-26T11:00:00Z,Coating,COT02,1715,63,96.45,75.0,74.09,53.6
2026-09-26T11:00:00Z,Coating,COT03,1518,29,98.1,78.33,65.85,50.61
2026-09-26T11:00:00Z,Packaging,PKG04,1789,117,93.84,100.0,63.54,59.63
2026-09-26T11:00:00Z,Packaging,PKG05,682,109,86.23,66.67,45.62,26.22
2026-09-26T11:00:00Z,Packaging,PKG06,1780,146,92.41,78.33,79.34,57.43
2026-09-26T11:00:00Z,Packaging,PKG07,637,61,91.29,51.67,56.3,26.55
2026-09-26T11:00:00Z,Packaging,PKG08,1278,126,91.02,55.0,79.75,39.93
2026-09-26T11:00:00Z,Kitting,KIT03,1665,5,99.71,76.67,72.62,55.51
2026-09-26T11:00:00Z,Kitting,KIT04,1829,31,98.32,71.67,78.64,55.41
2026-09-26T11:00:00Z,Kitting,KIT05,1741,35,98.01,100.0,61.25,60.03
2026-09-26T11:00:00Z,Kitting,KIT07,1733,2,99.9,75.0,77.09,57.76
2026-09-26T11:00:00Z,Kitting,KIT08,1304,33,97.53,61.67,69.94,42.07
2026-09-26T12:00:00Z,Assembly,ASM01,2316,83,96.54,75.0,94.06,68.1
2026-09-26T12:00:00Z,Assembly,ASM02,1981,89,95.69,85.0,81.19,66.04
2026-09-26T12:00:00Z,Assembly,ASM05,689,16,97.78,26.67,82.54,21.52
2026-09-26T12:00:00Z,Molding,MLD03,1645,40,97.65,91.67,65.63,58.75
2026-09-26T12:00:00Z,Molding,MLD04,2564,55,97.91,100.0,79.36,77.7
2026-09-26T12:00:00Z,Molding,MLD06,882,48,94.81,58.33,59.06,32.66
2026-09-26T12:00:00Z,Molding,MLD07,1730,79,95.61,100.0,69.58,66.52
2026-09-26T12:00:00Z,Coating,COT01,1279,52,96.07,95.0,58.39,53.29
2026-09-26T12:00:00Z,Coating,COT02,2467,79,96.88,100.0,79.57,77.09
2026-09-26T12:00:00Z,Coating,COT03,2076,30,98.59,100.0,70.19,69.2
2026-09-26T12:00:00Z,Packaging,PKG04,1238,74,94.36,61.67,70.94,41.28
2026-09-26T12:00:00Z,Packaging,PKG05,749,101,88.11,60.0,54.49,28.81
2026-09-26T12:00:00Z,Packaging,PKG06,1621,159,91.05,81.67,70.33,52.3
2026-09-26T12:00:00Z,Packaging,PKG07,704,74,90.45,58.33,55.58,29.32
2026-09-26T12:00:00Z,Packaging,PKG08,1315,159,89.21,70.0,65.81,41.1
2026-09-26T12:00:00Z,Kitting,KIT03,2310,19,99.18,93.33,83.19,77.01
2026-09-26T12:00:00Z,Kitting,KIT04,1576,27,98.33,61.67,78.75,47.75
2026-09-26T12:00:00Z,Kitting,KIT05,1470,15,98.97,85.0,60.25,50.69
2026-09-26T12:00:00Z,Kitting,KIT07,2187,2,99.9,88.33,82.61,72.9
2026-09-26T12:00:00Z,Kitting,KIT08,1492,22,98.57,75.0,65.12,48.14
2026-09-26T13:00:00Z,Assembly,ASM01,998,42,95.93,35.0,87.42,29.35
2026-09-26T13:00:00Z,Assembly,ASM02,1076,41,96.29,46.67,79.8,35.86
2026-09-26T13:00:00Z,Assembly,ASM05,2618,36,98.64,98.33,84.35,81.81
2026-09-26T13:00:00Z,Molding,MLD03,1083,16,98.54,53.33,73.56,38.66
2026-09-26T13:00:00Z,Molding,MLD04,39,1,97.72,1.67,72.29,1.18
2026-09-26T13:00:00Z,Molding,MLD05,1400,82,94.46,80.0,63.89,48.28
2026-09-26T13:00:00Z,Molding,MLD06,1607,85,95.0,93.33,67.13,59.52
2026-09-26T13:00:00Z,Molding,MLD07,946,29,96.98,58.33,64.32,36.39
2026-09-26T13:00:00Z,Coating,COT01,1348,31,97.73,83.33,68.95,56.16
2026-09-26T13:00:00Z,Coating,COT02,2091,65,96.98,81.67,82.49,65.33
2026-09-26T13:00:00Z,Coating,COT03,1318,45,96.68,68.33,66.52,43.94
2026-09-26T13:00:00Z,Packaging,PKG04,2010,125,94.13,98.33,72.38,67.0
2026-09-26T13:00:00Z,Packaging,PKG05,223,35,86.5,20.0,49.65,8.59
2026-09-26T13:00:00Z,Packaging,PKG06,1937,189,91.11,86.67,79.12,62.48
2026-09-26T13:00:00Z,Packaging,PKG07,435,50,89.73,45.0,44.9,18.13
2026-09-26T13:00:00Z,Packaging,PKG08,1735,218,88.85,90.0,67.82,54.23
2026-09-26T13:00:00Z,Kitting,KIT03,2157,46,97.91,85.0,86.37,71.88
2026-09-26T13:00:00Z,Kitting,KIT05,1304,25,98.09,61.67,74.36,44.98
2026-09-26T13:00:00Z,Kitting,KIT07,2535,3,99.9,100.0,84.59,84.51
2026-09-26T13:00:00Z,Kitting,KIT08,1788,33,98.18,78.33,74.98,57.67
2026-09-26T14:00:00Z,Assembly,ASM01,2690,79,97.14,86.67,93.99,79.13
2026-09-26T14:00:00Z,Assembly,ASM02,2343,96,96.06,100.0,81.31,78.11
2026-09-26T14:00:00Z,Assembly,ASM05,2124,48,97.77,76.67,88.56,66.39
2026-09-26T14:00:00Z,Molding,MLD03,1270,18,98.59,66.67,68.98,45.34
2026-09-26T14:00:00Z,Molding,MLD05,1211,65,94.87,81.67,53.89,41.75
2026-09-26T14:00:00Z,Molding,MLD06,1413,70,95.3,100.0,54.93,52.35
2026-09-26T14:00:00Z,Molding,MLD07,1747,81,95.54,98.33,71.52,67.19
2026-09-26T14:00:00Z,Coating,COT01,1142,45,96.24,76.67,64.49,47.59
2026-09-26T14:00:00Z,Coating,COT02,1614,61,96.38,65.0,80.5,50.43
2026-09-26T14:00:00Z,Coating,COT03,1830,41,97.81,100.0,62.37,61.0
2026-09-26T14:00:00Z,Packaging,PKG04,1513,84,94.76,76.67,69.44,50.45
2026-09-26T14:00:00Z,Packaging,PKG05,717,112,86.49,51.67,61.73,27.59
2026-09-26T14:00:00Z,Packaging,PKG06,437,42,91.28,18.33,84.18,14.09
2026-09-26T14:00:00Z,Packaging,PKG07,736,86,89.51,80.0,42.83,30.67
2026-09-26T14:00:00Z,Packaging,PKG08,1861,187,90.87,86.67,73.84,58.16
2026-09-26T14:00:00Z,Kitting,KIT03,1956,28,98.59,80.0,82.64,65.19
2026-09-26T14:00:00Z,Kitting,KIT04,1870,37,98.08,63.33,91.21,56.66
2026-09-26T14:00:00Z,Kitting,KIT05,1474,25,98.34,80.0,64.6,50.82
2026-09-26T14:00:00Z,Kitting,KIT07,1531,23,98.52,58.33,88.82,51.04
2026-09-26T14:00:00Z,Kitting,KIT08,1715,23,98.68,78.33,71.55,55.31
2026-09-26T15:00:00Z,Assembly,ASM01,2144,60,97.29,71.67,90.45,63.07
2026-09-26T15:00:00Z,Assembly,ASM02,1412,44,96.95,58.33,83.2,47.05
2026-09-26T15:00:00Z,Assembly,ASM05,1991,57,97.21,83.33,76.81,62.23
2026-09-26T15:00:00Z,Molding,MLD03,1386,51,96.44,66.67,76.99,49.5
2026-09-26T15:00:00Z,Molding,MLD05,1442,66,95.64,88.33,58.87,49.73
2026-09-26T15:00:00Z,Molding,MLD06,1263,76,94.34,90.0,55.11,46.79
2026-09-26T15:00:00Z,Molding,MLD07,1224,52,95.94,83.33,58.86,47.06
2026-09-26T15:00:00Z,Coating,COT01,1001,42,96.01,63.33,68.61,41.72
2026-09-26T15:00:00Z,Coating,COT02,2041,45,97.82,80.0,81.5,63.78
2026-09-26T15:00:00Z,Coating,COT03,1900,38,98.02,91.67,70.47,63.32
2026-09-26T15:00:00Z,Packaging,PKG04,1402,72,95.12,78.33,62.74,46.75
2026-09-26T15:00:00Z,Packaging,PKG05,630,99,86.38,50.0,56.11,24.23
2026-09-26T15:00:00Z,Packaging,PKG06,1254,120,91.24,63.33,70.02,40.46
2026-09-26T15:00:00Z,Packaging,PKG07,609,66,90.25,60.0,46.87,25.38
2026-09-26T15:00:00Z,Packaging,PKG08,1292,142,90.08,60.0,74.72,40.39
2026-09-26T15:00:00Z,Kitting,KIT03,1228,27,97.87,48.33,86.52,40.93
2026-09-26T15:00:00Z,Kitting,KIT04,2661,21,99.23,88.33,91.99,80.63
2026-09-26T15:00:00Z,Kitting,KIT05,1807,23,98.77,93.33,67.6,62.32
2026-09-26T15:00:00Z,Kitting,KIT07,2100,6,99.71,81.67,85.98,70.01
2026-09-26T15:00:00Z,Kitting,KIT08,2109,37,98.29,98.33,70.38,68.03
2026-09-26T16:00:00Z,Assembly,ASM01,2148,93,95.85,73.33,89.87,63.17
2026-09-26T16:00:00Z,Assembly,ASM02,1478,41,97.28,63.33,79.96,49.27
2026-09-26T16:00:00Z,Assembly,ASM05,1724,52,97.1,73.33,75.68,53.89
2026-09-26T16:00:00Z,Molding,MLD03,1978,38,98.11,100.0,72.02,70.66
2026-09-26T16:00:00Z,Molding,MLD04,136,3,98.09,5.0,84.31,4.14
2026-09-26T16:00:00Z,Molding,MLD05,1531,71,95.56,100.0,55.25,52.8
2026-09-26T16:00:00Z,Molding,MLD06,1278,54,95.96,88.33,55.83,47.32
2026-09-26T16:00:00Z,Molding,MLD07,1416,38,97.39,88.33,63.32,54.48
2026-09-26T16:00:00Z,Coating,COT01,1604,46,97.24,100.0,68.75,66.85
2026-09-26T16:00:00Z,Coating,COT02,1852,68,96.48,80.0,74.99,57.88
2026-09-26T16:00:00Z,Coating,COT03,1656,53,96.91,88.33,64.47,55.19
2026-09-26T16:00:00Z,Packaging,PKG04,1782,117,93.86,83.33,75.93,59.39
2026-09-26T16:00:00Z,Packaging,PKG05,897,132,87.18,80.0,49.48,34.51
2026-09-26T16:00:00Z,Packaging,PKG06,1698,123,93.25,80.0,73.44,54.79
2026-09-26T16:00:00Z,Packaging,PKG07,1039,107,90.67,93.33,51.16,43.29
2026-09-26T16:00:00Z,Packaging,PKG08,1330,167,88.87,68.33,68.46,41.57
2026-09-26T16:00:00Z,Kitting,KIT03,1659,22,98.7,76.67,73.08,55.3
2026-09-26T16:00:00Z,Kitting,KIT04,2683,8,99.7,100.0,81.55,81.31
2026-09-26T16:00:00Z,Kitting,KIT05,963,20,97.98,50.0,67.79,33.21
2026-09-26T16:00:00Z,Kitting,KIT07,2139,36,98.33,90.0,80.57,71.3
2026-09-26T16:00:00Z,Kitting,KIT08,1863,43,97.73,88.33,69.61,60.09
2026-09-26T17:00:00Z,Assembly,ASM01,1741,32,98.2,58.33,89.4,51.21
2026-09-26T17:00:00Z,Assembly,ASM02,1541,80,95.09,73.33,73.66,51.37
2026-09-26T17:00:00Z,Assembly,ASM05,1455,49,96.75,61.67,76.23,45.48
2026-09-26T17:00:00Z,Molding,MLD03,1614,23,98.57,85.0,68.79,57.64
2026-09-26T17:00:00Z,Molding,MLD04,2623,27,98.97,100.0,80.31,79.48
2026-09-26T17:00:00Z,Molding,MLD05,127,8,94.37,8.33,55.48,4.36
2026-09-26T17:00:00Z,Molding,MLD06,1279,73,94.59,78.33,63.96,47.39
2026-09-26T17:00:00Z,Molding,MLD07,1556,37,97.66,88.33,69.39,59.86
2026-09-26T17:00:00Z,Coating,COT01,326,12,96.36,21.67,65.06,13.58
2026-09-26T17:00:00Z,Coating,COT02,518,17,96.84,23.33,71.67,16.19
2026-09-26T17:00:00Z,Coating,COT03,1095,24,97.85,56.67,65.85,36.51
2026-09-26T17:00:00Z,Packaging,PKG05,868,118,88.05,73.33,51.71,33.39
2026-09-26T17:00:00Z,Packaging,PKG06,2084,205,91.03,86.67,85.2,67.21
2026-09-26T17:00:00Z,Packaging,PKG07,460,54,89.59,45.0,47.59,19.18
2026-09-26T17:00:00Z,Packaging,PKG08,2302,242,90.5,100.0,79.49,71.94
2026-09-26T17:00:00Z,Kitting,KIT03,693,5,99.25,28.33,82.11,23.09
2026-09-26T17:00:00Z,Kitting,KIT04,2062,46,97.81,76.67,83.33,62.49
2026-09-26T17:00:00Z,Kitting,KIT05,377,8,97.8,20.0,66.48,13.0
2026-09-26T17:00:00Z,Kitting,KIT07,2106,5,99.75,85.0,82.78,70.19
2026-09-26T17:00:00Z,Kitting,KIT08,1329,26,98.12,66.67,65.53,42.86
2026-09-26T18:00:00Z,Assembly,ASM01,2300,89,96.29,76.67,91.65,67.66
2026-09-26T18:00:00Z,Assembly,ASM02,236,12,95.2,11.67,70.7,7.85
2026-09-26T18:00:00Z,Assembly,ASM05,2250,134,94.36,100.0,74.52,70.32
2026-09-26T18:00:00Z,Molding,MLD03,1601,23,98.58,86.67,66.92,57.17
2026-09-26T18:00:00Z,Molding,MLD04,2013,39,98.09,81.67,76.16,61.01
2026-09-26T18:00:00Z,Molding,MLD05,778,86,90.07,55.0,54.15,26.83
2026-09-26T18:00:00Z,Molding,MLD06,88,4,96.03,5.0,68.21,3.28
2026-09-26T18:00:00Z,Molding,MLD07,1323,61,95.59,93.33,57.04,50.89
2026-09-26T18:00:00Z,Coating,COT02,1640,30,98.21,63.33,82.39,51.24
2026-09-26T18:00:00Z,Coating,COT03,603,20,96.77,28.33,73.37,20.11
2026-09-26T18:00:00Z,Packaging,PKG05,166,23,87.82,15.0,48.38,6.37
2026-09-26T18:00:00Z,Packaging,PKG06,1867,168,91.74,80.0,82.08,60.24
2026-09-26T18:00:00Z,Packaging,PKG07,911,88,91.2,76.67,54.26,37.94
2026-09-26T18:00:00Z,Packaging,PKG08,1799,203,89.86,80.0,78.22,56.23
2026-09-26T18:00:00Z,Kitting,KIT04,1905,42,97.82,66.67,88.5,57.71
2026-09-26T18:00:00Z,Kitting,KIT05,895,26,97.16,43.33,73.3,30.86
2026-09-26T18:00:00Z,Kitting,KIT07,2030,7,99.67,88.33,76.86,67.67
2026-09-26T18:00:00Z,Kitting,KIT08,1509,37,97.62,68.33,72.99,48.69
2026-09-26T19:00:00Z,Assembly,ASM01,2353,91,96.29,85.0,84.57,69.21
2026-09-26T19:00:00Z,Assembly,ASM02,1893,76,96.14,76.67,85.59,63.09
2026-09-26T19:00:00Z,Assembly,ASM05,2178,162,93.09,90.0,81.25,68.07
2026-09-26T19:00:00Z,Molding,MLD03,1831,49,97.38,88.33,76.03,65.4
2026-09-26T19:00:00Z,Molding,MLD04,2374,53,97.81,100.0,73.57,71.95
2026-09-26T19:00:00Z,Molding,MLD05,1762,183,90.6,100.0,67.05,60.75
2026-09-26T19:00:00Z,Molding,MLD06,1450,77,94.97,91.67,61.69,53.7
2026-09-26T19:00:00Z,Molding,MLD07,1021,36,96.6,63.33,64.17,39.26
2026-09-26T19:00:00Z,Coating,COT02,2504,46,98.21,100.0,79.68,78.26
2026-09-26T19:00:00Z,Coating,COT03,2267,66,97.16,100.0,77.78,75.58
2026-09-26T19:00:00Z,Packaging,PKG04,1265,124,91.09,71.67,64.6,42.17
2026-09-26T19:00:00Z,Packaging,PKG05,1146,183,86.23,93.33,54.77,44.08
2026-09-26T19:00:00Z,Packaging,PKG06,1913,189,91.01,91.67,73.95,61.7
2026-09-26T19:00:00Z,Packaging,PKG07,742,83,89.96,71.67,47.95,30.91
2026-09-26T19:00:00Z,Packaging,PKG08,1980,201,90.77,98.33,69.33,61.88
2026-09-26T19:00:00Z,Kitting,KIT03,178,12,93.79,8.33,75.71,5.92
2026-09-26T19:00:00Z,Kitting,KIT04,2022,14,99.33,66.67,92.54,61.28
2026-09-26T19:00:00Z,Kitting,KIT05,1703,55,96.87,100.0,60.61,58.71
2026-09-26T19:00:00Z,Kitting,KIT07,221,1,99.61,8.33,88.84,7.37
2026-09-26T19:00:00Z,Kitting,KIT08,1747,31,98.25,88.33,64.93,56.35
2026-09-26T20:00:00Z,Assembly,ASM01,2171,77,96.58,75.0,88.16,63.86
2026-09-26T20:00:00Z,Assembly,ASM02,2004,99,95.29,85.0,82.49,66.82
2026-09-26T20:00:00Z,Assembly,ASM05,779,18,97.77,33.33,74.69,24.34
2026-09-26T20:00:00Z,Molding,MLD03,1209,29,97.66,65.0,68.0,43.17
2026-09-26T20:00:00Z,Molding,MLD04,552,11,98.09,21.67,78.76,16.74
2026-09-26T20:00:00Z,Molding,MLD05,1640,80,95.36,88.33,67.15,56.57
2026-09-26T20:00:00Z,Molding,MLD06,1414,55,96.29,100.0,54.4,52.38
2026-09-26T20:00:00Z,Molding,MLD07,902,32,96.58,51.67,69.53,34.69
2026-09-26T20:00:00Z,Coating,COT01,954,35,96.46,61.67,66.86,39.77
2026-09-26T20:00:00Z,Coating,COT02,1748,47,97.36,75.0,74.79,54.61
2026-09-26T20:00:00Z,Coating,COT03,349,12,96.56,18.33,65.63,11.62
2026-09-26T20:00:00Z,Packaging,PKG04,1575,96,94.25,81.67,68.2,52.49
2026-09-26T20:00:00Z,Packaging,PKG05,796,121,86.8,75.0,47.03,30.62
2026-09-26T20:00:00Z,Packaging,PKG06,2340,208,91.82,98.33,83.59,75.47
2026-09-26T20:00:00Z,Packaging,PKG07,1235,126,90.74,100.0,56.69,51.44
2026-09-26T20:00:00Z,Packaging,PKG08,771,93,89.21,41.67,64.85,24.11
2026-09-26T20:00:00Z,Kitting,KIT03,1817,36,98.04,80.0,77.23,60.57
2026-09-26T20:00:00Z,Kitting,KIT04,2294,20,99.13,88.33,79.39,69.52
2026-09-26T20:00:00Z,Kitting,KIT05,1388,42,97.05,70.0,70.45,47.86
2026-09-26T20:00:00Z,Kitting,KIT07,2385,2,99.9,100.0,79.56,79.48
2026-09-26T20:00:00Z,Kitting,KIT08,1565,30,98.11,78.33,65.67,50.47
2026-09-26T21:00:00Z,Assembly,ASM01,2824,52,98.19,100.0,84.59,83.06
2026-09-26T21:00:00Z,Assembly,ASM02,1557,48,97.03,68.33,78.28,51.9
2026-09-26T21:00:00Z,Molding,MLD03,1804,60,96.78,100.0,66.57,64.42
2026-09-26T21:00:00Z,Molding,MLD04,2541,52,98.0,100.0,78.59,77.01
2026-09-26T21:00:00Z,Molding,MLD05,477,29,94.24,33.33,52.39,16.46
2026-09-26T21:00:00Z,Molding,MLD06,1283,75,94.5,81.67,61.56,47.51
2026-09-26T21:00:00Z,Molding,MLD07,59,3,95.43,3.33,71.77,2.28
2026-09-26T21:00:00Z,Coating,COT01,1177,43,96.5,81.67,62.22,49.03
2026-09-26T21:00:00Z,Coating,COT02,1824,31,98.32,75.0,77.3,57.0
2026-09-26T21:00:00Z,Packaging,PKG04,1596,99,94.14,85.0,66.49,53.21
2026-09-26T21:00:00Z,Packaging,PKG05,961,154,86.17,90.0,47.67,36.97
2026-09-26T21:00:00Z,Packaging,PKG06,1275,109,92.14,56.67,78.75,41.12
2026-09-26T21:00:00Z,Packaging,PKG07,990,116,89.55,80.0,57.58,41.25
2026-09-26T21:00:00Z,Packaging,PKG08,1367,159,89.56,65.0,73.38,42.71
2026-09-26T21:00:00Z,Kitting,KIT03,2144,46,97.9,100.0,72.99,71.46
2026-09-26T21:00:00Z,Kitting,KIT04,1540,33,97.92,61.67,77.28,46.66
2026-09-26T21:00:00Z,Kitting,KIT05,1131,24,97.94,55.0,72.38,38.99
2026-09-26T21:00:00Z,Kitting,KIT07,1094,4,99.65,43.33,84.48,36.48
2026-09-26T21:00:00Z,Kitting,KIT08,1231,32,97.47,55.0,74.09,39.72
2026-09-26T22:00:00Z,Assembly,ASM01,2043,41,98.02,68.33,89.71,60.09
2026-09-26T22:00:00Z,Assembly,ASM02,1602,84,95.02,76.67,73.32,53.41
2026-09-26T22:00:00Z,Molding,MLD03,1549,28,98.24,80.0,70.39,55.32
2026-09-26T22:00:00Z,Molding,MLD04,1962,20,98.99,83.33,72.09,59.47
2026-09-26T22:00:00Z,Molding,MLD05,1813,96,94.95,100.0,65.83,62.51
2026-09-26T22:00:00Z,Molding,MLD06,1301,81,94.15,73.33,69.78,48.18
2026-09-26T22:00:00Z,Molding,MLD07,1489,71,95.43,100.0,60.01,57.27
2026-09-26T22:00:00Z,Coating,COT01,905,20,97.85,63.33,60.88,37.73
2026-09-26T22:00:00Z,Coating,COT02,2136,57,97.41,100.0,68.51,66.74
2026-09-26T22:00:00Z,Packaging,PKG04,1305,63,95.41,61.67,73.92,43.49
2026-09-26T22:00:00Z,Packaging,PKG05,690,101,87.25,58.33,52.16,26.55
2026-09-26T22:00:00Z,Packaging,PKG06,2123,164,92.85,90.0,81.96,68.49
2026-09-26T22:00:00Z,Packaging,PKG07,696,67,91.27,68.33,46.5,29.0
2026-09-26T22:00:00Z,Packaging,PKG08,1316,143,90.22,60.0,75.98,41.13
2026-09-26T22:00:00Z,Kitting,KIT03,1830,8,99.55,70.0,87.55,61.01
2026-09-26T22:00:00Z,Kitting,KIT04,1623,42,97.5,65.0,77.59,49.17
2026-09-26T22:00:00Z,Kitting,KIT05,1863,61,96.84,96.67,68.63,64.24
2026-09-26T22:00:00Z,Kitting,KIT08,949,7,99.3,48.33,63.81,30.62
2026-09-26T23:00:00Z,Assembly,ASM01,2854,53,98.17,90.0,95.02,83.95
2026-09-26T23:00:00Z,Assembly,ASM02,2172,64,97.14,88.33,84.38,72.4
2026-09-26T23:00:00Z,Assembly,ASM05,1692,41,97.64,68.33,79.24,52.87
2026-09-26T23:00:00Z,Molding,MLD03,1532,42,97.32,86.67,64.85,54.7
2026-09-26T23:00:00Z,Molding,MLD04,468,7,98.62,18.33,78.4,14.18
2026-09-26T23:00:00Z,Molding,MLD05,820,53,93.98,51.67,58.25,28.29
2026-09-26T23:00:00Z,Molding,MLD06,1260,69,94.81,78.33,62.83,46.66
2026-09-26T23:00:00Z,Molding,MLD07,887,41,95.56,50.0,71.41,34.12
2026-09-26T23:00:00Z,Coating,COT01,1251,55,95.81,90.0,60.44,52.12
2026-09-26T23:00:00Z,Coating,COT02,1883,69,96.46,83.33,73.22,58.85
2026-09-26T23:00:00Z,Coating,COT03,416,5,98.71,21.67,64.85,13.87
2026-09-26T23:00:00Z,Packaging,PKG04,1896,100,95.0,100.0,66.53,63.2
2026-09-26T23:00:00Z,Packaging,PKG05,1290,203,86.39,100.0,57.43,49.61
2026-09-26T23:00:00Z,Packaging,PKG06,1918,172,91.76,85.0,79.33,61.88
2026-09-26T23:00:00Z,Packaging,PKG07,493,54,90.17,40.0,57.0,20.56
2026-09-26T23:00:00Z,Packaging,PKG08,1960,220,89.89,96.67,70.49,61.25
2026-09-26T23:00:00Z,Kitting,KIT03,2547,65,97.52,100.0,87.06,84.9
2026-09-26T23:00:00Z,Kitting,KIT04,1823,16,99.1,70.0,79.63,55.24
2026-09-26T23:00:00Z,Kitting,KIT05,120,3,97.63,6.67,63.48,4.13
2026-09-26T23:00:00Z,Kitting,KIT08,2366,43,98.21,100.0,77.73,76.34
2026-09-27T00:00:00Z,Assembly,ASM01,2680,105,96.22,100.0,81.93,78.83
2026-09-27T00:00:00Z,Assembly,ASM02,2034,99,95.37,100.0,71.1,67.8
2026-09-27T00:00:00Z,Assembly,ASM05,2026,44,97.87,75.0,86.24,63.3
2026-09-27T00:00:00Z,Molding,MLD03,1563,40,97.53,86.67,66.03,55.81
2026-09-27T00:00:00Z,Molding,MLD04,1976,9,99.52,78.33,76.81,59.88
2026-09-27T00:00:00Z,Molding,MLD05,1540,78,95.18,90.0,61.99,53.1
2026-09-27T00:00:00Z,Molding,MLD06,1227,55,95.69,73.33,64.74,45.43
2026-09-27T00:00:00Z,Molding,MLD07,594,21,96.53,35.0,67.6,22.84
2026-09-27T00:00:00Z,Coating,COT01,1501,39,97.48,91.67,69.99,62.55
2026-09-27T00:00:00Z,Coating,COT02,1593,48,97.08,73.33,69.92,49.77
2026-09-27T00:00:00Z,Coating,COT03,1580,24,98.53,78.33,68.25,52.68
2026-09-27T00:00:00Z,Packaging,PKG04,488,30,94.2,26.67,64.73,16.26
2026-09-27T00:00:00Z,Packaging,PKG05,850,127,87.01,73.33,51.22,32.68
2026-09-27T00:00:00Z,Packaging,PKG07,642,71,90.04,70.0,42.46,26.76
2026-09-27T00:00:00Z,Packaging,PKG08,1248,128,90.71,56.67,75.88,39.01
2026-09-27T00:00:00Z,Kitting,KIT03,2135,11,99.51,81.67,87.57,71.17
2026-09-27T00:00:00Z,Kitting,KIT04,2710,11,99.59,100.0,82.46,82.12
2026-09-27T00:00:00Z,Kitting,KIT05,1953,34,98.27,100.0,68.53,67.34
2026-09-27T00:00:00Z,Kitting,KIT07,166,0,99.9,6.67,83.14,5.54
2026-09-27T00:00:00Z,Kitting,KIT08,907,22,97.65,40.0,74.88,29.25
2026-09-27T01:00:00Z,Assembly,ASM01,2631,54,97.98,90.0,87.76,77.39
2026-09-27T01:00:00Z,Assembly,ASM02,1268,36,97.24,53.33,81.52,42.28
2026-09-27T01:00:00Z,Molding,MLD03,1855,31,98.36,100.0,67.35,66.25
2026-09-27T01:00:00Z,Molding,MLD04,2296,7,99.68,80.0,87.25,69.57
2026-09-27T01:00:00Z,Molding,MLD05,1540,102,93.78,93.33,60.66,53.09
2026-09-27T01:00:00Z,Molding,MLD06,1072,57,94.91,75.0,55.76,39.69
2026-09-27T01:00:00Z,Molding,MLD07,1156,50,95.87,68.33,67.85,44.45
2026-09-27T01:00:00Z,Coating,COT01,1158,35,97.03,70.0,71.05,48.26
2026-09-27T01:00:00Z,Coating,COT02,1002,26,97.51,46.67,68.8,31.31
2026-09-27T01:00:00Z,Coating,COT03,2025,62,97.03,100.0,69.57,67.51
2026-09-27T01:00:00Z,Packaging,PKG04,574,30,95.04,31.67,63.62,19.15
2026-09-27T01:00:00Z,Packaging,PKG05,999,137,87.97,83.33,52.4,38.41
2026-09-27T01:00:00Z,Packaging,PKG07,928,90,91.16,93.33,45.45,38.67
2026-09-27T01:00:00Z,Packaging,PKG08,1236,129,90.53,66.67,64.02,38.64
2026-09-27T01:00:00Z,Kitting,KIT03,2125,9,99.58,83.33,85.36,70.84
2026-09-27T01:00:00Z,Kitting,KIT04,929,18,98.1,35.0,81.96,28.14
2026-09-27T01:00:00Z,Kitting,KIT05,868,14,98.4,41.67,73.0,29.93
2026-09-27T01:00:00Z,Kitting,KIT07,2695,3,99.9,100.0,89.92,89.83
2026-09-27T02:00:00Z,Assembly,ASM01,2044,38,98.16,65.0,94.21,60.11
2026-09-27T02:00:00Z,Assembly,ASM02,797,30,96.33,35.0,78.84,26.58
2026-09-27T02:00:00Z,Molding,MLD03,267,6,97.97,15.0,64.79,9.52
2026-09-27T02:00:00Z,Molding,MLD04,1495,6,99.62,61.67,73.76,45.31
2026-09-27T02:00:00Z,Molding,MLD05,1082,56,95.04,68.33,57.47,37.33
2026-09-27T02:00:00Z,Molding,MLD06,1441,79,94.83,88.33,63.72,53.37
2026-09-27T02:00:00Z,Molding,MLD07,1739,69,96.16,100.0,69.55,66.88
2026-09-27T02:00:00Z,Coating,COT01,617,18,97.1,40.0,66.22,25.72
2026-09-27T02:00:00Z,Coating,COT02,1868,65,96.63,78.33,77.11,58.37
2026-09-27T02:00:00Z,Coating,COT03,1127,33,97.19,61.67,62.65,37.55
2026-09-27T02:00:00Z,Packaging,PKG04,2066,97,95.53,100.0,72.1,68.87
2026-09-27T02:00:00Z,Packaging,PKG05,644,97,86.94,58.33,48.81,24.75
2026-09-27T02:00:00Z,Packaging,PKG06,1248,122,91.11,60.0,73.65,40.26
2026-09-27T02:00:00Z,Packaging,PKG07,840,97,89.63,80.0,48.8,34.99
2026-09-27T02:00:00Z,Packaging,PKG08,1984,239,89.26,88.33,78.64,62.0
2026-09-27T02:00:00Z,Kitting,KIT03,1994,12,99.4,80.0,83.57,66.46
2026-09-27T02:00:00Z,Kitting,KIT04,2086,20,99.05,78.33,81.46,63.2
2026-09-27T02:00:00Z,Kitting,KIT05,814,21,97.49,38.33,75.1,28.07
2026-09-27T02:00:00Z,Kitting,KIT07,1286,1,99.9,55.0,78.01,42.86
2026-09-27T02:00:00Z,Kitting,KIT08,908,15,98.42,45.0,66.14,29.29
2026-09-28T11:00:00Z,Assembly,ASM01,2230,74,96.8,85.0,79.73,65.6
2026-09-28T11:00:00Z,Assembly,ASM02,1031,40,96.29,56.67,62.96,34.35
2026-09-28T11:00:00Z,Assembly,ASM05,1429,43,97.08,73.33,62.73,44.66
2026-09-28T11:00:00Z,Molding,MLD03,900,26,97.16,55.0,60.13,32.13
2026-09-28T11:00:00Z,Molding,MLD04,1463,23,98.43,61.67,73.04,44.33
2026-09-28T11:00:00Z,Molding,MLD05,1015,60,94.42,83.33,44.47,34.99
2026-09-28T11:00:00Z,Molding,MLD06,1135,69,94.3,88.33,50.46,42.03
2026-09-28T11:00:00Z,Molding,MLD07,412,17,96.02,36.67,45.03,15.85
2026-09-28T11:00:00Z,Coating,COT01,878,31,96.62,81.67,46.38,36.59
2026-09-28T11:00:00Z,Coating,COT02,1711,70,96.09,83.33,66.76,53.46
2026-09-28T11:00:00Z,Coating,COT03,1324,32,97.61,85.0,53.2,44.14
2026-09-28T11:00:00Z,Packaging,PKG04,1105,54,95.35,68.33,56.54,36.84
2026-09-28T11:00:00Z,Packaging,PKG05,770,126,85.9,70.0,49.25,29.61
2026-09-28T11:00:00Z,Packaging,PKG06,1901,187,91.05,95.0,70.88,61.31
2026-09-28T11:00:00Z,Packaging,PKG07,576,59,90.78,60.0,44.06,24.0
2026-09-28T11:00:00Z,Packaging,PKG08,1862,182,91.09,100.0,63.86,58.18
2026-09-28T11:00:00Z,Kitting,KIT03,1352,3,99.78,70.0,64.51,45.06
2026-09-28T11:00:00Z,Kitting,KIT04,1919,20,98.98,75.0,78.34,58.16
2026-09-28T11:00:00Z,Kitting,KIT05,1220,36,97.16,83.33,51.94,42.05
2026-09-28T11:00:00Z,Kitting,KIT07,2003,16,99.22,85.0,79.15,66.75
2026-09-28T11:00:00Z,Kitting,KIT08,1173,30,97.52,61.67,62.91,37.83
2026-09-28T12:00:00Z,Assembly,ASM01,1968,63,96.9,70.0,85.34,57.88
2026-09-28T12:00:00Z,Assembly,ASM05,2318,34,98.56,100.0,73.49,72.43
2026-09-28T12:00:00Z,Molding,MLD03,57,2,96.58,3.33,63.68,2.05
2026-09-28T12:00:00Z,Molding,MLD04,2326,27,98.84,91.67,77.8,70.49
2026-09-28T12:00:00Z,Molding,MLD05,1374,66,95.41,90.0,55.16,47.37
2026-09-28T12:00:00Z,Molding,MLD06,1226,63,95.11,85.0,56.19,45.42
2026-09-28T12:00:00Z,Molding,MLD07,1664,70,95.95,100.0,66.7,64.0
2026-09-28T12:00:00Z,Coating,COT01,806,31,96.27,55.0,63.45,33.59
2026-09-28T12:00:00Z,Coating,COT02,195,4,97.85,8.33,74.56,6.08
2026-09-28T12:00:00Z,Coating,COT03,1494,29,98.11,88.33,57.45,49.78
2026-09-28T12:00:00Z,Packaging,PKG04,552,38,93.6,31.67,62.04,18.39
2026-09-28T12:00:00Z,Packaging,PKG05,545,88,86.14,58.33,41.72,20.96
2026-09-28T12:00:00Z,Packaging,PKG06,1712,162,91.37,81.67,74.03,55.24
2026-09-28T12:00:00Z,Packaging,PKG07,558,54,91.19,70.0,36.41,23.24
2026-09-28T12:00:00Z,Packaging,PKG08,1053,102,91.17,60.0,60.17,32.91
2026-09-28T12:00:00Z,Kitting,KIT03,2129,6,99.7,91.67,77.66,70.98
2026-09-28T12:00:00Z,Kitting,KIT04,1838,15,99.2,68.33,82.15,55.68
2026-09-28T12:00:00Z,Kitting,KIT05,853,13,98.48,53.33,56.03,29.43
2026-09-28T12:00:00Z,Kitting,KIT07,904,8,99.13,38.33,79.26,30.12
2026-09-28T12:00:00Z,Kitting,KIT08,1753,12,99.35,88.33,64.45,56.56
2026-09-28T13:00:00Z,Assembly,ASM05,2046,59,97.18,93.33,70.5,63.95
2026-09-28T13:00:00Z,Molding,MLD03,1505,22,98.55,90.0,60.61,53.76
2026-09-28T13:00:00Z,Molding,MLD04,2155,19,99.14,88.33,74.55,65.29
2026-09-28T13:00:00Z,Molding,MLD05,645,45,93.44,45.0,52.86,22.23
2026-09-28T13:00:00Z,Molding,MLD06,785,40,95.13,48.33,63.24,29.08
2026-09-28T13:00:00Z,Molding,MLD07,388,10,97.47,30.0,51.07,14.93
2026-09-28T13:00:00Z,Coating,COT01,1109,30,97.4,78.33,60.55,46.2
2026-09-28T13:00:00Z,Coating,COT02,1230,27,97.86,56.67,69.29,38.42
2026-09-28T13:00:00Z,Coating,COT03,1582,43,97.35,96.67,56.05,52.75
2026-09-28T13:00:00Z,Packaging,PKG04,1469,90,94.25,85.0,61.13,48.97
2026-09-28T13:00:00Z,Packaging,PKG05,1179,176,87.01,100.0,52.13,45.36
2026-09-28T13:00:00Z,Packaging,PKG06,1447,114,92.67,65.0,77.47,46.67
2026-09-28T13:00:00Z,Packaging,PKG07,802,88,90.1,71.67,51.73,33.4
2026-09-28T13:00:00Z,Packaging,PKG08,1047,131,88.84,58.33,63.11,32.71
2026-09-28T13:00:00Z,Kitting,KIT03,1892,48,97.53,86.67,74.6,63.05
2026-09-28T13:00:00Z,Kitting,KIT04,1920,39,97.99,83.33,71.24,58.17
2026-09-28T13:00:00Z,Kitting,KIT05,1382,45,96.87,78.33,62.81,47.66
2026-09-28T13:00:00Z,Kitting,KIT07,2195,2,99.9,100.0,73.23,73.15
2026-09-28T13:00:00Z,Kitting,KIT08,1177,4,99.62,65.0,58.66,37.98
2026-09-28T14:00:00Z,Assembly,ASM01,1716,48,97.3,63.33,81.9,50.47
2026-09-28T14:00:00Z,Assembly,ASM05,2169,43,98.04,88.33,78.27,67.79
2026-09-28T14:00:00Z,Molding,MLD03,1834,56,97.04,88.33,76.41,65.49
2026-09-28T14:00:00Z,Molding,MLD04,1865,14,99.25,70.0,81.33,56.5
2026-09-28T14:00:00Z,Molding,MLD06,1363,84,94.22,85.0,63.03,50.47
2026-09-28T14:00:00Z,Coating,COT01,527,12,97.85,38.33,58.49,21.94
2026-09-28T14:00:00Z,Coating,COT02,2155,47,97.89,93.33,73.72,67.35
2026-09-28T14:00:00Z,Coating,COT03,135,2,98.9,6.67,68.43,4.51
2026-09-28T14:00:00Z,Packaging,PKG04,1601,71,95.75,85.0,65.58,53.38
2026-09-28T14:00:00Z,Packaging,PKG05,553,91,85.82,40.0,61.95,21.27
2026-09-28T14:00:00Z,Packaging,PKG06,330,24,93.3,13.33,85.62,10.65
2026-09-28T14:00:00Z,Packaging,PKG07,748,78,90.57,75.0,45.91,31.19
2026-09-28T14:00:00Z,Packaging,PKG08,2069,226,90.14,100.0,71.72,64.65
2026-09-28T14:00:00Z,Kitting,KIT03,1833,5,99.72,81.67,75.04,61.11
2026-09-28T14:00:00Z,Kitting,KIT04,1795,38,97.92,65.0,85.46,54.39
2026-09-28T14:00:00Z,Kitting,KIT05,1191,32,97.38,60.0,70.27,41.06
2026-09-28T14:00:00Z,Kitting,KIT07,392,2,99.55,15.0,87.49,13.06
2026-09-28T14:00:00Z,Kitting,KIT08,1940,51,97.42,90.0,71.37,62.58
2026-09-28T15:00:00Z,Assembly,ASM01,2580,113,95.8,96.67,81.93,75.87
2026-09-28T15:00:00Z,Assembly,ASM02,1346,70,95.07,60.0,78.68,44.88
2026-09-28T15:00:00Z,Assembly,ASM05,133,4,96.84,5.0,85.81,4.15
2026-09-28T15:00:00Z,Molding,MLD03,1756,66,96.4,100.0,65.06,62.71
2026-09-28T15:00:00Z,Molding,MLD04,2229,9,99.59,91.67,73.97,67.53
2026-09-28T15:00:00Z,Molding,MLD05,718,34,95.46,46.67,55.58,24.76
2026-09-28T15:00:00Z,Molding,MLD06,1605,69,95.87,100.0,62.02,59.45
2026-09-28T15:00:00Z,Coating,COT01,831,21,97.57,61.67,57.57,34.64
2026-09-28T15:00:00Z,Coating,COT02,1635,55,96.73,68.33,77.31,51.1
2026-09-28T15:00:00Z,Coating,COT03,1285,35,97.32,56.67,77.64,42.82
2026-09-28T15:00:00Z,Packaging,PKG04,1844,93,95.22,88.33,73.09,61.48
2026-09-28T15:00:00Z,Packaging,PKG05,435,68,86.48,36.67,52.73,16.72
2026-09-28T15:00:00Z,Packaging,PKG06,943,89,91.34,43.33,76.88,30.43
2026-09-28T15:00:00Z,Packaging,PKG07,807,79,91.11,76.67,48.14,33.63
2026-09-28T15:00:00Z,Packaging,PKG08,1804,189,90.52,88.33,70.51,56.38
2026-09-28T15:00:00Z,Kitting,KIT03,2373,14,99.43,100.0,79.56,79.11
2026-09-28T15:00:00Z,Kitting,KIT04,1932,38,98.09,75.0,79.6,58.56
2026-09-28T15:00:00Z,Kitting,KIT05,1593,20,98.79,80.0,69.5,54.93
2026-09-28T15:00:00Z,Kitting,KIT07,957,4,99.55,41.67,76.93,31.91
2026-09-28T15:00:00Z,Kitting,KIT08,1775,14,99.22,83.33,69.23,57.24
2026-09-28T16:00:00Z,Assembly,ASM01,2694,60,97.82,88.33,91.7,79.24
2026-09-28T16:00:00Z,Assembly,ASM02,1657,86,95.06,78.33,74.16,55.22
2026-09-28T16:00:00Z,Assembly,ASM05,1969,24,98.81,81.67,76.25,61.54
2026-09-28T16:00:00Z,Molding,MLD03,1407,31,97.87,75.0,68.46,50.25
2026-09-28T16:00:00Z,Molding,MLD04,2096,38,98.21,78.33,82.55,63.51
2026-09-28T16:00:00Z,Molding,MLD05,1180,52,95.76,75.0,56.65,40.69
2026-09-28T16:00:00Z,Molding,MLD06,781,33,95.89,46.67,64.64,28.92
2026-09-28T16:00:00Z,Coating,COT01,1197,28,97.75,85.0,60.01,49.86
2026-09-28T16:00:00Z,Coating,COT02,1921,58,97.06,80.0,77.32,60.04
2026-09-28T16:00:00Z,Coating,COT03,1949,42,97.91,88.33,75.11,64.96
2026-09-28T16:00:00Z,Packaging,PKG04,1629,107,93.83,76.67,75.46,54.28
2026-09-28T16:00:00Z,Packaging,PKG05,717,113,86.35,53.33,59.86,27.56
2026-09-28T16:00:00Z,Packaging,PKG06,1505,132,91.94,70.0,75.42,48.54
2026-09-28T16:00:00Z,Packaging,PKG07,813,94,89.64,75.0,50.41,33.89
2026-09-28T16:00:00Z,Packaging,PKG08,1905,224,89.48,100.0,66.55,59.55
2026-09-28T16:00:00Z,Kitting,KIT03,1300,10,99.27,53.33,81.84,43.33
2026-09-28T16:00:00Z,Kitting,KIT04,2724,22,99.21,100.0,83.21,82.55
2026-09-28T16:00:00Z,Kitting,KIT05,1552,32,98.0,73.33,74.48,53.53
2026-09-28T16:00:00Z,Kitting,KIT07,2447,2,99.9,98.33,83.03,81.56
2026-09-28T16:00:00Z,Kitting,KIT08,1195,16,98.7,58.33,66.94,38.54
2026-09-28T17:00:00Z,Assembly,ASM01,1721,58,96.76,63.33,82.58,50.61
2026-09-28T17:00:00Z,Assembly,ASM02,1901,83,95.84,83.33,79.35,63.38
2026-09-28T17:00:00Z,Assembly,ASM05,2306,53,97.74,91.67,80.42,72.05
2026-09-28T17:00:00Z,Molding,MLD03,1866,33,98.27,85.0,79.78,66.63
2026-09-28T17:00:00Z,Molding,MLD04,1982,24,98.8,75.0,81.07,60.08
2026-09-28T17:00:00Z,Molding,MLD06,1146,62,94.89,70.0,63.9,42.45
2026-09-28T17:00:00Z,Molding,MLD07,1656,77,95.55,98.33,67.78,63.68
2026-09-28T17:00:00Z,Coating,COT01,891,37,96.07,55.0,70.3,37.15
2026-09-28T17:00:00Z,Coating,COT02,1945,70,96.51,88.33,71.31,60.79
2026-09-28T17:00:00Z,Coating,COT03,1954,69,96.59,88.33,76.34,65.13
2026-09-28T17:00:00Z,Packaging,PKG04,1337,90,93.69,71.67,66.39,44.57
2026-09-28T17:00:00Z,Packaging,PKG05,986,152,86.61,90.0,48.64,37.91
2026-09-28T17:00:00Z,Packaging,PKG06,1809,175,91.18,83.33,76.78,58.34
2026-09-28T17:00:00Z,Packaging,PKG07,893,85,91.34,85.0,47.92,37.21
2026-09-28T17:00:00Z,Packaging,PKG08,34,4,89.81,1.67,71.37,1.07
2026-09-28T17:00:00Z,Kitting,KIT03,2139,16,99.27,83.33,86.18,71.3
2026-09-28T17:00:00Z,Kitting,KIT04,2753,7,99.76,95.0,88.04,83.44
2026-09-28T17:00:00Z,Kitting,KIT08,1886,7,99.61,86.67,70.46,60.83
2026-09-28T18:00:00Z,Assembly,ASM01,2347,86,96.46,83.33,85.87,69.03
2026-09-28T18:00:00Z,Assembly,ASM02,1836,63,96.67,76.67,82.56,61.19
2026-09-28T18:00:00Z,Assembly,ASM05,2085,67,96.87,88.33,76.16,65.17
2026-09-28T18:00:00Z,Molding,MLD03,1498,49,96.83,83.33,66.31,53.51
2026-09-28T18:00:00Z,Molding,MLD04,2553,22,99.13,100.0,78.06,77.38
2026-09-28T18:00:00Z,Molding,MLD05,1370,90,93.87,76.67,65.66,47.25
2026-09-28T18:00:00Z,Molding,MLD06,1382,70,95.16,80.0,67.24,51.19
2026-09-28T18:00:00Z,Molding,MLD07,1228,87,93.4,83.33,60.71,47.25
2026-09-28T18:00:00Z,Coating,COT01,1639,62,96.35,100.0,70.86,68.27
2026-09-28T18:00:00Z,Coating,COT02,1610,139,92.06,66.67,81.96,50.3
2026-09-28T18:00:00Z,Coating,COT03,1267,23,98.25,65.0,66.14,42.24
2026-09-28T18:00:00Z,Packaging,PKG04,1557,99,94.03,88.33,62.49,51.91
2026-09-28T18:00:00Z,Packaging,PKG05,942,153,86.05,75.0,56.16,36.24
2026-09-28T18:00:00Z,Packaging,PKG06,1414,135,91.26,66.67,74.97,45.61
2026-09-28T18:00:00Z,Packaging,PKG07,941,88,91.43,85.0,50.46,39.22
2026-09-28T18:00:00Z,Packaging,PKG08,1208,140,89.61,61.67,68.32,37.75
2026-09-28T18:00:00Z,Kitting,KIT03,670,4,99.37,28.33,79.32,22.33
2026-09-28T18:00:00Z,Kitting,KIT04,2388,119,95.26,90.0,84.4,72.35
2026-09-28T18:00:00Z,Kitting,KIT05,1488,102,93.61,75.0,73.09,51.32
2026-09-28T18:00:00Z,Kitting,KIT07,1744,16,99.07,68.33,85.89,58.15
2026-09-28T18:00:00Z,Kitting,KIT08,694,9,98.71,31.67,71.64,22.39
2026-09-28T19:00:00Z,Assembly,ASM01,2061,80,96.27,66.67,94.44,60.61
2026-09-28T19:00:00Z,Assembly,ASM02,444,22,95.21,21.67,71.74,14.8
2026-09-28T19:00:00Z,Assembly,ASM05,2415,56,97.73,93.33,82.75,75.48
2026-09-28T19:00:00Z,Molding,MLD03,441,13,97.07,21.67,74.94,15.76
2026-09-28T19:00:00Z,Molding,MLD04,1871,5,99.74,70.0,81.19,56.69
2026-09-28T19:00:00Z,Molding,MLD05,1156,68,94.43,70.0,60.29,39.85
2026-09-28T19:00:00Z,Molding,MLD06,1729,65,96.36,95.0,69.95,64.03
2026-09-28T19:00:00Z,Molding,MLD07,997,71,93.32,68.33,60.15,38.36
2026-09-28T19:00:00Z,Coating,COT01,24,1,97.5,1.67,60.33,0.98
2026-09-28T19:00:00Z,Coating,COT02,2403,165,93.56,100.0,80.27,75.1
2026-09-28T19:00:00Z,Coating,COT03,1771,62,96.64,88.33,69.17,59.05
2026-09-28T19:00:00Z,Packaging,PKG04,1119,58,95.1,61.67,63.63,37.31
2026-09-28T19:00:00Z,Packaging,PKG05,790,109,87.9,65.0,53.2,30.39
2026-09-28T19:00:00Z,Packaging,PKG07,332,38,89.82,33.33,46.2,13.83
2026-09-28T19:00:00Z,Packaging,PKG08,1644,162,91.02,85.0,66.42,51.38
2026-09-28T19:00:00Z,Kitting,KIT03,1299,14,98.91,58.33,75.08,43.32
2026-09-28T19:00:00Z,Kitting,KIT04,2817,174,94.18,100.0,90.63,85.35
2026-09-28T19:00:00Z,Kitting,KIT05,1597,127,92.61,86.67,68.6,55.06
2026-09-28T19:00:00Z,Kitting,KIT07,2105,3,99.84,80.0,87.86,70.18
2026-09-28T19:00:00Z,Kitting,KIT08,1575,16,98.98,80.0,64.15,50.8
2026-09-28T20:00:00Z,Assembly,ASM01,2713,57,97.92,100.0,81.48,79.79
2026-09-28T20:00:00Z,Assembly,ASM02,1454,40,97.32,60.0,83.02,48.48
2026-09-28T20:00:00Z,Assembly,ASM05,2172,38,98.29,88.33,78.19,67.89
2026-09-28T20:00:00Z,Molding,MLD03,1378,38,97.29,75.0,67.44,49.21
2026-09-28T20:00:00Z,Molding,MLD04,2346,39,98.36,100.0,72.28,71.1
2026-09-28T20:00:00Z,Molding,MLD05,1365,94,93.54,80.0,62.91,47.08
2026-09-28T20:00:00Z,Molding,MLD06,1082,44,96.08,70.0,59.56,40.06
2026-09-28T20:00:00Z,Coating,COT01,1021,23,97.83,66.67,65.25,42.55
2026-09-28T20:00:00Z,Coating,COT02,1811,36,98.03,80.0,72.15,56.58
2026-09-28T20:00:00Z,Coating,COT03,2027,33,98.42,100.0,68.67,67.58
2026-09-28T20:00:00Z,Packaging,PKG04,1845,103,94.73,100.0,64.91,61.49
2026-09-28T20:00:00Z,Packaging,PKG05,110,17,86.42,10.0,48.91,4.23
2026-09-28T20:00:00Z,Packaging,PKG06,2177,208,91.29,93.33,82.41,70.22
2026-09-28T20:00:00Z,Packaging,PKG08,1748,190,90.21,90.0,67.28,54.62
2026-09-28T20:00:00Z,Kitting,KIT03,2491,41,98.39,100.0,84.38,83.03
2026-09-28T20:00:00Z,Kitting,KIT05,865,18,97.92,48.33,63.0,29.82
2026-09-28T20:00:00Z,Kitting,KIT07,1825,12,99.34,78.33,78.16,60.82
2026-09-28T20:00:00Z,Kitting,KIT08,1468,25,98.29,65.0,74.11,47.35
2026-09-28T21:00:00Z,Assembly,ASM01,2554,96,96.36,81.67,95.44,75.11
2026-09-28T21:00:00Z,Assembly,ASM02,985,40,96.13,48.33,70.67,32.84
2026-09-28T21:00:00Z,Assembly,ASM05,1165,17,98.56,48.33,76.39,36.39
2026-09-28T21:00:00Z,Molding,MLD03,2038,44,97.89,93.33,79.67,72.79
2026-09-28T21:00:00Z,Molding,MLD04,1684,13,99.23,61.67,83.41,51.04
2026-09-28T21:00:00Z,Molding,MLD05,122,8,94.17,6.67,67.26,4.22
2026-09-28T21:00:00Z,Molding,MLD06,1253,64,95.11,81.67,59.73,46.39
2026-09-28T21:00:00Z,Coating,COT01,1435,53,96.42,90.0,68.89,59.78
2026-09-28T21:00:00Z,Coating,COT02,1777,60,96.71,81.67,70.31,55.53
2026-09-28T21:00:00Z,Coating,COT03,1614,19,98.81,73.33,74.24,53.79
2026-09-28T21:00:00Z,Packaging,PKG04,1475,81,94.79,73.33,70.73,49.17
2026-09-28T21:00:00Z,Packaging,PKG05,876,144,85.85,75.0,52.3,33.67
2026-09-28T21:00:00Z,Packaging,PKG06,1676,148,91.89,80.0,73.52,54.05
2026-09-28T21:00:00Z,Packaging,PKG08,925,94,90.79,46.67,68.19,28.89
2026-09-28T21:00:00Z,Kitting,KIT03,200,4,98.21,8.33,81.49,6.67
2026-09-28T21:00:00Z,Kitting,KIT04,2588,17,99.36,93.33,84.58,78.44
2026-09-28T21:00:00Z,Kitting,KIT05,1661,44,97.42,86.67,67.85,57.29
2026-09-28T21:00:00Z,Kitting,KIT07,2070,21,98.99,91.67,76.03,68.99
2026-09-28T21:00:00Z,Kitting,KIT08,1477,28,98.15,75.0,64.72,47.64
2026-09-28T22:00:00Z,Assembly,ASM01,2342,43,98.19,86.67,80.96,68.89
2026-09-28T22:00:00Z,Assembly,ASM02,1672,48,97.18,73.33,78.2,55.73
2026-09-28T22:00:00Z,Assembly,ASM05,1141,16,98.6,45.0,80.37,35.66
2026-09-28T22:00:00Z,Molding,MLD03,1730,47,97.35,90.0,70.52,61.79
2026-09-28T22:00:00Z,Molding,MLD04,808,19,97.71,33.33,75.18,24.49
2026-09-28T22:00:00Z,Molding,MLD05,1531,80,95.05,81.67,68.0,52.78
2026-09-28T22:00:00Z,Molding,MLD06,1082,45,96.0,76.67,54.47,40.09
2026-09-28T22:00:00Z,Coating,COT01,588,18,97.04,41.67,60.61,24.51
2026-09-28T22:00:00Z,Coating,COT02,2218,48,97.9,90.0,78.65,69.3
2026-09-28T22:00:00Z,Coating,COT03,1647,53,96.87,86.67,65.38,54.89
2026-09-28T22:00:00Z,Packaging,PKG04,1813,94,95.06,93.33,68.1,60.42
2026-09-28T22:00:00Z,Packaging,PKG05,903,133,87.13,78.33,50.88,34.73
2026-09-28T22:00:00Z,Packaging,PKG06,1693,148,91.96,83.33,71.28,54.63
2026-09-28T22:00:00Z,Packaging,PKG07,123,11,91.54,10.0,55.8,5.11
2026-09-28T22:00:00Z,Kitting,KIT03,1544,37,97.67,71.67,73.53,51.47
2026-09-28T22:00:00Z,Kitting,KIT04,2032,14,99.34,75.0,82.64,61.57
2026-09-28T22:00:00Z,Kitting,KIT05,874,12,98.62,45.0,67.88,30.12
2026-09-28T22:00:00Z,Kitting,KIT07,1706,7,99.61,71.67,79.66,56.87
2026-09-28T22:00:00Z,Kitting,KIT08,2109,22,98.99,88.33,77.8,68.03
2026-09-28T23:00:00Z,Assembly,ASM01,2115,64,97.07,75.0,85.45,62.21
2026-09-28T23:00:00Z,Assembly,ASM02,1921,58,97.08,93.33,70.66,64.02
2026-09-28T23:00:00Z,Assembly,ASM05,2387,35,98.56,100.0,75.7,74.61
2026-09-28T23:00:00Z,Molding,MLD03,1594,44,97.31,83.33,70.2,56.92
2026-09-28T23:00:00Z,Molding,MLD04,1253,7,99.45,45.0,84.84,37.97
2026-09-28T23:00:00Z,Molding,MLD05,957,57,94.34,61.67,56.7,32.99
2026-09-28T23:00:00Z,Molding,MLD06,1151,64,94.71,73.33,61.4,42.65
2026-09-28T23:00:00Z,Molding,MLD07,1033,41,96.17,60.0,68.86,39.73
2026-09-28T23:00:00Z,Coating,COT01,791,28,96.56,48.33,70.6,32.95
2026-09-28T23:00:00Z,Coating,COT02,1572,48,97.04,65.0,77.89,49.13
2026-09-28T23:00:00Z,Coating,COT03,1790,35,98.08,85.0,71.59,59.68
2026-09-28T23:00:00Z,Packaging,PKG04,1516,77,95.18,75.0,70.81,50.55
2026-09-28T23:00:00Z,Packaging,PKG05,1199,179,87.03,88.33,59.97,46.1
2026-09-28T23:00:00Z,Packaging,PKG06,1907,163,92.11,91.67,72.86,61.52
2026-09-28T23:00:00Z,Packaging,PKG07,1115,119,90.38,100.0,51.41,46.46
2026-09-28T23:00:00Z,Kitting,KIT04,1830,15,99.19,61.67,90.69,55.47
2026-09-28T23:00:00Z,Kitting,KIT05,1596,45,97.25,85.0,66.56,55.02
2026-09-28T23:00:00Z,Kitting,KIT07,1996,2,99.9,75.0,88.79,66.52
2026-09-28T23:00:00Z,Kitting,KIT08,1606,11,99.32,71.67,72.76,51.79
2026-09-29T00:00:00Z,Assembly,ASM01,2176,44,98.0,78.33,83.37,64.0
2026-09-29T00:00:00Z,Assembly,ASM02,1288,61,95.48,56.67,79.34,42.93
2026-09-29T00:00:00Z,Assembly,ASM05,1890,27,98.61,68.33,87.65,59.07
2026-09-29T00:00:00Z,Molding,MLD03,1710,63,96.44,85.0,74.48,61.06
2026-09-29T00:00:00Z,Molding,MLD04,1865,22,98.85,76.67,74.58,56.52
2026-09-29T00:00:00Z,Molding,MLD06,1265,60,95.51,76.67,63.99,46.86
2026-09-29T00:00:00Z,Molding,MLD07,1500,39,97.44,90.0,65.78,57.68
2026-09-29T00:00:00Z,Coating,COT01,1434,47,96.81,96.67,63.84,59.74
2026-09-29T00:00:00Z,Coating,COT02,2183,57,97.45,88.33,79.24,68.21
2026-09-29T00:00:00Z,Coating,COT03,1861,23,98.77,93.33,67.3,62.04
2026-09-29T00:00:00Z,Packaging,PKG04,1642,82,95.27,78.33,73.34,54.73
2026-09-29T00:00:00Z,Packaging,PKG05,919,150,85.98,81.67,50.35,35.36
2026-09-29T00:00:00Z,Packaging,PKG06,1747,136,92.8,75.0,80.96,56.34
2026-09-29T00:00:00Z,Packaging,PKG07,680,72,90.46,58.33,53.68,28.32
2026-09-29T00:00:00Z,Kitting,KIT04,2429,61,97.56,83.33,90.53,73.6
2026-09-29T00:00:00Z,Kitting,KIT05,1288,21,98.38,75.0,60.2,44.42
2026-09-29T00:00:00Z,Kitting,KIT07,2554,11,99.56,100.0,85.5,85.12
2026-09-29T00:00:00Z,Kitting,KIT08,2093,17,99.17,98.33,69.22,67.5
2026-09-29T01:00:00Z,Assembly,ASM01,2277,99,95.85,81.67,85.57,66.98
2026-09-29T01:00:00Z,Assembly,ASM02,1559,68,95.83,73.33,73.93,51.95
2026-09-29T01:00:00Z,Assembly,ASM05,2279,71,96.96,85.0,86.4,71.2
2026-09-29T01:00:00Z,Molding,MLD03,1702,27,98.44,83.33,74.08,60.77
2026-09-29T01:00:00Z,Molding,MLD04,1250,8,99.38,43.33,87.96,37.88
2026-09-29T01:00:00Z,Molding,MLD05,1042,73,93.5,68.33,56.26,35.94
2026-09-29T01:00:00Z,Molding,MLD06,1803,86,95.43,100.0,69.97,66.77
2026-09-29T01:00:00Z,Molding,MLD07,886,26,97.13,60.0,58.47,34.08
2026-09-29T01:00:00Z,Coating,COT01,974,41,95.92,58.33,72.5,40.57
2026-09-29T01:00:00Z,Coating,COT02,2155,48,97.83,100.0,68.83,67.34
2026-09-29T01:00:00Z,Coating,COT03,1375,48,96.63,73.33,64.66,45.82
2026-09-29T01:00:00Z,Packaging,PKG04,1812,91,95.2,81.67,77.7,60.41
2026-09-29T01:00:00Z,Packaging,PKG05,736,110,86.96,66.67,48.84,28.31
2026-09-29T01:00:00Z,Packaging,PKG06,2129,157,93.15,100.0,73.73,68.67
2026-09-29T01:00:00Z,Packaging,PKG07,854,99,89.63,73.33,54.14,35.59
2026-09-29T01:00:00Z,Packaging,PKG08,1142,111,91.1,53.33,73.42,35.67
2026-09-29T01:00:00Z,Kitting,KIT04,1589,27,98.3,61.67,79.43,48.15
2026-09-29T01:00:00Z,Kitting,KIT05,1724,19,98.94,88.33,68.01,59.44
2026-09-29T01:00:00Z,Kitting,KIT07,1970,5,99.73,75.0,87.8,65.68
2026-09-29T01:00:00Z,Kitting,KIT08,1138,10,99.1,48.33,76.61,36.69
2026-09-29T02:00:00Z,Assembly,ASM01,2294,75,96.82,85.0,81.99,67.47
2026-09-29T02:00:00Z,Assembly,ASM02,1351,71,95.02,65.0,72.9,45.02
2026-09-29T02:00:00Z,Assembly,ASM05,1147,21,98.18,45.0,81.1,35.83
2026-09-29T02:00:00Z,Molding,MLD03,2042,76,96.42,100.0,75.64,72.93
2026-09-29T02:00:00Z,Molding,MLD04,1426,25,98.25,56.67,77.61,43.21
2026-09-29T02:00:00Z,Molding,MLD05,1450,81,94.72,91.67,57.6,50.01
2026-09-29T02:00:00Z,Molding,MLD06,984,58,94.44,60.0,64.32,36.44
2026-09-29T02:00:00Z,Molding,MLD07,865,27,97.02,56.67,60.5,33.26
2026-09-29T02:00:00Z,Coating,COT01,941,33,96.57,60.0,67.69,39.22
2026-09-29T02:00:00Z,Coating,COT02,2212,51,97.76,91.67,77.14,69.13
2026-09-29T02:00:00Z,Coating,COT03,1964,34,98.29,91.67,72.66,65.46
2026-09-29T02:00:00Z,Packaging,PKG04,2104,100,95.46,100.0,73.46,70.12
2026-09-29T02:00:00Z,Packaging,PKG05,879,142,86.09,70.0,56.1,33.81
2026-09-29T02:00:00Z,Packaging,PKG06,2057,198,91.23,90.0,80.82,66.36
2026-09-29T02:00:00Z,Packaging,PKG07,795,86,90.28,81.67,44.93,33.12
2026-09-29T02:00:00Z,Packaging,PKG08,1649,186,89.84,85.0,67.47,51.52
2026-09-29T02:00:00Z,Kitting,KIT03,2130,9,99.57,90.0,79.24,71.0
2026-09-29T02:00:00Z,Kitting,KIT04,2467,43,98.28,86.67,87.79,74.77
2026-09-29T02:00:00Z,Kitting,KIT05,936,11,98.82,43.33,75.38,32.28
2026-09-29T02:00:00Z,Kitting,KIT07,2018,31,98.47,80.0,85.38,67.26
2026-09-29T02:00:00Z,Kitting,KIT08,1596,36,97.79,78.33,67.22,51.5
2026-09-29T11:00:00Z,Assembly,ASM01,2313,86,96.41,85.0,83.02,68.04
2026-09-29T11:00:00Z,Assembly,ASM02,1980,68,96.68,83.33,81.92,66.0
2026-09-29T11:00:00Z,Assembly,ASM05,1791,56,96.99,75.0,76.95,55.98
2026-09-29T11:00:00Z,Molding,MLD03,889,26,97.12,50.0,65.4,31.76
2026-09-29T11:00:00Z,Molding,MLD04,979,1,99.89,43.33,68.53,29.67
2026-09-29T11:00:00Z,Molding,MLD05,1284,89,93.51,88.33,53.62,44.29
2026-09-29T11:00:00Z,Molding,MLD06,481,21,95.83,30.0,61.97,17.81
2026-09-29T11:00:00Z,Molding,MLD07,1316,36,97.33,86.67,60.01,50.62
2026-09-29T11:00:00Z,Coating,COT01,1253,32,97.51,90.0,59.47,52.19
2026-09-29T11:00:00Z,Coating,COT03,1423,43,97.07,76.67,63.72,47.42
2026-09-29T11:00:00Z,Packaging,PKG04,1852,96,95.05,91.67,70.86,61.74
2026-09-29T11:00:00Z,Packaging,PKG05,483,80,85.84,40.0,54.05,18.56
2026-09-29T11:00:00Z,Packaging,PKG06,2191,190,92.03,100.0,76.82,70.69
2026-09-29T11:00:00Z,Packaging,PKG07,597,56,91.4,61.67,44.14,24.88
2026-09-29T11:00:00Z,Packaging,PKG08,2026,235,89.62,100.0,70.63,63.3
2026-09-29T11:00:00Z,Kitting,KIT03,1596,40,97.55,76.67,71.11,53.19
2026-09-29T11:00:00Z,Kitting,KIT04,1438,17,98.84,48.33,91.2,43.57
2026-09-29T11:00:00Z,Kitting,KIT05,1316,17,98.71,83.33,55.18,45.39
2026-09-29T11:00:00Z,Kitting,KIT07,1272,18,98.57,58.33,73.76,42.41
2026-09-29T11:00:00Z,Kitting,KIT08,1858,8,99.57,95.0,63.37,59.94
2026-09-29T12:00:00Z,Assembly,ASM01,414,13,96.91,15.0,83.85,12.19
2026-09-29T12:00:00Z,Assembly,ASM02,1952,84,95.87,93.33,72.7,65.05
2026-09-29T12:00:00Z,Assembly,ASM05,2419,34,98.61,93.33,82.12,75.58
2026-09-29T12:00:00Z,Molding,MLD03,67,1,98.17,3.33,72.65,2.38
2026-09-29T12:00:00Z,Molding,MLD05,1560,92,94.42,100.0,56.98,53.8
2026-09-29T12:00:00Z,Molding,MLD06,929,47,95.15,66.67,54.24,34.41
2026-09-29T12:00:00Z,Molding,MLD07,31,1,96.84,1.67,72.81,1.18
2026-09-29T12:00:00Z,Coating,COT01,1582,68,95.9,100.0,68.75,65.93
2026-09-29T12:00:00Z,Coating,COT02,1930,68,96.57,80.0,78.08,60.33
2026-09-29T12:00:00Z,Coating,COT03,1706,29,98.31,80.0,72.29,56.85
2026-09-29T12:00:00Z,Packaging,PKG04,1504,89,94.44,80.0,66.35,50.13
2026-09-29T12:00:00Z,Packaging,PKG05,1130,168,87.07,86.67,57.57,43.44
2026-09-29T12:00:00Z,Packaging,PKG06,394,29,93.25,16.67,81.83,12.72
2026-09-29T12:00:00Z,Packaging,PKG07,951,94,91.05,90.0,48.38,39.64
2026-09-29T12:00:00Z,Packaging,PKG08,1637,200,89.1,88.33,65.01,51.16
2026-09-29T12:00:00Z,Kitting,KIT03,589,4,99.28,26.67,74.2,19.64
2026-09-29T12:00:00Z,Kitting,KIT04,2379,35,98.54,91.67,79.82,72.1
2026-09-29T12:00:00Z,Kitting,KIT05,1513,38,97.54,76.67,69.76,52.16
2026-09-29T12:00:00Z,Kitting,KIT07,1448,25,98.33,58.33,84.15,48.27
2026-09-29T12:00:00Z,Kitting,KIT08,1952,8,99.61,86.67,72.96,62.98
2026-09-29T13:00:00Z,Assembly,ASM01,1472,53,96.49,53.33,84.12,43.29
2026-09-29T13:00:00Z,Assembly,ASM02,1791,65,96.49,81.67,75.77,59.7
2026-09-29T13:00:00Z,Assembly,ASM05,1863,49,97.45,71.67,83.36,58.21
2026-09-29T13:00:00Z,Molding,MLD03,1350,41,97.02,63.33,78.47,48.22
2026-09-29T13:00:00Z,Molding,MLD04,45,1,98.54,1.67,82.5,1.35
2026-09-29T13:00:00Z,Molding,MLD05,1597,108,93.69,86.67,67.82,55.07
2026-09-29T13:00:00Z,Molding,MLD06,1328,54,96.08,81.67,62.68,49.18
2026-09-29T13:00:00Z,Molding,MLD07,1195,49,96.03,70.0,68.39,45.97
2026-09-29T13:00:00Z,Coating,COT01,1166,39,96.74,80.0,62.75,48.56
2026-09-29T13:00:00Z,Coating,COT02,1622,62,96.33,70.0,75.17,50.69
2026-09-29T13:00:00Z,Coating,COT03,1650,40,97.62,80.0,70.44,55.01
2026-09-29T13:00:00Z,Packaging,PKG04,1573,77,95.33,78.33,70.23,52.45
2026-09-29T13:00:00Z,Packaging,PKG05,1194,166,87.79,83.33,62.79,45.94
2026-09-29T13:00:00Z,Packaging,PKG06,886,85,91.27,40.0,78.25,28.57
2026-09-29T13:00:00Z,Packaging,PKG07,1117,128,89.74,91.67,56.56,46.52
2026-09-29T13:00:00Z,Packaging,PKG08,1818,184,90.79,83.33,75.08,56.81
2026-09-29T13:00:00Z,Kitting,KIT04,2473,25,98.99,91.67,82.59,74.95
2026-09-29T13:00:00Z,Kitting,KIT05,1603,56,96.61,93.33,61.29,55.26
2026-09-29T13:00:00Z,Kitting,KIT07,1682,15,99.14,73.33,77.12,56.07
2026-09-29T13:00:00Z,Kitting,KIT08,1644,42,97.52,75.0,72.5,53.02
2026-09-29T14:00:00Z,Assembly,ASM01,1628,40,97.63,53.33,91.95,47.88
2026-09-29T14:00:00Z,Assembly,ASM02,1857,73,96.23,83.33,77.21,61.92
2026-09-29T14:00:00Z,Assembly,ASM05,2070,73,96.57,78.33,85.51,64.69
2026-09-29T14:00:00Z,Molding,MLD03,1341,35,97.47,71.67,68.58,47.91
2026-09-29T14:00:00Z,Molding,MLD04,1410,19,98.66,58.33,74.26,42.74
2026-09-29T14:00:00Z,Molding,MLD05,1204,53,95.77,81.67,53.09,41.52
2026-09-29T14:00:00Z,Molding,MLD06,1253,78,94.15,73.33,67.23,46.42
2026-09-29T14:00:00Z,Molding,MLD07,901,37,96.06,61.67,58.48,34.64
2026-09-29T14:00:00Z,Coating,COT01,1000,23,97.74,63.33,67.34,41.68
2026-09-29T14:00:00Z,Coating,COT02,1992,65,96.85,88.33,72.75,62.24
2026-09-29T14:00:00Z,Coating,COT03,1249,26,97.94,68.33,62.2,41.63
2026-09-29T14:00:00Z,Packaging,PKG04,1550,90,94.49,85.0,64.33,51.67
2026-09-29T14:00:00Z,Packaging,PKG05,1052,168,86.23,93.33,50.28,40.47
2026-09-29T14:00:00Z,Packaging,PKG06,1572,152,91.19,76.67,72.54,50.71
2026-09-29T14:00:00Z,Packaging,PKG07,794,85,90.35,63.33,57.81,33.08
2026-09-29T14:00:00Z,Packaging,PKG08,1739,219,88.82,90.0,67.98,54.35
2026-09-29T14:00:00Z,Kitting,KIT03,556,6,98.89,25.0,74.94,18.53
2026-09-29T14:00:00Z,Kitting,KIT04,2257,35,98.46,80.0,86.83,68.39
2026-09-29T14:00:00Z,Kitting,KIT07,1879,15,99.19,85.0,74.28,62.63
2026-09-29T14:00:00Z,Kitting,KIT08,1860,29,98.47,90.0,67.7,60.0
2026-09-29T15:00:00Z,Assembly,ASM01,1774,71,96.15,61.67,87.98,52.16
2026-09-29T15:00:00Z,Assembly,ASM02,1736,84,95.37,76.67,79.16,57.88
2026-09-29T15:00:00Z,Assembly,ASM05,1408,21,98.52,51.67,86.44,44.0
2026-09-29T15:00:00Z,Molding,MLD03,2012,33,98.37,100.0,73.06,71.87
2026-09-29T15:00:00Z,Molding,MLD05,1117,72,93.92,76.67,53.48,38.51
2026-09-29T15:00:00Z,Molding,MLD06,1079,58,94.9,71.67,58.78,39.98
2026-09-29T15:00:00Z,Molding,MLD07,1500,65,95.84,100.0,60.18,57.68
2026-09-29T15:00:00Z,Coating,COT01,1043,45,95.83,71.67,63.27,43.45
2026-09-29T15:00:00Z,Coating,COT02,2210,38,98.32,90.0,78.06,69.08
2026-09-29T15:00:00Z,Coating,COT03,2085,31,98.56,91.67,76.91,69.48
2026-09-29T15:00:00Z,Packaging,PKG04,1959,136,93.53,100.0,69.82,65.3
2026-09-29T15:00:00Z,Packaging,PKG05,949,131,87.89,66.67,62.26,36.48
2026-09-29T15:00:00Z,Packaging,PKG06,1930,170,91.89,85.0,79.69,62.24
2026-09-29T15:00:00Z,Packaging,PKG08,2023,231,89.75,100.0,70.43,63.21
2026-09-29T15:00:00Z,Kitting,KIT03,1571,36,97.74,70.0,76.55,52.37
2026-09-29T15:00:00Z,Kitting,KIT04,2304,22,99.04,80.0,88.11,69.81
2026-09-29T15:00:00Z,Kitting,KIT05,1677,43,97.52,91.67,64.68,57.82
2026-09-29T15:00:00Z,Kitting,KIT07,2343,2,99.9,100.0,78.17,78.09
2026-09-29T15:00:00Z,Kitting,KIT08,1420,5,99.68,70.0,65.65,45.81
2026-09-29T16:00:00Z,Assembly,ASM01,3030,124,96.07,100.0,92.78,89.13
2026-09-29T16:00:00Z,Assembly,ASM02,2240,82,96.47,100.0,77.4,74.66
2026-09-29T16:00:00Z,Assembly,ASM05,1221,19,98.44,51.67,75.04,38.16
2026-09-29T16:00:00Z,Molding,MLD03,1121,24,97.89,61.67,66.32,40.03
2026-09-29T16:00:00Z,Molding,MLD04,395,9,97.87,16.67,73.44,11.98
2026-09-29T16:00:00Z,Molding,MLD06,1163,62,94.9,76.67,59.22,43.09
2026-09-29T16:00:00Z,Molding,MLD07,1032,43,96.02,58.33,70.84,39.68
2026-09-29T16:00:00Z,Coating,COT01,1431,29,97.99,83.33,73.0,59.61
2026-09-29T16:00:00Z,Coating,COT02,1688,65,96.27,81.67,67.1,52.75
2026-09-29T16:00:00Z,Coating,COT03,2043,55,97.36,91.67,76.31,68.1
2026-09-29T16:00:00Z,Packaging,PKG04,1430,81,94.64,78.33,64.29,47.66
2026-09-29T16:00:00Z,Packaging,PKG05,360,49,87.91,30.0,52.46,13.83
2026-09-29T16:00:00Z,Packaging,PKG06,1244,119,91.26,56.67,77.57,40.12
2026-09-29T16:00:00Z,Packaging,PKG07,852,89,90.59,70.0,56.01,35.51
2026-09-29T16:00:00Z,Packaging,PKG08,1087,109,90.87,56.67,65.98,33.98
2026-09-29T16:00:00Z,Kitting,KIT03,564,6,98.93,21.67,87.78,18.82
2026-09-29T16:00:00Z,Kitting,KIT04,2670,11,99.59,100.0,81.26,80.92
2026-09-29T16:00:00Z,Kitting,KIT05,1273,32,97.54,71.67,62.8,43.9
2026-09-29T16:00:00Z,Kitting,KIT07,1580,5,99.67,70.0,75.47,52.66
2026-09-29T16:00:00Z,Kitting,KIT08,1747,42,97.63,80.0,72.16,56.36
2026-09-29T17:00:00Z,Assembly,ASM01,2691,74,97.31,88.33,92.08,79.15
2026-09-29T17:00:00Z,Assembly,ASM02,283,13,95.57,11.67,84.57,9.43
2026-09-29T17:00:00Z,Assembly,ASM05,1134,19,98.34,48.33,74.53,35.43
2026-09-29T17:00:00Z,Molding,MLD03,618,22,96.5,31.67,72.18,22.06
2026-09-29T17:00:00Z,Molding,MLD04,2804,58,97.96,100.0,86.75,84.98
2026-09-29T17:00:00Z,Molding,MLD05,1459,65,95.71,78.33,67.12,50.32
2026-09-29T17:00:00Z,Molding,MLD06,1452,84,94.54,85.0,66.91,53.77
2026-09-29T17:00:00Z,Molding,MLD07,1487,45,97.06,93.33,63.15,57.21
2026-09-29T17:00:00Z,Coating,COT01,1300,50,96.32,81.67,68.88,54.18
2026-09-29T17:00:00Z,Coating,COT02,1912,49,97.49,78.33,78.22,59.74
2026-09-29T17:00:00Z,Coating,COT03,2099,63,97.11,93.33,77.22,69.98
2026-09-29T17:00:00Z,Packaging,PKG04,1130,80,93.42,63.33,63.65,37.66
2026-09-29T17:00:00Z,Packaging,PKG05,995,149,86.96,88.33,49.83,38.28
2026-09-29T17:00:00Z,Packaging,PKG06,2326,194,92.31,95.0,85.54,75.02
2026-09-29T17:00:00Z,Packaging,PKG07,195,20,90.77,20.0,44.81,8.13
2026-09-29T17:00:00Z,Packaging,PKG08,1630,168,90.64,85.0,66.12,50.94
2026-09-29T17:00:00Z,Kitting,KIT03,876,6,99.36,36.67,80.11,29.19
2026-09-29T17:00:00Z,Kitting,KIT04,2488,19,99.25,86.67,87.66,75.4
2026-09-29T17:00:00Z,Kitting,KIT05,947,23,97.62,55.0,60.84,32.67
2026-09-29T17:00:00Z,Kitting,KIT07,2046,22,98.93,88.33,78.05,68.2
2026-09-29T17:00:00Z,Kitting,KIT08,1088,28,97.49,56.67,63.56,35.11
2026-09-29T18:00:00Z,Assembly,ASM01,2195,84,96.33,76.67,87.41,64.55
2026-09-29T18:00:00Z,Assembly,ASM02,1752,51,97.17,70.0,85.86,58.41
2026-09-29T18:00:00Z,Assembly,ASM05,1603,47,97.17,68.33,75.45,50.1
2026-09-29T18:00:00Z,Molding,MLD03,2047,67,96.82,100.0,75.52,73.12
2026-09-29T18:00:00Z,Molding,MLD04,2060,28,98.68,78.33,80.74,62.41
2026-09-29T18:00:00Z,Molding,MLD05,1327,85,93.97,83.33,58.42,45.75
2026-09-29T18:00:00Z,Molding,MLD06,1767,73,96.05,100.0,68.13,65.44
2026-09-29T18:00:00Z,Molding,MLD07,1356,34,97.55,75.0,71.28,52.15
2026-09-29T18:00:00Z,Coating,COT01,627,26,95.98,43.33,62.83,26.13
2026-09-29T18:00:00Z,Coating,COT02,2273,64,97.25,93.33,78.26,71.03
2026-09-29T18:00:00Z,Coating,COT03,1258,29,97.71,58.33,73.56,41.93
2026-09-29T18:00:00Z,Packaging,PKG04,1939,98,95.2,100.0,67.9,64.64
2026-09-29T18:00:00Z,Packaging,PKG05,570,91,86.27,41.67,60.99,21.92
2026-09-29T18:00:00Z,Packaging,PKG06,1538,142,91.53,68.33,79.32,49.61
2026-09-29T18:00:00Z,Packaging,PKG07,825,86,90.55,80.0,47.47,34.39
2026-09-29T18:00:00Z,Packaging,PKG08,380,39,90.58,16.67,78.57,11.86
2026-09-29T18:00:00Z,Kitting,KIT03,1425,26,98.17,63.33,76.4,47.5
2026-09-29T18:00:00Z,Kitting,KIT04,2070,125,94.29,71.67,92.81,62.71
2026-09-29T18:00:00Z,Kitting,KIT05,2089,51,97.62,100.0,73.8,72.05
2026-09-29T18:00:00Z,Kitting,KIT07,1808,15,99.19,80.0,75.96,60.27
2026-09-29T18:00:00Z,Kitting,KIT08,1595,38,97.69,80.0,65.84,51.46
2026-09-29T19:00:00Z,Assembly,ASM01,2106,70,96.79,73.33,87.27,61.94
2026-09-29T19:00:00Z,Assembly,ASM02,1747,55,96.96,71.67,83.82,58.25
2026-09-29T19:00:00Z,Assembly,ASM05,2384,48,98.04,100.0,75.97,74.49
2026-09-29T19:00:00Z,Molding,MLD03,887,16,98.26,43.33,74.44,31.7
2026-09-29T19:00:00Z,Molding,MLD04,2193,44,98.03,88.33,76.75,66.46
2026-09-29T19:00:00Z,Molding,MLD05,305,18,94.52,20.0,55.65,10.52
2026-09-29T19:00:00Z,Molding,MLD06,1091,64,94.43,66.67,64.2,40.42
2026-09-29T19:00:00Z,Molding,MLD07,1440,47,96.86,80.0,71.45,55.37
2026-09-29T19:00:00Z,Coating,COT01,606,23,96.41,45.0,58.2,25.25
2026-09-29T19:00:00Z,Coating,COT02,2397,95,96.17,100.0,77.89,74.91
2026-09-29T19:00:00Z,Coating,COT03,1582,49,97.02,71.67,75.85,52.74
2026-09-29T19:00:00Z,Packaging,PKG04,1976,116,94.46,90.0,77.46,65.85
2026-09-29T19:00:00Z,Packaging,PKG05,656,105,86.17,53.33,54.88,25.22
2026-09-29T19:00:00Z,Packaging,PKG06,2125,180,92.18,95.0,78.26,68.54
2026-09-29T19:00:00Z,Packaging,PKG07,999,99,91.03,96.67,47.32,41.64
2026-09-29T19:00:00Z,Packaging,PKG08,1975,200,90.82,93.33,72.81,61.72
2026-09-29T19:00:00Z,Kitting,KIT03,2082,40,98.1,81.67,86.65,69.41
2026-09-29T19:00:00Z,Kitting,KIT04,2280,155,93.62,86.67,85.16,69.1
2026-09-29T19:00:00Z,Kitting,KIT05,98,2,97.82,5.0,68.86,3.37
2026-09-29T19:00:00Z,Kitting,KIT07,2468,7,99.73,93.33,88.4,82.28
2026-09-29T19:00:00Z,Kitting,KIT08,984,17,98.27,50.0,64.59,31.73
2026-09-29T20:00:00Z,Assembly,ASM01,1350,49,96.51,43.33,94.91,39.69
2026-09-29T20:00:00Z,Assembly,ASM02,1977,92,95.57,95.0,72.6,65.92
2026-09-29T20:00:00Z,Assembly,ASM05,2346,48,98.01,86.67,86.32,73.32
2026-09-29T20:00:00Z,Molding,MLD03,1628,37,97.76,91.67,64.9,58.16
2026-09-29T20:00:00Z,Molding,MLD04,2092,20,99.06,76.67,83.45,63.38
2026-09-29T20:00:00Z,Molding,MLD05,1597,85,94.95,100.0,58.01,55.08
2026-09-29T20:00:00Z,Molding,MLD06,1438,90,94.11,91.67,61.73,53.25
2026-09-29T20:00:00Z,Molding,MLD07,1331,57,95.89,73.33,72.78,51.17
2026-09-29T20:00:00Z,Coating,COT02,484,15,96.94,20.0,78.01,15.12
2026-09-29T20:00:00Z,Coating,COT03,1357,42,96.99,75.0,62.18,45.23
2026-09-29T20:00:00Z,Packaging,PKG04,1079,57,95.02,60.0,63.1,35.97
2026-09-29T20:00:00Z,Packaging,PKG05,277,42,86.95,23.33,52.52,10.66
2026-09-29T20:00:00Z,Packaging,PKG06,1664,138,92.32,75.0,77.54,53.69
2026-09-29T20:00:00Z,Packaging,PKG07,861,91,90.45,86.67,45.78,35.89
2026-09-29T20:00:00Z,Packaging,PKG08,1628,171,90.52,81.67,68.82,50.88
2026-09-29T20:00:00Z,Kitting,KIT03,2536,36,98.6,100.0,85.74,84.54
2026-09-29T20:00:00Z,Kitting,KIT04,2388,62,97.46,86.67,85.66,72.36
2026-09-29T20:00:00Z,Kitting,KIT05,1524,31,97.98,73.33,73.15,52.56
2026-09-29T20:00:00Z,Kitting,KIT07,2061,28,98.65,83.33,83.59,68.71
2026-09-29T20:00:00Z,Kitting,KIT08,1432,11,99.23,61.67,75.48,46.18
2026-09-29T21:00:00Z,Assembly,ASM01,2647,83,96.96,98.33,81.66,77.85
2026-09-29T21:00:00Z,Assembly,ASM02,1295,53,96.1,61.67,72.86,43.18
2026-09-29T21:00:00Z,Assembly,ASM05,1141,25,97.83,48.33,75.41,35.66
2026-09-29T21:00:00Z,Molding,MLD03,925,27,97.15,43.33,78.48,33.04
2026-09-29T21:00:00Z,Molding,MLD04,1967,37,98.15,83.33,72.88,59.61
2026-09-29T21:00:00Z,Molding,MLD05,1050,46,95.77,56.67,66.73,36.21
2026-09-29T21:00:00Z,Molding,MLD06,1616,89,94.79,100.0,63.14,59.85
2026-09-29T21:00:00Z,Molding,MLD07,879,36,96.02,53.33,66.04,33.82
2026-09-29T21:00:00Z,Coating,COT03,1965,51,97.49,86.67,77.53,65.51
2026-09-29T21:00:00Z,Packaging,PKG05,1057,168,86.28,80.0,58.91,40.66
2026-09-29T21:00:00Z,Packaging,PKG06,1655,157,91.34,76.67,76.24,53.38
2026-09-29T21:00:00Z,Packaging,PKG07,859,90,90.52,78.33,50.45,35.78
2026-09-29T21:00:00Z,Packaging,PKG08,2060,256,88.95,100.0,72.36,64.36
2026-09-29T21:00:00Z,Kitting,KIT03,79,2,97.79,3.33,80.68,2.63
2026-09-29T21:00:00Z,Kitting,KIT04,2308,8,99.66,90.0,77.98,69.94
2026-09-29T21:00:00Z,Kitting,KIT07,1494,17,98.85,58.33,86.35,49.79
2026-09-29T21:00:00Z,Kitting,KIT08,1901,30,98.43,93.33,66.75,61.33
2026-09-29T22:00:00Z,Assembly,ASM01,2188,79,96.53,75.0,88.87,64.34
2026-09-29T22:00:00Z,Assembly,ASM02,2153,89,96.05,91.67,81.51,71.76
2026-09-29T22:00:00Z,Assembly,ASM05,1138,41,96.53,48.33,76.24,35.57
2026-09-29T22:00:00Z,Molding,MLD03,1063,28,97.39,60.0,64.99,37.97
2026-09-29T22:00:00Z,Molding,MLD04,1100,2,99.78,45.0,74.23,33.33
2026-09-29T22:00:00Z,Molding,MLD05,1323,58,95.78,90.0,52.91,45.61
2026-09-29T22:00:00Z,Molding,MLD06,1291,66,95.11,75.0,67.03,47.82
2026-09-29T22:00:00Z,Molding,MLD07,1517,44,97.16,85.0,70.66,58.35
2026-09-29T22:00:00Z,Coating,COT03,327,11,96.65,15.0,75.11,10.89
2026-09-29T22:00:00Z,Packaging,PKG04,366,17,95.66,20.0,63.79,12.2
2026-09-29T22:00:00Z,Packaging,PKG05,852,117,87.91,73.33,50.85,32.78
2026-09-29T22:00:00Z,Packaging,PKG07,1260,123,91.12,100.0,57.61,52.49
2026-09-29T22:00:00Z,Packaging,PKG08,644,78,89.21,33.33,67.72,20.14
2026-09-29T22:00:00Z,Kitting,KIT04,2341,34,98.57,78.33,91.87,70.93
2026-09-29T22:00:00Z,Kitting,KIT05,105,1,98.88,5.0,73.45,3.63
2026-09-29T22:00:00Z,Kitting,KIT08,1821,6,99.66,85.0,69.32,58.73
2026-09-29T23:00:00Z,Assembly,ASM01,2686,79,97.14,93.33,87.14,79.01
2026-09-29T23:00:00Z,Assembly,ASM02,2055,66,96.89,91.67,77.12,68.5
2026-09-29T23:00:00Z,Assembly,ASM05,2592,74,97.21,100.0,83.33,81.01
2026-09-29T23:00:00Z,Molding,MLD03,189,5,97.25,10.0,69.45,6.75
2026-09-29T23:00:00Z,Molding,MLD04,2273,41,98.22,86.67,80.93,68.89
2026-09-29T23:00:00Z,Molding,MLD05,1570,79,95.23,100.0,56.85,54.14
2026-09-29T23:00:00Z,Molding,MLD06,1582,78,95.29,93.33,65.89,58.6
2026-09-29T23:00:00Z,Molding,MLD07,1178,55,95.55,78.33,60.52,45.3
2026-09-29T23:00:00Z,Coating,COT01,832,29,96.69,55.0,65.22,34.68
2026-09-29T23:00:00Z,Coating,COT02,1992,70,96.58,80.0,80.56,62.25
2026-09-29T23:00:00Z,Coating,COT03,1711,22,98.71,76.67,75.36,57.03
2026-09-29T23:00:00Z,Packaging,PKG04,1585,83,95.04,78.33,70.95,52.82
2026-09-29T23:00:00Z,Packaging,PKG05,953,153,86.18,88.33,48.17,36.67
2026-09-29T23:00:00Z,Packaging,PKG06,1998,190,91.32,85.0,83.04,64.46
2026-09-29T23:00:00Z,Packaging,PKG07,913,88,91.21,85.0,49.06,38.03
2026-09-29T23:00:00Z,Packaging,PKG08,1668,173,90.58,83.33,69.07,52.14
2026-09-29T23:00:00Z,Kitting,KIT04,1170,15,98.75,41.67,86.19,35.46
2026-09-29T23:00:00Z,Kitting,KIT05,1554,17,98.94,80.0,67.71,53.59
2026-09-29T23:00:00Z,Kitting,KIT08,830,7,99.21,36.67,73.6,26.77
2026-09-30T00:00:00Z,Assembly,ASM01,1655,52,96.96,60.0,83.65,48.67
2026-09-30T00:00:00Z,Assembly,ASM02,38,2,95.98,1.67,79.43,1.27
2026-09-30T00:00:00Z,Assembly,ASM05,47,1,98.76,1.67,88.45,1.46
2026-09-30T00:00:00Z,Molding,MLD03,1908,61,96.89,100.0,70.31,68.13
2026-09-30T00:00:00Z,Molding,MLD04,1808,18,98.99,73.33,75.46,54.78
2026-09-30T00:00:00Z,Molding,MLD05,1206,71,94.41,65.0,67.79,41.6
2026-09-30T00:00:00Z,Molding,MLD06,1458,66,95.65,95.0,59.44,54.01
2026-09-30T00:00:00Z,Molding,MLD07,731,18,97.65,41.67,69.1,28.11
2026-09-30T00:00:00Z,Coating,COT01,1226,45,96.43,91.67,57.78,51.07
2026-09-30T00:00:00Z,Coating,COT02,2519,43,98.31,100.0,80.09,78.73
2026-09-30T00:00:00Z,Coating,COT03,1959,33,98.36,100.0,66.4,65.31
2026-09-30T00:00:00Z,Packaging,PKG04,2181,122,94.72,100.0,76.75,72.7
2026-09-30T00:00:00Z,Packaging,PKG05,1033,141,87.97,86.67,52.11,39.73
2026-09-30T00:00:00Z,Packaging,PKG06,1824,151,92.34,83.33,76.47,58.85
2026-09-30T00:00:00Z,Packaging,PKG07,756,80,90.39,73.33,47.51,31.49
2026-09-30T00:00:00Z,Packaging,PKG08,2070,234,89.85,100.0,72.0,64.7
2026-09-30T00:00:00Z,Kitting,KIT03,513,8,98.4,21.67,80.13,17.08
2026-09-30T00:00:00Z,Kitting,KIT04,1343,7,99.51,48.33,84.6,40.69
2026-09-30T00:00:00Z,Kitting,KIT05,2019,31,98.47,100.0,70.71,69.63
2026-09-30T00:00:00Z,Kitting,KIT08,1995,7,99.67,88.33,73.11,64.36
2026-09-30T01:00:00Z,Assembly,ASM01,2569,108,95.96,83.33,94.47,75.54
2026-09-30T01:00:00Z,Assembly,ASM02,1007,38,96.33,43.33,80.43,33.58
2026-09-30T01:00:00Z,Assembly,ASM05,1915,48,97.55,76.67,80.0,59.83
2026-09-30T01:00:00Z,Molding,MLD03,1899,69,96.48,88.33,79.6,67.83
2026-09-30T01:00:00Z,Molding,MLD04,1923,28,98.59,68.33,86.48,58.26
2026-09-30T01:00:00Z,Molding,MLD05,890,61,93.55,61.67,53.19,30.68
2026-09-30T01:00:00Z,Molding,MLD06,1322,56,95.95,76.67,66.55,48.96
2026-09-30T01:00:00Z,Molding,MLD07,1201,57,95.45,83.33,58.06,46.18
2026-09-30T01:00:00Z,Coating,COT01,673,20,97.07,41.67,69.29,28.03
2026-09-30T01:00:00Z,Coating,COT02,2089,57,97.34,86.67,77.4,65.29
2026-09-30T01:00:00Z,Coating,COT03,1845,28,98.51,93.33,66.88,61.49
2026-09-30T01:00:00Z,Packaging,PKG04,1842,98,94.93,93.33,69.31,61.41
2026-09-30T01:00:00Z,Packaging,PKG05,938,134,87.49,68.33,60.32,36.06
2026-09-30T01:00:00Z,Packaging,PKG06,1459,122,92.27,68.33,74.66,47.08
2026-09-30T01:00:00Z,Packaging,PKG07,865,88,90.79,93.33,42.54,36.05
2026-09-30T01:00:00Z,Packaging,PKG08,1443,161,89.97,71.67,69.95,45.1
2026-09-30T01:00:00Z,Kitting,KIT03,2583,56,97.9,100.0,87.94,86.09
2026-09-30T01:00:00Z,Kitting,KIT04,2068,5,99.75,80.0,78.53,62.67
2026-09-30T01:00:00Z,Kitting,KIT05,1123,28,97.58,61.67,64.36,38.73
2026-09-30T01:00:00Z,Kitting,KIT07,1212,1,99.9,50.0,80.9,40.41
2026-09-30T01:00:00Z,Kitting,KIT08,1099,30,97.31,51.67,70.54,35.47
2026-09-30T02:00:00Z,Assembly,ASM01,662,22,96.74,23.33,86.2,19.46
2026-09-30T02:00:00Z,Assembly,ASM02,1812,57,96.95,78.33,79.53,60.4
2026-09-30T02:00:00Z,Assembly,ASM05,2103,73,96.65,80.0,85.0,65.72
2026-09-30T02:00:00Z,Molding,MLD03,1874,47,97.56,91.67,74.85,66.94
2026-09-30T02:00:00Z,Molding,MLD04,2537,26,99.0,88.33,87.92,76.89
2026-09-30T02:00:00Z,Molding,MLD05,1406,69,95.31,78.33,64.94,48.48
2026-09-30T02:00:00Z,Molding,MLD06,1168,59,95.18,75.0,60.61,43.27
2026-09-30T02:00:00Z,Molding,MLD07,49,1,97.12,3.33,58.0,1.88
2026-09-30T02:00:00Z,Coating,COT02,1653,51,97.01,78.33,67.98,51.66
2026-09-30T02:00:00Z,Coating,COT03,945,28,97.09,51.67,62.82,31.51
2026-09-30T02:00:00Z,Packaging,PKG04,1292,81,94.12,73.33,62.39,43.06
2026-09-30T02:00:00Z,Packaging,PKG05,696,107,86.63,53.33,57.97,26.78
2026-09-30T02:00:00Z,Packaging,PKG06,1805,155,92.11,85.0,74.38,58.23
2026-09-30T02:00:00Z,Packaging,PKG07,933,107,89.74,76.67,56.5,38.87
2026-09-30T02:00:00Z,Packaging,PKG08,1845,220,89.33,81.67,79.05,57.67
2026-09-30T02:00:00Z,Kitting,KIT03,1375,12,99.13,53.33,86.69,45.83
2026-09-30T02:00:00Z,Kitting,KIT04,2591,19,99.25,86.67,91.27,78.51
2026-09-30T02:00:00Z,Kitting,KIT05,1509,34,97.81,73.33,72.54,52.03
2026-09-30T02:00:00Z,Kitting,KIT07,2097,12,99.43,91.67,76.71,69.92
2026-09-30T02:00:00Z,Kitting,KIT08,1618,40,97.6,71.67,74.63,52.2
2026-09-30T11:00:00Z,Assembly,ASM01,2162,75,96.65,80.0,82.24,63.59
2026-09-30T11:00:00Z,Assembly,ASM02,520,20,96.38,21.67,83.05,17.34
2026-09-30T11:00:00Z,Assembly,ASM05,1866,22,98.85,85.0,69.39,58.3
2026-09-30T11:00:00Z,Molding,MLD03,944,28,97.11,51.67,67.2,33.72
2026-09-30T11:00:00Z,Molding,MLD04,2026,22,98.94,81.67,75.99,61.4
2026-09-30T11:00:00Z,Molding,MLD05,1292,87,93.68,78.33,60.7,44.54
2026-09-30T11:00:00Z,Molding,MLD07,1707,53,97.01,100.0,67.66,65.64
2026-09-30T11:00:00Z,Coating,COT01,410,17,96.04,28.33,62.71,17.06
2026-09-30T11:00:00Z,Coating,COT02,2061,78,96.36,100.0,66.85,64.41
2026-09-30T11:00:00Z,Coating,COT03,732,15,98.01,45.0,55.29,24.38
2026-09-30T11:00:00Z,Packaging,PKG04,1111,68,94.26,66.67,58.91,37.02
2026-09-30T11:00:00Z,Packaging,PKG05,675,102,86.83,66.67,44.82,25.94
2026-09-30T11:00:00Z,Packaging,PKG06,2070,159,92.85,90.0,79.9,66.77
2026-09-30T11:00:00Z,Packaging,PKG07,736,69,91.4,80.0,41.92,30.65
2026-09-30T11:00:00Z,Packaging,PKG08,1619,198,89.12,81.67,69.49,50.58
2026-09-30T11:00:00Z,Kitting,KIT03,1751,36,98.01,81.67,72.92,58.37
2026-09-30T11:00:00Z,Kitting,KIT04,834,17,97.98,30.0,85.95,25.26
2026-09-30T11:00:00Z,Kitting,KIT05,843,11,98.7,48.33,60.92,29.06
2026-09-30T11:00:00Z,Kitting,KIT07,1783,2,99.9,76.67,77.62,59.45
2026-09-30T11:00:00Z,Kitting,KIT08,199,4,98.22,11.67,56.14,6.43
2026-09-30T12:00:00Z,Assembly,ASM02,1514,50,96.83,71.67,72.71,50.46
2026-09-30T12:00:00Z,Assembly,ASM05,540,16,97.05,23.33,74.56,16.88
2026-09-30T12:00:00Z,Molding,MLD03,1142,22,98.15,58.33,71.25,40.79
2026-09-30T12:00:00Z,Molding,MLD04,2371,27,98.89,86.67,83.84,71.85
2026-09-30T12:00:00Z,Molding,MLD05,1505,95,94.05,81.67,67.55,51.89
2026-09-30T12:00:00Z,Molding,MLD07,1539,44,97.23,91.67,66.43,59.21
2026-09-30T12:00:00Z,Coating,COT01,1622,37,97.76,100.0,69.15,67.6
2026-09-30T12:00:00Z,Coating,COT02,1956,42,97.89,91.67,68.13,61.14
2026-09-30T12:00:00Z,Coating,COT03,1894,59,96.99,100.0,65.08,63.12
2026-09-30T12:00:00Z,Packaging,PKG04,1918,121,94.05,88.33,76.94,63.92
2026-09-30T12:00:00Z,Packaging,PKG05,1212,179,87.11,85.0,62.94,46.6
2026-09-30T12:00:00Z,Packaging,PKG06,2295,180,92.74,100.0,79.83,74.03
2026-09-30T12:00:00Z,Packaging,PKG07,1196,135,89.85,96.67,57.36,49.82
2026-09-30T12:00:00Z,Packaging,PKG08,1538,188,89.09,75.0,71.92,48.06
2026-09-30T12:00:00Z,Kitting,KIT03,2440,27,98.89,100.0,82.24,81.33
2026-09-30T12:00:00Z,Kitting,KIT04,2460,9,99.64,90.0,83.11,74.53
2026-09-30T12:00:00Z,Kitting,KIT05,1005,19,98.14,56.67,62.33,34.66
2026-09-30T12:00:00Z,Kitting,KIT07,2241,23,98.98,100.0,75.48,74.71
2026-09-30T13:00:00Z,Assembly,ASM01,1512,56,96.41,55.0,83.88,44.48
2026-09-30T13:00:00Z,Assembly,ASM02,1980,94,95.45,81.67,84.67,66.0
2026-09-30T13:00:00Z,Assembly,ASM05,2289,51,97.83,88.33,82.79,71.54
2026-09-30T13:00:00Z,Molding,MLD03,622,23,96.37,33.33,69.16,22.22
2026-09-30T13:00:00Z,Molding,MLD04,2554,49,98.13,100.0,78.85,77.38
2026-09-30T13:00:00Z,Molding,MLD05,1320,85,93.95,78.33,61.84,45.51
2026-09-30T13:00:00Z,Molding,MLD06,1263,61,95.41,85.0,57.69,46.78
2026-09-30T13:00:00Z,Molding,MLD07,1175,32,97.36,73.33,63.32,45.21
2026-09-30T13:00:00Z,Coating,COT01,1164,31,97.44,68.33,72.81,48.49
2026-09-30T13:00:00Z,Coating,COT02,993,26,97.42,43.33,73.53,31.04
2026-09-30T13:00:00Z,Coating,COT03,2028,41,98.0,91.67,75.23,67.58
2026-09-30T13:00:00Z,Packaging,PKG04,1516,77,95.14,83.33,63.74,50.54
2026-09-30T13:00:00Z,Packaging,PKG05,1004,144,87.43,80.0,55.22,38.62
2026-09-30T13:00:00Z,Packaging,PKG06,363,34,91.53,16.67,76.82,11.72
2026-09-30T13:00:00Z,Packaging,PKG07,74,9,89.51,6.67,51.43,3.07
2026-09-30T13:00:00Z,Packaging,PKG08,1558,186,89.34,83.33,65.41,48.7
2026-09-30T13:00:00Z,Kitting,KIT04,2794,6,99.8,91.67,92.55,84.67
2026-09-30T13:00:00Z,Kitting,KIT05,1454,31,97.9,80.0,64.03,50.15
2026-09-30T13:00:00Z,Kitting,KIT07,1469,7,99.54,60.0,82.01,48.98
2026-09-30T13:00:00Z,Kitting,KIT08,1863,37,98.04,88.33,69.4,60.11
2026-09-30T14:00:00Z,Assembly,ASM01,2026,69,96.69,65.0,94.79,59.58
2026-09-30T14:00:00Z,Assembly,ASM02,1587,64,96.11,71.67,76.8,52.9
2026-09-30T14:00:00Z,Assembly,ASM05,1427,22,98.51,60.0,75.43,44.58
2026-09-30T14:00:00Z,Molding,MLD03,1549,60,96.25,86.67,66.33,55.33
2026-09-30T14:00:00Z,Molding,MLD04,222,2,98.99,8.33,81.72,6.74
2026-09-30T14:00:00Z,Molding,MLD05,1367,95,93.51,85.0,59.3,47.13
2026-09-30T14:00:00Z,Molding,MLD06,1450,75,95.1,85.0,66.41,53.69
2026-09-30T14:00:00Z,Molding,MLD07,1434,60,96.02,100.0,57.45,55.17
2026-09-30T14:00:00Z,Coating,COT01,909,31,96.72,65.0,60.22,37.86
2026-09-30T14:00:00Z,Coating,COT02,1866,58,97.0,83.33,72.16,58.33
2026-09-30T14:00:00Z,Coating,COT03,1739,21,98.81,80.0,73.35,57.98
2026-09-30T14:00:00Z,Packaging,PKG04,1979,135,93.6,100.0,70.47,65.96
2026-09-30T14:00:00Z,Packaging,PKG05,800,116,87.29,63.33,55.67,30.78
2026-09-30T14:00:00Z,Packaging,PKG06,884,78,91.91,36.67,84.62,28.51
2026-09-30T14:00:00Z,Packaging,PKG07,1174,105,91.78,100.0,53.28,48.9
2026-09-30T14:00:00Z,Packaging,PKG08,2053,242,89.47,100.0,71.7,64.15
2026-09-30T14:00:00Z,Kitting,KIT03,628,6,98.98,26.67,79.33,20.94
2026-09-30T14:00:00Z,Kitting,KIT04,2692,54,98.03,100.0,83.23,81.59
2026-09-30T14:00:00Z,Kitting,KIT05,1791,23,98.76,85.0,73.55,61.74
2026-09-30T14:00:00Z,Kitting,KIT07,369,4,98.96,15.0,82.81,12.29
2026-09-30T14:00:00Z,Kitting,KIT08,1841,45,97.6,86.67,70.2,59.38
2026-09-30T15:00:00Z,Assembly,ASM01,2100,87,96.03,71.67,89.75,61.76
2026-09-30T15:00:00Z,Assembly,ASM02,2130,57,97.4,100.0,72.89,70.99
2026-09-30T15:00:00Z,Assembly,ASM05,2716,40,98.54,100.0,86.13,84.88
2026-09-30T15:00:00Z,Molding,MLD03,1736,61,96.6,100.0,64.17,61.99
2026-09-30T15:00:00Z,Molding,MLD04,1658,20,98.83,60.0,84.73,50.24
2026-09-30T15:00:00Z,Molding,MLD05,1377,84,94.28,86.67,58.1,47.47
2026-09-30T15:00:00Z,Molding,MLD06,1079,64,94.41,68.33,61.95,39.97
2026-09-30T15:00:00Z,Molding,MLD07,1344,66,95.33,91.67,59.15,51.69
2026-09-30T15:00:00Z,Coating,COT01,1094,29,97.41,81.67,57.29,45.58
2026-09-30T15:00:00Z,Coating,COT02,1864,52,97.3,73.33,81.64,58.25
2026-09-30T15:00:00Z,Coating,COT03,1638,18,98.88,76.67,72.01,54.59
2026-09-30T15:00:00Z,Packaging,PKG04,1440,88,94.24,75.0,67.92,48.01
2026-09-30T15:00:00Z,Packaging,PKG05,400,61,86.85,33.33,53.19,15.4
2026-09-30T15:00:00Z,Packaging,PKG06,2174,203,91.47,93.33,82.16,70.14
2026-09-30T15:00:00Z,Packaging,PKG07,706,70,90.94,68.33,47.32,29.41
2026-09-30T15:00:00Z,Packaging,PKG08,1645,192,89.54,86.67,66.23,51.39
2026-09-30T15:00:00Z,Kitting,KIT03,2440,11,99.56,100.0,81.69,81.33
2026-09-30T15:00:00Z,Kitting,KIT04,2030,31,98.48,68.33,91.39,61.5
2026-09-30T15:00:00Z,Kitting,KIT05,1366,22,98.4,66.67,71.81,47.11
2026-09-30T15:00:00Z,Kitting,KIT08,2021,29,98.59,91.67,72.13,65.18
2026-09-30T16:00:00Z,Assembly,ASM01,3147,115,96.46,100.0,95.96,92.56
2026-09-30T16:00:00Z,Assembly,ASM02,79,4,95.2,3.33,82.79,2.63
2026-09-30T16:00:00Z,Assembly,ASM05,2233,34,98.49,93.33,75.92,69.78
2026-09-30T16:00:00Z,Molding,MLD03,1751,26,98.55,85.0,74.64,62.52
2026-09-30T16:00:00Z,Molding,MLD04,1603,8,99.51,58.33,83.68,48.58
2026-09-30T16:00:00Z,Molding,MLD05,1820,92,95.2,100.0,65.91,62.75
2026-09-30T16:00:00Z,Molding,MLD06,1018,41,96.15,70.0,56.04,37.72
2026-09-30T16:00:00Z,Molding,MLD07,1210,32,97.39,81.67,58.52,46.54
2026-09-30T16:00:00Z,Coating,COT02,1918,45,97.68,80.0,76.68,59.93
2026-09-30T16:00:00Z,Coating,COT03,1020,12,98.86,48.33,71.12,33.98
2026-09-30T16:00:00Z,Packaging,PKG04,1529,83,94.88,75.0,71.62,50.96
2026-09-30T16:00:00Z,Packaging,PKG05,1218,201,85.82,98.33,55.52,46.85
2026-09-30T16:00:00Z,Packaging,PKG06,1635,153,91.46,71.67,80.47,52.74
2026-09-30T16:00:00Z,Packaging,PKG07,558,65,89.55,61.67,42.11,23.25
2026-09-30T16:00:00Z,Packaging,PKG08,1677,202,89.27,80.0,73.39,52.41
2026-09-30T16:00:00Z,Kitting,KIT03,1588,41,97.51,63.33,85.73,52.94
2026-09-30T16:00:00Z,Kitting,KIT05,1640,42,97.52,83.33,69.58,56.55
2026-09-30T16:00:00Z,Kitting,KIT08,2127,57,97.38,100.0,70.46,68.61
2026-09-30T17:00:00Z,Assembly,ASM01,2587,60,97.72,91.67,84.94,76.08
2026-09-30T17:00:00Z,Assembly,ASM02,1504,63,95.96,71.67,72.91,50.14
2026-09-30T17:00:00Z,Assembly,ASM05,2243,63,97.26,86.67,83.16,70.09
2026-09-30T17:00:00Z,Molding,MLD03,852,19,97.78,48.33,64.36,30.42
2026-09-30T17:00:00Z,Molding,MLD04,1511,37,97.64,61.67,76.06,45.79
2026-09-30T17:00:00Z,Molding,MLD05,1186,59,95.24,80.0,53.67,40.89
2026-09-30T17:00:00Z,Molding,MLD06,1260,62,95.3,80.0,61.19,46.65
2026-09-30T17:00:00Z,Molding,MLD07,1373,41,97.13,78.33,69.42,52.82
2026-09-30T17:00:00Z,Coating,COT01,760,21,97.29,53.33,61.03,31.67
2026-09-30T17:00:00Z,Coating,COT02,1368,33,97.65,63.33,69.12,42.75
2026-09-30T17:00:00Z,Coating,COT03,2044,65,96.9,100.0,70.3,68.12
2026-09-30T17:00:00Z,Packaging,PKG06,876,70,92.6,36.67,83.22,28.26
2026-09-30T17:00:00Z,Packaging,PKG07,641,62,91.15,65.0,45.05,26.69
2026-09-30T17:00:00Z,Packaging,PKG08,2161,211,91.11,98.33,75.37,67.52
2026-09-30T17:00:00Z,Kitting,KIT03,2430,7,99.73,100.0,81.22,81.0
2026-09-30T17:00:00Z,Kitting,KIT04,2275,55,97.64,86.67,81.49,68.95
2026-09-30T17:00:00Z,Kitting,KIT05,1833,25,98.65,86.67,73.94,63.22
2026-09-30T17:00:00Z,Kitting,KIT07,444,4,99.02,20.0,74.7,14.79
2026-09-30T17:00:00Z,Kitting,KIT08,1845,16,99.16,88.33,67.94,59.51
2026-09-30T18:00:00Z,Assembly,ASM01,2072,74,96.57,73.33,86.04,60.93
2026-09-30T18:00:00Z,Assembly,ASM02,1015,31,97.04,48.33,72.16,33.85
2026-09-30T18:00:00Z,Assembly,ASM05,1475,27,98.17,63.33,74.12,46.09
2026-09-30T18:00:00Z,Molding,MLD03,2062,43,97.97,98.33,76.45,73.65
2026-09-30T18:00:00Z,Molding,MLD04,2729,5,99.83,100.0,82.83,82.68
2026-09-30T18:00:00Z,Molding,MLD05,1194,74,94.16,66.67,65.57,41.16
2026-09-30T18:00:00Z,Molding,MLD06,1572,68,95.86,88.33,68.76,58.23
2026-09-30T18:00:00Z,Molding,MLD07,1145,49,95.89,75.0,61.23,44.03
2026-09-30T18:00:00Z,Coating,COT01,1388,45,96.89,90.0,66.31,57.83
2026-09-30T18:00:00Z,Coating,COT02,1567,119,92.95,78.33,67.27,48.98
2026-09-30T18:00:00Z,Coating,COT03,1009,16,98.44,51.67,66.14,33.64
2026-09-30T18:00:00Z,Packaging,PKG04,1309,152,89.59,71.67,67.97,43.64
2026-09-30T18:00:00Z,Packaging,PKG05,337,46,87.92,30.0,49.14,12.96
2026-09-30T18:00:00Z,Packaging,PKG06,1633,222,88.04,83.33,71.78,52.66
2026-09-30T18:00:00Z,Packaging,PKG07,792,71,91.74,81.67,44.03,32.99
2026-09-30T18:00:00Z,Packaging,PKG08,1511,155,90.71,68.33,76.19,47.23
2026-09-30T18:00:00Z,Kitting,KIT03,1470,6,99.61,66.67,73.77,48.99
2026-09-30T18:00:00Z,Kitting,KIT04,1607,24,98.55,63.33,78.01,48.69
2026-09-30T18:00:00Z,Kitting,KIT05,1152,20,98.33,66.67,60.58,39.71
2026-09-30T18:00:00Z,Kitting,KIT07,2508,35,98.62,100.0,84.76,83.59
2026-09-30T18:00:00Z,Kitting,KIT08,1775,46,97.48,88.33,66.5,57.26
2026-09-30T19:00:00Z,Assembly,ASM01,1906,60,96.96,71.67,80.68,56.06
2026-09-30T19:00:00Z,Assembly,ASM02,1503,40,97.38,66.67,77.16,50.09
2026-09-30T19:00:00Z,Assembly,ASM05,2371,70,97.13,90.0,84.75,74.08
2026-09-30T19:00:00Z,Molding,MLD03,1548,40,97.47,75.0,75.6,55.27
2026-09-30T19:00:00Z,Molding,MLD04,1205,3,99.76,45.0,81.34,36.52
2026-09-30T19:00:00Z,Molding,MLD05,1097,56,95.14,75.0,53.0,37.82
2026-09-30T19:00:00Z,Molding,MLD06,1675,101,94.32,100.0,65.78,62.05
2026-09-30T19:00:00Z,Molding,MLD07,1319,59,95.73,75.0,70.66,50.73
2026-09-30T19:00:00Z,Coating,COT01,1329,30,97.8,90.0,62.93,55.39
2026-09-30T19:00:00Z,Coating,COT02,1874,122,93.88,85.0,73.4,58.57
2026-09-30T19:00:00Z,Coating,COT03,1566,32,98.02,80.0,66.55,52.19
2026-09-30T19:00:00Z,Packaging,PKG04,1410,159,89.86,70.0,74.7,46.99
2026-09-30T19:00:00Z,Packaging,PKG05,871,118,88.09,66.67,57.01,33.48
2026-09-30T19:00:00Z,Packaging,PKG06,2225,267,89.27,98.33,81.77,71.78
2026-09-30T19:00:00Z,Packaging,PKG07,752,72,91.26,71.67,47.88,31.31
2026-09-30T19:00:00Z,Packaging,PKG08,1934,228,89.47,100.0,67.56,60.45
2026-09-30T19:00:00Z,Kitting,KIT03,1888,7,99.63,76.67,82.41,62.95
2026-09-30T19:00:00Z,Kitting,KIT04,2932,51,98.3,100.0,90.38,88.84
2026-09-30T19:00:00Z,Kitting,KIT05,1225,22,98.26,61.67,69.69,42.23
2026-09-30T19:00:00Z,Kitting,KIT07,1982,23,98.87,78.33,85.32,66.08
2026-09-30T19:00:00Z,Kitting,KIT08,1545,25,98.41,81.67,62.0,49.83
2026-09-30T20:00:00Z,Assembly,ASM01,2244,90,96.14,81.67,84.07,66.0
2026-09-30T20:00:00Z,Assembly,ASM02,2056,61,97.14,100.0,70.55,68.53
2026-09-30T20:00:00Z,Molding,MLD03,1838,46,97.56,93.33,72.09,65.64
2026-09-30T20:00:00Z,Molding,MLD04,2560,8,99.68,91.67,84.9,77.57
2026-09-30T20:00:00Z,Molding,MLD05,1282,56,95.79,76.67,60.2,44.21
2026-09-30T20:00:00Z,Molding,MLD06,894,33,96.49,53.33,64.35,33.11
2026-09-30T20:00:00Z,Molding,MLD07,1548,65,95.95,95.0,65.31,59.53
2026-09-30T20:00:00Z,Coating,COT01,1399,42,97.05,85.0,70.64,58.28
2026-09-30T20:00:00Z,Coating,COT02,1510,38,97.55,70.0,69.1,47.19
2026-09-30T20:00:00Z,Coating,COT03,1362,48,96.57,75.0,62.67,45.39
2026-09-30T20:00:00Z,Packaging,PKG04,2043,90,95.77,100.0,71.1,68.09
2026-09-30T20:00:00Z,Packaging,PKG05,1056,167,86.31,100.0,47.04,40.6
2026-09-30T20:00:00Z,Packaging,PKG06,1714,163,91.34,75.0,80.7,55.28
2026-09-30T20:00:00Z,Packaging,PKG07,957,90,91.37,90.0,48.47,39.86
2026-09-30T20:00:00Z,Packaging,PKG08,1411,136,91.18,70.0,69.08,44.09
2026-09-30T20:00:00Z,Kitting,KIT03,2461,47,98.11,100.0,83.61,82.02
2026-09-30T20:00:00Z,Kitting,KIT04,2289,9,99.62,75.0,92.83,69.36
2026-09-30T20:00:00Z,Kitting,KIT05,1718,28,98.39,83.33,72.27,59.25
2026-09-30T20:00:00Z,Kitting,KIT07,2191,17,99.21,83.33,88.36,73.05
2026-09-30T20:00:00Z,Kitting,KIT08,2184,44,98.02,96.67,74.35,70.44
2026-09-30T21:00:00Z,Assembly,ASM01,2974,79,97.4,100.0,89.82,87.48
2026-09-30T21:00:00Z,Assembly,ASM02,1796,49,97.36,76.67,80.22,59.88
2026-09-30T21:00:00Z,Assembly,ASM05,2772,73,97.43,100.0,88.89,86.61
2026-09-30T21:00:00Z,Molding,MLD03,1307,29,97.8,63.33,75.37,46.68
2026-09-30T21:00:00Z,Molding,MLD04,2605,7,99.71,93.33,84.84,78.95
2026-09-30T21:00:00Z,Molding,MLD05,1007,63,94.1,63.33,58.24,34.71
2026-09-30T21:00:00Z,Molding,MLD06,1587,71,95.7,90.0,68.25,58.79
2026-09-30T21:00:00Z,Molding,MLD07,974,39,96.15,65.0,59.96,37.47
2026-09-30T21:00:00Z,Coating,COT01,1580,34,97.86,100.0,67.26,65.82
2026-09-30T21:00:00Z,Coating,COT02,1879,64,96.69,78.33,77.51,58.71
2026-09-30T21:00:00Z,Coating,COT03,1651,24,98.55,81.67,68.36,55.02
2026-09-30T21:00:00Z,Packaging,PKG04,1668,95,94.6,81.67,71.95,55.58
2026-09-30T21:00:00Z,Packaging,PKG05,1050,153,87.29,88.33,52.38,40.39
2026-09-30T21:00:00Z,Packaging,PKG06,2351,214,91.66,100.0,82.73,75.83
2026-09-30T21:00:00Z,Packaging,PKG07,668,65,91.12,61.67,49.54,27.83
2026-09-30T21:00:00Z,Packaging,PKG08,1763,184,90.53,83.33,73.01,55.08
2026-09-30T21:00:00Z,Kitting,KIT03,1895,18,99.05,75.0,85.01,63.15
2026-09-30T21:00:00Z,Kitting,KIT04,2702,22,99.19,91.67,90.03,81.87
2026-09-30T21:00:00Z,Kitting,KIT05,2101,53,97.56,100.0,74.27,72.46
2026-09-30T21:00:00Z,Kitting,KIT07,1630,2,99.9,71.67,75.89,54.33
2026-09-30T21:00:00Z,Kitting,KIT08,1854,49,97.41,88.33,69.52,59.82
2026-09-30T22:00:00Z,Assembly,ASM01,2349,61,97.48,81.67,86.78,69.08
2026-09-30T22:00:00Z,Assembly,ASM02,1726,61,96.57,81.67,72.94,57.52
2026-09-30T22:00:00Z,Assembly,ASM05,908,26,97.18,33.33,87.63,28.39
2026-09-30T22:00:00Z,Molding,MLD03,1679,24,98.59,85.0,71.57,59.98
2026-09-30T22:00:00Z,Molding,MLD04,1634,17,98.97,60.0,83.4,49.53
2026-09-30T22:00:00Z,Molding,MLD05,1207,84,93.52,66.67,66.73,41.61
2026-09-30T22:00:00Z,Molding,MLD06,1240,55,95.72,76.67,62.6,45.94
2026-09-30T22:00:00Z,Molding,MLD07,1096,31,97.23,75.0,57.81,42.16
2026-09-30T22:00:00Z,Coating,COT01,76,2,96.82,5.0,65.18,3.16
2026-09-30T22:00:00Z,Coating,COT02,2495,74,97.11,100.0,80.28,77.96
2026-09-30T22:00:00Z,Coating,COT03,1069,20,98.13,50.0,72.64,35.64
2026-09-30T22:00:00Z,Packaging,PKG04,834,55,93.82,43.33,68.36,27.79
2026-09-30T22:00:00Z,Packaging,PKG05,774,118,86.79,63.33,54.16,29.77
2026-09-30T22:00:00Z,Packaging,PKG06,1654,159,91.24,71.67,81.61,53.36
2026-09-30T22:00:00Z,Packaging,PKG07,1065,107,90.86,91.67,53.26,44.36
2026-09-30T22:00:00Z,Packaging,PKG08,1804,176,91.12,83.33,74.23,56.36
2026-09-30T22:00:00Z,Kitting,KIT03,1865,44,97.67,86.67,73.46,62.18
2026-09-30T22:00:00Z,Kitting,KIT04,2945,20,99.32,100.0,89.85,89.24
2026-09-30T22:00:00Z,Kitting,KIT05,486,6,98.79,26.67,63.65,16.77
2026-09-30T22:00:00Z,Kitting,KIT08,1377,7,99.51,71.67,62.31,44.44
2026-09-30T23:00:00Z,Assembly,ASM01,2266,89,96.21,85.0,81.52,66.66
2026-09-30T23:00:00Z,Assembly,ASM02,1452,66,95.66,71.67,70.59,48.39
2026-09-30T23:00:00Z,Assembly,ASM05,2352,58,97.58,100.0,75.33,73.51
2026-09-30T23:00:00Z,Molding,MLD03,1922,51,97.39,100.0,70.47,68.63
2026-09-30T23:00:00Z,Molding,MLD04,1714,31,98.22,71.67,73.8,51.95
2026-09-30T23:00:00Z,Molding,MLD05,1450,82,94.66,80.0,66.01,49.99
2026-09-30T23:00:00Z,Molding,MLD06,946,36,96.36,61.67,58.93,35.02
2026-09-30T23:00:00Z,Molding,MLD07,1110,40,96.56,73.33,60.29,42.7
2026-09-30T23:00:00Z,Coating,COT01,683,15,97.84,43.33,67.09,28.44
2026-09-30T23:00:00Z,Coating,COT02,1893,73,96.3,80.0,76.77,59.14
2026-09-30T23:00:00Z,Coating,COT03,1683,50,97.14,90.0,64.18,56.11
2026-09-30T23:00:00Z,Packaging,PKG04,1120,64,94.62,61.67,63.96,37.32
2026-09-30T23:00:00Z,Packaging,PKG05,892,134,86.96,83.33,47.35,34.31
2026-09-30T23:00:00Z,Packaging,PKG06,245,20,92.47,11.67,73.33,7.91
2026-09-30T23:00:00Z,Packaging,PKG07,1212,134,90.05,100.0,56.08,50.5
2026-09-30T23:00:00Z,Packaging,PKG08,1671,177,90.43,83.33,69.28,52.21
2026-09-30T23:00:00Z,Kitting,KIT03,2107,51,97.62,83.33,86.34,70.24
2026-09-30T23:00:00Z,Kitting,KIT04,1982,16,99.19,73.33,82.56,60.06
2026-09-30T23:00:00Z,Kitting,KIT05,1833,50,97.33,100.0,64.92,63.19
2026-09-30T23:00:00Z,Kitting,KIT08,1456,37,97.51,75.0,64.2,46.95
2026-10-01T00:00:00Z,Assembly,ASM05,1614,44,97.33,68.33,75.81,50.42
2026-10-01T00:00:00Z,Molding,MLD03,1633,54,96.8,76.67,78.57,58.31
2026-10-01T00:00:00Z,Molding,MLD04,1662,23,98.64,68.33,74.72,50.36
2026-10-01T00:00:00Z,Molding,MLD05,1097,50,95.63,61.67,64.15,37.83
2026-10-01T00:00:00Z,Molding,MLD06,1377,76,94.75,96.67,55.67,50.99
2026-10-01T00:00:00Z,Molding,MLD07,1507,46,97.03,100.0,59.73,57.96
2026-10-01T00:00:00Z,Coating,COT01,1028,42,96.08,73.33,60.77,42.82
2026-10-01T00:00:00Z,Coating,COT02,2256,72,96.89,88.33,82.36,70.48
2026-10-01T00:00:00Z,Coating,COT03,1158,33,97.24,55.0,72.15,38.59
2026-10-01T00:00:00Z,Packaging,PKG04,1793,102,94.61,86.67,72.9,59.78
2026-10-01T00:00:00Z,Packaging,PKG05,1225,170,87.79,90.0,59.62,47.1
2026-10-01T00:00:00Z,Packaging,PKG06,1206,87,93.26,50.0,83.41,38.9
2026-10-01T00:00:00Z,Packaging,PKG07,311,35,89.75,31.67,45.53,12.94
2026-10-01T00:00:00Z,Packaging,PKG08,1122,120,90.32,53.33,72.77,35.05
2026-10-01T00:00:00Z,Kitting,KIT03,2214,12,99.48,96.67,76.74,73.79
2026-10-01T00:00:00Z,Kitting,KIT04,2820,43,98.5,93.33,92.95,85.46
2026-10-01T00:00:00Z,Kitting,KIT05,1118,39,96.65,60.0,66.46,38.54
2026-10-01T00:00:00Z,Kitting,KIT08,1998,12,99.4,91.67,70.73,64.45
2026-10-01T01:00:00Z,Assembly,ASM01,2535,92,96.51,91.67,84.29,74.57
2026-10-01T01:00:00Z,Assembly,ASM02,1711,69,96.11,81.67,72.66,57.03
2026-10-01T01:00:00Z,Molding,MLD03,1794,35,98.1,81.67,79.97,64.07
2026-10-01T01:00:00Z,Molding,MLD04,2733,19,99.32,100.0,83.38,82.82
2026-10-01T01:00:00Z,Molding,MLD06,1161,72,94.14,81.67,55.93,43.0
2026-10-01T01:00:00Z,Molding,MLD07,1295,35,97.38,88.33,57.92,49.82
2026-10-01T01:00:00Z,Coating,COT01,1288,36,97.28,86.67,63.66,53.67
2026-10-01T01:00:00Z,Coating,COT02,716,26,96.55,31.67,73.2,22.38
2026-10-01T01:00:00Z,Coating,COT03,1563,45,97.21,85.0,63.05,52.1
2026-10-01T01:00:00Z,Packaging,PKG04,2099,117,94.73,100.0,73.85,69.95
2026-10-01T01:00:00Z,Packaging,PKG05,933,146,86.44,75.0,55.33,35.87
2026-10-01T01:00:00Z,Packaging,PKG06,1746,139,92.62,80.0,75.99,56.31
2026-10-01T01:00:00Z,Packaging,PKG07,493,55,89.9,50.0,45.73,20.56
2026-10-01T01:00:00Z,Packaging,PKG08,2002,199,90.97,100.0,68.76,62.55
2026-10-01T01:00:00Z,Kitting,KIT03,1882,36,98.1,83.33,76.74,62.73
2026-10-01T01:00:00Z,Kitting,KIT04,2393,7,99.69,83.33,87.3,72.53
2026-10-01T01:00:00Z,Kitting,KIT05,1310,14,98.98,73.33,62.24,45.17
2026-10-01T01:00:00Z,Kitting,KIT07,1658,2,99.9,66.67,83.0,55.28
2026-10-01T01:00:00Z,Kitting,KIT08,2153,34,98.47,91.67,76.96,69.46
2026-10-01T02:00:00Z,Assembly,ASM01,1779,63,96.57,60.0,90.3,52.32
2026-10-01T02:00:00Z,Assembly,ASM02,1651,57,96.65,78.33,72.71,55.05
2026-10-01T02:00:00Z,Molding,MLD03,1641,26,98.45,81.67,72.9,58.61
2026-10-01T02:00:00Z,Molding,MLD04,901,18,98.05,31.67,87.98,27.32
2026-10-01T02:00:00Z,Molding,MLD06,1187,66,94.75,76.67,60.51,43.96
2026-10-01T02:00:00Z,Molding,MLD07,293,9,97.11,16.67,69.53,11.25
2026-10-01T02:00:00Z,Coating,COT01,1384,44,96.9,90.0,66.12,57.66
2026-10-01T02:00:00Z,Coating,COT02,1987,62,96.97,91.67,69.84,62.08
2026-10-01T02:00:00Z,Coating,COT03,768,11,98.61,38.33,67.72,25.6
2026-10-01T02:00:00Z,Packaging,PKG04,178,11,93.97,10.0,63.2,5.94
2026-10-01T02:00:00Z,Packaging,PKG05,895,126,87.7,80.0,49.06,34.42
2026-10-01T02:00:00Z,Packaging,PKG06,1148,88,92.9,46.67,85.42,37.03
2026-10-01T02:00:00Z,Packaging,PKG07,999,106,90.42,83.33,55.25,41.63
2026-10-01T02:00:00Z,Packaging,PKG08,65,8,89.06,3.33,68.19,2.02
2026-10-01T02:00:00Z,Kitting,KIT03,1987,35,98.28,85.0,79.27,66.22
2026-10-01T02:00:00Z,Kitting,KIT04,1692,8,99.52,56.67,90.91,51.27
2026-10-01T02:00:00Z,Kitting,KIT05,1511,28,98.2,88.33,60.08,52.12
2026-10-01T02:00:00Z,Kitting,KIT07,1221,20,98.38,46.67,88.65,40.7
2026-10-01T11:00:00Z,Assembly,ASM01,1266,27,97.95,45.0,84.45,37.22
2026-10-01T11:00:00Z,Assembly,ASM02,659,25,96.41,28.33,80.37,21.95
2026-10-01T11:00:00Z,Assembly,ASM05,807,17,97.95,35.0,73.54,25.21
2026-10-01T11:00:00Z,Molding,MLD03,1069,17,98.42,61.67,62.91,38.18
2026-10-01T11:00:00Z,Molding,MLD04,2275,19,99.16,93.33,74.48,68.93
2026-10-01T11:00:00Z,Molding,MLD05,1065,63,94.45,80.0,48.62,36.74
2026-10-01T11:00:00Z,Molding,MLD06,954,40,95.96,70.0,52.58,35.32
2026-10-01T11:00:00Z,Coating,COT01,1326,51,96.26,100.0,57.39,55.25
2026-10-01T11:00:00Z,Coating,COT02,1539,36,97.74,73.33,67.11,48.1
2026-10-01T11:00:00Z,Coating,COT03,1928,67,96.62,96.67,68.79,64.25
2026-10-01T11:00:00Z,Packaging,PKG04,1707,84,95.32,100.0,59.71,56.91
2026-10-01T11:00:00Z,Packaging,PKG05,298,48,86.1,38.33,34.67,11.44
2026-10-01T11:00:00Z,Packaging,PKG06,2175,167,92.87,93.33,80.93,70.15
2026-10-01T11:00:00Z,Packaging,PKG07,924,87,91.38,93.33,45.12,38.48
2026-10-01T11:00:00Z,Packaging,PKG08,1552,155,90.94,70.0,76.18,48.49
2026-10-01T11:00:00Z,Kitting,KIT03,1164,27,97.75,53.33,74.42,38.79
2026-10-01T11:00:00Z,Kitting,KIT04,1988,30,98.54,76.67,79.76,60.25
2026-10-01T11:00:00Z,Kitting,KIT05,1343,19,98.6,81.67,57.52,46.32
2026-10-01T11:00:00Z,Kitting,KIT07,1322,2,99.84,56.67,77.89,44.07
2026-10-01T11:00:00Z,Kitting,KIT08,1881,33,98.27,91.67,67.34,60.66
2026-10-01T12:00:00Z,Assembly,ASM02,400,15,96.4,18.33,75.4,13.32
2026-10-01T12:00:00Z,Assembly,ASM05,816,11,98.7,30.0,86.09,25.49
2026-10-01T12:00:00Z,Molding,MLD03,1828,67,96.44,85.0,79.63,65.27
2026-10-01T12:00:00Z,Molding,MLD04,2086,21,99.02,80.0,79.82,63.23
2026-10-01T12:00:00Z,Molding,MLD05,1456,73,95.25,80.0,65.89,50.21
2026-10-01T12:00:00Z,Molding,MLD06,1021,62,94.25,63.33,63.34,37.81
2026-10-01T12:00:00Z,Molding,MLD07,1139,40,96.6,66.67,68.03,43.81
2026-10-01T12:00:00Z,Coating,COT01,589,21,96.56,38.33,66.26,24.53
2026-10-01T12:00:00Z,Coating,COT02,2297,47,97.99,93.33,78.49,71.78
2026-10-01T12:00:00Z,Packaging,PKG04,1176,55,95.51,65.0,63.15,39.21
2026-10-01T12:00:00Z,Packaging,PKG05,696,97,87.78,63.33,48.17,26.78
2026-10-01T12:00:00Z,Packaging,PKG06,2167,168,92.81,95.0,79.29,69.9
2026-10-01T12:00:00Z,Packaging,PKG07,238,25,90.54,23.33,47.01,9.93
2026-10-01T12:00:00Z,Packaging,PKG08,1162,128,90.06,61.67,65.38,36.31
2026-10-01T12:00:00Z,Kitting,KIT03,1751,21,98.82,81.67,72.33,58.37
2026-10-01T12:00:00Z,Kitting,KIT04,2264,31,98.65,80.0,86.95,68.62
2026-10-01T12:00:00Z,Kitting,KIT05,1620,19,98.84,88.33,63.97,55.85
2026-10-01T12:00:00Z,Kitting,KIT07,2128,21,99.0,93.33,76.78,70.95
2026-10-01T12:00:00Z,Kitting,KIT08,1627,9,99.44,85.0,62.1,52.49
2026-10-01T13:00:00Z,Assembly,ASM02,2067,80,96.27,85.0,84.21,68.91
2026-10-01T13:00:00Z,Assembly,ASM05,2395,77,96.88,86.67,89.12,74.83
2026-10-01T13:00:00Z,Molding,MLD03,1559,39,97.54,78.33,72.86,55.67
2026-10-01T13:00:00Z,Molding,MLD04,1528,32,97.97,60.0,78.75,46.29
2026-10-01T13:00:00Z,Molding,MLD05,1788,111,94.13,100.0,65.51,61.67
2026-10-01T13:00:00Z,Molding,MLD06,1154,53,95.6,70.0,63.84,42.73
2026-10-01T13:00:00Z,Molding,MLD07,1217,42,96.66,71.67,67.56,46.81
2026-10-01T13:00:00Z,Coating,COT01,1174,31,97.4,81.67,61.49,48.91
2026-10-01T13:00:00Z,Coating,COT02,1671,43,97.48,78.33,68.4,52.23
2026-10-01T13:00:00Z,Coating,COT03,1524,34,97.83,75.0,69.24,50.81
2026-10-01T13:00:00Z,Packaging,PKG04,2038,98,95.43,100.0,71.18,67.92
2026-10-01T13:00:00Z,Packaging,PKG05,744,117,86.41,55.0,60.22,28.62
2026-10-01T13:00:00Z,Packaging,PKG06,1410,138,91.08,70.0,71.36,45.5
2026-10-01T13:00:00Z,Packaging,PKG07,798,86,90.29,78.33,47.02,33.25
2026-10-01T13:00:00Z,Packaging,PKG08,1314,144,90.13,61.67,73.91,41.07
2026-10-01T13:00:00Z,Kitting,KIT03,1864,7,99.65,83.33,74.84,62.15
2026-10-01T13:00:00Z,Kitting,KIT04,782,17,97.91,26.67,90.77,23.7
2026-10-01T13:00:00Z,Kitting,KIT05,1583,21,98.67,81.67,67.74,54.59
2026-10-01T13:00:00Z,Kitting,KIT07,2103,24,98.88,85.0,83.41,70.1
2026-10-01T13:00:00Z,Kitting,KIT08,193,4,97.81,8.33,76.43,6.23
2026-10-01T14:00:00Z,Assembly,ASM02,1751,85,95.38,80.0,76.48,58.36
2026-10-01T14:00:00Z,Assembly,ASM05,2077,31,98.53,88.33,74.57,64.9
2026-10-01T14:00:00Z,Molding,MLD03,1488,30,98.05,83.33,65.03,53.14
2026-10-01T14:00:00Z,Molding,MLD04,2745,6,99.78,100.0,83.37,83.19
2026-10-01T14:00:00Z,Molding,MLD05,1028,59,94.57,68.33,54.87,35.46
2026-10-01T14:00:00Z,Molding,MLD06,1014,60,94.41,61.67,64.48,37.54
2026-10-01T14:00:00Z,Molding,MLD07,902,38,95.95,56.67,63.78,34.68
2026-10-01T14:00:00Z,Coating,COT01,388,11,97.19,23.33,71.22,16.15
2026-10-01T14:00:00Z,Coating,COT02,2548,55,97.89,98.33,82.71,79.61
2026-10-01T14:00:00Z,Coating,COT03,1398,29,98.0,76.67,62.04,46.61
2026-10-01T14:00:00Z,Packaging,PKG04,1442,91,94.09,70.0,72.97,48.06
2026-10-01T14:00:00Z,Packaging,PKG05,709,111,86.43,60.0,52.56,27.25
2026-10-01T14:00:00Z,Packaging,PKG06,601,45,93.03,26.67,78.15,19.39
2026-10-01T14:00:00Z,Packaging,PKG07,1248,133,90.38,100.0,57.53,52.0
2026-10-01T14:00:00Z,Packaging,PKG08,1700,202,89.38,83.33,71.35,53.14
2026-10-01T14:00:00Z,Kitting,KIT03,1465,9,99.37,63.33,77.57,48.82
2026-10-01T14:00:00Z,Kitting,KIT04,2178,7,99.68,83.33,79.44,65.99
2026-10-01T14:00:00Z,Kitting,KIT07,2456,15,99.41,100.0,82.36,81.88
2026-10-01T14:00:00Z,Kitting,KIT08,1704,23,98.69,78.33,71.1,54.97
2026-10-01T15:00:00Z,Assembly,ASM01,2073,89,95.88,75.0,84.79,60.97
2026-10-01T15:00:00Z,Assembly,ASM02,1791,84,95.51,85.0,73.54,59.7
2026-10-01T15:00:00Z,Assembly,ASM05,2635,35,98.7,100.0,83.41,82.33
2026-10-01T15:00:00Z,Molding,MLD03,1821,33,98.21,100.0,66.22,65.04
2026-10-01T15:00:00Z,Molding,MLD04,825,8,98.99,31.67,79.78,25.01
2026-10-01T15:00:00Z,Molding,MLD05,687,37,94.85,43.33,57.67,23.7
2026-10-01T15:00:00Z,Molding,MLD07,1145,51,95.75,68.33,67.32,44.04
2026-10-01T15:00:00Z,Coating,COT01,1052,47,95.76,63.33,72.27,43.83
2026-10-01T15:00:00Z,Coating,COT02,1816,48,97.44,76.67,75.98,56.76
2026-10-01T15:00:00Z,Coating,COT03,1546,22,98.6,75.0,69.68,51.53
2026-10-01T15:00:00Z,Packaging,PKG04,1299,60,95.61,70.0,64.72,43.31
2026-10-01T15:00:00Z,Packaging,PKG06,1594,124,92.81,76.67,72.29,51.43
2026-10-01T15:00:00Z,Packaging,PKG07,909,86,91.35,75.0,55.26,37.86
2026-10-01T15:00:00Z,Packaging,PKG08,1978,226,89.76,93.33,73.77,61.81
2026-10-01T15:00:00Z,Kitting,KIT03,2266,18,99.2,100.0,76.15,75.55
2026-10-01T15:00:00Z,Kitting,KIT04,2490,9,99.62,88.33,85.75,75.46
2026-10-01T15:00:00Z,Kitting,KIT05,1748,59,96.72,85.0,73.34,60.29
2026-10-01T15:00:00Z,Kitting,KIT07,1892,2,99.9,76.67,82.33,63.06
2026-10-01T15:00:00Z,Kitting,KIT08,1972,54,97.35,100.0,65.35,63.62
2026-10-01T16:00:00Z,Assembly,ASM01,1325,48,96.51,50.0,80.75,38.97
2026-10-01T16:00:00Z,Assembly,ASM02,1777,65,96.46,76.67,80.09,59.23
2026-10-01T16:00:00Z,Assembly,ASM05,1392,41,97.16,56.67,79.03,43.51
2026-10-01T16:00:00Z,Molding,MLD03,238,9,96.51,11.67,75.51,8.5
2026-10-01T16:00:00Z,Molding,MLD04,1401,3,99.79,53.33,79.76,42.45
2026-10-01T16:00:00Z,Molding,MLD05,1146,53,95.54,65.0,63.62,39.51
2026-10-01T16:00:00Z,Molding,MLD07,1280,57,95.73,73.33,70.14,49.24
2026-10-01T16:00:00Z,Coating,COT01,949,20,97.93,68.33,59.07,39.53
2026-10-01T16:00:00Z,Coating,COT02,1836,73,96.17,76.67,77.8,57.36
2026-10-01T16:00:00Z,Coating,COT03,1953,56,97.19,91.67,73.06,65.09
2026-10-01T16:00:00Z,Packaging,PKG04,1272,86,93.67,60.0,75.44,42.4
2026-10-01T16:00:00Z,Packaging,PKG05,1248,178,87.54,93.33,58.74,47.99
2026-10-01T16:00:00Z,Packaging,PKG06,1984,183,91.56,86.67,80.65,63.99
2026-10-01T16:00:00Z,Packaging,PKG07,1228,119,91.18,100.0,56.12,51.17
2026-10-01T16:00:00Z,Packaging,PKG08,1638,189,89.67,85.0,67.14,51.18
2026-10-01T16:00:00Z,Kitting,KIT03,1432,33,97.76,60.0,81.37,47.73
2026-10-01T16:00:00Z,Kitting,KIT04,2566,43,98.37,86.67,91.21,77.76
2026-10-01T16:00:00Z,Kitting,KIT05,1535,46,97.11,86.67,62.89,52.93
2026-10-01T16:00:00Z,Kitting,KIT07,178,1,99.44,6.67,89.36,5.92
2026-10-01T16:00:00Z,Kitting,KIT08,1638,13,99.23,80.0,66.58,52.85
2026-10-01T17:00:00Z,Assembly,ASM01,2871,65,97.8,100.0,86.35,84.44
2026-10-01T17:00:00Z,Assembly,ASM02,2091,72,96.69,88.33,81.61,69.7
2026-10-01T17:00:00Z,Assembly,ASM05,2013,56,97.3,78.33,82.52,62.9
2026-10-01T17:00:00Z,Molding,MLD03,1540,56,96.52,86.67,65.75,55.0
2026-10-01T17:00:00Z,Molding,MLD04,1905,24,98.74,66.67,87.71,57.74
2026-10-01T17:00:00Z,Molding,MLD05,1365,65,95.48,88.33,55.82,47.08
2026-10-01T17:00:00Z,Molding,MLD07,1092,31,97.28,66.67,64.77,42.0
2026-10-01T17:00:00Z,Coating,COT01,706,26,96.45,53.33,57.15,29.4
2026-10-01T17:00:00Z,Coating,COT02,1849,32,98.3,71.67,82.03,57.79
2026-10-01T17:00:00Z,Coating,COT03,2029,43,97.94,100.0,69.07,67.64
2026-10-01T17:00:00Z,Packaging,PKG04,94,6,94.04,5.0,66.36,3.12
2026-10-01T17:00:00Z,Packaging,PKG05,687,107,86.54,60.0,50.89,26.42
2026-10-01T17:00:00Z,Packaging,PKG06,1493,108,93.25,61.67,83.77,48.17
2026-10-01T17:00:00Z,Packaging,PKG07,789,93,89.45,85.0,43.24,32.88
2026-10-01T17:00:00Z,Packaging,PKG08,1639,184,89.89,85.0,67.03,51.22
2026-10-01T17:00:00Z,Kitting,KIT03,2225,2,99.9,98.33,75.51,74.18
2026-10-01T17:00:00Z,Kitting,KIT04,1450,10,99.35,53.33,82.95,43.95
2026-10-01T17:00:00Z,Kitting,KIT05,888,16,98.22,43.33,71.94,30.62
2026-10-01T17:00:00Z,Kitting,KIT08,1925,39,98.0,100.0,63.37,62.1
2026-10-01T18:00:00Z,Assembly,ASM01,2167,45,97.97,71.67,90.79,63.74
2026-10-01T18:00:00Z,Assembly,ASM02,1969,179,91.68,100.0,71.59,65.63
2026-10-01T18:00:00Z,Assembly,ASM05,1451,51,96.61,60.0,78.23,45.35
2026-10-01T18:00:00Z,Molding,MLD03,1325,27,98.02,65.0,74.25,47.3
2026-10-01T18:00:00Z,Molding,MLD04,2007,111,94.75,86.67,74.07,60.83
2026-10-01T18:00:00Z,Molding,MLD05,1170,81,93.52,68.33,63.11,40.33
2026-10-01T18:00:00Z,Molding,MLD06,1109,46,96.06,73.33,58.32,41.08
2026-10-01T18:00:00Z,Molding,MLD07,1716,42,97.61,100.0,67.59,65.98
2026-10-01T18:00:00Z,Coating,COT01,892,25,97.31,66.67,57.31,37.18
2026-10-01T18:00:00Z,Coating,COT02,2202,73,96.78,96.67,73.56,68.82
2026-10-01T18:00:00Z,Coating,COT03,1803,29,98.44,81.67,74.76,60.1
2026-10-01T18:00:00Z,Packaging,PKG04,2112,97,95.6,100.0,73.63,70.39
2026-10-01T18:00:00Z,Packaging,PKG05,951,150,86.41,70.0,60.47,36.58
2026-10-01T18:00:00Z,Packaging,PKG06,2000,164,92.42,88.33,79.03,64.52
2026-10-01T18:00:00Z,Packaging,PKG07,894,88,91.01,95.0,43.1,37.26
2026-10-01T18:00:00Z,Packaging,PKG08,2049,204,90.95,100.0,70.39,64.02
2026-10-01T18:00:00Z,Kitting,KIT03,720,50,93.53,31.67,81.05,24.01
2026-10-01T18:00:00Z,Kitting,KIT04,2810,11,99.61,100.0,85.48,85.15
2026-10-01T18:00:00Z,Kitting,KIT05,1476,117,92.67,80.0,68.65,50.9
2026-10-01T18:00:00Z,Kitting,KIT07,1354,1,99.9,56.67,79.75,45.15
2026-10-01T18:00:00Z,Kitting,KIT08,315,2,99.22,13.33,76.7,10.15
2026-10-01T19:00:00Z,Assembly,ASM01,2657,100,96.38,91.67,88.45,78.14
2026-10-01T19:00:00Z,Assembly,ASM02,1947,177,91.66,90.0,78.67,64.9
2026-10-01T19:00:00Z,Assembly,ASM05,1992,26,98.69,76.67,82.28,62.26
2026-10-01T19:00:00Z,Molding,MLD03,1255,22,98.29,70.0,65.13,44.81
2026-10-01T19:00:00Z,Molding,MLD04,2374,119,95.24,96.67,78.14,71.95
2026-10-01T19:00:00Z,Molding,MLD05,1726,106,94.23,100.0,63.16,59.52
2026-10-01T19:00:00Z,Molding,MLD06,1249,55,95.77,80.0,60.38,46.26
2026-10-01T19:00:00Z,Molding,MLD07,1055,31,97.19,71.67,58.25,40.57
2026-10-01T19:00:00Z,Coating,COT01,913,30,96.85,68.33,57.46,38.02
2026-10-01T19:00:00Z,Coating,COT02,428,11,97.58,18.33,74.73,13.37
2026-10-01T19:00:00Z,Coating,COT03,1635,18,98.93,86.67,63.57,54.51
2026-10-01T19:00:00Z,Packaging,PKG04,1532,100,93.9,76.67,70.96,51.08
2026-10-01T19:00:00Z,Packaging,PKG05,837,129,86.69,66.67,55.68,32.18
2026-10-01T19:00:00Z,Packaging,PKG06,1992,192,91.22,85.0,82.86,64.24
2026-10-01T19:00:00Z,Packaging,PKG07,796,74,91.45,81.67,44.38,33.15
2026-10-01T19:00:00Z,Packaging,PKG08,111,13,89.69,5.0,77.26,3.46
2026-10-01T19:00:00Z,Kitting,KIT03,1705,104,94.24,75.0,80.43,56.85
2026-10-01T19:00:00Z,Kitting,KIT04,1497,37,97.59,60.0,77.48,45.37
2026-10-01T19:00:00Z,Kitting,KIT05,1657,95,94.59,88.33,68.37,57.12
2026-10-01T19:00:00Z,Kitting,KIT07,2429,34,98.63,91.67,89.56,80.97
2026-10-01T19:00:00Z,Kitting,KIT08,2284,37,98.42,100.0,74.86,73.68
2026-10-01T20:00:00Z,Assembly,ASM01,2357,76,96.89,81.67,87.6,69.32
2026-10-01T20:00:00Z,Assembly,ASM02,1911,79,96.01,86.67,76.56,63.7
2026-10-01T20:00:00Z,Assembly,ASM05,2463,78,96.93,100.0,79.4,76.96
2026-10-01T20:00:00Z,Molding,MLD03,847,30,96.61,41.67,75.18,30.26
2026-10-01T20:00:00Z,Molding,MLD04,1022,17,98.35,43.33,72.67,30.97
2026-10-01T20:00:00Z,Molding,MLD05,536,37,93.59,31.67,62.32,18.47
2026-10-01T20:00:00Z,Molding,MLD06,1040,62,94.34,60.0,68.03,38.51
2026-10-01T20:00:00Z,Molding,MLD07,653,20,97.02,41.67,62.13,25.12
2026-10-01T20:00:00Z,Coating,COT01,1071,41,96.35,65.0,71.24,44.62
2026-10-01T20:00:00Z,Coating,COT02,1299,42,96.86,60.0,69.86,40.6
2026-10-01T20:00:00Z,Coating,COT03,1435,37,97.49,76.67,64.01,47.84
2026-10-01T20:00:00Z,Packaging,PKG04,1509,103,93.59,78.33,68.6,50.29
2026-10-01T20:00:00Z,Packaging,PKG05,929,133,87.49,81.67,49.99,35.72
2026-10-01T20:00:00Z,Packaging,PKG06,907,86,91.33,40.0,80.08,29.26
2026-10-01T20:00:00Z,Packaging,PKG07,832,93,89.91,83.33,46.3,34.69
2026-10-01T20:00:00Z,Packaging,PKG08,1515,169,89.98,71.67,73.4,47.33
2026-10-01T20:00:00Z,Kitting,KIT03,2385,43,98.22,96.67,83.71,79.48
2026-10-01T20:00:00Z,Kitting,KIT04,2181,18,99.16,81.67,81.6,66.08
2026-10-01T20:00:00Z,Kitting,KIT05,1060,16,98.49,61.67,60.18,36.55
2026-10-01T20:00:00Z,Kitting,KIT07,2598,10,99.61,98.33,88.42,86.6
2026-10-01T20:00:00Z,Kitting,KIT08,354,3,99.14,16.67,69.09,11.42
2026-10-01T21:00:00Z,Assembly,ASM01,2062,39,98.15,73.33,84.27,60.65
2026-10-01T21:00:00Z,Assembly,ASM02,1031,33,96.87,45.0,78.88,34.38
2026-10-01T21:00:00Z,Assembly,ASM05,1994,29,98.55,75.0,84.33,62.33
2026-10-01T21:00:00Z,Molding,MLD03,703,25,96.55,40.0,65.01,25.11
2026-10-01T21:00:00Z,Molding,MLD05,338,15,95.75,21.67,56.17,11.65
2026-10-01T21:00:00Z,Molding,MLD06,832,48,94.56,51.67,63.04,30.8
2026-10-01T21:00:00Z,Molding,MLD07,1519,68,95.7,91.67,66.6,58.42
2026-10-01T21:00:00Z,Coating,COT01,1095,28,97.5,65.0,72.03,45.64
2026-10-01T21:00:00Z,Coating,COT02,1760,53,97.06,76.67,73.93,55.01
2026-10-01T21:00:00Z,Coating,COT03,2087,50,97.64,100.0,71.23,69.55
2026-10-01T21:00:00Z,Packaging,PKG04,218,14,93.83,10.0,77.56,7.28
2026-10-01T21:00:00Z,Packaging,PKG05,641,97,86.87,55.0,51.62,24.67
2026-10-01T21:00:00Z,Packaging,PKG06,1984,160,92.54,81.67,84.69,64.01
2026-10-01T21:00:00Z,Packaging,PKG07,860,83,91.21,93.33,42.1,35.84
2026-10-01T21:00:00Z,Packaging,PKG08,1340,131,91.08,68.33,67.3,41.89
2026-10-01T21:00:00Z,Kitting,KIT03,1758,11,99.36,81.67,72.21,58.6
2026-10-01T21:00:00Z,Kitting,KIT04,2404,26,98.95,85.0,86.61,72.84
2026-10-01T21:00:00Z,Kitting,KIT05,1893,62,96.83,100.0,67.42,65.28
2026-10-01T21:00:00Z,Kitting,KIT07,1477,1,99.9,61.67,79.9,49.22
2026-10-01T21:00:00Z,Kitting,KIT08,1045,11,98.99,46.67,72.99,33.72
2026-10-01T22:00:00Z,Assembly,ASM01,2129,76,96.53,70.0,92.68,62.63
2026-10-01T22:00:00Z,Assembly,ASM02,1908,74,96.25,88.33,74.82,63.62
2026-10-01T22:00:00Z,Assembly,ASM05,2184,72,96.81,83.33,84.6,68.25
2026-10-01T22:00:00Z,Molding,MLD03,1891,40,97.94,93.33,73.9,67.55
2026-10-01T22:00:00Z,Molding,MLD04,1790,2,99.87,73.33,74.06,54.24
2026-10-01T22:00:00Z,Molding,MLD05,906,44,95.41,48.33,67.75,31.24
2026-10-01T22:00:00Z,Molding,MLD06,944,46,95.34,65.0,56.42,34.96
2026-10-01T22:00:00Z,Molding,MLD07,1344,65,95.4,95.0,57.03,51.68
2026-10-01T22:00:00Z,Coating,COT01,1208,46,96.35,78.33,66.69,50.33
2026-10-01T22:00:00Z,Coating,COT02,2342,87,96.43,100.0,75.9,73.19
2026-10-01T22:00:00Z,Coating,COT03,1654,51,96.98,75.0,75.79,55.13
2026-10-01T22:00:00Z,Packaging,PKG04,1802,100,94.73,100.0,63.39,60.05
2026-10-01T22:00:00Z,Packaging,PKG05,786,108,87.94,66.67,51.57,30.23
2026-10-01T22:00:00Z,Packaging,PKG06,2235,219,91.07,100.0,79.15,72.08
2026-10-01T22:00:00Z,Packaging,PKG07,838,87,90.64,80.0,48.14,34.91
2026-10-01T22:00:00Z,Packaging,PKG08,1858,232,88.89,100.0,65.33,58.07
2026-10-01T22:00:00Z,Kitting,KIT03,1998,49,97.61,91.67,74.45,66.61
2026-10-01T22:00:00Z,Kitting,KIT04,1895,38,98.03,70.0,83.69,57.42
2026-10-01T22:00:00Z,Kitting,KIT05,1532,23,98.49,73.33,73.13,52.82
2026-10-01T22:00:00Z,Kitting,KIT07,2618,21,99.21,98.33,89.45,87.27
2026-10-01T22:00:00Z,Kitting,KIT08,2086,56,97.4,90.0,76.76,67.28
2026-10-01T23:00:00Z,Assembly,ASM01,1517,41,97.34,55.0,83.35,44.62
2026-10-01T23:00:00Z,Assembly,ASM02,1949,68,96.65,83.33,80.65,64.96
2026-10-01T23:00:00Z,Assembly,ASM05,1762,23,98.73,66.67,83.67,55.07
2026-10-01T23:00:00Z,Molding,MLD03,1335,26,98.07,71.67,67.83,47.67
2026-10-01T23:00:00Z,Molding,MLD04,2014,12,99.43,70.0,87.7,61.04
2026-10-01T23:00:00Z,Molding,MLD05,1585,79,95.28,90.0,63.75,54.66
2026-10-01T23:00:00Z,Molding,MLD06,1451,70,95.42,100.0,56.31,53.73
2026-10-01T23:00:00Z,Molding,MLD07,1349,50,96.39,78.33,68.72,51.88
2026-10-01T23:00:00Z,Coating,COT01,1032,21,98.01,71.67,61.2,42.99
2026-10-01T23:00:00Z,Coating,COT02,1587,58,96.45,63.33,81.2,49.6
2026-10-01T23:00:00Z,Coating,COT03,1671,24,98.58,78.33,72.15,55.72
2026-10-01T23:00:00Z,Packaging,PKG04,765,34,95.71,36.67,72.67,25.5
2026-10-01T23:00:00Z,Packaging,PKG05,20,3,87.58,1.67,53.56,0.78
2026-10-01T23:00:00Z,Packaging,PKG06,1641,160,91.12,70.0,82.99,52.93
2026-10-01T23:00:00Z,Packaging,PKG07,1058,111,90.49,100.0,48.72,44.09
2026-10-01T23:00:00Z,Packaging,PKG08,1686,166,91.03,76.67,75.5,52.69
2026-10-01T23:00:00Z,Kitting,KIT03,2001,24,98.83,86.67,77.88,66.71
2026-10-01T23:00:00Z,Kitting,KIT04,2027,13,99.38,78.33,78.89,61.41
2026-10-01T23:00:00Z,Kitting,KIT05,2060,57,97.31,100.0,73.0,71.04
2026-10-01T23:00:00Z,Kitting,KIT07,2343,2,99.9,95.0,82.29,78.09
2026-10-01T23:00:00Z,Kitting,KIT08,1940,9,99.56,93.33,67.35,62.58
2026-10-02T00:00:00Z,Assembly,ASM01,240,7,97.14,8.33,87.3,7.07
2026-10-02T00:00:00Z,Assembly,ASM02,1742,48,97.32,70.0,85.24,58.07
2026-10-02T00:00:00Z,Assembly,ASM05,2463,31,98.75,86.67,89.95,76.98
2026-10-02T00:00:00Z,Molding,MLD03,802,27,96.74,43.33,68.35,28.65
2026-10-02T00:00:00Z,Molding,MLD04,1850,21,98.9,70.0,80.96,56.05
2026-10-02T00:00:00Z,Molding,MLD05,1676,109,93.92,100.0,61.53,57.79
2026-10-02T00:00:00Z,Molding,MLD06,1073,46,95.85,73.33,56.54,39.75
2026-10-02T00:00:00Z,Molding,MLD07,1427,60,96.0,100.0,57.19,54.9
2026-10-02T00:00:00Z,Coating,COT01,1073,35,96.84,76.67,60.24,44.72
2026-10-02T00:00:00Z,Coating,COT02,1470,39,97.42,60.0,78.61,45.95
2026-10-02T00:00:00Z,Coating,COT03,1909,52,97.33,91.67,71.3,63.62
2026-10-02T00:00:00Z,Packaging,PKG04,1446,70,95.4,76.67,65.91,48.21
2026-10-02T00:00:00Z,Packaging,PKG05,1311,196,86.98,100.0,57.97,50.42
2026-10-02T00:00:00Z,Packaging,PKG06,1486,128,92.09,71.67,72.62,47.93
2026-10-02T00:00:00Z,Packaging,PKG07,413,45,90.18,33.33,57.25,17.21
2026-10-02T00:00:00Z,Packaging,PKG08,1771,213,89.26,86.67,71.54,55.34
2026-10-02T00:00:00Z,Kitting,KIT03,1219,1,99.89,46.67,87.17,40.64
2026-10-02T00:00:00Z,Kitting,KIT04,1970,35,98.23,76.67,79.26,59.69
2026-10-02T00:00:00Z,Kitting,KIT05,1164,40,96.66,68.33,60.75,40.12
2026-10-02T00:00:00Z,Kitting,KIT07,925,7,99.23,40.0,77.69,30.84
2026-10-02T00:00:00Z,Kitting,KIT08,1911,9,99.52,80.0,77.44,61.65
2026-10-02T01:00:00Z,Assembly,ASM01,2231,84,96.39,71.67,95.0,65.63
2026-10-02T01:00:00Z,Assembly,ASM02,1942,95,95.32,88.33,76.88,64.73
2026-10-02T01:00:00Z,Assembly,ASM05,2496,87,96.63,100.0,80.71,77.99
2026-10-02T01:00:00Z,Molding,MLD04,2209,56,97.55,95.0,72.25,66.95
2026-10-02T01:00:00Z,Molding,MLD05,949,46,95.42,58.33,58.78,32.72
2026-10-02T01:00:00Z,Molding,MLD06,1259,53,95.99,85.0,57.16,46.64
2026-10-02T01:00:00Z,Molding,MLD07,1599,44,97.35,93.33,67.68,61.49
2026-10-02T01:00:00Z,Coating,COT01,969,23,97.7,63.33,65.27,40.39
2026-10-02T01:00:00Z,Coating,COT02,2464,58,97.69,100.0,78.81,76.99
2026-10-02T01:00:00Z,Coating,COT03,2199,34,98.48,100.0,74.42,73.29
2026-10-02T01:00:00Z,Packaging,PKG04,1293,65,95.2,66.67,67.9,43.09
2026-10-02T01:00:00Z,Packaging,PKG05,957,130,88.05,88.33,47.33,36.81
2026-10-02T01:00:00Z,Packaging,PKG06,1312,107,92.46,58.33,78.46,42.32
2026-10-02T01:00:00Z,Packaging,PKG07,1064,114,90.31,85.0,57.78,44.35
2026-10-02T01:00:00Z,Packaging,PKG08,1757,210,89.31,95.0,64.71,54.9
2026-10-02T01:00:00Z,Kitting,KIT03,722,5,99.36,28.33,85.46,24.06
2026-10-02T01:00:00Z,Kitting,KIT04,2646,45,98.32,100.0,81.56,80.19
2026-10-02T01:00:00Z,Kitting,KIT05,1799,63,96.61,90.0,71.37,62.05
2026-10-02T01:00:00Z,Kitting,KIT07,1899,14,99.26,80.0,79.71,63.29
2026-10-02T01:00:00Z,Kitting,KIT08,1494,38,97.52,73.33,67.38,48.18
2026-10-02T02:00:00Z,Assembly,ASM01,2768,113,96.08,90.0,94.14,81.41
2026-10-02T02:00:00Z,Assembly,ASM02,1422,55,96.29,68.33,72.04,47.4
2026-10-02T02:00:00Z,Assembly,ASM05,1962,28,98.61,80.0,77.7,61.3
2026-10-02T02:00:00Z,Molding,MLD03,213,4,97.96,11.67,66.62,7.61
2026-10-02T02:00:00Z,Molding,MLD04,1717,18,98.96,66.67,78.85,52.02
2026-10-02T02:00:00Z,Molding,MLD05,1286,66,95.09,73.33,63.57,44.33
2026-10-02T02:00:00Z,Molding,MLD06,713,26,96.47,43.33,63.14,26.39
2026-10-02T02:00:00Z,Molding,MLD07,1546,54,96.63,88.33,69.68,59.48
2026-10-02T02:00:00Z,Coating,COT01,932,26,97.33,55.0,72.52,38.82
2026-10-02T02:00:00Z,Coating,COT02,1458,44,97.09,68.33,68.68,45.56
2026-10-02T02:00:00Z,Coating,COT03,1471,37,97.55,71.67,70.13,49.03
2026-10-02T02:00:00Z,Packaging,PKG04,1517,86,94.64,85.0,62.85,50.57
2026-10-02T02:00:00Z,Packaging,PKG05,1183,193,85.97,100.0,52.94,45.51
2026-10-02T02:00:00Z,Packaging,PKG06,2086,193,91.53,86.67,84.84,67.3
2026-10-02T02:00:00Z,Packaging,PKG07,841,95,89.84,81.67,47.78,35.05
2026-10-02T02:00:00Z,Packaging,PKG08,1138,127,89.95,50.0,79.09,35.57
2026-10-02T02:00:00Z,Kitting,KIT03,874,14,98.45,40.0,74.01,29.15
2026-10-02T02:00:00Z,Kitting,KIT04,1663,39,97.72,66.67,77.34,50.39
2026-10-02T02:00:00Z,Kitting,KIT05,1767,37,97.96,100.0,62.22,60.94
2026-10-02T02:00:00Z,Kitting,KIT07,2433,25,98.98,91.67,89.37,81.09
2026-10-02T02:00:00Z,Kitting,KIT08,2233,41,98.18,100.0,73.36,72.03
2026-10-02T11:00:00Z,Assembly,ASM01,1873,58,97.0,73.33,77.44,55.09
2026-10-02T11:00:00Z,Assembly,ASM02,1981,58,97.17,100.0,67.95,66.02
2026-10-02T11:00:00Z,Assembly,ASM05,1704,42,97.6,68.33,79.82,53.24
2026-10-02T11:00:00Z,Molding,MLD03,1186,39,96.82,75.0,58.35,42.37
2026-10-02T11:00:00Z,Molding,MLD04,1867,14,99.24,83.33,68.43,56.59
2026-10-02T11:00:00Z,Molding,MLD05,619,40,93.96,35.0,64.87,21.33
2026-10-02T11:00:00Z,Molding,MLD06,1671,75,95.73,100.0,64.66,61.9
2026-10-02T11:00:00Z,Molding,MLD07,1516,46,97.05,86.67,69.31,58.3
2026-10-02T11:00:00Z,Coating,COT01,1400,34,97.61,100.0,59.77,58.34
2026-10-02T11:00:00Z,Coating,COT02,1820,40,97.85,91.67,63.42,56.89
2026-10-02T11:00:00Z,Coating,COT03,1156,29,97.55,71.67,55.13,38.54
2026-10-02T11:00:00Z,Packaging,PKG04,1408,62,95.76,68.33,71.72,46.93
2026-10-02T11:00:00Z,Packaging,PKG06,1626,142,91.95,81.67,69.86,52.46
2026-10-02T11:00:00Z,Packaging,PKG07,740,73,90.98,76.67,44.19,30.82
2026-10-02T11:00:00Z,Packaging,PKG08,1229,133,90.27,65.0,65.47,38.41
2026-10-02T11:00:00Z,Kitting,KIT04,2249,45,98.03,85.0,81.79,68.15
2026-10-02T11:00:00Z,Kitting,KIT05,1493,34,97.75,88.33,59.62,51.48
2026-10-02T11:00:00Z,Kitting,KIT08,1574,12,99.25,88.33,57.93,50.79
2026-10-02T12:00:00Z,Assembly,ASM01,1904,46,97.64,65.0,88.22,55.99
2026-10-02T12:00:00Z,Assembly,ASM02,193,6,96.85,8.33,79.63,6.43
2026-10-02T12:00:00Z,Assembly,ASM05,1464,23,98.46,61.67,75.36,45.75
2026-10-02T12:00:00Z,Molding,MLD03,1382,35,97.53,71.67,70.59,49.34
2026-10-02T12:00:00Z,Molding,MLD04,2276,58,97.53,83.33,84.87,68.98
2026-10-02T12:00:00Z,Molding,MLD05,1312,75,94.59,75.0,63.79,45.25
2026-10-02T12:00:00Z,Molding,MLD06,968,57,94.45,63.33,59.94,35.85
2026-10-02T12:00:00Z,Molding,MLD07,1344,54,96.14,78.33,68.65,51.7
2026-10-02T12:00:00Z,Coating,COT01,1144,32,97.26,71.67,68.4,47.68
2026-10-02T12:00:00Z,Coating,COT02,1739,55,96.93,78.33,71.55,54.33
2026-10-02T12:00:00Z,Coating,COT03,1204,29,97.65,65.0,63.22,40.13
2026-10-02T12:00:00Z,Packaging,PKG04,1695,117,93.52,81.67,73.97,56.5
2026-10-02T12:00:00Z,Packaging,PKG06,1740,153,91.93,73.33,83.28,56.14
2026-10-02T12:00:00Z,Packaging,PKG07,598,66,90.03,56.67,48.87,24.93
2026-10-02T12:00:00Z,Packaging,PKG08,1856,228,89.04,91.67,71.05,57.99
2026-10-02T12:00:00Z,Kitting,KIT03,2100,49,97.73,96.67,74.11,70.01
2026-10-02T12:00:00Z,Kitting,KIT04,1710,36,97.95,58.33,90.7,51.83
2026-10-02T12:00:00Z,Kitting,KIT05,1370,38,97.32,76.67,63.29,47.23
2026-10-02T12:00:00Z,Kitting,KIT07,1469,1,99.9,55.0,89.15,48.98
2026-10-02T12:00:00Z,Kitting,KIT08,1703,24,98.62,76.67,72.68,54.95
2026-10-02T13:00:00Z,Assembly,ASM01,2537,105,96.03,85.0,91.43,74.63
2026-10-02T13:00:00Z,Assembly,ASM05,1072,32,97.12,45.0,76.67,33.5
2026-10-02T13:00:00Z,Molding,MLD03,1960,55,97.28,100.0,71.96,70.0
2026-10-02T13:00:00Z,Molding,MLD04,2080,44,97.94,83.33,77.24,63.04
2026-10-02T13:00:00Z,Molding,MLD05,1548,75,95.37,100.0,55.97,53.38
2026-10-02T13:00:00Z,Molding,MLD06,1057,57,94.88,75.0,55.0,39.14
2026-10-02T13:00:00Z,Molding,MLD07,1149,36,96.97,71.67,63.61,44.21
2026-10-02T13:00:00Z,Coating,COT01,1092,27,97.58,81.67,57.08,45.49
2026-10-02T13:00:00Z,Coating,COT02,598,13,97.89,28.33,67.38,18.69
2026-10-02T13:00:00Z,Packaging,PKG04,1908,86,95.7,95.0,69.95,63.59
2026-10-02T13:00:00Z,Packaging,PKG05,796,121,86.81,73.33,48.07,30.6
2026-10-02T13:00:00Z,Packaging,PKG06,1317,100,92.94,63.33,72.2,42.5
2026-10-02T13:00:00Z,Packaging,PKG07,916,99,90.23,100.0,42.29,38.16
2026-10-02T13:00:00Z,Packaging,PKG08,1141,132,89.6,60.0,66.32,35.65
2026-10-02T13:00:00Z,Kitting,KIT03,1983,34,98.31,80.0,84.05,66.1
2026-10-02T13:00:00Z,Kitting,KIT05,1725,34,98.09,81.67,74.25,59.48
2026-10-02T13:00:00Z,Kitting,KIT07,1543,22,98.61,65.0,80.26,51.44
2026-10-02T13:00:00Z,Kitting,KIT08,1938,41,97.93,86.67,73.65,62.51
2026-10-02T14:00:00Z,Assembly,ASM01,2026,38,98.16,68.33,88.83,59.58
2026-10-02T14:00:00Z,Assembly,ASM05,1356,34,97.55,51.67,84.11,42.39
2026-10-02T14:00:00Z,Molding,MLD03,975,21,97.87,50.0,71.15,34.82
2026-10-02T14:00:00Z,Molding,MLD04,1812,27,98.51,66.67,83.61,54.91
2026-10-02T14:00:00Z,Molding,MLD05,512,31,94.24,31.67,59.11,17.64
2026-10-02T14:00:00Z,Molding,MLD06,1754,93,94.98,100.0,68.41,64.97
2026-10-02T14:00:00Z,Molding,MLD07,1206,37,97.02,81.67,58.57,46.4
2026-10-02T14:00:00Z,Coating,COT01,1010,40,96.15,75.0,58.37,42.09
2026-10-02T14:00:00Z,Coating,COT03,36,0,98.69,1.67,73.76,1.21
2026-10-02T14:00:00Z,Packaging,PKG04,2068,101,95.35,95.0,76.08,68.92
2026-10-02T14:00:00Z,Packaging,PKG05,1391,189,88.04,100.0,60.78,53.51
2026-10-02T14:00:00Z,Packaging,PKG06,2379,219,91.57,100.0,83.79,76.73
2026-10-02T14:00:00Z,Packaging,PKG07,842,97,89.64,86.67,45.13,35.06
2026-10-02T14:00:00Z,Packaging,PKG08,2145,227,90.42,98.33,75.39,67.04
2026-10-02T14:00:00Z,Kitting,KIT03,2361,5,99.78,96.67,81.6,78.7
2026-10-02T14:00:00Z,Kitting,KIT04,1367,23,98.37,53.33,78.97,41.43
2026-10-02T14:00:00Z,Kitting,KIT05,1187,41,96.7,70.0,60.47,40.94
2026-10-02T14:00:00Z,Kitting,KIT07,592,2,99.64,26.67,74.23,19.72
2026-10-02T14:00:00Z,Kitting,KIT08,1565,28,98.25,68.33,75.21,50.49
2026-10-02T15:00:00Z,Assembly,ASM01,2382,65,97.33,81.67,88.13,70.05
2026-10-02T15:00:00Z,Assembly,ASM02,1534,53,96.67,75.0,70.52,51.13
2026-10-02T15:00:00Z,Assembly,ASM05,1659,26,98.44,63.33,83.14,51.83
2026-10-02T15:00:00Z,Molding,MLD03,1634,40,97.6,78.33,76.32,58.35
2026-10-02T15:00:00Z,Molding,MLD04,1617,32,98.06,63.33,78.9,49.0
2026-10-02T15:00:00Z,Molding,MLD05,1521,67,95.78,100.0,54.76,52.45
2026-10-02T15:00:00Z,Molding,MLD07,1245,54,95.83,80.0,62.44,47.87
2026-10-02T15:00:00Z,Coating,COT01,1257,46,96.5,91.67,59.23,52.39
2026-10-02T15:00:00Z,Coating,COT02,1394,50,96.55,63.33,71.22,43.55
2026-10-02T15:00:00Z,Coating,COT03,1478,47,96.93,75.0,67.76,49.26
2026-10-02T15:00:00Z,Packaging,PKG04,1646,75,95.65,81.67,70.24,54.86
2026-10-02T15:00:00Z,Packaging,PKG05,273,39,87.39,21.67,55.35,10.48
2026-10-02T15:00:00Z,Packaging,PKG06,1821,131,93.29,81.67,77.12,58.75
2026-10-02T15:00:00Z,Packaging,PKG07,1087,104,91.26,98.33,50.47,45.29
2026-10-02T15:00:00Z,Packaging,PKG08,1718,177,90.68,83.33,71.05,53.69
2026-10-02T15:00:00Z,Kitting,KIT03,1938,31,98.4,75.0,87.51,64.59
2026-10-02T15:00:00Z,Kitting,KIT04,2757,20,99.28,91.67,91.8,83.54
2026-10-02T15:00:00Z,Kitting,KIT05,1517,52,96.66,71.67,75.52,52.31
2026-10-02T15:00:00Z,Kitting,KIT07,1730,6,99.65,73.33,78.91,57.66
2026-10-02T15:00:00Z,Kitting,KIT08,1842,34,98.21,78.33,77.25,59.43
2026-10-02T16:00:00Z,Assembly,ASM01,2079,68,96.83,76.67,82.39,61.16
2026-10-02T16:00:00Z,Assembly,ASM02,2130,110,95.08,88.33,84.53,70.99
2026-10-02T16:00:00Z,Assembly,ASM05,2447,38,98.47,100.0,77.67,76.48
2026-10-02T16:00:00Z,Molding,MLD03,1284,27,97.97,71.67,65.31,45.86
2026-10-02T16:00:00Z,Molding,MLD04,2628,32,98.78,100.0,80.63,79.64
2026-10-02T16:00:00Z,Molding,MLD05,1440,89,94.16,81.67,64.56,49.65
2026-10-02T16:00:00Z,Molding,MLD07,1551,58,96.37,86.67,71.42,59.65
2026-10-02T16:00:00Z,Coating,COT01,1174,43,96.47,70.0,72.41,48.9
2026-10-02T16:00:00Z,Coating,COT02,1197,48,96.11,56.67,68.65,37.39
2026-10-02T16:00:00Z,Coating,COT03,316,11,96.61,15.0,72.59,10.52
2026-10-02T16:00:00Z,Packaging,PKG04,1532,97,94.05,81.67,66.5,51.08
2026-10-02T16:00:00Z,Packaging,PKG05,451,60,88.19,38.33,51.3,17.34
2026-10-02T16:00:00Z,Packaging,PKG06,635,50,92.73,26.67,82.83,20.48
2026-10-02T16:00:00Z,Packaging,PKG07,1147,107,91.45,93.33,55.99,47.78
2026-10-02T16:00:00Z,Kitting,KIT03,947,16,98.38,40.0,80.21,31.57
2026-10-02T16:00:00Z,Kitting,KIT04,1707,29,98.33,61.67,85.33,51.74
2026-10-02T16:00:00Z,Kitting,KIT05,374,12,97.02,18.33,72.6,12.91
2026-10-02T16:00:00Z,Kitting,KIT07,2325,2,99.9,100.0,77.58,77.5
2026-10-02T16:00:00Z,Kitting,KIT08,1267,34,97.38,61.67,68.06,40.87
2026-10-02T17:00:00Z,Assembly,ASM01,874,36,96.07,33.33,80.3,25.71
2026-10-02T17:00:00Z,Assembly,ASM02,798,34,95.97,36.67,75.63,26.61
2026-10-02T17:00:00Z,Assembly,ASM05,1762,54,97.04,70.0,81.04,55.05
2026-10-02T17:00:00Z,Molding,MLD03,1289,49,96.36,65.0,73.5,46.04
2026-10-02T17:00:00Z,Molding,MLD04,450,2,99.61,16.67,82.12,13.63
2026-10-02T17:00:00Z,Molding,MLD05,1806,91,95.18,98.33,66.54,62.28
2026-10-02T17:00:00Z,Molding,MLD07,646,16,97.63,35.0,72.71,24.85
2026-10-02T17:00:00Z,Coating,COT01,1115,37,96.78,73.33,65.45,46.45
2026-10-02T17:00:00Z,Coating,COT02,2097,36,98.29,88.33,75.46,65.52
2026-10-02T17:00:00Z,Coating,COT03,2281,29,98.76,100.0,76.99,76.04
2026-10-02T17:00:00Z,Packaging,PKG04,2076,96,95.58,100.0,72.41,69.22
2026-10-02T17:00:00Z,Packaging,PKG05,160,26,85.8,13.33,53.65,6.14
2026-10-02T17:00:00Z,Packaging,PKG06,2235,209,91.46,100.0,78.83,72.1
2026-10-02T17:00:00Z,Packaging,PKG07,953,104,90.18,86.67,50.79,39.69
2026-10-02T17:00:00Z,Packaging,PKG08,1471,143,91.17,65.0,77.58,45.97
2026-10-02T17:00:00Z,Kitting,KIT04,2757,64,97.74,96.67,88.43,83.55
2026-10-02T17:00:00Z,Kitting,KIT07,2319,31,98.67,93.33,83.95,77.31
2026-10-02T17:00:00Z,Kitting,KIT08,2275,39,98.29,100.0,74.67,73.39
2026-10-02T18:00:00Z,Assembly,ASM01,2294,57,97.56,81.67,84.7,67.48
2026-10-02T18:00:00Z,Assembly,ASM05,2446,139,94.62,100.0,80.77,76.42
2026-10-02T18:00:00Z,Molding,MLD03,1498,90,94.34,85.0,66.73,53.51
2026-10-02T18:00:00Z,Molding,MLD04,1521,65,95.89,63.33,75.9,46.09
2026-10-02T18:00:00Z,Molding,MLD05,1016,58,94.62,58.33,63.5,35.05
2026-10-02T18:00:00Z,Molding,MLD06,661,39,94.39,38.33,67.66,24.48
2026-10-02T18:00:00Z,Molding,MLD07,743,23,96.95,48.33,61.0,28.59
2026-10-02T18:00:00Z,Coating,COT01,1395,40,97.18,86.67,69.04,58.15
2026-10-02T18:00:00Z,Coating,COT02,1831,63,96.68,71.67,82.56,57.2
2026-10-02T18:00:00Z,Coating,COT03,1696,45,97.44,80.0,72.52,56.53
2026-10-02T18:00:00Z,Packaging,PKG04,253,17,93.71,13.33,67.51,8.43
2026-10-02T18:00:00Z,Packaging,PKG05,856,128,86.95,65.0,58.25,32.92
2026-10-02T18:00:00Z,Packaging,PKG06,1363,102,93.01,66.67,70.93,43.98
2026-10-02T18:00:00Z,Packaging,PKG07,853,90,90.5,68.33,57.5,35.56
2026-10-02T18:00:00Z,Packaging,PKG08,1382,174,88.81,71.67,67.88,43.2
2026-10-02T18:00:00Z,Kitting,KIT03,1789,7,99.63,71.67,83.51,59.62
2026-10-02T18:00:00Z,Kitting,KIT04,2468,50,98.03,93.33,81.75,74.79
2026-10-02T18:00:00Z,Kitting,KIT07,1249,13,98.98,53.33,78.85,41.62
2026-10-02T18:00:00Z,Kitting,KIT08,1523,31,98.0,75.0,66.83,49.12
2026-10-02T19:00:00Z,Assembly,ASM01,2366,44,98.18,75.0,94.49,69.58
2026-10-02T19:00:00Z,Assembly,ASM02,2254,64,97.26,95.0,81.33,75.14
2026-10-02T19:00:00Z,Assembly,ASM05,625,50,92.56,28.33,74.5,19.54
2026-10-02T19:00:00Z,Molding,MLD03,1333,78,94.5,75.0,67.19,47.62
2026-10-02T19:00:00Z,Molding,MLD04,1995,114,94.58,78.33,81.6,60.46
2026-10-02T19:00:00Z,Molding,MLD05,1389,82,94.42,81.67,62.11,47.89
2026-10-02T19:00:00Z,Molding,MLD06,1544,65,95.98,98.33,60.59,57.18
2026-10-02T19:00:00Z,Molding,MLD07,1612,62,96.3,90.0,71.52,61.99
2026-10-02T19:00:00Z,Coating,COT01,971,41,95.92,65.0,64.89,40.46
2026-10-02T19:00:00Z,Coating,COT02,1941,79,96.07,91.67,68.89,60.66
2026-10-02T19:00:00Z,Coating,COT03,1727,46,97.4,81.67,72.37,57.57
2026-10-02T19:00:00Z,Packaging,PKG04,1061,47,95.75,50.0,73.86,35.36
2026-10-02T19:00:00Z,Packaging,PKG05,1160,160,87.9,85.0,59.72,44.62
2026-10-02T19:00:00Z,Packaging,PKG06,1896,166,91.94,86.67,76.76,61.16
2026-10-02T19:00:00Z,Packaging,PKG07,497,48,91.18,50.0,45.44,20.72
2026-10-02T19:00:00Z,Packaging,PKG08,1424,168,89.44,66.67,74.64,44.51
2026-10-02T19:00:00Z,Kitting,KIT03,1459,8,99.45,61.67,79.3,48.63
2026-10-02T19:00:00Z,Kitting,KIT04,366,2,99.39,13.33,83.72,11.09
2026-10-02T19:00:00Z,Kitting,KIT05,1004,25,97.6,53.33,66.52,34.62
2026-10-02T19:00:00Z,Kitting,KIT07,1476,27,98.23,65.0,77.04,49.19
2026-10-02T19:00:00Z,Kitting,KIT08,1455,26,98.27,68.33,69.91,46.94
2026-10-02T20:00:00Z,Assembly,ASM01,2682,101,96.38,90.0,90.92,78.87
2026-10-02T20:00:00Z,Assembly,ASM02,1712,68,96.19,73.33,80.92,57.08
2026-10-02T20:00:00Z,Assembly,ASM05,1727,61,96.59,63.33,88.25,53.98
2026-10-02T20:00:00Z,Molding,MLD03,1857,61,96.81,90.0,76.14,66.34
2026-10-02T20:00:00Z,Molding,MLD04,1059,16,98.51,43.33,75.18,32.09
2026-10-02T20:00:00Z,Molding,MLD05,1635,87,94.95,100.0,59.39,56.39
2026-10-02T20:00:00Z,Molding,MLD06,737,37,95.17,46.67,61.42,27.28
2026-10-02T20:00:00Z,Molding,MLD07,1485,61,96.08,98.33,60.45,57.11
2026-10-02T20:00:00Z,Coating,COT01,1450,28,98.08,100.0,61.6,60.42
2026-10-02T20:00:00Z,Coating,COT02,2201,80,96.47,90.0,79.22,68.79
2026-10-02T20:00:00Z,Coating,COT03,2064,73,96.59,100.0,71.21,68.79
2026-10-02T20:00:00Z,Packaging,PKG04,1909,123,93.94,98.33,68.87,63.62
2026-10-02T20:00:00Z,Packaging,PKG05,371,52,87.71,30.0,54.21,14.26
2026-10-02T20:00:00Z,Packaging,PKG06,1709,165,91.17,71.67,84.39,55.14
2026-10-02T20:00:00Z,Packaging,PKG07,156,16,90.71,16.67,42.88,6.48
2026-10-02T20:00:00Z,Packaging,PKG08,1411,166,89.46,75.0,65.72,44.09
2026-10-02T20:00:00Z,Kitting,KIT03,1484,19,98.73,60.0,83.49,49.46
2026-10-02T20:00:00Z,Kitting,KIT04,1349,11,99.2,53.33,77.26,40.88
2026-10-02T20:00:00Z,Kitting,KIT05,1031,27,97.48,50.0,72.92,35.54
2026-10-02T20:00:00Z,Kitting,KIT07,2480,31,98.75,100.0,83.7,82.65
2026-10-02T20:00:00Z,Kitting,KIT08,2124,43,98.0,96.67,72.32,68.52
2026-10-02T21:00:00Z,Assembly,ASM01,2410,69,97.23,76.67,95.07,70.87
2026-10-02T21:00:00Z,Assembly,ASM02,2340,64,97.33,100.0,80.14,78.0
2026-10-02T21:00:00Z,Assembly,ASM05,1731,55,96.9,71.67,77.87,54.08
2026-10-02T21:00:00Z,Molding,MLD03,1488,53,96.54,83.33,66.05,53.14
2026-10-02T21:00:00Z,Molding,MLD05,1281,56,95.8,76.67,60.14,44.17
2026-10-02T21:00:00Z,Molding,MLD06,1621,73,95.7,100.0,62.74,60.05
2026-10-02T21:00:00Z,Molding,MLD07,1402,57,96.1,81.67,68.7,53.91
2026-10-02T21:00:00Z,Coating,COT01,1366,45,96.81,90.0,65.33,56.92
2026-10-02T21:00:00Z,Coating,COT02,1649,41,97.58,73.33,72.01,51.53
2026-10-02T21:00:00Z,Coating,COT03,1796,25,98.65,83.33,72.83,59.87
2026-10-02T21:00:00Z,Packaging,PKG04,1652,88,94.92,81.67,71.05,55.07
2026-10-02T21:00:00Z,Packaging,PKG05,1373,211,86.66,100.0,60.92,52.8
2026-10-02T21:00:00Z,Packaging,PKG06,1895,159,92.24,80.0,82.83,61.12
2026-10-02T21:00:00Z,Packaging,PKG08,1852,214,89.66,90.0,71.74,57.89
2026-10-02T21:00:00Z,Kitting,KIT03,1698,20,98.84,75.0,76.33,56.59
2026-10-02T21:00:00Z,Kitting,KIT04,2209,16,99.29,85.0,79.32,66.94
2026-10-02T21:00:00Z,Kitting,KIT05,498,6,98.8,25.0,69.52,17.17
2026-10-02T21:00:00Z,Kitting,KIT07,2408,31,98.74,91.67,88.7,80.28
2026-10-02T21:00:00Z,Kitting,KIT08,1225,15,98.75,56.67,70.6,39.51
2026-10-02T22:00:00Z,Assembly,ASM01,1853,52,97.25,63.33,88.47,54.49
2026-10-02T22:00:00Z,Assembly,ASM02,2029,72,96.55,81.67,85.77,67.63
2026-10-02T22:00:00Z,Assembly,ASM05,1996,50,97.57,75.0,85.23,62.37
2026-10-02T22:00:00Z,Molding,MLD03,1685,66,96.26,91.67,68.19,60.17
2026-10-02T22:00:00Z,Molding,MLD04,2081,51,97.59,81.67,79.12,63.06
2026-10-02T22:00:00Z,Molding,MLD05,1733,87,95.23,100.0,62.74,59.75
2026-10-02T22:00:00Z,Molding,MLD06,810,50,94.2,58.33,54.58,29.99
2026-10-02T22:00:00Z,Molding,MLD07,28,1,97.15,1.67,66.8,1.08
2026-10-02T22:00:00Z,Coating,COT01,1291,45,96.6,78.33,71.1,53.8
2026-10-02T22:00:00Z,Coating,COT02,1921,50,97.47,88.33,69.71,60.02
2026-10-02T22:00:00Z,Coating,COT03,1726,32,98.2,85.0,68.94,57.55
2026-10-02T22:00:00Z,Packaging,PKG04,1973,121,94.21,90.0,77.57,65.77
2026-10-02T22:00:00Z,Packaging,PKG05,196,29,87.15,16.67,52.03,7.56
2026-10-02T22:00:00Z,Packaging,PKG06,2375,184,92.8,98.33,83.97,76.62
2026-10-02T22:00:00Z,Packaging,PKG08,1305,128,91.07,56.67,79.0,40.77
2026-10-02T22:00:00Z,Kitting,KIT03,1519,34,97.8,70.0,73.96,50.63
2026-10-02T22:00:00Z,Kitting,KIT04,2371,18,99.23,93.33,77.57,71.84
2026-10-02T22:00:00Z,Kitting,KIT05,2116,50,97.68,100.0,74.71,72.98
2026-10-02T22:00:00Z,Kitting,KIT07,459,1,99.87,18.33,83.48,15.28
2026-10-02T22:00:00Z,Kitting,KIT08,1148,27,97.74,58.33,64.96,37.04
2026-10-02T23:00:00Z,Assembly,ASM01,2210,58,97.46,71.67,93.05,64.99
2026-10-02T23:00:00Z,Assembly,ASM02,1654,86,95.05,73.33,79.1,55.14
2026-10-02T23:00:00Z,Assembly,ASM05,2384,51,97.91,98.33,77.39,74.51
2026-10-02T23:00:00Z,Molding,MLD04,1503,4,99.76,63.33,72.11,45.56
2026-10-02T23:00:00Z,Molding,MLD05,626,34,94.79,41.67,54.68,21.6
2026-10-02T23:00:00Z,Molding,MLD06,1482,67,95.66,100.0,57.38,54.89
2026-10-02T23:00:00Z,Coating,COT01,558,14,97.55,33.33,71.54,23.26
2026-10-02T23:00:00Z,Coating,COT02,2332,55,97.71,90.0,82.87,72.87
2026-10-02T23:00:00Z,Coating,COT03,1397,44,96.96,61.67,77.9,46.58
2026-10-02T23:00:00Z,Packaging,PKG04,1125,57,95.15,61.67,63.94,37.52
2026-10-02T23:00:00Z,Packaging,PKG05,1370,190,87.83,100.0,59.99,52.68
2026-10-02T23:00:00Z,Packaging,PKG07,435,46,90.4,41.67,48.12,18.13
2026-10-02T23:00:00Z,Packaging,PKG08,823,92,89.92,40.0,71.46,25.7
2026-10-02T23:00:00Z,Kitting,KIT03,2221,37,98.35,86.67,86.87,74.05
2026-10-02T23:00:00Z,Kitting,KIT04,2527,52,97.98,86.67,90.16,76.57
2026-10-02T23:00:00Z,Kitting,KIT05,853,25,97.16,48.33,62.64,29.41
2026-10-02T23:00:00Z,Kitting,KIT07,1911,35,98.21,80.0,81.06,63.69
2026-10-02T23:00:00Z,Kitting,KIT08,2272,40,98.29,100.0,74.55,73.27
2026-10-03T00:00:00Z,Assembly,ASM01,2461,47,98.14,91.67,80.47,72.39
2026-10-03T00:00:00Z,Assembly,ASM02,2227,113,95.15,100.0,78.01,74.23
2026-10-03T00:00:00Z,Assembly,ASM05,1664,56,96.73,60.0,89.62,52.01
2026-10-03T00:00:00Z,Molding,MLD05,1399,90,93.94,88.33,58.13,48.24
2026-10-03T00:00:00Z,Molding,MLD06,1437,83,94.56,83.33,67.54,53.22
2026-10-03T00:00:00Z,Coating,COT01,1164,30,97.49,78.33,63.54,48.52
2026-10-03T00:00:00Z,Coating,COT02,399,13,96.87,16.67,77.17,12.46
2026-10-03T00:00:00Z,Coating,COT03,1235,35,97.25,56.67,74.67,41.15
2026-10-03T00:00:00Z,Packaging,PKG04,1188,75,94.03,55.0,76.59,39.61
2026-10-03T00:00:00Z,Packaging,PKG05,400,56,87.69,30.0,58.49,15.39
2026-10-03T00:00:00Z,Packaging,PKG06,1622,122,93.02,76.67,73.37,52.32
2026-10-03T00:00:00Z,Packaging,PKG07,574,54,91.43,58.33,44.81,23.9
2026-10-03T00:00:00Z,Packaging,PKG08,1974,201,90.78,100.0,67.94,61.68
2026-10-03T00:00:00Z,Kitting,KIT03,2486,59,97.67,100.0,84.85,82.88
2026-10-03T00:00:00Z,Kitting,KIT04,2633,28,98.95,100.0,80.64,79.8
2026-10-03T00:00:00Z,Kitting,KIT05,1576,47,97.11,85.0,65.86,54.36
2026-10-03T00:00:00Z,Kitting,KIT07,1888,6,99.7,78.33,80.57,62.93
2026-10-03T00:00:00Z,Kitting,KIT08,1840,36,98.1,85.0,71.2,59.37
2026-10-03T01:00:00Z,Assembly,ASM01,2991,104,96.65,100.0,91.03,87.98
2026-10-03T01:00:00Z,Assembly,ASM02,610,23,96.39,28.33,74.51,20.35
2026-10-03T01:00:00Z,Assembly,ASM05,1563,46,97.12,60.0,83.84,48.85
2026-10-03T01:00:00Z,Molding,MLD04,2552,42,98.36,90.0,87.35,77.33
2026-10-03T01:00:00Z,Molding,MLD06,1478,81,94.82,85.0,67.93,54.74
2026-10-03T01:00:00Z,Coating,COT01,966,23,97.63,61.67,66.86,40.26
2026-10-03T01:00:00Z,Coating,COT02,620,23,96.49,26.67,75.31,19.38
2026-10-03T01:00:00Z,Coating,COT03,1830,44,97.68,100.0,62.44,60.99
2026-10-03T01:00:00Z,Packaging,PKG04,266,18,93.66,15.0,63.07,8.86
2026-10-03T01:00:00Z,Packaging,PKG05,876,127,87.37,68.33,56.47,33.71
2026-10-03T01:00:00Z,Packaging,PKG06,1424,103,93.28,65.0,75.76,45.94
2026-10-03T01:00:00Z,Packaging,PKG08,192,23,89.27,10.0,67.24,6.0
2026-10-03T01:00:00Z,Kitting,KIT03,1470,16,98.95,63.33,78.2,49.01
2026-10-03T01:00:00Z,Kitting,KIT04,1713,35,97.99,68.33,77.51,51.9
2026-10-03T01:00:00Z,Kitting,KIT05,1769,45,97.52,91.67,68.24,61.0
2026-10-03T01:00:00Z,Kitting,KIT07,1692,7,99.57,65.0,87.16,56.41
2026-10-03T01:00:00Z,Kitting,KIT08,1250,24,98.08,65.0,63.27,40.34
2026-10-03T02:00:00Z,Assembly,ASM01,1704,72,95.96,61.67,84.68,50.11
2026-10-03T02:00:00Z,Assembly,ASM02,2056,55,97.39,100.0,70.38,68.54
2026-10-03T02:00:00Z,Assembly,ASM05,2017,71,96.59,85.0,76.76,63.02
2026-10-03T02:00:00Z,Molding,MLD03,1152,33,97.18,55.0,76.96,41.14
2026-10-03T02:00:00Z,Molding,MLD04,1862,41,97.85,66.67,86.49,56.42
2026-10-03T02:00:00Z,Molding,MLD05,1437,73,95.14,86.67,60.1,49.56
2026-10-03T02:00:00Z,Molding,MLD06,1387,78,94.65,100.0,54.29,51.39
2026-10-03T02:00:00Z,Molding,MLD07,787,23,97.12,50.0,62.34,30.27
2026-10-03T02:00:00Z,Coating,COT01,734,26,96.52,48.33,65.54,30.57
2026-10-03T02:00:00Z,Coating,COT02,2170,39,98.23,100.0,69.05,67.83
2026-10-03T02:00:00Z,Coating,COT03,1714,21,98.77,85.0,68.04,57.13
2026-10-03T02:00:00Z,Packaging,PKG04,655,46,93.45,33.33,70.08,21.83
2026-10-03T02:00:00Z,Packaging,PKG05,904,136,86.93,85.0,47.04,34.76
2026-10-03T02:00:00Z,Packaging,PKG06,1405,126,91.78,68.33,72.29,45.34
2026-10-03T02:00:00Z,Packaging,PKG07,518,48,91.5,45.0,52.46,21.6
2026-10-03T02:00:00Z,Packaging,PKG08,1154,123,90.36,50.0,79.82,36.07
2026-10-03T02:00:00Z,Kitting,KIT03,671,10,98.52,26.67,85.17,22.38
2026-10-03T02:00:00Z,Kitting,KIT04,1993,10,99.48,78.33,77.49,60.39
2026-10-03T02:00:00Z,Kitting,KIT05,1966,24,98.82,93.33,73.5,67.79
2026-10-03T02:00:00Z,Kitting,KIT07,2424,2,99.9,100.0,80.89,80.81
2026-10-03T02:00:00Z,Kitting,KIT08,1966,44,97.81,88.33,73.42,63.43
2026-10-03T11:00:00Z,Assembly,ASM01,2622,59,97.8,90.0,87.61,77.12
2026-10-03T11:00:00Z,Assembly,ASM02,1529,42,97.32,61.67,84.92,50.96
2026-10-03T11:00:00Z,Assembly,ASM05,1885,23,98.79,71.67,83.2,58.91
2026-10-03T11:00:00Z,Molding,MLD03,1631,25,98.48,93.33,63.38,58.25
2026-10-03T11:00:00Z,Molding,MLD04,1424,3,99.78,55.0,78.62,43.15
2026-10-03T11:00:00Z,Molding,MLD05,960,66,93.61,65.0,54.43,33.12
2026-10-03T11:00:00Z,Molding,MLD06,63,3,94.99,5.0,49.29,2.34
2026-10-03T11:00:00Z,Molding,MLD07,1072,34,96.93,66.67,63.83,41.25
2026-10-03T11:00:00Z,Coating,COT01,1013,21,97.99,66.67,64.61,42.21
2026-10-03T11:00:00Z,Coating,COT02,1575,41,97.43,68.33,73.91,49.21
2026-10-03T11:00:00Z,Coating,COT03,1435,50,96.65,66.67,74.23,47.82
2026-10-03T11:00:00Z,Packaging,PKG04,1445,80,94.76,85.0,59.79,48.16
2026-10-03T11:00:00Z,Packaging,PKG05,1224,178,87.33,100.0,53.91,47.08
2026-10-03T11:00:00Z,Packaging,PKG06,937,81,92.05,45.0,72.96,30.22
2026-10-03T11:00:00Z,Packaging,PKG07,568,51,91.69,70.0,36.88,23.67
2026-10-03T11:00:00Z,Packaging,PKG08,1394,173,88.98,73.33,66.75,43.56
2026-10-03T11:00:00Z,Kitting,KIT03,1891,35,98.21,90.0,71.32,63.03
2026-10-03T11:00:00Z,Kitting,KIT04,2303,55,97.66,83.33,85.75,69.79
2026-10-03T11:00:00Z,Kitting,KIT05,1278,40,96.93,78.33,58.05,44.08
2026-10-03T11:00:00Z,Kitting,KIT07,1561,18,98.87,70.0,75.17,52.02
2026-10-03T11:00:00Z,Kitting,KIT08,1600,34,97.93,86.67,60.83,51.63
2026-10-03T12:00:00Z,Assembly,ASM01,1610,47,97.19,53.33,91.35,47.35
2026-10-03T12:00:00Z,Assembly,ASM02,1958,69,96.57,81.67,82.77,65.28
2026-10-03T12:00:00Z,Assembly,ASM05,1817,52,97.23,78.33,74.54,56.77
2026-10-03T12:00:00Z,Molding,MLD03,1539,31,98.05,73.33,76.44,54.96
2026-10-03T12:00:00Z,Molding,MLD04,2621,59,97.78,96.67,84.01,79.41
2026-10-03T12:00:00Z,Molding,MLD05,1515,76,95.24,86.67,63.28,52.23
2026-10-03T12:00:00Z,Molding,MLD06,1438,59,96.08,91.67,60.48,53.27
2026-10-03T12:00:00Z,Molding,MLD07,1752,56,96.91,100.0,69.53,67.38
2026-10-03T12:00:00Z,Coating,COT01,1353,43,96.91,86.67,67.13,56.38
2026-10-03T12:00:00Z,Coating,COT03,1415,17,98.82,65.0,73.46,47.18
2026-10-03T12:00:00Z,Packaging,PKG04,1464,78,94.91,71.67,71.76,48.82
2026-10-03T12:00:00Z,Packaging,PKG05,837,132,86.41,75.0,49.65,32.18
2026-10-03T12:00:00Z,Packaging,PKG06,1725,148,92.1,73.33,82.37,55.63
2026-10-03T12:00:00Z,Packaging,PKG07,983,92,91.41,80.0,55.99,40.95
2026-10-03T12:00:00Z,Packaging,PKG08,1272,157,88.98,66.67,66.99,39.74
2026-10-03T12:00:00Z,Kitting,KIT03,2123,42,98.06,91.67,78.73,70.77
2026-10-03T12:00:00Z,Kitting,KIT04,2260,49,97.88,76.67,91.26,68.48
2026-10-03T12:00:00Z,Kitting,KIT05,1787,43,97.65,86.67,72.82,61.63
2026-10-03T12:00:00Z,Kitting,KIT07,2039,2,99.9,91.67,74.2,67.95
2026-10-03T12:00:00Z,Kitting,KIT08,1986,26,98.71,100.0,64.91,64.07
2026-10-03T13:00:00Z,Assembly,ASM01,249,8,96.85,8.33,90.72,7.32
2026-10-03T13:00:00Z,Assembly,ASM02,1389,44,96.93,66.67,71.65,46.3
2026-10-03T13:00:00Z,Assembly,ASM05,1864,46,97.61,68.33,87.33,58.25
2026-10-03T13:00:00Z,Molding,MLD03,936,13,98.58,50.0,67.82,33.43
2026-10-03T13:00:00Z,Molding,MLD04,1956,29,98.55,83.33,72.17,59.27
2026-10-03T13:00:00Z,Molding,MLD05,1773,123,93.5,100.0,65.4,61.15
2026-10-03T13:00:00Z,Molding,MLD06,1341,50,96.4,80.0,64.39,49.66
2026-10-03T13:00:00Z,Molding,MLD07,1486,66,95.76,88.33,67.56,57.15
2026-10-03T13:00:00Z,Coating,COT01,1317,42,96.91,83.33,67.96,54.88
2026-10-03T13:00:00Z,Coating,COT02,2371,61,97.51,91.67,82.88,74.08
2026-10-03T13:00:00Z,Coating,COT03,1684,47,97.28,85.0,67.87,56.12
2026-10-03T13:00:00Z,Packaging,PKG04,888,49,94.81,41.67,74.95,29.61
2026-10-03T13:00:00Z,Packaging,PKG05,648,98,86.83,60.0,47.82,24.91
2026-10-03T13:00:00Z,Packaging,PKG06,1490,139,91.46,70.0,75.08,48.07
2026-10-03T13:00:00Z,Packaging,PKG07,818,81,91.02,80.0,46.83,34.1
2026-10-03T13:00:00Z,Kitting,KIT03,1947,33,98.31,91.67,72.03,64.91
2026-10-03T13:00:00Z,Kitting,KIT05,1699,55,96.89,80.0,75.59,58.6
2026-10-03T13:00:00Z,Kitting,KIT07,1886,2,99.9,71.67,87.82,62.87
2026-10-03T13:00:00Z,Kitting,KIT08,1757,19,98.93,85.0,67.41,56.68
2026-10-03T14:00:00Z,Assembly,ASM01,3010,78,97.47,100.0,90.84,88.54
2026-10-03T14:00:00Z,Assembly,ASM02,2277,81,96.56,93.33,84.2,75.88
2026-10-03T14:00:00Z,Assembly,ASM05,1693,19,98.89,71.67,74.67,52.92
2026-10-03T14:00:00Z,Molding,MLD03,1467,43,97.15,81.67,66.04,52.4
2026-10-03T14:00:00Z,Molding,MLD04,2315,8,99.65,90.0,78.22,70.15
2026-10-03T14:00:00Z,Molding,MLD05,1234,73,94.41,75.0,60.07,42.54
2026-10-03T14:00:00Z,Molding,MLD06,1161,65,94.66,71.67,63.38,43.0
2026-10-03T14:00:00Z,Molding,MLD07,1050,40,96.33,73.33,57.18,40.39
2026-10-03T14:00:00Z,Coating,COT01,1079,28,97.48,70.0,65.89,44.96
2026-10-03T14:00:00Z,Coating,COT02,2046,45,97.83,88.33,73.99,63.94
2026-10-03T14:00:00Z,Coating,COT03,1632,41,97.56,86.67,64.35,54.41
2026-10-03T14:00:00Z,Packaging,PKG04,1599,86,94.88,90.0,62.41,53.29
2026-10-03T14:00:00Z,Packaging,PKG05,918,144,86.41,71.67,57.04,35.32
2026-10-03T14:00:00Z,Packaging,PKG06,1642,138,92.26,73.33,78.27,52.96
2026-10-03T14:00:00Z,Packaging,PKG07,826,84,90.76,90.0,42.15,34.43
2026-10-03T14:00:00Z,Kitting,KIT03,1833,20,98.9,76.67,80.57,61.09
2026-10-03T14:00:00Z,Kitting,KIT05,1395,40,97.21,78.33,63.18,48.11
2026-10-03T14:00:00Z,Kitting,KIT07,1537,14,99.09,65.0,79.54,51.23
2026-10-03T14:00:00Z,Kitting,KIT08,1769,34,98.13,81.67,71.21,57.07
2026-10-03T15:00:00Z,Assembly,ASM01,219,9,95.9,8.33,80.56,6.44
2026-10-03T15:00:00Z,Assembly,ASM02,2211,84,96.35,90.0,85.0,73.7
2026-10-03T15:00:00Z,Assembly,ASM05,2435,63,97.47,100.0,78.06,76.09
2026-10-03T15:00:00Z,Molding,MLD03,1907,29,98.48,91.67,75.44,68.1
2026-10-03T15:00:00Z,Molding,MLD04,2171,7,99.67,90.0,73.35,65.8
2026-10-03T15:00:00Z,Molding,MLD05,358,23,93.88,23.33,56.43,12.36
2026-10-03T15:00:00Z,Molding,MLD06,1621,78,95.4,100.0,62.94,60.04
2026-10-03T15:00:00Z,Molding,MLD07,796,38,95.39,45.0,71.33,30.62
2026-10-03T15:00:00Z,Coating,COT01,1116,38,96.74,68.33,70.34,46.49
2026-10-03T15:00:00Z,Coating,COT02,1727,41,97.71,71.67,77.07,53.97
2026-10-03T15:00:00Z,Packaging,PKG04,1597,97,94.25,73.33,76.99,53.22
2026-10-03T15:00:00Z,Packaging,PKG05,540,87,86.08,48.33,49.9,20.76
2026-10-03T15:00:00Z,Packaging,PKG06,2403,233,91.15,100.0,85.05,77.52
2026-10-03T15:00:00Z,Packaging,PKG07,876,98,89.99,73.33,55.33,36.51
2026-10-03T15:00:00Z,Packaging,PKG08,490,54,90.03,21.67,78.55,15.32
2026-10-03T15:00:00Z,Kitting,KIT03,2227,15,99.32,100.0,74.76,74.25
2026-10-03T15:00:00Z,Kitting,KIT05,1735,45,97.47,93.33,65.78,59.84
2026-10-03T15:00:00Z,Kitting,KIT07,1613,26,98.44,68.33,79.96,53.78
2026-10-03T15:00:00Z,Kitting,KIT08,1809,38,97.96,93.33,63.82,58.35
2026-10-03T16:00:00Z,Assembly,ASM01,2283,86,96.37,83.33,83.61,67.15
2026-10-03T16:00:00Z,Assembly,ASM02,1358,59,95.85,66.67,70.84,45.26
2026-10-03T16:00:00Z,Assembly,ASM05,1978,32,98.41,71.67,87.66,61.82
2026-10-03T16:00:00Z,Molding,MLD03,1507,32,97.94,75.0,73.29,53.83
2026-10-03T16:00:00Z,Molding,MLD04,1936,35,98.24,71.67,83.33,58.66
2026-10-03T16:00:00Z,Molding,MLD05,1274,68,94.97,88.33,52.38,43.94
2026-10-03T16:00:00Z,Molding,MLD06,1081,45,96.02,70.0,59.59,40.05
2026-10-03T16:00:00Z,Molding,MLD07,768,32,96.0,45.0,68.35,29.53
2026-10-03T16:00:00Z,Coating,COT01,1320,37,97.26,85.0,66.55,55.02
2026-10-03T16:00:00Z,Coating,COT02,1763,70,96.18,81.67,70.15,55.1
2026-10-03T16:00:00Z,Coating,COT03,597,20,96.69,26.67,77.21,19.91
2026-10-03T16:00:00Z,Packaging,PKG04,1931,88,95.64,86.67,77.66,64.37
2026-10-03T16:00:00Z,Packaging,PKG05,797,130,85.94,71.67,49.74,30.64
2026-10-03T16:00:00Z,Packaging,PKG06,2256,202,91.79,93.33,84.96,72.79
2026-10-03T16:00:00Z,Packaging,PKG07,805,80,90.95,78.33,47.09,33.55
2026-10-03T16:00:00Z,Packaging,PKG08,1655,161,91.12,86.67,65.5,51.72
2026-10-03T16:00:00Z,Kitting,KIT03,2012,36,98.24,88.33,77.28,67.06
2026-10-03T16:00:00Z,Kitting,KIT04,2170,13,99.38,75.0,88.2,65.74
2026-10-03T16:00:00Z,Kitting,KIT05,1644,44,97.38,86.67,67.17,56.69
2026-10-03T16:00:00Z,Kitting,KIT07,2184,12,99.47,98.33,74.42,72.79
2026-10-03T16:00:00Z,Kitting,KIT08,1413,28,98.02,65.0,71.52,45.57
2026-10-03T17:00:00Z,Assembly,ASM01,1201,51,95.9,43.33,85.01,35.33
2026-10-03T17:00:00Z,Assembly,ASM02,1574,60,96.32,71.67,76.03,52.48
2026-10-03T17:00:00Z,Assembly,ASM05,2414,67,97.31,100.0,77.52,75.43
2026-10-03T17:00:00Z,Molding,MLD03,1915,59,97.03,88.33,79.79,68.39
2026-10-03T17:00:00Z,Molding,MLD04,2384,39,98.4,90.0,81.56,72.23
2026-10-03T17:00:00Z,Molding,MLD05,693,47,93.59,43.33,58.89,23.89
2026-10-03T17:00:00Z,Molding,MLD06,1014,57,94.66,65.0,61.01,37.54
2026-10-03T17:00:00Z,Molding,MLD07,1542,48,96.98,100.0,61.16,59.31
2026-10-03T17:00:00Z,Coating,COT01,1338,36,97.39,88.33,64.78,55.73
2026-10-03T17:00:00Z,Coating,COT02,1380,26,98.18,56.67,77.5,43.11
2026-10-03T17:00:00Z,Coating,COT03,1850,51,97.3,81.67,77.63,61.68
2026-10-03T17:00:00Z,Packaging,PKG04,1777,118,93.78,88.33,71.5,59.23
2026-10-03T17:00:00Z,Packaging,PKG05,572,88,86.69,46.67,54.36,21.99
2026-10-03T17:00:00Z,Packaging,PKG06,977,91,91.47,43.33,79.51,31.52
2026-10-03T17:00:00Z,Packaging,PKG07,1101,108,91.09,93.33,53.96,45.87
2026-10-03T17:00:00Z,Packaging,PKG08,2282,274,89.28,100.0,79.87,71.31
2026-10-03T17:00:00Z,Kitting,KIT03,596,8,98.75,23.33,86.17,19.85
2026-10-03T17:00:00Z,Kitting,KIT04,2010,11,99.44,68.33,89.66,60.92
2026-10-03T17:00:00Z,Kitting,KIT05,766,17,97.83,36.67,73.6,26.4
2026-10-03T17:00:00Z,Kitting,KIT07,1677,2,99.9,65.0,86.07,55.89
2026-10-03T17:00:00Z,Kitting,KIT08,1864,43,97.76,90.0,68.36,60.14
2026-10-03T18:00:00Z,Assembly,ASM01,2765,90,96.86,96.67,86.87,81.33
2026-10-03T18:00:00Z,Assembly,ASM02,1334,41,97.05,61.67,74.31,44.47
2026-10-03T18:00:00Z,Assembly,ASM05,1472,43,97.17,63.33,74.73,45.99
2026-10-03T18:00:00Z,Molding,MLD03,1617,118,93.18,96.67,64.1,57.74
2026-10-03T18:00:00Z,Molding,MLD04,1756,43,97.6,63.33,86.09,53.21
2026-10-03T18:00:00Z,Molding,MLD05,1395,65,95.55,78.33,64.27,48.1
2026-10-03T18:00:00Z,Molding,MLD06,1274,75,94.46,73.33,68.12,47.19
2026-10-03T18:00:00Z,Molding,MLD07,1273,41,96.85,85.0,59.5,48.98
2026-10-03T18:00:00Z,Coating,COT01,1432,49,96.71,91.67,67.32,59.68
2026-10-03T18:00:00Z,Coating,COT02,917,28,97.0,41.67,70.91,28.66
2026-10-03T18:00:00Z,Coating,COT03,784,9,98.9,36.67,72.09,26.14
2026-10-03T18:00:00Z,Packaging,PKG04,490,28,94.61,25.0,69.0,16.32
2026-10-03T18:00:00Z,Packaging,PKG05,851,119,87.73,60.0,62.16,32.72
2026-10-03T18:00:00Z,Packaging,PKG06,889,70,92.74,38.33,80.66,28.68
2026-10-03T18:00:00Z,Packaging,PKG07,1124,115,90.7,95.0,54.35,46.83
2026-10-03T18:00:00Z,Packaging,PKG08,907,90,91.0,41.67,74.77,28.35
2026-10-03T18:00:00Z,Kitting,KIT03,1273,14,98.93,55.0,78.01,42.45
2026-10-03T18:00:00Z,Kitting,KIT04,2569,17,99.35,88.33,88.72,77.86
2026-10-03T18:00:00Z,Kitting,KIT07,1418,20,98.64,61.67,77.7,47.26
2026-10-03T18:00:00Z,Kitting,KIT08,2143,9,99.6,100.0,69.41,69.13
2026-10-03T19:00:00Z,Assembly,ASM01,2608,69,97.43,90.0,87.46,76.69
2026-10-03T19:00:00Z,Assembly,ASM02,1130,59,95.05,51.67,76.72,37.68
2026-10-03T19:00:00Z,Assembly,ASM05,1113,22,98.02,45.0,78.83,34.77
2026-10-03T19:00:00Z,Molding,MLD03,1748,106,94.31,85.0,77.9,62.44
2026-10-03T19:00:00Z,Molding,MLD04,1958,11,99.43,75.0,79.56,59.33
2026-10-03T19:00:00Z,Molding,MLD05,1463,78,94.93,80.0,66.42,50.44
2026-10-03T19:00:00Z,Molding,MLD06,1189,47,96.21,83.33,54.94,44.05
2026-10-03T19:00:00Z,Molding,MLD07,1314,35,97.37,80.0,64.87,50.53
2026-10-03T19:00:00Z,Coating,COT01,1107,23,97.99,75.0,62.75,46.12
2026-10-03T19:00:00Z,Coating,COT02,38,1,97.01,1.67,73.96,1.2
2026-10-03T19:00:00Z,Coating,COT03,1299,16,98.79,61.67,71.1,43.32
2026-10-03T19:00:00Z,Packaging,PKG05,1007,141,87.71,85.0,51.93,38.72
2026-10-03T19:00:00Z,Packaging,PKG06,2265,207,91.63,100.0,79.74,73.06
2026-10-03T19:00:00Z,Packaging,PKG07,448,49,90.08,46.67,44.43,18.68
2026-10-03T19:00:00Z,Packaging,PKG08,1756,184,90.54,91.67,66.13,54.89
2026-10-03T19:00:00Z,Kitting,KIT03,2023,12,99.4,85.0,79.83,67.44
2026-10-03T19:00:00Z,Kitting,KIT04,1100,18,98.4,40.0,84.71,33.34
2026-10-03T19:00:00Z,Kitting,KIT07,2163,23,98.93,86.67,84.09,72.1
2026-10-03T19:00:00Z,Kitting,KIT08,1138,29,97.52,58.33,64.53,36.7
2026-10-03T20:00:00Z,Assembly,ASM01,2078,40,98.12,76.67,81.25,61.12
2026-10-03T20:00:00Z,Assembly,ASM02,1860,89,95.43,80.0,81.21,62.0
2026-10-03T20:00:00Z,Assembly,ASM05,1595,25,98.46,68.33,74.07,49.84
2026-10-03T20:00:00Z,Molding,MLD03,966,14,98.55,53.33,65.62,34.49
2026-10-03T20:00:00Z,Molding,MLD04,2263,38,98.34,83.33,83.69,68.58
2026-10-03T20:00:00Z,Molding,MLD05,1189,58,95.37,66.67,64.48,41.0
2026-10-03T20:00:00Z,Molding,MLD06,1504,75,95.28,88.33,66.19,55.7
2026-10-03T20:00:00Z,Molding,MLD07,1311,58,95.78,81.67,64.46,50.42
2026-10-03T20:00:00Z,Coating,COT01,828,22,97.42,55.0,64.35,34.48
2026-10-03T20:00:00Z,Coating,COT03,1549,49,96.92,76.67,69.49,51.63
2026-10-03T20:00:00Z,Packaging,PKG05,991,137,87.85,78.33,55.39,38.11
2026-10-03T20:00:00Z,Packaging,PKG06,1946,159,92.44,80.0,84.91,62.79
2026-10-03T20:00:00Z,Packaging,PKG07,951,89,91.47,100.0,43.34,39.64
2026-10-03T20:00:00Z,Packaging,PKG08,1313,164,88.9,66.67,69.23,41.03
2026-10-03T20:00:00Z,Kitting,KIT03,2075,18,99.12,86.67,80.53,69.17
2026-10-03T20:00:00Z,Kitting,KIT04,638,15,97.65,21.67,91.42,19.34
2026-10-03T20:00:00Z,Kitting,KIT05,1514,36,97.69,86.67,61.67,52.21
2026-10-03T20:00:00Z,Kitting,KIT07,2277,2,99.9,86.67,87.65,75.89
2026-10-03T20:00:00Z,Kitting,KIT08,1477,16,98.95,66.67,72.21,47.64
2026-10-03T21:00:00Z,Assembly,ASM01,2487,67,97.38,93.33,80.47,73.14
2026-10-03T21:00:00Z,Assembly,ASM02,917,47,95.13,38.33,83.78,30.55
2026-10-03T21:00:00Z,Assembly,ASM05,2343,57,97.61,100.0,75.02,73.23
2026-10-03T21:00:00Z,Molding,MLD03,730,22,97.04,38.33,70.05,26.06
2026-10-03T21:00:00Z,Molding,MLD04,1098,8,99.27,41.67,80.47,33.28
2026-10-03T21:00:00Z,Molding,MLD05,1078,58,94.93,71.67,54.63,37.17
2026-10-03T21:00:00Z,Molding,MLD06,1031,56,94.84,73.33,54.9,38.18
2026-10-03T21:00:00Z,Molding,MLD07,1238,38,97.04,70.0,70.11,47.63
2026-10-03T21:00:00Z,Coating,COT01,1289,48,96.43,78.33,71.12,53.73
2026-10-03T21:00:00Z,Coating,COT03,2193,26,98.82,100.0,73.96,73.09
2026-10-03T21:00:00Z,Packaging,PKG04,638,33,95.03,35.0,63.92,21.26
2026-10-03T21:00:00Z,Packaging,PKG05,968,132,87.99,70.0,60.45,37.23
2026-10-03T21:00:00Z,Packaging,PKG06,2043,173,92.2,100.0,71.47,65.89
2026-10-03T21:00:00Z,Packaging,PKG07,867,86,90.96,88.33,44.96,36.12
2026-10-03T21:00:00Z,Packaging,PKG08,2021,238,89.47,100.0,70.59,63.16
2026-10-03T21:00:00Z,Kitting,KIT03,1961,14,99.31,83.33,79.0,65.38
2026-10-03T21:00:00Z,Kitting,KIT04,1818,25,98.66,70.0,79.75,55.08
2026-10-03T21:00:00Z,Kitting,KIT05,932,13,98.65,51.67,63.03,32.13
2026-10-03T21:00:00Z,Kitting,KIT07,1843,20,98.94,81.67,76.04,61.44
2026-10-03T21:00:00Z,Kitting,KIT08,2309,41,98.25,100.0,75.81,74.48
2026-10-03T22:00:00Z,Assembly,ASM01,2478,76,97.04,78.33,95.89,72.89
2026-10-03T22:00:00Z,Assembly,ASM02,1875,54,97.21,78.33,82.1,62.52
2026-10-03T22:00:00Z,Assembly,ASM05,2442,51,97.95,86.67,89.89,76.31
2026-10-03T22:00:00Z,Molding,MLD03,1992,50,97.55,100.0,72.95,71.16
2026-10-03T22:00:00Z,Molding,MLD04,1698,35,98.0,70.0,74.99,51.44
2026-10-03T22:00:00Z,Molding,MLD05,1534,69,95.72,95.0,58.19,52.91
2026-10-03T22:00:00Z,Molding,MLD06,980,40,96.06,68.33,55.3,36.3
2026-10-03T22:00:00Z,Molding,MLD07,1247,59,95.47,76.67,65.54,47.97
2026-10-03T22:00:00Z,Coating,COT01,1416,56,96.21,98.33,62.37,59.01
2026-10-03T22:00:00Z,Coating,COT02,1873,49,97.45,83.33,72.06,58.52
2026-10-03T22:00:00Z,Coating,COT03,1587,26,98.38,80.0,67.21,52.9
2026-10-03T22:00:00Z,Packaging,PKG04,1943,122,94.08,88.33,77.94,64.77
2026-10-03T22:00:00Z,Packaging,PKG05,1155,177,86.69,88.33,58.03,44.44
2026-10-03T22:00:00Z,Packaging,PKG06,1964,159,92.51,86.67,79.03,63.36
2026-10-03T22:00:00Z,Packaging,PKG07,882,85,91.2,88.33,45.63,36.76
2026-10-03T22:00:00Z,Packaging,PKG08,2080,227,90.14,91.67,78.66,65.0
2026-10-03T22:00:00Z,Kitting,KIT03,2249,55,97.59,93.33,82.3,74.97
2026-10-03T22:00:00Z,Kitting,KIT04,2321,41,98.27,81.67,87.63,70.33
2026-10-03T22:00:00Z,Kitting,KIT05,1928,54,97.28,90.0,75.93,66.48
2026-10-03T22:00:00Z,Kitting,KIT07,906,9,99.0,35.0,87.2,30.22
2026-10-03T22:00:00Z,Kitting,KIT08,1545,41,97.39,71.67,71.41,49.84
2026-10-03T23:00:00Z,Assembly,ASM01,1545,33,97.93,53.33,87.03,45.46
2026-10-03T23:00:00Z,Assembly,ASM02,2251,102,95.66,100.0,78.45,75.04
2026-10-03T23:00:00Z,Assembly,ASM05,1321,34,97.48,50.0,84.71,41.29
2026-10-03T23:00:00Z,Molding,MLD03,617,11,98.22,33.33,67.34,22.05
2026-10-03T23:00:00Z,Molding,MLD04,765,9,98.8,30.0,78.17,23.17
2026-10-03T23:00:00Z,Molding,MLD05,1487,105,93.41,91.67,59.86,51.26
2026-10-03T23:00:00Z,Molding,MLD06,1160,47,96.13,70.0,63.86,42.97
2026-10-03T23:00:00Z,Molding,MLD07,498,24,95.37,33.33,60.3,19.17
2026-10-03T23:00:00Z,Coating,COT02,1833,34,98.18,81.67,71.42,57.27
2026-10-03T23:00:00Z,Coating,COT03,1860,53,97.22,86.67,73.6,62.01
2026-10-03T23:00:00Z,Packaging,PKG04,1789,89,95.24,91.67,68.29,59.62
2026-10-03T23:00:00Z,Packaging,PKG05,976,148,86.84,91.67,47.15,37.54
2026-10-03T23:00:00Z,Packaging,PKG06,1404,130,91.53,58.33,84.8,45.27
2026-10-03T23:00:00Z,Packaging,PKG07,911,103,89.84,100.0,42.26,37.97
2026-10-03T23:00:00Z,Packaging,PKG08,1667,199,89.32,75.0,77.75,52.08
2026-10-03T23:00:00Z,Kitting,KIT03,1542,28,98.19,65.0,80.56,51.42
2026-10-03T23:00:00Z,Kitting,KIT04,1869,8,99.58,65.0,87.51,56.64
2026-10-03T23:00:00Z,Kitting,KIT05,1583,35,97.83,80.0,69.75,54.59
2026-10-03T23:00:00Z,Kitting,KIT07,2000,13,99.35,80.0,83.88,66.67
2026-10-03T23:00:00Z,Kitting,KIT08,817,8,99.04,38.33,69.45,26.37
2026-10-04T00:00:00Z,Assembly,ASM01,2525,109,95.88,88.33,87.7,74.27
2026-10-04T00:00:00Z,Assembly,ASM02,998,43,95.83,45.0,77.16,33.27
2026-10-04T00:00:00Z,Assembly,ASM05,1087,28,97.47,45.0,77.44,33.97
2026-10-04T00:00:00Z,Molding,MLD03,2102,57,97.38,100.0,77.1,75.08
2026-10-04T00:00:00Z,Molding,MLD04,2084,15,99.28,83.33,76.33,63.15
2026-10-04T00:00:00Z,Molding,MLD05,1275,78,94.21,88.33,52.83,43.96
2026-10-04T00:00:00Z,Molding,MLD06,1430,66,95.6,85.0,65.19,52.97
2026-10-04T00:00:00Z,Coating,COT01,1037,34,96.78,65.0,68.68,43.21
2026-10-04T00:00:00Z,Coating,COT02,1826,59,96.85,71.67,82.21,57.06
2026-10-04T00:00:00Z,Coating,COT03,1863,61,96.85,85.0,75.43,62.09
2026-10-04T00:00:00Z,Packaging,PKG04,1819,93,95.14,83.33,76.47,60.63
2026-10-04T00:00:00Z,Packaging,PKG05,1114,160,87.43,86.67,56.56,42.86
2026-10-04T00:00:00Z,Packaging,PKG06,1349,102,92.94,65.0,72.02,43.51
2026-10-04T00:00:00Z,Packaging,PKG07,961,95,91.03,83.33,52.77,40.03
2026-10-04T00:00:00Z,Packaging,PKG08,1834,190,90.6,83.33,75.92,57.32
2026-10-04T00:00:00Z,Kitting,KIT03,2161,29,98.65,88.33,82.68,72.05
2026-10-04T00:00:00Z,Kitting,KIT04,1526,15,99.04,55.0,84.91,46.25
2026-10-04T00:00:00Z,Kitting,KIT05,1228,34,97.34,63.33,68.7,42.36
2026-10-04T00:00:00Z,Kitting,KIT07,1876,20,98.96,80.0,78.98,62.52
2026-10-04T00:00:00Z,Kitting,KIT08,1087,29,97.36,53.33,67.52,35.06
2026-10-04T01:00:00Z,Assembly,ASM02,2237,106,95.47,91.67,85.22,74.58
2026-10-04T01:00:00Z,Assembly,ASM05,1747,48,97.32,71.67,78.29,54.61
2026-10-04T01:00:00Z,Molding,MLD03,1501,28,98.15,68.33,79.92,53.6
2026-10-04T01:00:00Z,Molding,MLD04,2169,46,97.9,90.0,74.6,65.73
2026-10-04T01:00:00Z,Molding,MLD05,1346,80,94.37,75.0,65.58,46.41
2026-10-04T01:00:00Z,Molding,MLD06,1179,51,95.86,70.0,65.06,43.66
2026-10-04T01:00:00Z,Molding,MLD07,1078,32,97.1,70.0,61.02,41.47
2026-10-04T01:00:00Z,Coating,COT01,1160,31,97.4,73.33,67.67,48.34
2026-10-04T01:00:00Z,Coating,COT02,2503,56,97.83,100.0,79.94,78.2
2026-10-04T01:00:00Z,Coating,COT03,1681,36,97.9,75.0,76.31,56.03
2026-10-04T01:00:00Z,Packaging,PKG04,1593,100,94.09,88.33,63.88,53.09
2026-10-04T01:00:00Z,Packaging,PKG05,1014,146,87.41,78.33,56.95,39.0
2026-10-04T01:00:00Z,Packaging,PKG07,758,80,90.49,81.67,42.76,31.6
2026-10-04T01:00:00Z,Packaging,PKG08,2029,199,91.08,100.0,69.62,63.41
2026-10-04T01:00:00Z,Kitting,KIT03,893,3,99.71,36.67,81.46,29.78
2026-10-04T01:00:00Z,Kitting,KIT04,373,7,98.26,13.33,86.2,11.29
2026-10-04T01:00:00Z,Kitting,KIT05,1547,33,97.88,75.0,72.65,53.34
2026-10-04T01:00:00Z,Kitting,KIT07,1863,7,99.61,80.0,77.93,62.1
2026-10-04T02:00:00Z,Assembly,ASM01,2905,60,97.98,98.33,88.68,85.44
2026-10-04T02:00:00Z,Assembly,ASM02,1944,91,95.51,85.0,79.8,64.79
2026-10-04T02:00:00Z,Assembly,ASM05,1221,34,97.28,51.67,75.94,38.17
2026-10-04T02:00:00Z,Molding,MLD03,1828,61,96.77,85.0,79.37,65.28
2026-10-04T02:00:00Z,Molding,MLD04,2327,31,98.69,81.67,87.49,70.51
2026-10-04T02:00:00Z,Molding,MLD05,1171,75,93.97,76.67,56.03,40.37
2026-10-04T02:00:00Z,Molding,MLD06,1420,59,96.01,88.33,62.01,52.59
2026-10-04T02:00:00Z,Molding,MLD07,1224,29,97.68,75.0,64.25,47.08
2026-10-04T02:00:00Z,Coating,COT01,1231,40,96.87,90.0,58.85,51.3
2026-10-04T02:00:00Z,Coating,COT02,1693,30,98.29,78.33,68.73,52.92
2026-10-04T02:00:00Z,Coating,COT03,1929,40,97.98,85.0,77.19,64.29
2026-10-04T02:00:00Z,Packaging,PKG04,1740,77,95.74,86.67,69.91,58.01
2026-10-04T02:00:00Z,Packaging,PKG05,1013,144,87.59,83.33,53.4,38.98
2026-10-04T02:00:00Z,Packaging,PKG07,607,57,91.46,65.0,42.54,25.29
2026-10-04T02:00:00Z,Packaging,PKG08,1805,186,90.66,90.0,69.13,56.4
2026-10-04T02:00:00Z,Kitting,KIT03,1341,20,98.54,56.67,80.03,44.69
2026-10-04T02:00:00Z,Kitting,KIT04,1228,28,97.8,43.33,87.83,37.22
2026-10-04T02:00:00Z,Kitting,KIT05,1196,25,97.94,65.0,64.78,41.24
2026-10-04T02:00:00Z,Kitting,KIT07,2414,35,98.59,91.67,89.05,80.47
2026-10-04T02:00:00Z,Kitting,KIT08,1807,31,98.31,90.0,65.87,58.28
2026-10-05T11:00:00Z,Assembly,ASM01,1937,67,96.64,73.33,80.37,56.96
2026-10-05T11:00:00Z,Assembly,ASM02,1650,78,95.5,83.33,69.11,55.0
2026-10-05T11:00:00Z,Assembly,ASM05,1513,48,96.91,61.67,79.12,47.29
2026-10-05T11:00:00Z,Molding,MLD03,1158,36,96.99,70.0,60.89,41.35
2026-10-05T11:00:00Z,Molding,MLD04,2208,35,98.44,100.0,67.97,66.91
2026-10-05T11:00:00Z,Molding,MLD05,1280,87,93.66,93.33,50.5,44.14
2026-10-05T11:00:00Z,Molding,MLD06,992,57,94.6,83.33,46.62,36.75
2026-10-05T11:00:00Z,Molding,MLD07,811,39,95.39,65.0,50.33,31.21
2026-10-05T11:00:00Z,Coating,COT01,1195,51,95.88,93.33,55.66,49.81
2026-10-05T11:00:00Z,Coating,COT02,1984,42,97.94,100.0,63.32,62.01
2026-10-05T11:00:00Z,Coating,COT03,1701,44,97.51,88.33,65.82,56.69
2026-10-05T11:00:00Z,Packaging,PKG04,1597,75,95.52,91.67,60.81,53.24
2026-10-05T11:00:00Z,Packaging,PKG05,762,107,87.65,86.67,38.59,29.31
2026-10-05T11:00:00Z,Packaging,PKG06,2027,150,93.11,100.0,70.23,65.39
2026-10-05T11:00:00Z,Packaging,PKG07,822,74,91.7,81.67,45.72,34.24
2026-10-05T11:00:00Z,Packaging,PKG08,1502,174,89.64,83.33,62.85,46.95
2026-10-05T11:00:00Z,Kitting,KIT03,1154,11,99.09,56.67,68.53,38.48
2026-10-05T11:00:00Z,Kitting,KIT04,2206,31,98.62,100.0,67.78,66.84
2026-10-05T11:00:00Z,Kitting,KIT05,1539,38,97.62,95.0,57.24,53.08
2026-10-05T11:00:00Z,Kitting,KIT07,1171,2,99.86,60.0,65.14,39.03
2026-10-05T11:00:00Z,Kitting,KIT08,1533,8,99.5,76.67,64.81,49.44
2026-10-05T12:00:00Z,Assembly,ASM01,2777,68,97.61,100.0,83.66,81.66
2026-10-05T12:00:00Z,Assembly,ASM02,1667,49,97.17,86.67,66.0,55.58
2026-10-05T12:00:00Z,Assembly,ASM05,1695,47,97.33,66.67,81.65,52.98
2026-10-05T12:00:00Z,Molding,MLD03,1846,72,96.26,100.0,68.5,65.94
2026-10-05T12:00:00Z,Molding,MLD04,1904,48,97.52,80.0,73.95,57.69
2026-10-05T12:00:00Z,Molding,MLD05,875,53,94.27,61.67,51.93,30.19
2026-10-05T12:00:00Z,Molding,MLD06,912,35,96.31,55.0,63.79,33.79
2026-10-05T12:00:00Z,Molding,MLD07,1259,40,96.89,85.0,58.79,48.41
2026-10-05T12:00:00Z,Coating,COT01,1214,53,95.78,91.67,57.62,50.59
2026-10-05T12:00:00Z,Coating,COT02,1778,30,98.32,85.0,66.5,55.58
2026-10-05T12:00:00Z,Coating,COT03,1715,28,98.37,100.0,58.1,57.16
2026-10-05T12:00:00Z,Packaging,PKG04,1907,91,95.43,95.0,70.11,63.57
2026-10-05T12:00:00Z,Packaging,PKG05,974,131,88.16,100.0,42.5,37.46
2026-10-05T12:00:00Z,Packaging,PKG06,1009,94,91.48,46.67,76.24,32.55
2026-10-05T12:00:00Z,Packaging,PKG07,843,84,90.96,90.0,42.89,35.11
2026-10-05T12:00:00Z,Packaging,PKG08,1357,139,90.73,76.67,60.96,42.4
2026-10-05T12:00:00Z,Kitting,KIT03,1405,12,99.12,70.0,67.52,46.85
2026-10-05T12:00:00Z,Kitting,KIT04,553,11,98.13,20.0,85.4,16.76
2026-10-05T12:00:00Z,Kitting,KIT05,1226,21,98.29,78.33,54.93,42.29
2026-10-05T12:00:00Z,Kitting,KIT07,1821,13,99.29,85.0,71.93,60.71
2026-10-05T12:00:00Z,Kitting,KIT08,1388,35,97.54,68.33,67.18,44.77
2026-10-05T13:00:00Z,Assembly,ASM01,664,22,96.79,25.0,80.73,19.54
2026-10-05T13:00:00Z,Assembly,ASM02,782,23,97.14,35.0,76.67,26.07
2026-10-05T13:00:00Z,Molding,MLD03,1289,40,96.99,73.33,64.73,46.04
2026-10-05T13:00:00Z,Molding,MLD04,1647,19,98.87,66.67,75.7,49.89
2026-10-05T13:00:00Z,Molding,MLD05,1528,77,95.21,100.0,55.35,52.7
2026-10-05T13:00:00Z,Molding,MLD06,1234,70,94.65,100.0,48.29,45.7
2026-10-05T13:00:00Z,Molding,MLD07,1338,47,96.57,88.33,60.3,51.44
2026-10-05T13:00:00Z,Coating,COT01,961,32,96.77,76.67,53.96,40.04
2026-10-05T13:00:00Z,Coating,COT02,72,3,96.16,3.33,70.58,2.26
2026-10-05T13:00:00Z,Coating,COT03,1220,21,98.29,71.67,57.71,40.65
2026-10-05T13:00:00Z,Packaging,PKG04,1655,100,94.3,90.0,65.01,55.17
2026-10-05T13:00:00Z,Packaging,PKG05,1049,162,86.64,85.0,54.78,40.34
2026-10-05T13:00:00Z,Packaging,PKG06,414,33,92.64,20.0,72.02,13.34
2026-10-05T13:00:00Z,Packaging,PKG07,783,83,90.37,86.67,41.64,32.61
2026-10-05T13:00:00Z,Packaging,PKG08,1786,214,89.3,100.0,62.48,55.8
2026-10-05T13:00:00Z,Kitting,KIT03,1904,29,98.52,96.67,66.64,63.47
2026-10-05T13:00:00Z,Kitting,KIT05,1334,35,97.45,83.33,56.65,46.01
2026-10-05T13:00:00Z,Kitting,KIT07,81,0,99.63,3.33,81.64,2.71
2026-10-05T13:00:00Z,Kitting,KIT08,1756,28,98.43,96.67,59.55,56.66
2026-10-05T14:00:00Z,Assembly,ASM01,2276,93,96.06,83.33,83.62,66.94
2026-10-05T14:00:00Z,Assembly,ASM02,1760,76,95.83,85.0,72.0,58.65
2026-10-05T14:00:00Z,Assembly,ASM05,2172,66,97.04,91.67,76.3,67.87
2026-10-05T14:00:00Z,Molding,MLD03,1380,49,96.55,78.33,65.16,49.28
2026-10-05T14:00:00Z,Molding,MLD04,1693,27,98.41,71.67,72.73,51.3
2026-10-05T14:00:00Z,Molding,MLD05,1342,87,93.89,80.0,61.59,46.26
2026-10-05T14:00:00Z,Molding,MLD06,1129,52,95.58,76.67,57.04,41.8
2026-10-05T14:00:00Z,Molding,MLD07,1688,82,95.39,100.0,68.08,64.94
2026-10-05T14:00:00Z,Coating,COT01,1126,38,96.78,83.33,58.2,46.93
2026-10-05T14:00:00Z,Coating,COT02,2364,87,96.46,98.33,77.87,73.86
2026-10-05T14:00:00Z,Coating,COT03,2043,34,98.35,95.0,72.9,68.11
2026-10-05T14:00:00Z,Packaging,PKG04,1585,111,93.47,90.0,62.79,52.82
2026-10-05T14:00:00Z,Packaging,PKG05,863,137,86.32,73.33,52.43,33.19
2026-10-05T14:00:00Z,Packaging,PKG06,1151,114,90.95,53.33,76.56,37.14
2026-10-05T14:00:00Z,Packaging,PKG07,889,89,90.91,75.0,54.33,37.04
2026-10-05T14:00:00Z,Packaging,PKG08,1466,168,89.73,78.33,65.17,45.81
2026-10-05T14:00:00Z,Kitting,KIT03,1828,21,98.89,71.67,85.99,60.94
2026-10-05T14:00:00Z,Kitting,KIT05,1647,23,98.64,95.0,60.63,56.81
2026-10-05T14:00:00Z,Kitting,KIT07,2532,38,98.51,100.0,85.69,84.41
2026-10-05T14:00:00Z,Kitting,KIT08,1830,33,98.21,96.67,62.17,59.02
2026-10-05T15:00:00Z,Assembly,ASM01,2720,104,96.31,88.33,94.03,79.99
2026-10-05T15:00:00Z,Assembly,ASM02,1218,39,96.89,58.33,71.86,40.61
2026-10-05T15:00:00Z,Assembly,ASM05,2205,31,98.63,88.33,79.09,68.91
2026-10-05T15:00:00Z,Molding,MLD03,1595,53,96.79,80.0,73.57,56.96
2026-10-05T15:00:00Z,Molding,MLD04,1823,21,98.85,73.33,76.21,55.25
2026-10-05T15:00:00Z,Molding,MLD05,841,39,95.54,45.0,67.46,29.0
2026-10-05T15:00:00Z,Molding,MLD06,1520,77,95.2,88.33,66.95,56.3
2026-10-05T15:00:00Z,Molding,MLD07,374,18,95.49,21.67,69.48,14.37
2026-10-05T15:00:00Z,Coating,COT01,1454,43,97.16,88.33,70.61,60.6
2026-10-05T15:00:00Z,Coating,COT02,2112,49,97.71,88.33,76.46,66.0
2026-10-05T15:00:00Z,Packaging,PKG04,1677,117,93.49,76.67,77.97,55.89
2026-10-05T15:00:00Z,Packaging,PKG05,1115,160,87.46,81.67,60.02,42.87
2026-10-05T15:00:00Z,Packaging,PKG06,339,30,91.87,15.0,79.46,10.95
2026-10-05T15:00:00Z,Packaging,PKG07,957,87,91.63,100.0,43.52,39.88
2026-10-05T15:00:00Z,Packaging,PKG08,1466,171,89.54,70.0,73.08,45.81
2026-10-05T15:00:00Z,Kitting,KIT03,684,8,98.82,26.67,86.55,22.81
2026-10-05T15:00:00Z,Kitting,KIT04,1775,37,97.97,65.0,84.46,53.78
2026-10-05T15:00:00Z,Kitting,KIT05,1387,41,97.1,80.0,61.57,47.82
2026-10-05T15:00:00Z,Kitting,KIT07,1830,29,98.45,75.0,82.62,61.01
2026-10-05T15:00:00Z,Kitting,KIT08,1392,32,97.78,61.67,74.48,44.91
2026-10-05T16:00:00Z,Assembly,ASM01,2212,84,96.36,80.0,84.38,65.05
2026-10-05T16:00:00Z,Assembly,ASM02,2149,80,96.41,88.33,84.12,71.64
2026-10-05T16:00:00Z,Assembly,ASM05,1321,15,98.85,55.0,75.95,41.29
2026-10-05T16:00:00Z,Molding,MLD03,580,14,97.66,26.67,79.6,20.73
2026-10-05T16:00:00Z,Molding,MLD04,2611,52,98.03,93.33,86.49,79.13
2026-10-05T16:00:00Z,Molding,MLD05,1042,72,93.58,63.33,60.64,35.94
2026-10-05T16:00:00Z,Molding,MLD06,167,8,95.65,11.67,55.55,6.2
2026-10-05T16:00:00Z,Molding,MLD07,1063,39,96.47,65.0,65.18,40.87
2026-10-05T16:00:00Z,Coating,COT01,710,25,96.59,51.67,59.28,29.58
2026-10-05T16:00:00Z,Coating,COT02,1881,44,97.74,83.33,72.17,58.78
2026-10-05T16:00:00Z,Packaging,PKG04,1624,89,94.81,85.0,67.16,54.12
2026-10-05T16:00:00Z,Packaging,PKG06,2190,201,91.6,100.0,77.13,70.65
2026-10-05T16:00:00Z,Packaging,PKG07,814,96,89.45,73.33,51.72,33.93
2026-10-05T16:00:00Z,Packaging,PKG08,1211,144,89.36,53.33,79.43,37.86
2026-10-05T16:00:00Z,Kitting,KIT03,2416,21,99.12,100.0,81.26,80.54
2026-10-05T16:00:00Z,Kitting,KIT04,2639,40,98.5,93.33,86.99,79.97
2026-10-05T16:00:00Z,Kitting,KIT05,1168,38,96.84,68.33,60.88,40.28
2026-10-05T16:00:00Z,Kitting,KIT07,1440,7,99.53,60.0,80.37,47.99
2026-10-05T16:00:00Z,Kitting,KIT08,1462,35,97.64,71.67,67.41,47.17
2026-10-05T17:00:00Z,Assembly,ASM01,2884,113,96.22,100.0,88.16,84.83
2026-10-05T17:00:00Z,Assembly,ASM02,1900,83,95.8,78.33,84.39,63.33
2026-10-05T17:00:00Z,Assembly,ASM05,1247,41,96.82,48.33,83.27,38.96
2026-10-05T17:00:00Z,Molding,MLD03,1768,70,96.22,85.0,77.21,63.14
2026-10-05T17:00:00Z,Molding,MLD04,1415,4,99.74,51.67,83.21,42.88
2026-10-05T17:00:00Z,Molding,MLD05,818,54,93.78,55.0,54.69,28.21
2026-10-05T17:00:00Z,Molding,MLD06,1352,58,95.87,91.67,57.0,50.09
2026-10-05T17:00:00Z,Molding,MLD07,1372,53,96.25,88.33,62.07,52.77
2026-10-05T17:00:00Z,Coating,COT01,1467,56,96.32,100.0,63.47,61.13
2026-10-05T17:00:00Z,Coating,COT02,1898,39,97.97,78.33,77.29,59.31
2026-10-05T17:00:00Z,Coating,COT03,2138,75,96.61,100.0,73.75,71.25
2026-10-05T17:00:00Z,Packaging,PKG04,721,36,95.23,35.0,72.1,24.03
2026-10-05T17:00:00Z,Packaging,PKG05,951,133,87.75,80.0,52.1,36.57
2026-10-05T17:00:00Z,Packaging,PKG07,931,102,90.12,90.0,47.82,38.78
2026-10-05T17:00:00Z,Packaging,PKG08,2077,210,90.83,93.33,76.55,64.9
2026-10-05T17:00:00Z,Kitting,KIT03,1583,38,97.67,65.0,83.09,52.75
2026-10-05T17:00:00Z,Kitting,KIT04,2231,54,97.64,81.67,84.8,67.62
2026-10-05T17:00:00Z,Kitting,KIT05,1850,23,98.79,91.67,70.43,63.78
2026-10-05T17:00:00Z,Kitting,KIT08,945,6,99.39,46.67,65.72,30.48
2026-10-05T18:00:00Z,Assembly,ASM01,2129,143,93.69,71.67,93.24,62.61
2026-10-05T18:00:00Z,Assembly,ASM02,1849,70,96.36,78.33,81.67,61.65
2026-10-05T18:00:00Z,Assembly,ASM05,2416,49,98.02,90.0,85.6,75.51
2026-10-05T18:00:00Z,Molding,MLD03,1572,50,96.94,83.33,69.49,56.13
2026-10-05T18:00:00Z,Molding,MLD04,2176,45,97.99,78.33,85.88,65.92
2026-10-05T18:00:00Z,Molding,MLD05,1232,71,94.52,78.33,57.36,42.47
2026-10-05T18:00:00Z,Molding,MLD06,1520,76,95.27,86.67,68.18,56.29
2026-10-05T18:00:00Z,Molding,MLD07,1655,77,95.57,100.0,66.6,63.64
2026-10-05T18:00:00Z,Coating,COT01,1214,40,96.77,76.67,68.19,50.59
2026-10-05T18:00:00Z,Coating,COT02,1970,45,97.76,83.33,75.56,61.56
2026-10-05T18:00:00Z,Coating,COT03,1387,21,98.48,65.0,72.22,46.23
2026-10-05T18:00:00Z,Packaging,PKG04,1962,109,94.72,90.0,76.73,65.41
2026-10-05T18:00:00Z,Packaging,PKG05,919,141,86.66,76.67,53.18,35.34
2026-10-05T18:00:00Z,Packaging,PKG06,1337,120,91.75,58.33,80.61,43.14
2026-10-05T18:00:00Z,Packaging,PKG07,599,55,91.52,58.33,46.74,24.95
2026-10-05T18:00:00Z,Packaging,PKG08,1507,174,89.62,78.33,67.06,47.08
2026-10-05T18:00:00Z,Kitting,KIT03,1786,45,97.56,71.67,85.13,59.52
2026-10-05T18:00:00Z,Kitting,KIT04,1887,47,97.58,63.33,92.51,57.17
2026-10-05T18:00:00Z,Kitting,KIT05,1341,39,97.15,76.67,62.06,46.23
2026-10-05T18:00:00Z,Kitting,KIT07,718,4,99.47,28.33,84.94,23.94
2026-10-05T19:00:00Z,Assembly,ASM01,1813,142,92.75,66.67,86.23,53.32
2026-10-05T19:00:00Z,Assembly,ASM02,2035,71,96.61,100.0,70.22,67.84
2026-10-05T19:00:00Z,Assembly,ASM05,1437,28,98.1,56.67,80.79,44.91
2026-10-05T19:00:00Z,Molding,MLD03,1839,43,97.73,86.67,77.55,65.68
2026-10-05T19:00:00Z,Molding,MLD04,2432,12,99.51,88.33,83.84,73.7
2026-10-05T19:00:00Z,Molding,MLD05,1523,68,95.73,93.33,58.77,52.51
2026-10-05T19:00:00Z,Molding,MLD06,1153,42,96.46,73.33,60.35,42.69
2026-10-05T19:00:00Z,Molding,MLD07,767,22,97.26,43.33,69.97,29.49
2026-10-05T19:00:00Z,Coating,COT01,915,35,96.31,61.67,64.17,38.11
2026-10-05T19:00:00Z,Coating,COT02,637,23,96.47,25.0,82.59,19.92
2026-10-05T19:00:00Z,Coating,COT03,1417,29,98.02,76.67,62.86,47.24
2026-10-05T19:00:00Z,Packaging,PKG04,1962,134,93.61,93.33,74.84,65.39
2026-10-05T19:00:00Z,Packaging,PKG05,919,144,86.48,68.33,59.83,35.36
2026-10-05T19:00:00Z,Packaging,PKG06,1440,104,93.24,68.33,72.91,46.45
2026-10-05T19:00:00Z,Packaging,PKG07,1067,95,91.79,86.67,55.86,44.44
2026-10-05T19:00:00Z,Packaging,PKG08,1598,190,89.36,75.0,74.51,49.94
2026-10-05T19:00:00Z,Kitting,KIT04,2917,14,99.53,100.0,88.81,88.39
2026-10-05T19:00:00Z,Kitting,KIT05,1609,33,98.01,80.0,70.78,55.5
2026-10-05T19:00:00Z,Kitting,KIT07,2125,26,98.77,90.0,79.69,70.84
2026-10-05T20:00:00Z,Assembly,ASM01,1721,72,96.0,56.67,93.07,50.63
2026-10-05T20:00:00Z,Assembly,ASM02,984,50,95.18,45.0,76.6,32.81
2026-10-05T20:00:00Z,Assembly,ASM05,1730,62,96.53,66.67,84.03,54.08
2026-10-05T20:00:00Z,Molding,MLD03,1330,51,96.32,75.0,65.75,47.5
2026-10-05T20:00:00Z,Molding,MLD04,1732,2,99.88,68.33,76.9,52.48
2026-10-05T20:00:00Z,Molding,MLD05,1322,77,94.47,73.33,65.8,45.59
2026-10-05T20:00:00Z,Molding,MLD06,1589,75,95.51,100.0,61.62,58.85
2026-10-05T20:00:00Z,Molding,MLD07,223,6,97.55,13.33,66.03,8.59
2026-10-05T20:00:00Z,Coating,COT01,893,38,95.92,66.67,58.21,37.22
2026-10-05T20:00:00Z,Coating,COT02,1279,34,97.41,60.0,68.37,39.96
2026-10-05T20:00:00Z,Coating,COT03,1053,35,96.79,58.33,62.15,35.09
2026-10-05T20:00:00Z,Packaging,PKG04,787,45,94.62,40.0,69.32,26.24
2026-10-05T20:00:00Z,Packaging,PKG05,564,92,86.01,45.0,56.08,21.71
2026-10-05T20:00:00Z,Packaging,PKG06,2015,197,91.09,100.0,71.36,65.0
2026-10-05T20:00:00Z,Packaging,PKG07,650,62,91.24,55.0,53.98,27.09
2026-10-05T20:00:00Z,Packaging,PKG08,1768,196,90.03,86.67,70.81,55.25
2026-10-05T20:00:00Z,Kitting,KIT05,1788,29,98.41,100.0,62.64,61.65
2026-10-05T20:00:00Z,Kitting,KIT07,1783,10,99.45,76.67,77.93,59.42
2026-10-05T20:00:00Z,Kitting,KIT08,1742,7,99.63,81.67,69.08,56.21
2026-10-05T21:00:00Z,Assembly,ASM01,2612,99,96.33,95.0,83.96,76.83
2026-10-05T21:00:00Z,Assembly,ASM02,1941,77,96.18,90.0,74.73,64.69
2026-10-05T21:00:00Z,Assembly,ASM05,1606,40,97.6,66.67,77.14,50.19
2026-10-05T21:00:00Z,Molding,MLD03,1365,49,96.54,68.33,73.92,48.76
2026-10-05T21:00:00Z,Molding,MLD05,1395,85,94.27,86.67,58.87,48.1
2026-10-05T21:00:00Z,Molding,MLD06,1215,70,94.54,71.67,66.4,44.99
2026-10-05T21:00:00Z,Molding,MLD07,1624,69,95.9,100.0,65.12,62.45
2026-10-05T21:00:00Z,Coating,COT01,1049,33,96.94,63.33,71.19,43.71
2026-10-05T21:00:00Z,Coating,COT02,1899,53,97.28,86.67,70.4,59.35
2026-10-05T21:00:00Z,Coating,COT03,420,13,97.05,21.67,66.55,13.99
2026-10-05T21:00:00Z,Packaging,PKG04,1788,81,95.67,90.0,69.2,59.59
2026-10-05T21:00:00Z,Packaging,PKG05,344,52,86.93,26.67,57.08,13.23
2026-10-05T21:00:00Z,Packaging,PKG06,764,75,91.02,38.33,70.59,24.63
2026-10-05T21:00:00Z,Packaging,PKG07,1029,96,91.44,100.0,46.9,42.88
2026-10-05T21:00:00Z,Packaging,PKG08,2149,248,89.65,100.0,74.92,67.17
2026-10-05T21:00:00Z,Kitting,KIT04,2329,46,98.07,85.0,84.66,70.58
2026-10-05T21:00:00Z,Kitting,KIT05,1798,55,97.05,85.0,75.14,61.98
2026-10-05T21:00:00Z,Kitting,KIT07,2270,23,98.99,88.33,86.53,75.66
2026-10-05T21:00:00Z,Kitting,KIT08,2009,35,98.29,100.0,65.92,64.8
2026-10-05T22:00:00Z,Assembly,ASM02,1940,74,96.32,88.33,75.99,64.66
2026-10-05T22:00:00Z,Assembly,ASM05,2511,29,98.85,91.67,86.59,78.46
2026-10-05T22:00:00Z,Molding,MLD03,2002,41,98.01,100.0,72.94,71.49
2026-10-05T22:00:00Z,Molding,MLD05,1373,63,95.59,76.67,64.59,47.33
2026-10-05T22:00:00Z,Molding,MLD06,779,36,95.56,43.33,69.7,28.86
2026-10-05T22:00:00Z,Molding,MLD07,1349,48,96.6,91.67,58.59,51.88
2026-10-05T22:00:00Z,Coating,COT01,1480,37,97.55,86.67,72.92,61.65
2026-10-05T22:00:00Z,Coating,COT02,1740,69,96.17,76.67,73.74,54.37
2026-10-05T22:00:00Z,Coating,COT03,1156,26,97.8,56.67,69.53,38.53
2026-10-05T22:00:00Z,Packaging,PKG04,2050,110,94.92,100.0,71.98,68.32
2026-10-05T22:00:00Z,Packaging,PKG05,830,126,86.84,76.67,47.93,31.91
2026-10-05T22:00:00Z,Packaging,PKG06,2420,178,93.16,100.0,83.81,78.08
2026-10-05T22:00:00Z,Packaging,PKG07,888,85,91.26,76.67,52.88,37.0
2026-10-05T22:00:00Z,Packaging,PKG08,2051,209,90.74,91.67,77.06,64.1
2026-10-05T22:00:00Z,Kitting,KIT03,1181,26,97.82,46.67,86.2,39.35
2026-10-05T22:00:00Z,Kitting,KIT04,415,1,99.66,15.0,84.12,12.58
2026-10-05T22:00:00Z,Kitting,KIT05,1461,38,97.47,83.33,62.01,50.36
2026-10-05T22:00:00Z,Kitting,KIT07,1155,1,99.9,51.67,74.57,38.49
2026-10-05T22:00:00Z,Kitting,KIT08,1648,32,98.12,75.0,72.22,53.15
2026-10-05T23:00:00Z,Assembly,ASM01,1726,64,96.4,55.0,95.73,50.76
2026-10-05T23:00:00Z,Assembly,ASM02,302,11,96.61,13.33,78.12,10.06
2026-10-05T23:00:00Z,Assembly,ASM05,1931,64,96.8,76.67,81.3,60.33
2026-10-05T23:00:00Z,Molding,MLD03,1352,52,96.33,70.0,71.62,48.29
2026-10-05T23:00:00Z,Molding,MLD04,870,5,99.42,31.67,83.71,26.35
2026-10-05T23:00:00Z,Molding,MLD05,1832,95,95.07,100.0,66.45,63.18
2026-10-05T23:00:00Z,Molding,MLD06,115,5,96.17,6.67,66.2,4.24
2026-10-05T23:00:00Z,Molding,MLD07,991,43,95.83,55.0,72.31,38.11
2026-10-05T23:00:00Z,Coating,COT01,1070,31,97.18,75.0,61.19,44.6
2026-10-05T23:00:00Z,Coating,COT02,1637,33,98.02,71.67,72.85,51.17
2026-10-05T23:00:00Z,Coating,COT03,1543,51,96.83,71.67,74.13,51.44
2026-10-05T23:00:00Z,Packaging,PKG04,927,65,93.47,46.67,70.85,30.9
2026-10-05T23:00:00Z,Packaging,PKG05,372,57,86.63,28.33,58.33,14.32
2026-10-05T23:00:00Z,Packaging,PKG06,1288,106,92.38,61.67,72.93,41.55
2026-10-05T23:00:00Z,Packaging,PKG07,842,90,90.33,68.33,56.85,35.09
2026-10-05T23:00:00Z,Packaging,PKG08,1824,202,90.04,88.33,71.68,57.01
2026-10-05T23:00:00Z,Kitting,KIT03,1765,30,98.3,73.33,81.6,58.82
2026-10-05T23:00:00Z,Kitting,KIT04,1121,28,97.57,45.0,77.33,33.95
2026-10-05T23:00:00Z,Kitting,KIT05,1751,47,97.39,96.67,64.13,60.37
2026-10-05T23:00:00Z,Kitting,KIT07,1072,9,99.15,43.33,83.19,35.74
2026-10-05T23:00:00Z,Kitting,KIT08,1286,15,98.85,63.33,66.25,41.47
2026-10-06T00:00:00Z,Assembly,ASM01,2416,77,96.91,80.0,91.65,71.05
2026-10-06T00:00:00Z,Assembly,ASM02,1118,58,95.1,51.67,75.87,37.28
2026-10-06T00:00:00Z,Assembly,ASM05,1996,57,97.21,76.67,83.7,62.38
2026-10-06T00:00:00Z,Molding,MLD03,2128,76,96.53,100.0,78.71,75.99
2026-10-06T00:00:00Z,Molding,MLD04,2626,37,98.63,100.0,80.67,79.57
2026-10-06T00:00:00Z,Molding,MLD05,1136,63,94.72,78.33,52.81,39.18
2026-10-06T00:00:00Z,Molding,MLD06,1477,78,94.99,100.0,57.61,54.72
2026-10-06T00:00:00Z,Molding,MLD07,1231,52,95.92,73.33,67.33,47.36
2026-10-06T00:00:00Z,Coating,COT01,1195,28,97.71,86.67,58.78,49.77
2026-10-06T00:00:00Z,Coating,COT02,1982,35,98.24,83.33,75.67,61.95
2026-10-06T00:00:00Z,Coating,COT03,1884,42,97.8,98.33,65.32,62.81
2026-10-06T00:00:00Z,Packaging,PKG04,2084,123,94.44,100.0,73.55,69.47
2026-10-06T00:00:00Z,Packaging,PKG05,707,97,87.94,53.33,58.0,27.2
2026-10-06T00:00:00Z,Packaging,PKG06,1720,143,92.33,81.67,73.58,55.48
2026-10-06T00:00:00Z,Packaging,PKG07,968,91,91.43,88.33,49.95,40.34
2026-10-06T00:00:00Z,Packaging,PKG08,1960,220,89.92,91.67,74.33,61.26
2026-10-06T00:00:00Z,Kitting,KIT03,2391,42,98.28,100.0,81.09,79.7
2026-10-06T00:00:00Z,Kitting,KIT04,2377,44,98.19,86.67,84.65,72.03
2026-10-06T00:00:00Z,Kitting,KIT05,1580,16,98.99,90.0,61.13,54.47
2026-10-06T00:00:00Z,Kitting,KIT07,1828,18,99.03,76.67,80.24,60.92
2026-10-06T00:00:00Z,Kitting,KIT08,2080,26,98.74,100.0,67.96,67.11
2026-10-06T01:00:00Z,Assembly,ASM01,1850,42,97.76,68.33,81.43,54.4
2026-10-06T01:00:00Z,Assembly,ASM02,1924,67,96.62,91.67,72.42,64.14
2026-10-06T01:00:00Z,Assembly,ASM05,283,7,97.61,11.67,77.66,8.84
2026-10-06T01:00:00Z,Molding,MLD03,1050,21,98.08,58.33,65.53,37.49
2026-10-06T01:00:00Z,Molding,MLD04,2054,22,98.95,71.67,87.77,62.25
2026-10-06T01:00:00Z,Molding,MLD05,726,42,94.59,40.0,66.19,25.05
2026-10-06T01:00:00Z,Molding,MLD06,362,19,94.98,23.33,60.58,13.42
2026-10-06T01:00:00Z,Coating,COT01,626,21,96.68,40.0,67.43,26.08
2026-10-06T01:00:00Z,Coating,COT02,2022,63,96.97,88.33,73.77,63.18
2026-10-06T01:00:00Z,Coating,COT03,290,4,98.52,15.0,65.47,9.67
2026-10-06T01:00:00Z,Packaging,PKG04,1112,50,95.69,51.67,74.98,37.07
2026-10-06T01:00:00Z,Packaging,PKG05,467,66,87.66,35.0,58.57,17.97
2026-10-06T01:00:00Z,Packaging,PKG06,1574,152,91.18,71.67,77.73,50.79
2026-10-06T01:00:00Z,Packaging,PKG07,1089,122,89.89,91.67,55.08,45.38
2026-10-06T01:00:00Z,Packaging,PKG08,1280,127,90.97,60.0,73.28,40.0
2026-10-06T01:00:00Z,Kitting,KIT03,2020,51,97.55,85.0,81.22,67.34
2026-10-06T01:00:00Z,Kitting,KIT04,2819,7,99.74,100.0,85.64,85.42
2026-10-06T01:00:00Z,Kitting,KIT05,1029,31,97.03,50.0,73.13,35.48
2026-10-06T01:00:00Z,Kitting,KIT07,1531,2,99.9,61.67,82.84,51.04
2026-10-06T01:00:00Z,Kitting,KIT08,1491,23,98.47,71.67,68.16,48.1
2026-10-06T02:00:00Z,Assembly,ASM01,1079,26,97.65,35.0,92.89,31.75
2026-10-06T02:00:00Z,Assembly,ASM02,2199,113,95.12,95.0,81.13,73.31
2026-10-06T02:00:00Z,Molding,MLD03,1577,49,96.99,73.33,79.16,56.31
2026-10-06T02:00:00Z,Molding,MLD04,2441,50,98.01,90.0,83.86,73.98
2026-10-06T02:00:00Z,Molding,MLD06,1603,76,95.46,95.0,65.47,59.37
2026-10-06T02:00:00Z,Coating,COT01,525,18,96.68,33.33,67.84,21.86
2026-10-06T02:00:00Z,Coating,COT02,2187,84,96.29,100.0,70.97,68.34
2026-10-06T02:00:00Z,Coating,COT03,32,0,98.87,1.67,63.9,1.05
2026-10-06T02:00:00Z,Packaging,PKG04,743,38,95.13,38.33,67.88,24.75
2026-10-06T02:00:00Z,Packaging,PKG05,1210,184,86.8,100.0,53.63,46.55
2026-10-06T02:00:00Z,Packaging,PKG06,2033,201,91.0,100.0,72.08,65.59
2026-10-06T02:00:00Z,Packaging,PKG07,1233,142,89.68,100.0,57.27,51.36
2026-10-06T02:00:00Z,Packaging,PKG08,2306,232,90.85,100.0,79.32,72.06
2026-10-06T02:00:00Z,Kitting,KIT03,2301,10,99.58,90.0,85.59,76.71
2026-10-06T02:00:00Z,Kitting,KIT04,1243,6,99.5,46.67,81.14,37.68
2026-10-06T02:00:00Z,Kitting,KIT05,1530,39,97.5,88.33,61.26,52.77
2026-10-06T02:00:00Z,Kitting,KIT07,1804,18,99.02,68.33,88.87,60.13
2026-10-06T02:00:00Z,Kitting,KIT08,2049,56,97.36,100.0,67.89,66.1
2026-10-06T11:00:00Z,Assembly,ASM01,2498,64,97.49,91.67,82.21,73.47
2026-10-06T11:00:00Z,Assembly,ASM02,1490,59,96.17,61.67,83.75,49.67
2026-10-06T11:00:00Z,Molding,MLD03,274,8,97.02,13.33,75.68,9.79
2026-10-06T11:00:00Z,Molding,MLD04,1059,5,99.5,36.67,87.97,32.09
2026-10-06T11:00:00Z,Molding,MLD05,1242,73,94.47,75.0,60.45,42.83
2026-10-06T11:00:00Z,Molding,MLD06,1380,63,95.63,85.0,62.89,51.12
2026-10-06T11:00:00Z,Molding,MLD07,1019,42,96.02,80.0,51.02,39.19
2026-10-06T11:00:00Z,Coating,COT01,1259,42,96.81,86.67,62.53,52.46
2026-10-06T11:00:00Z,Coating,COT02,2073,59,97.23,88.33,75.42,64.78
2026-10-06T11:00:00Z,Packaging,PKG04,1740,116,93.75,90.0,68.75,58.01
2026-10-06T11:00:00Z,Packaging,PKG05,1056,143,88.1,91.67,50.28,40.61
2026-10-06T11:00:00Z,Packaging,PKG06,1814,179,91.01,88.33,72.8,58.53
2026-10-06T11:00:00Z,Packaging,PKG07,605,60,90.94,50.0,55.46,25.22
2026-10-06T11:00:00Z,Packaging,PKG08,1487,155,90.54,75.0,68.44,46.47
2026-10-06T11:00:00Z,Kitting,KIT03,2381,6,99.74,100.0,79.57,79.36
2026-10-06T11:00:00Z,Kitting,KIT04,1980,48,97.63,78.33,78.45,59.99
2026-10-06T11:00:00Z,Kitting,KIT05,1392,40,97.17,85.0,58.1,47.99
2026-10-06T11:00:00Z,Kitting,KIT07,2469,10,99.62,100.0,82.61,82.29
2026-10-06T11:00:00Z,Kitting,KIT08,1118,12,98.93,58.33,62.48,36.06
2026-10-06T12:00:00Z,Assembly,ASM01,2667,89,96.77,95.0,85.34,78.46
2026-10-06T12:00:00Z,Assembly,ASM02,1882,75,96.18,90.0,72.49,62.75
2026-10-06T12:00:00Z,Molding,MLD03,810,21,97.48,43.33,68.52,28.94
2026-10-06T12:00:00Z,Molding,MLD04,2659,46,98.28,100.0,81.99,80.59
2026-10-06T12:00:00Z,Molding,MLD05,1705,93,94.85,100.0,61.99,58.8
2026-10-06T12:00:00Z,Molding,MLD06,1434,88,94.2,81.67,69.05,53.12
2026-10-06T12:00:00Z,Molding,MLD07,800,27,96.78,45.0,70.64,30.76
2026-10-06T12:00:00Z,Coating,COT01,1452,62,95.92,100.0,63.07,60.5
2026-10-06T12:00:00Z,Coating,COT02,2255,62,97.31,93.33,77.59,70.47
2026-10-06T12:00:00Z,Coating,COT03,1015,14,98.65,50.0,68.58,33.83
2026-10-06T12:00:00Z,Packaging,PKG04,1086,70,93.91,56.67,68.02,36.2
2026-10-06T12:00:00Z,Packaging,PKG05,923,140,86.8,83.33,49.1,35.51
2026-10-06T12:00:00Z,Packaging,PKG06,1859,156,92.24,88.33,73.61,59.98
2026-10-06T12:00:00Z,Packaging,PKG08,224,27,89.14,10.0,78.53,7.0
2026-10-06T12:00:00Z,Kitting,KIT03,44,0,99.5,1.67,87.67,1.45
2026-10-06T12:00:00Z,Kitting,KIT04,1797,25,98.65,63.33,87.16,54.46
2026-10-06T12:00:00Z,Kitting,KIT05,1696,58,96.7,98.33,61.5,58.48
2026-10-06T12:00:00Z,Kitting,KIT07,2241,35,98.48,88.33,85.87,74.7
2026-10-06T12:00:00Z,Kitting,KIT08,2209,25,98.9,93.33,77.19,71.25
2026-10-06T13:00:00Z,Assembly,ASM01,2260,69,97.05,80.0,85.62,66.47
2026-10-06T13:00:00Z,Assembly,ASM02,1816,60,96.78,81.67,76.59,60.53
2026-10-06T13:00:00Z,Molding,MLD03,1966,64,96.87,100.0,72.47,70.2
2026-10-06T13:00:00Z,Molding,MLD04,2215,45,98.0,80.0,85.6,67.11
2026-10-06T13:00:00Z,Molding,MLD05,1301,76,94.46,73.33,64.74,44.85
2026-10-06T13:00:00Z,Molding,MLD06,1195,45,96.4,68.33,67.19,44.26
2026-10-06T13:00:00Z,Molding,MLD07,992,30,97.08,56.67,69.34,38.15
2026-10-06T13:00:00Z,Coating,COT01,229,5,98.07,15.0,64.9,9.55
2026-10-06T13:00:00Z,Coating,COT02,2195,42,98.13,85.0,82.22,68.58
2026-10-06T13:00:00Z,Coating,COT03,1619,23,98.58,76.67,71.42,53.98
2026-10-06T13:00:00Z,Packaging,PKG04,1379,87,94.05,65.0,75.19,45.97
2026-10-06T13:00:00Z,Packaging,PKG05,875,117,88.16,80.0,47.71,33.65
2026-10-06T13:00:00Z,Packaging,PKG06,1444,126,91.99,71.67,70.65,46.57
2026-10-06T13:00:00Z,Packaging,PKG07,33,3,91.39,3.33,44.72,1.36
2026-10-06T13:00:00Z,Packaging,PKG08,976,115,89.44,43.33,78.72,30.51
2026-10-06T13:00:00Z,Kitting,KIT03,2570,54,97.93,100.0,87.46,85.65
2026-10-06T13:00:00Z,Kitting,KIT04,2685,51,98.15,100.0,82.89,81.36
2026-10-06T13:00:00Z,Kitting,KIT05,1534,22,98.59,85.0,63.1,52.88
2026-10-06T13:00:00Z,Kitting,KIT07,1441,6,99.58,55.0,87.71,48.04
2026-10-06T13:00:00Z,Kitting,KIT08,2278,53,97.72,98.33,76.49,73.49
2026-10-06T14:00:00Z,Assembly,ASM01,2864,101,96.59,91.67,95.15,84.25
2026-10-06T14:00:00Z,Assembly,ASM02,1665,85,95.13,80.0,72.94,55.51
2026-10-06T14:00:00Z,Assembly,ASM05,2511,46,98.19,90.0,88.81,78.48
2026-10-06T14:00:00Z,Molding,MLD03,1031,29,97.29,53.33,70.99,36.84
2026-10-06T14:00:00Z,Molding,MLD04,1425,25,98.29,55.0,79.87,43.18
2026-10-06T14:00:00Z,Molding,MLD05,876,48,94.76,50.0,63.74,30.2
2026-10-06T14:00:00Z,Molding,MLD07,1713,66,96.3,98.33,69.59,65.9
2026-10-06T14:00:00Z,Coating,COT01,1388,59,95.92,93.33,64.6,57.83
2026-10-06T14:00:00Z,Coating,COT02,1857,72,96.25,88.33,68.25,58.03
2026-10-06T14:00:00Z,Coating,COT03,1126,23,98.03,58.33,65.64,37.53
2026-10-06T14:00:00Z,Packaging,PKG04,1305,78,94.36,60.0,76.81,43.49
2026-10-06T14:00:00Z,Packaging,PKG05,828,134,86.03,75.0,49.33,31.83
2026-10-06T14:00:00Z,Packaging,PKG06,2234,173,92.8,93.33,83.19,72.05
2026-10-06T14:00:00Z,Packaging,PKG07,705,71,90.85,68.33,47.32,29.38
2026-10-06T14:00:00Z,Packaging,PKG08,1623,166,90.71,71.67,78.03,50.72
2026-10-06T14:00:00Z,Kitting,KIT03,581,4,99.39,25.0,77.91,19.36
2026-10-06T14:00:00Z,Kitting,KIT05,1523,48,96.97,76.67,70.62,52.51
2026-10-06T14:00:00Z,Kitting,KIT07,1166,1,99.9,51.67,75.27,38.85
2026-10-06T14:00:00Z,Kitting,KIT08,629,11,98.28,30.0,68.83,20.29
2026-10-06T15:00:00Z,Assembly,ASM01,2373,101,95.92,78.33,92.91,69.8
2026-10-06T15:00:00Z,Assembly,ASM02,1519,44,97.19,68.33,76.22,50.62
2026-10-06T15:00:00Z,Assembly,ASM05,1791,30,98.37,75.0,75.88,55.98
2026-10-06T15:00:00Z,Molding,MLD03,2071,66,96.9,100.0,76.31,73.95
2026-10-06T15:00:00Z,Molding,MLD05,666,40,94.33,36.67,66.43,22.98
2026-10-06T15:00:00Z,Molding,MLD06,272,16,94.6,18.33,58.18,10.09
2026-10-06T15:00:00Z,Molding,MLD07,1566,66,95.98,88.33,71.06,60.24
2026-10-06T15:00:00Z,Coating,COT01,1390,60,95.84,90.0,67.13,57.9
2026-10-06T15:00:00Z,Coating,COT02,1998,59,97.13,91.67,70.13,62.44
2026-10-06T15:00:00Z,Coating,COT03,1205,19,98.47,58.33,69.92,40.16
2026-10-06T15:00:00Z,Packaging,PKG04,1661,115,93.54,76.67,77.18,55.35
2026-10-06T15:00:00Z,Packaging,PKG05,872,137,86.44,78.33,49.54,33.54
2026-10-06T15:00:00Z,Packaging,PKG06,1828,146,92.62,78.33,81.26,58.95
2026-10-06T15:00:00Z,Packaging,PKG07,950,96,90.81,78.33,55.63,39.58
2026-10-06T15:00:00Z,Packaging,PKG08,1770,202,89.75,80.0,77.04,55.32
2026-10-06T15:00:00Z,Kitting,KIT03,1710,10,99.45,78.33,73.19,57.02
2026-10-06T15:00:00Z,Kitting,KIT04,1349,10,99.25,48.33,85.22,40.88
2026-10-06T15:00:00Z,Kitting,KIT05,1415,17,98.83,68.33,72.27,48.81
2026-10-06T15:00:00Z,Kitting,KIT07,2580,28,98.94,98.33,88.39,86.0
2026-10-06T15:00:00Z,Kitting,KIT08,570,8,98.67,26.67,69.88,18.39
2026-10-06T16:00:00Z,Assembly,ASM01,253,6,97.51,8.33,91.53,7.44
2026-10-06T16:00:00Z,Assembly,ASM02,2003,60,97.08,93.33,73.68,66.76
2026-10-06T16:00:00Z,Assembly,ASM05,2207,79,96.54,86.67,82.42,68.96
2026-10-06T16:00:00Z,Molding,MLD03,609,13,97.99,31.67,70.07,21.74
2026-10-06T16:00:00Z,Molding,MLD04,1696,15,99.12,65.0,79.76,51.39
2026-10-06T16:00:00Z,Molding,MLD05,777,44,94.63,53.33,53.12,26.81
2026-10-06T16:00:00Z,Molding,MLD06,1438,84,94.49,85.0,66.32,53.26
2026-10-06T16:00:00Z,Molding,MLD07,1389,40,97.23,83.33,65.92,53.41
2026-10-06T16:00:00Z,Coating,COT01,995,32,96.92,71.67,59.67,41.45
2026-10-06T16:00:00Z,Coating,COT02,806,13,98.45,31.67,80.81,25.19
2026-10-06T16:00:00Z,Coating,COT03,1896,41,97.91,100.0,64.55,63.2
2026-10-06T16:00:00Z,Packaging,PKG04,2051,139,93.66,100.0,72.99,68.37
2026-10-06T16:00:00Z,Packaging,PKG05,456,65,87.53,36.67,54.61,17.53
2026-10-06T16:00:00Z,Packaging,PKG06,1879,166,91.88,80.0,82.44,60.6
2026-10-06T16:00:00Z,Packaging,PKG07,960,109,89.77,85.0,52.42,40.0
2026-10-06T16:00:00Z,Packaging,PKG08,507,62,89.12,23.33,76.24,15.85
2026-10-06T16:00:00Z,Kitting,KIT03,1835,20,98.93,73.33,84.32,61.17
2026-10-06T16:00:00Z,Kitting,KIT04,2588,6,99.77,85.0,92.47,78.42
2026-10-06T16:00:00Z,Kitting,KIT05,2025,60,97.11,100.0,71.91,69.82
2026-10-06T16:00:00Z,Kitting,KIT08,1575,37,97.69,76.67,67.82,50.8
2026-10-06T17:00:00Z,Assembly,ASM01,2902,74,97.5,100.0,87.54,85.35
2026-10-06T17:00:00Z,Assembly,ASM02,2034,66,96.87,81.67,85.7,67.8
2026-10-06T17:00:00Z,Assembly,ASM05,2758,82,97.11,100.0,88.75,86.19
2026-10-06T17:00:00Z,Molding,MLD03,1805,39,97.89,100.0,65.86,64.47
2026-10-06T17:00:00Z,Molding,MLD04,1787,22,98.8,65.0,84.3,54.14
2026-10-06T17:00:00Z,Molding,MLD05,1418,81,94.59,90.0,57.45,48.91
2026-10-06T17:00:00Z,Molding,MLD06,1563,84,94.91,95.0,64.18,57.87
2026-10-06T17:00:00Z,Molding,MLD07,1531,72,95.53,86.67,71.12,58.88
2026-10-06T17:00:00Z,Coating,COT01,1135,25,97.86,75.0,64.41,47.28
2026-10-06T17:00:00Z,Coating,COT02,1662,60,96.54,71.67,75.07,51.94
2026-10-06T17:00:00Z,Coating,COT03,1637,27,98.38,85.0,65.27,54.58
2026-10-06T17:00:00Z,Packaging,PKG04,869,49,94.71,45.0,67.96,28.96
2026-10-06T17:00:00Z,Packaging,PKG05,490,66,88.12,40.0,53.5,18.86
2026-10-06T17:00:00Z,Packaging,PKG06,1678,136,92.5,83.33,70.23,54.14
2026-10-06T17:00:00Z,Packaging,PKG07,651,67,90.65,51.67,57.93,27.13
2026-10-06T17:00:00Z,Kitting,KIT03,1040,2,99.83,46.67,74.39,34.66
2026-10-06T17:00:00Z,Kitting,KIT04,2022,8,99.62,78.33,78.51,61.26
2026-10-06T17:00:00Z,Kitting,KIT05,1341,31,97.72,75.0,63.09,46.24
2026-10-06T17:00:00Z,Kitting,KIT07,2612,3,99.9,98.33,88.63,87.07
2026-10-06T17:00:00Z,Kitting,KIT08,1457,11,99.28,70.0,67.61,46.99
2026-10-06T18:00:00Z,Assembly,ASM01,2074,75,96.52,68.33,92.49,61.0
2026-10-06T18:00:00Z,Assembly,ASM02,2028,200,91.01,95.0,78.19,67.6
2026-10-06T18:00:00Z,Assembly,ASM05,1923,22,98.87,73.33,82.88,60.09
2026-10-06T18:00:00Z,Molding,MLD03,664,19,97.16,35.0,69.7,23.7
2026-10-06T18:00:00Z,Molding,MLD04,1631,34,97.95,65.0,77.64,49.43
2026-10-06T18:00:00Z,Molding,MLD05,1234,63,95.12,71.67,62.41,42.54
2026-10-06T18:00:00Z,Molding,MLD06,1645,67,96.08,95.0,66.74,60.92
2026-10-06T18:00:00Z,Molding,MLD07,1158,36,96.96,71.67,64.08,44.53
2026-10-06T18:00:00Z,Coating,COT02,1425,32,97.8,65.0,70.05,44.53
2026-10-06T18:00:00Z,Coating,COT03,1565,24,98.5,85.0,62.3,52.16
2026-10-06T18:00:00Z,Packaging,PKG04,971,48,95.25,51.67,65.75,32.36
2026-10-06T18:00:00Z,Packaging,PKG05,37,7,83.95,3.33,50.52,1.41
2026-10-06T18:00:00Z,Packaging,PKG06,2033,172,92.21,100.0,71.13,65.59
2026-10-06T18:00:00Z,Packaging,PKG07,209,23,90.22,20.0,48.31,8.72
2026-10-06T18:00:00Z,Packaging,PKG08,778,116,87.07,35.0,79.82,24.32
2026-10-06T18:00:00Z,Kitting,KIT03,1114,27,97.66,43.33,87.75,37.14
2026-10-06T18:00:00Z,Kitting,KIT04,2217,47,97.94,75.0,91.48,67.19
2026-10-06T18:00:00Z,Kitting,KIT05,1673,25,98.52,93.33,62.74,57.69
2026-10-06T18:00:00Z,Kitting,KIT07,829,1,99.9,35.0,79.05,27.64
2026-10-06T18:00:00Z,Kitting,KIT08,2220,137,94.18,100.0,76.04,71.62
2026-10-06T19:00:00Z,Assembly,ASM01,2869,109,96.33,93.33,93.87,84.39
2026-10-06T19:00:00Z,Assembly,ASM02,942,92,91.09,46.67,73.91,31.42
2026-10-06T19:00:00Z,Assembly,ASM05,2076,42,98.04,81.67,81.03,64.88
2026-10-06T19:00:00Z,Molding,MLD03,1390,27,98.1,66.67,75.88,49.63
2026-10-06T19:00:00Z,Molding,MLD04,2519,48,98.11,100.0,77.8,76.34
2026-10-06T19:00:00Z,Molding,MLD05,883,59,93.77,55.0,59.05,30.46
2026-10-06T19:00:00Z,Molding,MLD06,1119,52,95.58,68.33,63.45,41.44
2026-10-06T19:00:00Z,Molding,MLD07,434,10,97.68,28.33,60.31,16.69
2026-10-06T19:00:00Z,Coating,COT02,1643,66,96.15,75.0,71.2,51.35
2026-10-06T19:00:00Z,Coating,COT03,1576,29,98.19,81.67,65.49,52.52
2026-10-06T19:00:00Z,Packaging,PKG04,2029,98,95.4,100.0,70.88,67.62
2026-10-06T19:00:00Z,Packaging,PKG05,774,171,81.87,65.0,55.94,29.77
2026-10-06T19:00:00Z,Packaging,PKG06,974,87,91.78,48.33,70.84,31.43
2026-10-06T19:00:00Z,Packaging,PKG07,1153,110,91.25,98.33,53.52,48.02
2026-10-06T19:00:00Z,Packaging,PKG08,2025,328,86.06,100.0,73.52,63.27
2026-10-06T19:00:00Z,Kitting,KIT03,2427,24,99.04,98.33,83.08,80.91
2026-10-06T19:00:00Z,Kitting,KIT04,2292,44,98.13,80.0,88.46,69.45
2026-10-06T19:00:00Z,Kitting,KIT05,1601,48,97.07,90.0,63.2,55.21
2026-10-06T19:00:00Z,Kitting,KIT07,2655,14,99.48,100.0,88.96,88.5
2026-10-06T19:00:00Z,Kitting,KIT08,954,58,94.28,45.0,72.54,30.78
2026-10-06T20:00:00Z,Assembly,ASM01,2087,74,96.57,71.67,88.7,61.39
2026-10-06T20:00:00Z,Assembly,ASM02,2112,69,96.85,86.67,83.87,70.4
2026-10-06T20:00:00Z,Assembly,ASM05,2123,25,98.83,86.67,77.45,66.34
2026-10-06T20:00:00Z,Molding,MLD03,1576,60,96.33,85.0,68.73,56.28
2026-10-06T20:00:00Z,Molding,MLD04,406,2,99.57,15.0,82.4,12.31
2026-10-06T20:00:00Z,Molding,MLD05,1612,94,94.5,100.0,58.83,55.6
2026-10-06T20:00:00Z,Molding,MLD06,1417,79,94.71,85.0,65.2,52.49
2026-10-06T20:00:00Z,Molding,MLD07,1311,49,96.38,88.33,59.21,50.41
2026-10-06T20:00:00Z,Coating,COT02,1244,29,97.69,53.33,74.62,38.88
2026-10-06T20:00:00Z,Coating,COT03,2209,24,98.94,100.0,74.43,73.64
2026-10-06T20:00:00Z,Packaging,PKG04,1286,59,95.59,70.0,64.09,42.88
2026-10-06T20:00:00Z,Packaging,PKG05,782,112,87.48,58.33,58.91,30.06
2026-10-06T20:00:00Z,Packaging,PKG06,76,7,91.03,3.33,80.81,2.45
2026-10-06T20:00:00Z,Packaging,PKG07,1020,110,90.27,83.33,56.5,42.5
2026-10-06T20:00:00Z,Packaging,PKG08,1449,151,90.55,70.0,71.46,45.3
2026-10-06T20:00:00Z,Kitting,KIT03,1801,8,99.58,71.67,84.11,60.03
2026-10-06T20:00:00Z,Kitting,KIT04,2232,22,99.03,86.67,78.8,67.63
2026-10-06T20:00:00Z,Kitting,KIT05,1420,46,96.87,68.33,73.96,48.96
2026-10-06T20:00:00Z,Kitting,KIT07,684,6,99.18,28.33,81.1,22.79
2026-10-06T20:00:00Z,Kitting,KIT08,2127,37,98.29,90.0,77.56,68.61
2026-10-06T21:00:00Z,Assembly,ASM01,1264,54,95.9,48.33,80.18,37.16
2026-10-06T21:00:00Z,Assembly,ASM02,303,13,96.01,13.33,78.83,10.09
2026-10-06T21:00:00Z,Assembly,ASM05,2740,55,98.02,100.0,87.36,85.63
2026-10-06T21:00:00Z,Molding,MLD03,519,17,96.78,26.67,71.85,18.54
2026-10-06T21:00:00Z,Molding,MLD04,1394,35,97.53,60.0,72.18,42.24
2026-10-06T21:00:00Z,Molding,MLD05,1110,77,93.55,65.0,62.94,38.27
2026-10-06T21:00:00Z,Molding,MLD06,1069,66,94.19,75.0,56.04,39.59
2026-10-06T21:00:00Z,Molding,MLD07,1242,47,96.36,83.33,59.48,47.76
2026-10-06T21:00:00Z,Coating,COT01,346,11,96.82,23.33,63.88,14.43
2026-10-06T21:00:00Z,Coating,COT03,1614,55,96.71,75.0,74.15,53.78
2026-10-06T21:00:00Z,Packaging,PKG04,1556,103,93.77,88.33,62.61,51.85
2026-10-06T21:00:00Z,Packaging,PKG05,1396,198,87.6,100.0,61.31,53.7
2026-10-06T21:00:00Z,Packaging,PKG06,2106,158,93.03,100.0,73.01,67.92
2026-10-06T21:00:00Z,Packaging,PKG07,438,47,90.28,36.67,55.09,18.24
2026-10-06T21:00:00Z,Packaging,PKG08,1691,182,90.27,75.0,78.07,52.86
2026-10-06T21:00:00Z,Kitting,KIT03,1580,16,99.01,73.33,72.55,52.67
2026-10-06T21:00:00Z,Kitting,KIT04,2158,23,98.96,81.67,80.92,65.4
2026-10-06T21:00:00Z,Kitting,KIT05,1622,22,98.67,90.0,62.97,55.91
2026-10-06T21:00:00Z,Kitting,KIT07,1471,12,99.19,56.67,87.23,49.03
2026-10-06T21:00:00Z,Kitting,KIT08,2335,61,97.46,100.0,77.28,75.31
2026-10-06T22:00:00Z,Assembly,ASM01,2470,99,96.15,88.33,85.55,72.66
2026-10-06T22:00:00Z,Assembly,ASM05,2144,52,97.63,83.33,82.36,67.0
2026-10-06T22:00:00Z,Molding,MLD03,1709,67,96.2,96.67,65.64,61.04
2026-10-06T22:00:00Z,Molding,MLD04,2499,20,99.22,88.33,86.41,75.73
2026-10-06T22:00:00Z,Molding,MLD05,1154,61,95.01,76.67,54.63,39.8
2026-10-06T22:00:00Z,Molding,MLD06,1363,53,96.24,88.33,59.36,50.46
2026-10-06T22:00:00Z,Molding,MLD07,1746,58,96.76,96.67,71.8,67.16
2026-10-06T22:00:00Z,Coating,COT01,1215,49,96.12,83.33,63.18,50.61
2026-10-06T22:00:00Z,Coating,COT02,1561,36,97.75,68.33,73.02,48.78
2026-10-06T22:00:00Z,Coating,COT03,1715,57,96.8,93.33,63.26,57.15
2026-10-06T22:00:00Z,Packaging,PKG04,1770,121,93.62,81.67,77.16,58.99
2026-10-06T22:00:00Z,Packaging,PKG05,1053,149,87.62,80.0,57.78,40.5
2026-10-06T22:00:00Z,Packaging,PKG06,706,64,91.67,31.67,78.48,22.78
2026-10-06T22:00:00Z,Packaging,PKG07,1092,108,91.02,98.33,50.83,45.49
2026-10-06T22:00:00Z,Packaging,PKG08,1982,242,89.12,100.0,69.5,61.94
2026-10-06T22:00:00Z,Kitting,KIT03,977,18,98.15,45.0,73.74,32.57
2026-10-06T22:00:00Z,Kitting,KIT04,2201,20,99.11,85.0,79.17,66.7
2026-10-06T22:00:00Z,Kitting,KIT05,1668,22,98.72,83.33,69.93,57.53
2026-10-06T22:00:00Z,Kitting,KIT07,1783,25,98.61,70.0,86.09,59.43
2026-10-06T22:00:00Z,Kitting,KIT08,1628,31,98.12,73.33,72.97,52.51
2026-10-06T23:00:00Z,Assembly,ASM01,2564,93,96.51,96.67,80.84,75.42
2026-10-06T23:00:00Z,Assembly,ASM05,1717,51,97.1,65.0,85.02,53.66
2026-10-06T23:00:00Z,Molding,MLD03,1938,53,97.35,90.0,78.98,69.2
2026-10-06T23:00:00Z,Molding,MLD04,2666,39,98.55,100.0,81.98,80.8
2026-10-06T23:00:00Z,Molding,MLD05,587,37,94.11,35.0,61.44,20.24
2026-10-06T23:00:00Z,Molding,MLD06,111,6,95.19,6.67,64.52,4.09
2026-10-06T23:00:00Z,Molding,MLD07,705,23,96.84,48.33,57.93,27.12
2026-10-06T23:00:00Z,Coating,COT01,1449,57,96.21,91.67,68.45,60.37
2026-10-06T23:00:00Z,Coating,COT02,2187,77,96.59,100.0,70.77,68.36
2026-10-06T23:00:00Z,Coating,COT03,1335,35,97.48,73.33,62.25,44.5
2026-10-06T23:00:00Z,Packaging,PKG04,1423,65,95.66,78.33,63.3,47.43
2026-10-06T23:00:00Z,Packaging,PKG05,324,47,87.24,25.0,57.07,12.45
2026-10-06T23:00:00Z,Packaging,PKG06,783,65,92.28,33.33,82.08,25.25
2026-10-06T23:00:00Z,Packaging,PKG07,396,39,91.04,36.67,49.42,16.5
2026-10-06T23:00:00Z,Packaging,PKG08,1598,171,90.32,76.67,72.13,49.95
2026-10-06T23:00:00Z,Kitting,KIT03,1560,29,98.17,63.33,83.61,51.98
2026-10-06T23:00:00Z,Kitting,KIT04,2440,9,99.64,81.67,90.85,73.93
2026-10-06T23:00:00Z,Kitting,KIT05,1583,51,96.86,78.33,71.96,54.6
2026-10-06T23:00:00Z,Kitting,KIT07,564,1,99.9,23.33,80.69,18.81
2026-10-06T23:00:00Z,Kitting,KIT08,1562,36,97.74,73.33,70.28,50.37
2026-10-07T00:00:00Z,Assembly,ASM01,465,9,98.09,15.0,92.9,13.67
2026-10-07T00:00:00Z,Assembly,ASM02,579,20,96.72,28.33,70.42,19.3
2026-10-07T00:00:00Z,Assembly,ASM05,2204,80,96.51,93.33,76.46,68.87
2026-10-07T00:00:00Z,Molding,MLD03,1247,24,98.1,70.0,64.87,44.54
2026-10-07T00:00:00Z,Molding,MLD04,1808,38,97.93,76.67,72.99,54.8
2026-10-07T00:00:00Z,Molding,MLD05,1737,103,94.43,100.0,63.43,59.9
2026-10-07T00:00:00Z,Molding,MLD06,1351,83,94.18,91.67,57.97,50.05
2026-10-07T00:00:00Z,Coating,COT01,902,19,97.96,58.33,65.74,37.57
2026-10-07T00:00:00Z,Coating,COT02,1943,40,97.97,78.33,79.11,60.71
2026-10-07T00:00:00Z,Coating,COT03,2059,61,97.15,100.0,70.65,68.63
2026-10-07T00:00:00Z,Packaging,PKG04,922,43,95.51,43.33,74.25,30.73
2026-10-07T00:00:00Z,Packaging,PKG05,981,158,86.16,83.33,52.54,37.73
2026-10-07T00:00:00Z,Packaging,PKG06,773,67,92.07,36.67,73.84,24.93
2026-10-07T00:00:00Z,Packaging,PKG07,811,75,91.58,83.33,44.29,33.8
2026-10-07T00:00:00Z,Packaging,PKG08,1869,214,89.72,85.0,76.6,58.42
2026-10-07T00:00:00Z,Kitting,KIT03,1955,34,98.3,88.33,75.03,65.15
2026-10-07T00:00:00Z,Kitting,KIT04,2169,55,97.51,75.0,89.87,65.73
2026-10-07T00:00:00Z,Kitting,KIT05,243,4,98.48,11.67,73.05,8.39
2026-10-07T00:00:00Z,Kitting,KIT08,2096,7,99.67,100.0,67.83,67.61
2026-10-07T01:00:00Z,Assembly,ASM01,2125,83,96.22,78.33,82.92,62.5
2026-10-07T01:00:00Z,Assembly,ASM02,1786,51,97.23,75.0,81.65,59.54
2026-10-07T01:00:00Z,Assembly,ASM05,1923,38,98.06,78.33,78.25,60.11
2026-10-07T01:00:00Z,Molding,MLD03,1355,52,96.32,71.67,70.09,48.38
2026-10-07T01:00:00Z,Molding,MLD04,2282,35,98.49,90.0,78.0,69.14
2026-10-07T01:00:00Z,Molding,MLD05,767,45,94.51,53.33,52.47,26.45
2026-10-07T01:00:00Z,Molding,MLD06,335,17,95.12,20.0,65.31,12.43
2026-10-07T01:00:00Z,Coating,COT01,1511,54,96.58,90.0,72.45,62.98
2026-10-07T01:00:00Z,Coating,COT02,1591,46,97.21,70.0,73.07,49.72
2026-10-07T01:00:00Z,Coating,COT03,1264,19,98.5,66.67,64.15,42.13
2026-10-07T01:00:00Z,Packaging,PKG04,829,42,95.17,38.33,75.77,27.64
2026-10-07T01:00:00Z,Packaging,PKG05,1087,168,86.64,83.33,57.89,41.79
2026-10-07T01:00:00Z,Packaging,PKG06,1683,151,91.77,81.67,72.42,54.27
2026-10-07T01:00:00Z,Packaging,PKG07,1104,109,91.05,88.33,57.18,45.99
2026-10-07T01:00:00Z,Packaging,PKG08,2124,247,89.59,93.33,79.38,66.38
2026-10-07T01:00:00Z,Kitting,KIT03,2099,39,98.19,98.33,72.45,69.96
2026-10-07T01:00:00Z,Kitting,KIT04,1844,23,98.74,68.33,82.83,55.89
2026-10-07T01:00:00Z,Kitting,KIT05,1818,30,98.37,86.67,73.54,62.69
2026-10-07T01:00:00Z,Kitting,KIT07,1829,2,99.9,76.67,79.59,60.96
2026-10-07T01:00:00Z,Kitting,KIT08,1444,37,97.48,76.67,62.31,46.57
2026-10-07T02:00:00Z,Assembly,ASM01,1816,62,96.68,66.67,82.85,53.4
2026-10-07T02:00:00Z,Assembly,ASM02,1673,82,95.31,73.33,79.79,55.77
2026-10-07T02:00:00Z,Assembly,ASM05,547,7,98.77,20.0,86.47,17.08
2026-10-07T02:00:00Z,Molding,MLD03,1932,32,98.36,100.0,70.17,69.01
2026-10-07T02:00:00Z,Molding,MLD04,1983,14,99.29,81.67,74.12,60.1
2026-10-07T02:00:00Z,Molding,MLD05,1472,83,94.63,98.33,54.54,50.75
2026-10-07T02:00:00Z,Coating,COT01,1132,32,97.29,83.33,58.17,47.16
2026-10-07T02:00:00Z,Coating,COT02,2397,54,97.81,100.0,76.58,74.91
2026-10-07T02:00:00Z,Coating,COT03,1356,22,98.43,71.67,64.09,45.21
2026-10-07T02:00:00Z,Packaging,PKG04,1052,67,94.02,56.67,65.81,35.06
2026-10-07T02:00:00Z,Packaging,PKG05,1396,220,86.37,100.0,62.15,53.67
2026-10-07T02:00:00Z,Packaging,PKG06,1682,154,91.62,76.67,77.25,54.27
2026-10-07T02:00:00Z,Packaging,PKG07,662,77,89.52,61.67,49.94,27.57
2026-10-07T02:00:00Z,Packaging,PKG08,1789,214,89.31,81.67,76.66,55.91
2026-10-07T02:00:00Z,Kitting,KIT03,1999,40,98.05,80.0,84.97,66.65
2026-10-07T02:00:00Z,Kitting,KIT04,2631,48,98.22,100.0,81.19,79.74
2026-10-07T02:00:00Z,Kitting,KIT05,1565,26,98.39,78.33,70.03,53.98
2026-10-07T02:00:00Z,Kitting,KIT07,2060,2,99.9,76.67,89.66,68.67
2026-10-07T02:00:00Z,Kitting,KIT08,1275,9,99.29,66.67,62.15,41.14
2026-10-07T11:00:00Z,Assembly,ASM01,1043,21,97.99,36.67,85.35,30.67
2026-10-07T11:00:00Z,Assembly,ASM02,2040,79,96.29,100.0,70.62,68.0
2026-10-07T11:00:00Z,Assembly,ASM05,2099,58,97.32,90.0,74.88,65.59
2026-10-07T11:00:00Z,Molding,MLD03,1325,31,97.72,71.67,67.56,47.32
2026-10-07T11:00:00Z,Molding,MLD04,467,12,97.51,23.33,62.18,14.15
2026-10-07T11:00:00Z,Molding,MLD05,1497,76,95.14,100.0,54.26,51.63
2026-10-07T11:00:00Z,Molding,MLD06,1149,49,95.87,73.33,60.55,42.57
2026-10-07T11:00:00Z,Coating,COT01,1098,28,97.5,86.67,54.12,45.73
2026-10-07T11:00:00Z,Coating,COT02,2012,81,96.15,86.67,75.47,62.89
2026-10-07T11:00:00Z,Coating,COT03,217,2,98.91,15.0,48.82,7.24
2026-10-07T11:00:00Z,Packaging,PKG04,1218,67,94.78,68.33,62.68,40.6
2026-10-07T11:00:00Z,Packaging,PKG05,1166,178,86.74,100.0,51.71,44.85
2026-10-07T11:00:00Z,Packaging,PKG06,1630,131,92.55,75.0,75.74,52.57
2026-10-07T11:00:00Z,Packaging,PKG07,746,74,90.99,83.33,40.98,31.07
2026-10-07T11:00:00Z,Packaging,PKG08,1736,184,90.43,100.0,59.99,54.25
2026-10-07T11:00:00Z,Kitting,KIT04,2749,58,97.95,100.0,85.05,83.31
2026-10-07T11:00:00Z,Kitting,KIT05,1329,37,97.28,81.67,57.67,45.81
2026-10-07T11:00:00Z,Kitting,KIT07,191,2,99.13,10.0,64.27,6.37
2026-10-07T11:00:00Z,Kitting,KIT08,1752,24,98.67,93.33,61.35,56.5
2026-10-07T12:00:00Z,Assembly,ASM01,3122,110,96.6,100.0,95.06,91.83
2026-10-07T12:00:00Z,Assembly,ASM02,1620,71,95.78,78.33,71.96,54.0
2026-10-07T12:00:00Z,Assembly,ASM05,2299,60,97.47,85.0,86.71,71.84
2026-10-07T12:00:00Z,Molding,MLD03,2153,59,97.35,100.0,78.99,76.89
2026-10-07T12:00:00Z,Molding,MLD04,930,10,98.93,38.33,74.33,28.19
2026-10-07T12:00:00Z,Molding,MLD05,584,37,93.97,38.33,55.88,20.13
2026-10-07T12:00:00Z,Molding,MLD06,1080,65,94.33,76.67,55.3,39.99
2026-10-07T12:00:00Z,Coating,COT01,525,11,97.99,31.67,70.54,21.89
2026-10-07T12:00:00Z,Coating,COT02,712,29,96.05,31.67,73.2,22.26
2026-10-07T12:00:00Z,Coating,COT03,1231,14,98.88,58.33,71.13,41.03
2026-10-07T12:00:00Z,Packaging,PKG04,1996,88,95.76,90.0,77.2,66.54
2026-10-07T12:00:00Z,Packaging,PKG05,521,75,87.49,36.67,62.5,20.05
2026-10-07T12:00:00Z,Packaging,PKG06,1084,81,93.06,51.67,72.72,34.97
2026-10-07T12:00:00Z,Packaging,PKG07,1033,100,91.2,100.0,47.19,43.04
2026-10-07T12:00:00Z,Packaging,PKG08,1002,98,91.11,50.0,68.76,31.32
2026-10-07T12:00:00Z,Kitting,KIT03,1730,27,98.45,71.67,81.73,57.67
2026-10-07T12:00:00Z,Kitting,KIT04,2270,17,99.26,86.67,79.96,68.78
2026-10-07T12:00:00Z,Kitting,KIT05,1651,45,97.37,90.0,64.98,56.95
2026-10-07T12:00:00Z,Kitting,KIT07,1822,9,99.5,70.0,87.19,60.73
2026-10-07T12:00:00Z,Kitting,KIT08,1297,16,98.75,65.0,65.17,41.83
2026-10-07T13:00:00Z,Assembly,ASM01,2361,72,97.04,75.0,95.4,69.43
2026-10-07T13:00:00Z,Assembly,ASM02,41,2,95.07,1.67,85.28,1.35
2026-10-07T13:00:00Z,Assembly,ASM05,2357,63,97.38,100.0,75.64,73.66
2026-10-07T13:00:00Z,Molding,MLD03,1099,41,96.37,60.0,67.86,39.24
2026-10-07T13:00:00Z,Molding,MLD04,2527,29,98.85,93.33,83.02,76.59
2026-10-07T13:00:00Z,Molding,MLD05,969,51,95.01,65.0,54.08,33.4
2026-10-07T13:00:00Z,Molding,MLD06,528,26,95.37,33.33,61.56,19.57
2026-10-07T13:00:00Z,Molding,MLD07,1203,55,95.62,71.67,67.54,46.28
2026-10-07T13:00:00Z,Coating,COT03,1768,24,98.65,81.67,73.17,58.95
2026-10-07T13:00:00Z,Packaging,PKG04,883,56,94.01,50.0,62.64,29.44
2026-10-07T13:00:00Z,Packaging,PKG05,417,68,85.88,38.33,48.68,16.03
2026-10-07T13:00:00Z,Packaging,PKG06,1223,103,92.21,53.33,80.21,39.45
2026-10-07T13:00:00Z,Packaging,PKG07,1126,104,91.51,91.67,55.92,46.91
2026-10-07T13:00:00Z,Packaging,PKG08,1251,121,91.16,63.33,67.72,39.1
2026-10-07T13:00:00Z,Kitting,KIT03,1950,20,98.99,83.33,78.79,65.0
2026-10-07T13:00:00Z,Kitting,KIT04,292,5,98.38,10.0,89.84,8.84
2026-10-07T13:00:00Z,Kitting,KIT05,1133,20,98.24,61.67,64.47,39.06
2026-10-07T13:00:00Z,Kitting,KIT07,765,8,98.94,30.0,85.91,25.5
2026-10-07T13:00:00Z,Kitting,KIT08,1518,22,98.57,75.0,66.24,48.97
2026-10-07T14:00:00Z,Assembly,ASM01,2363,88,96.41,85.0,84.8,69.49
2026-10-07T14:00:00Z,Assembly,ASM02,1551,50,96.89,68.33,78.1,51.71
2026-10-07T14:00:00Z,Assembly,ASM05,1275,46,96.51,51.67,79.93,39.86
2026-10-07T14:00:00Z,Molding,MLD03,1595,35,97.85,78.33,74.3,56.95
2026-10-07T14:00:00Z,Molding,MLD05,28,1,95.13,1.67,60.44,0.96
2026-10-07T14:00:00Z,Molding,MLD06,768,44,94.63,53.33,56.33,28.43
2026-10-07T14:00:00Z,Molding,MLD07,1639,56,96.71,90.0,72.41,63.03
2026-10-07T14:00:00Z,Coating,COT01,243,7,97.02,16.67,62.56,10.12
2026-10-07T14:00:00Z,Coating,COT02,1033,26,97.58,40.0,82.67,32.27
2026-10-07T14:00:00Z,Coating,COT03,1890,23,98.79,86.67,73.61,63.02
2026-10-07T14:00:00Z,Packaging,PKG04,2047,97,95.47,95.0,75.22,68.22
2026-10-07T14:00:00Z,Packaging,PKG05,559,83,87.1,43.33,57.01,21.52
2026-10-07T14:00:00Z,Packaging,PKG06,1917,148,92.85,88.33,75.39,61.83
2026-10-07T14:00:00Z,Packaging,PKG07,605,60,90.92,56.67,48.96,25.22
2026-10-07T14:00:00Z,Packaging,PKG08,1792,189,90.48,86.67,71.4,55.99
2026-10-07T14:00:00Z,Kitting,KIT03,2036,31,98.51,90.0,76.54,67.86
2026-10-07T14:00:00Z,Kitting,KIT04,1614,4,99.74,56.67,86.52,48.9
2026-10-07T14:00:00Z,Kitting,KIT05,1813,63,96.63,91.67,70.56,62.5
2026-10-07T14:00:00Z,Kitting,KIT08,1608,39,97.6,83.33,63.77,51.87
2026-10-07T15:00:00Z,Assembly,ASM01,2066,49,97.68,73.33,84.82,60.76
2026-10-07T15:00:00Z,Assembly,ASM02,1868,70,96.37,86.67,74.55,62.26
2026-10-07T15:00:00Z,Assembly,ASM05,670,23,96.73,26.67,81.17,20.94
2026-10-07T15:00:00Z,Molding,MLD03,1242,45,96.53,68.33,67.24,44.36
2026-10-07T15:00:00Z,Molding,MLD05,1760,83,95.48,100.0,63.55,60.68
2026-10-07T15:00:00Z,Molding,MLD06,1651,70,95.95,100.0,63.74,61.16
2026-10-07T15:00:00Z,Molding,MLD07,1143,50,95.81,80.0,57.34,43.95
2026-10-07T15:00:00Z,Coating,COT01,1329,46,96.69,86.67,66.08,55.37
2026-10-07T15:00:00Z,Coating,COT02,1908,43,97.77,78.33,77.85,59.63
2026-10-07T15:00:00Z,Coating,COT03,1300,41,96.97,61.67,72.44,43.32
2026-10-07T15:00:00Z,Packaging,PKG04,1463,70,95.44,75.0,68.12,48.76
2026-10-07T15:00:00Z,Packaging,PKG05,414,66,86.31,35.0,52.68,15.91
2026-10-07T15:00:00Z,Packaging,PKG06,1672,132,92.69,76.67,75.9,53.94
2026-10-07T15:00:00Z,Packaging,PKG07,190,20,90.47,16.67,52.43,7.91
2026-10-07T15:00:00Z,Packaging,PKG08,1475,144,91.11,68.33,74.05,46.1
2026-10-07T15:00:00Z,Kitting,KIT03,2288,52,97.76,100.0,78.02,76.27
2026-10-07T15:00:00Z,Kitting,KIT04,2341,20,99.16,86.67,82.56,70.95
2026-10-07T15:00:00Z,Kitting,KIT05,1385,29,97.97,65.0,75.0,47.76
2026-10-07T15:00:00Z,Kitting,KIT07,495,2,99.57,20.0,82.9,16.51
2026-10-07T15:00:00Z,Kitting,KIT08,991,5,99.48,43.33,74.19,31.98
2026-10-07T16:00:00Z,Assembly,ASM01,1738,50,97.2,58.33,90.16,51.12
2026-10-07T16:00:00Z,Assembly,ASM02,2206,77,96.63,91.67,83.01,73.53
2026-10-07T16:00:00Z,Molding,MLD03,1267,22,98.3,71.67,64.22,45.24
2026-10-07T16:00:00Z,Molding,MLD05,897,49,94.79,53.33,61.19,30.93
2026-10-07T16:00:00Z,Molding,MLD06,1259,70,94.77,73.33,67.07,46.61
2026-10-07T16:00:00Z,Molding,MLD07,1492,73,95.36,83.33,72.23,57.4
2026-10-07T16:00:00Z,Coating,COT01,1609,48,97.09,100.0,69.05,67.04
2026-10-07T16:00:00Z,Coating,COT02,1889,49,97.48,78.33,77.29,59.02
2026-10-07T16:00:00Z,Coating,COT03,1703,22,98.71,86.67,66.35,56.76
2026-10-07T16:00:00Z,Packaging,PKG04,1976,105,94.93,90.0,77.08,65.86
2026-10-07T16:00:00Z,Packaging,PKG05,935,125,88.18,76.67,53.22,35.98
2026-10-07T16:00:00Z,Packaging,PKG06,1333,123,91.57,61.67,76.13,42.99
2026-10-07T16:00:00Z,Packaging,PKG07,819,89,90.2,66.67,56.72,34.11
2026-10-07T16:00:00Z,Packaging,PKG08,1622,188,89.6,88.33,64.05,50.69
2026-10-07T16:00:00Z,Kitting,KIT03,1952,21,98.96,88.33,74.45,65.08
2026-10-07T16:00:00Z,Kitting,KIT04,2164,43,98.06,85.0,78.67,65.57
2026-10-07T16:00:00Z,Kitting,KIT05,1518,27,98.25,88.33,60.31,52.34
2026-10-07T16:00:00Z,Kitting,KIT07,1883,17,99.12,81.67,77.55,62.77
2026-10-07T16:00:00Z,Kitting,KIT08,1221,14,98.85,61.67,64.6,39.38
2026-10-07T17:00:00Z,Assembly,ASM01,2542,91,96.54,85.0,91.1,74.76
2026-10-07T17:00:00Z,Assembly,ASM02,1718,55,96.88,76.67,77.11,57.28
2026-10-07T17:00:00Z,Molding,MLD03,1447,26,98.2,76.67,68.63,51.67
2026-10-07T17:00:00Z,Molding,MLD04,2254,25,98.91,88.33,78.16,68.29
2026-10-07T17:00:00Z,Molding,MLD05,1011,52,95.13,61.67,59.42,34.86
2026-10-07T17:00:00Z,Molding,MLD06,1369,62,95.65,90.0,58.89,50.69
2026-10-07T17:00:00Z,Molding,MLD07,1376,49,96.58,88.33,62.02,52.91
2026-10-07T17:00:00Z,Coating,COT01,1292,26,98.05,83.33,65.91,53.85
2026-10-07T17:00:00Z,Coating,COT02,1532,49,96.91,60.0,82.32,47.87
2026-10-07T17:00:00Z,Coating,COT03,1806,50,97.29,81.67,75.75,60.19
2026-10-07T17:00:00Z,Packaging,PKG05,897,133,87.12,71.67,55.27,34.51
2026-10-07T17:00:00Z,Packaging,PKG06,1830,180,91.06,81.67,79.37,59.02
2026-10-07T17:00:00Z,Packaging,PKG07,654,61,91.43,58.33,51.1,27.25
2026-10-07T17:00:00Z,Packaging,PKG08,1949,230,89.43,100.0,68.1,60.9
2026-10-07T17:00:00Z,Kitting,KIT03,2064,5,99.75,83.33,82.78,68.81
2026-10-07T17:00:00Z,Kitting,KIT04,2115,12,99.44,78.33,82.26,64.08
2026-10-07T17:00:00Z,Kitting,KIT05,1168,21,98.27,65.0,63.07,40.29
2026-10-07T17:00:00Z,Kitting,KIT07,2579,28,98.94,96.67,89.88,85.96
2026-10-07T17:00:00Z,Kitting,KIT08,752,19,97.58,35.0,71.04,24.26
2026-10-07T18:00:00Z,Assembly,ASM01,2164,62,97.22,75.0,87.29,63.65
2026-10-07T18:00:00Z,Assembly,ASM02,1892,56,97.11,85.0,76.4,63.07
2026-10-07T18:00:00Z,Assembly,ASM05,742,47,94.04,31.67,77.9,23.2
2026-10-07T18:00:00Z,Molding,MLD03,1688,48,97.24,80.0,77.51,60.29
2026-10-07T18:00:00Z,Molding,MLD04,2056,37,98.24,81.67,77.64,62.29
2026-10-07T18:00:00Z,Molding,MLD05,1794,112,94.1,100.0,65.76,61.88
2026-10-07T18:00:00Z,Molding,MLD06,1449,58,96.15,88.33,63.2,53.68
2026-10-07T18:00:00Z,Molding,MLD07,1547,119,92.87,100.0,64.07,59.5
2026-10-07T18:00:00Z,Coating,COT01,1284,30,97.72,88.33,61.98,53.5
2026-10-07T18:00:00Z,Coating,COT02,843,58,93.53,41.67,67.58,26.33
2026-10-07T18:00:00Z,Coating,COT03,2189,46,97.93,100.0,74.51,72.97
2026-10-07T18:00:00Z,Packaging,PKG04,1834,107,94.5,91.67,70.56,61.13
2026-10-07T18:00:00Z,Packaging,PKG05,1036,152,87.23,81.67,55.93,39.85
2026-10-07T18:00:00Z,Packaging,PKG06,1540,138,91.77,76.67,70.62,49.69
2026-10-07T18:00:00Z,Packaging,PKG07,1057,114,90.3,100.0,48.76,44.03
2026-10-07T18:00:00Z,Packaging,PKG08,437,54,89.06,23.33,65.78,13.67
2026-10-07T18:00:00Z,Kitting,KIT03,708,15,97.87,28.33,85.13,23.61
2026-10-07T18:00:00Z,Kitting,KIT04,2355,34,98.57,93.33,77.56,71.35
2026-10-07T18:00:00Z,Kitting,KIT07,1713,13,99.27,76.67,75.01,57.09
2026-10-07T19:00:00Z,Assembly,ASM01,2422,77,96.9,78.33,93.84,71.23
2026-10-07T19:00:00Z,Assembly,ASM02,1861,72,96.29,91.67,70.29,62.04
2026-10-07T19:00:00Z,Assembly,ASM05,1547,94,94.24,61.67,83.17,48.34
2026-10-07T19:00:00Z,Molding,MLD03,934,36,96.32,51.67,67.02,33.35
2026-10-07T19:00:00Z,Molding,MLD04,2558,45,98.28,96.67,81.59,77.52
2026-10-07T19:00:00Z,Molding,MLD05,1449,68,95.53,88.33,59.2,49.95
2026-10-07T19:00:00Z,Molding,MLD06,1157,56,95.37,78.33,57.36,42.86
2026-10-07T19:00:00Z,Molding,MLD07,1232,113,91.58,71.67,72.18,47.38
2026-10-07T19:00:00Z,Coating,COT01,1551,34,97.87,100.0,66.05,64.64
2026-10-07T19:00:00Z,Coating,COT02,1063,69,93.89,51.67,68.49,33.22
2026-10-07T19:00:00Z,Coating,COT03,1292,17,98.71,63.33,68.88,43.06
2026-10-07T19:00:00Z,Packaging,PKG04,1147,67,94.5,55.0,73.56,38.24
2026-10-07T19:00:00Z,Packaging,PKG05,884,132,86.99,75.0,52.1,33.99
2026-10-07T19:00:00Z,Packaging,PKG06,2059,158,92.88,100.0,71.52,66.43
2026-10-07T19:00:00Z,Packaging,PKG07,750,85,89.79,70.0,49.72,31.25
2026-10-07T19:00:00Z,Kitting,KIT03,1300,9,99.33,58.33,74.77,43.32
2026-10-07T19:00:00Z,Kitting,KIT04,2159,27,98.78,80.0,82.78,65.41
2026-10-07T19:00:00Z,Kitting,KIT05,160,3,98.45,8.33,67.21,5.51
2026-10-07T19:00:00Z,Kitting,KIT07,2287,16,99.29,86.67,88.58,76.23
2026-10-07T20:00:00Z,Assembly,ASM01,1735,63,96.48,63.33,83.5,51.02
2026-10-07T20:00:00Z,Assembly,ASM02,2058,73,96.56,88.33,80.43,68.6
2026-10-07T20:00:00Z,Assembly,ASM05,2404,59,97.61,100.0,76.97,75.13
2026-10-07T20:00:00Z,Molding,MLD03,1466,46,96.95,70.0,77.16,52.36
2026-10-07T20:00:00Z,Molding,MLD04,1521,14,99.08,55.0,84.6,46.1
2026-10-07T20:00:00Z,Molding,MLD05,1140,61,94.91,61.67,67.14,39.3
2026-10-07T20:00:00Z,Molding,MLD06,994,50,95.25,63.33,61.05,36.83
2026-10-07T20:00:00Z,Molding,MLD07,1093,38,96.64,71.67,60.69,42.03
2026-10-07T20:00:00Z,Coating,COT01,627,16,97.56,40.0,66.97,26.13
2026-10-07T20:00:00Z,Coating,COT02,1517,31,97.97,71.67,67.53,47.42
2026-10-07T20:00:00Z,Coating,COT03,1601,42,97.47,80.0,68.44,53.37
2026-10-07T20:00:00Z,Packaging,PKG04,194,10,95.24,10.0,67.79,6.46
2026-10-07T20:00:00Z,Packaging,PKG05,1067,151,87.6,86.67,54.06,41.04
2026-10-07T20:00:00Z,Packaging,PKG06,153,15,90.98,6.67,81.36,4.93
2026-10-07T20:00:00Z,Packaging,PKG07,967,104,90.25,85.0,52.53,40.29
2026-10-07T20:00:00Z,Packaging,PKG08,1542,157,90.77,66.67,79.64,48.19
2026-10-07T20:00:00Z,Kitting,KIT03,1470,28,98.15,63.33,78.84,49.01
2026-10-07T20:00:00Z,Kitting,KIT04,2365,22,99.06,78.33,92.34,71.65
2026-10-07T20:00:00Z,Kitting,KIT05,1494,24,98.42,85.0,61.59,51.53
2026-10-07T20:00:00Z,Kitting,KIT07,1716,13,99.24,71.67,80.43,57.2
2026-10-07T20:00:00Z,Kitting,KIT08,1336,33,97.58,66.67,66.23,43.08
2026-10-07T21:00:00Z,Assembly,ASM01,2097,76,96.49,71.67,89.19,61.67
2026-10-07T21:00:00Z,Assembly,ASM02,2056,61,97.11,86.67,81.44,68.54
2026-10-07T21:00:00Z,Assembly,ASM05,1258,21,98.39,53.33,74.93,39.32
2026-10-07T21:00:00Z,Molding,MLD03,943,30,96.95,50.0,69.48,33.68
2026-10-07T21:00:00Z,Molding,MLD04,2301,26,98.88,96.67,72.96,69.74
2026-10-07T21:00:00Z,Molding,MLD06,1083,63,94.5,75.0,56.6,40.12
2026-10-07T21:00:00Z,Molding,MLD07,270,11,96.13,16.67,64.82,10.39
2026-10-07T21:00:00Z,Coating,COT01,1603,67,96.01,100.0,69.58,66.81
2026-10-07T21:00:00Z,Coating,COT02,1803,72,96.16,76.67,76.42,56.34
2026-10-07T21:00:00Z,Coating,COT03,1155,39,96.72,55.0,72.36,38.49
2026-10-07T21:00:00Z,Packaging,PKG04,1763,116,93.82,85.0,73.7,58.77
2026-10-07T21:00:00Z,Packaging,PKG05,589,82,87.73,50.0,51.65,22.65
2026-10-07T21:00:00Z,Packaging,PKG06,1454,133,91.62,71.67,71.42,46.9
2026-10-07T21:00:00Z,Packaging,PKG07,927,86,91.5,78.33,53.87,38.61
2026-10-07T21:00:00Z,Packaging,PKG08,1347,136,90.84,66.67,69.51,42.1
2026-10-07T21:00:00Z,Kitting,KIT03,1678,42,97.56,70.0,81.92,55.95
2026-10-07T21:00:00Z,Kitting,KIT04,2191,49,97.81,80.0,84.84,66.39
2026-10-07T21:00:00Z,Kitting,KIT05,1872,63,96.73,100.0,66.74,64.56
2026-10-07T21:00:00Z,Kitting,KIT07,2476,39,98.45,100.0,83.83,82.53
2026-10-07T21:00:00Z,Kitting,KIT08,1811,28,98.49,91.67,64.69,58.4
2026-10-07T22:00:00Z,Assembly,ASM01,2007,49,97.63,63.33,95.47,59.03
2026-10-07T22:00:00Z,Assembly,ASM02,2055,92,95.72,91.67,78.08,68.5
2026-10-07T22:00:00Z,Assembly,ASM05,2166,66,97.05,90.0,77.51,67.7
2026-10-07T22:00:00Z,Molding,MLD03,1813,44,97.65,83.33,79.56,64.74
2026-10-07T22:00:00Z,Molding,MLD04,1928,39,98.02,75.0,79.47,58.43
2026-10-07T22:00:00Z,Molding,MLD05,115,7,94.56,6.67,63.14,3.98
2026-10-07T22:00:00Z,Molding,MLD06,1069,46,95.88,65.0,63.52,39.59
2026-10-07T22:00:00Z,Molding,MLD07,1609,57,96.58,93.33,68.64,61.87
2026-10-07T22:00:00Z,Coating,COT01,1259,24,98.1,83.33,64.15,52.44
2026-10-07T22:00:00Z,Coating,COT02,2021,44,97.85,93.33,69.14,63.15
2026-10-07T22:00:00Z,Coating,COT03,990,25,97.53,53.33,63.46,33.01
2026-10-07T22:00:00Z,Packaging,PKG04,1586,98,94.2,80.0,70.14,52.86
2026-10-07T22:00:00Z,Packaging,PKG05,847,139,85.91,65.0,58.32,32.57
2026-10-07T22:00:00Z,Packaging,PKG06,1666,154,91.55,76.67,76.55,53.73
2026-10-07T22:00:00Z,Packaging,PKG07,158,16,91.0,16.67,43.48,6.6
2026-10-07T22:00:00Z,Packaging,PKG08,1050,115,90.12,46.67,78.04,32.82
2026-10-07T22:00:00Z,Kitting,KIT03,1008,3,99.75,43.33,77.76,33.61
2026-10-07T22:00:00Z,Kitting,KIT04,2518,11,99.58,88.33,86.76,76.31
2026-10-07T22:00:00Z,Kitting,KIT05,87,2,97.36,5.0,61.84,3.01
2026-10-07T22:00:00Z,Kitting,KIT07,2075,31,98.51,90.0,78.01,69.16
2026-10-07T22:00:00Z,Kitting,KIT08,1659,14,99.17,83.33,64.74,53.51
2026-10-07T23:00:00Z,Assembly,ASM01,2691,64,97.68,88.33,91.74,79.16
2026-10-07T23:00:00Z,Assembly,ASM02,2186,61,97.28,90.0,83.22,72.87
2026-10-07T23:00:00Z,Assembly,ASM05,2148,46,97.91,81.67,83.94,67.12
2026-10-07T23:00:00Z,Molding,MLD03,1797,50,97.27,85.0,77.61,64.17
2026-10-07T23:00:00Z,Molding,MLD04,1450,29,98.02,53.33,84.04,43.93
2026-10-07T23:00:00Z,Molding,MLD05,1571,81,95.09,100.0,56.95,54.16
2026-10-07T23:00:00Z,Molding,MLD06,745,29,96.28,46.67,61.44,27.6
2026-10-07T23:00:00Z,Coating,COT01,1237,34,97.3,90.0,58.84,51.52
2026-10-07T23:00:00Z,Coating,COT02,2119,48,97.77,86.67,78.16,66.22
2026-10-07T23:00:00Z,Coating,COT03,1726,40,97.73,80.0,73.58,57.53
2026-10-07T23:00:00Z,Packaging,PKG04,1908,135,93.41,90.0,75.67,63.61
2026-10-07T23:00:00Z,Packaging,PKG05,1300,200,86.66,100.0,57.7,50.0
2026-10-07T23:00:00Z,Packaging,PKG06,1306,125,91.25,56.67,81.47,42.12
2026-10-07T23:00:00Z,Packaging,PKG07,819,87,90.43,70.0,53.93,34.14
2026-10-07T23:00:00Z,Packaging,PKG08,1750,202,89.65,78.33,77.88,54.69
2026-10-07T23:00:00Z,Kitting,KIT03,1801,8,99.55,70.0,86.14,60.02
2026-10-07T23:00:00Z,Kitting,KIT04,2166,56,97.47,80.0,84.19,65.65
2026-10-07T23:00:00Z,Kitting,KIT05,1557,31,98.03,90.0,60.86,53.7
2026-10-07T23:00:00Z,Kitting,KIT07,1397,18,98.73,60.0,78.63,46.58
2026-10-07T23:00:00Z,Kitting,KIT08,1723,36,97.98,78.33,72.43,55.59
2026-10-08T00:00:00Z,Assembly,ASM01,2708,118,95.83,91.67,90.66,79.64
2026-10-08T00:00:00Z,Assembly,ASM02,2281,112,95.31,100.0,79.79,76.05
2026-10-08T00:00:00Z,Assembly,ASM05,415,5,98.72,16.67,78.77,12.96
2026-10-08T00:00:00Z,Molding,MLD03,1697,27,98.41,86.67,71.07,60.62
2026-10-08T00:00:00Z,Molding,MLD04,2323,31,98.7,90.0,79.26,70.4
2026-10-08T00:00:00Z,Molding,MLD05,1233,79,94.0,73.33,61.66,42.51
2026-10-08T00:00:00Z,Molding,MLD06,1329,61,95.62,80.0,64.33,49.21
2026-10-08T00:00:00Z,Molding,MLD07,1455,35,97.68,90.0,63.66,55.96
2026-10-08T00:00:00Z,Coating,COT01,904,25,97.35,58.33,66.34,37.67
2026-10-08T00:00:00Z,Coating,COT02,2338,78,96.77,93.33,80.89,73.06
2026-10-08T00:00:00Z,Coating,COT03,2044,55,97.38,91.67,76.32,68.13
2026-10-08T00:00:00Z,Packaging,PKG04,2052,105,95.15,98.33,73.09,68.39
2026-10-08T00:00:00Z,Packaging,PKG05,117,17,87.53,10.0,51.53,4.51
2026-10-08T00:00:00Z,Packaging,PKG06,2062,153,93.08,85.0,84.06,66.5
2026-10-08T00:00:00Z,Packaging,PKG07,600,66,90.13,55.0,50.42,24.99
2026-10-08T00:00:00Z,Packaging,PKG08,2174,251,89.65,100.0,75.79,67.94
2026-10-08T00:00:00Z,Kitting,KIT03,2210,15,99.32,96.67,76.72,73.65
2026-10-08T00:00:00Z,Kitting,KIT04,1525,24,98.43,58.33,80.5,46.22
2026-10-08T00:00:00Z,Kitting,KIT05,911,27,97.13,53.33,60.64,31.41
2026-10-08T00:00:00Z,Kitting,KIT07,1820,24,98.69,80.0,76.82,60.65
2026-10-08T00:00:00Z,Kitting,KIT08,1653,14,99.15,85.0,63.26,53.31
2026-10-08T01:00:00Z,Assembly,ASM01,508,15,97.1,16.67,92.36,14.95
2026-10-08T01:00:00Z,Assembly,ASM02,455,22,95.33,21.67,73.45,15.17
2026-10-08T01:00:00Z,Assembly,ASM05,2177,32,98.53,81.67,84.56,68.05
2026-10-08T01:00:00Z,Molding,MLD03,1818,30,98.4,100.0,65.98,64.92
2026-10-08T01:00:00Z,Molding,MLD04,2252,14,99.38,91.67,74.91,68.24
2026-10-08T01:00:00Z,Molding,MLD05,1333,62,95.58,83.33,57.71,45.96
2026-10-08T01:00:00Z,Molding,MLD06,813,50,94.17,48.33,66.14,30.1
2026-10-08T01:00:00Z,Molding,MLD07,1304,48,96.43,83.33,62.4,50.14
2026-10-08T01:00:00Z,Coating,COT01,1202,41,96.72,88.33,58.64,50.1
2026-10-08T01:00:00Z,Coating,COT02,1915,67,96.61,78.33,79.07,59.84
2026-10-08T01:00:00Z,Coating,COT03,1448,39,97.38,76.67,64.67,48.28
2026-10-08T01:00:00Z,Packaging,PKG04,1546,105,93.61,81.67,67.39,51.52
2026-10-08T01:00:00Z,Packaging,PKG05,1065,173,86.0,100.0,47.62,40.95
2026-10-08T01:00:00Z,Packaging,PKG06,1995,175,91.93,91.67,76.36,64.35
2026-10-08T01:00:00Z,Packaging,PKG07,896,98,90.12,90.0,46.03,37.34
2026-10-08T01:00:00Z,Packaging,PKG08,1570,192,89.13,81.67,67.41,49.06
2026-10-08T01:00:00Z,Kitting,KIT03,1732,8,99.54,68.33,84.89,57.74
2026-10-08T01:00:00Z,Kitting,KIT04,2363,29,98.79,80.0,90.61,71.62
2026-10-08T01:00:00Z,Kitting,KIT05,1421,44,96.97,83.33,60.65,49.01
2026-10-08T01:00:00Z,Kitting,KIT07,2062,2,99.9,86.67,79.37,68.72
2026-10-08T01:00:00Z,Kitting,KIT08,460,10,97.98,20.0,75.77,14.85
2026-10-08T02:00:00Z,Assembly,ASM02,2203,109,95.3,100.0,77.07,73.44
2026-10-08T02:00:00Z,Assembly,ASM05,2189,64,97.17,80.0,88.01,68.42
2026-10-08T02:00:00Z,Molding,MLD03,518,20,96.24,28.33,67.78,18.48
2026-10-08T02:00:00Z,Molding,MLD04,2156,19,99.13,76.67,85.98,65.35
2026-10-08T02:00:00Z,Molding,MLD05,1789,88,95.3,100.0,64.73,61.69
2026-10-08T02:00:00Z,Molding,MLD06,1224,46,96.37,78.33,60.07,45.34
2026-10-08T02:00:00Z,Molding,MLD07,885,33,96.43,50.0,70.64,34.06
2026-10-08T02:00:00Z,Coating,COT01,1324,46,96.67,85.0,67.13,55.16
2026-10-08T02:00:00Z,Coating,COT02,1780,38,97.89,71.67,79.26,55.61
2026-10-08T02:00:00Z,Coating,COT03,2091,24,98.85,91.67,76.93,69.71
2026-10-08T02:00:00Z,Packaging,PKG04,1780,112,94.09,83.33,75.67,59.34
2026-10-08T02:00:00Z,Packaging,PKG05,736,102,87.85,56.67,56.89,28.32
2026-10-08T02:00:00Z,Packaging,PKG06,1761,172,91.11,76.67,81.31,56.8
2026-10-08T02:00:00Z,Packaging,PKG07,806,86,90.33,86.67,42.92,33.6
2026-10-08T02:00:00Z,Packaging,PKG08,1840,185,90.85,80.0,79.12,57.5
2026-10-08T02:00:00Z,Kitting,KIT03,1719,2,99.86,78.33,73.24,57.29
2026-10-08T02:00:00Z,Kitting,KIT04,367,3,99.19,13.33,84.0,11.11
2026-10-08T02:00:00Z,Kitting,KIT05,1815,44,97.65,93.33,68.66,62.57
2026-10-08T02:00:00Z,Kitting,KIT07,2506,3,99.9,100.0,83.63,83.55
2026-10-08T02:00:00Z,Kitting,KIT08,1961,13,99.34,85.0,74.92,63.27
2026-10-08T11:00:00Z,Assembly,ASM01,582,12,97.9,21.67,80.76,17.13
2026-10-08T11:00:00Z,Assembly,ASM02,1691,61,96.51,73.33,79.66,56.38
2026-10-08T11:00:00Z,Assembly,ASM05,2356,60,97.5,90.0,83.89,73.62
2026-10-08T11:00:00Z,Molding,MLD03,1417,32,97.79,78.33,66.05,50.6
2026-10-08T11:00:00Z,Molding,MLD04,1936,43,97.81,80.0,74.97,58.66
2026-10-08T11:00:00Z,Molding,MLD05,1125,71,94.03,78.33,52.65,38.78
2026-10-08T11:00:00Z,Molding,MLD06,1660,78,95.51,100.0,64.36,61.47
2026-10-08T11:00:00Z,Molding,MLD07,819,38,95.53,61.67,53.48,31.5
2026-10-08T11:00:00Z,Coating,COT01,937,20,97.87,73.33,54.4,39.05
2026-10-08T11:00:00Z,Coating,COT02,1980,55,97.29,83.33,76.3,61.86
2026-10-08T11:00:00Z,Packaging,PKG04,1380,65,95.53,83.33,57.78,46.0
2026-10-08T11:00:00Z,Packaging,PKG05,884,140,86.34,76.67,51.33,33.98
2026-10-08T11:00:00Z,Packaging,PKG06,1826,176,91.22,86.67,74.52,58.92
2026-10-08T11:00:00Z,Packaging,PKG07,418,45,90.31,50.0,38.54,17.4
2026-10-08T11:00:00Z,Packaging,PKG08,892,110,89.05,45.0,69.53,27.86
2026-10-08T11:00:00Z,Kitting,KIT03,1789,2,99.89,78.33,76.22,59.64
2026-10-08T11:00:00Z,Kitting,KIT04,2454,48,98.1,88.33,85.81,74.36
2026-10-08T11:00:00Z,Kitting,KIT05,1408,40,97.25,76.67,65.14,48.57
2026-10-08T11:00:00Z,Kitting,KIT07,1863,11,99.41,85.0,73.48,62.09
2026-10-08T11:00:00Z,Kitting,KIT08,1107,13,98.83,53.33,67.75,35.71
2026-10-08T12:00:00Z,Assembly,ASM01,3115,65,97.94,100.0,93.55,91.62
2026-10-08T12:00:00Z,Assembly,ASM02,1575,50,96.92,66.67,81.27,52.51
2026-10-08T12:00:00Z,Assembly,ASM05,2058,28,98.64,75.0,86.95,64.32
2026-10-08T12:00:00Z,Molding,MLD03,1572,30,98.13,88.33,64.75,56.13
2026-10-08T12:00:00Z,Molding,MLD04,1595,17,98.92,63.33,77.14,48.33
2026-10-08T12:00:00Z,Molding,MLD05,1529,79,95.08,93.33,59.4,52.71
2026-10-08T12:00:00Z,Molding,MLD06,1360,63,95.59,80.0,65.85,50.36
2026-10-08T12:00:00Z,Coating,COT01,1523,31,98.02,95.0,68.16,63.47
2026-10-08T12:00:00Z,Coating,COT02,1826,53,97.16,85.0,69.09,57.06
2026-10-08T12:00:00Z,Coating,COT03,665,15,97.74,31.67,71.6,22.16
2026-10-08T12:00:00Z,Packaging,PKG04,2050,93,95.67,100.0,71.42,68.32
2026-10-08T12:00:00Z,Packaging,PKG05,1164,164,87.68,100.0,51.06,44.77
2026-10-08T12:00:00Z,Packaging,PKG06,2174,167,92.89,90.0,83.89,70.13
2026-10-08T12:00:00Z,Packaging,PKG07,600,54,91.7,60.0,45.46,25.01
2026-10-08T12:00:00Z,Packaging,PKG08,2243,258,89.67,100.0,78.18,70.1
2026-10-08T12:00:00Z,Kitting,KIT03,2176,49,97.79,91.67,80.9,72.52
2026-10-08T12:00:00Z,Kitting,KIT04,2125,15,99.31,71.67,90.48,64.39
2026-10-08T12:00:00Z,Kitting,KIT05,1471,46,96.94,80.0,65.4,50.72
2026-10-08T12:00:00Z,Kitting,KIT07,2088,14,99.35,81.67,85.79,69.61
2026-10-08T12:00:00Z,Kitting,KIT08,1929,38,98.08,85.0,74.65,62.24
2026-10-08T13:00:00Z,Assembly,ASM01,2384,81,96.71,85.0,85.29,70.11
2026-10-08T13:00:00Z,Assembly,ASM02,2295,106,95.6,100.0,80.02,76.49
2026-10-08T13:00:00Z,Assembly,ASM05,2053,69,96.74,85.0,78.01,64.14
2026-10-08T13:00:00Z,Molding,MLD03,1799,51,97.23,100.0,66.09,64.26
2026-10-08T13:00:00Z,Molding,MLD04,2118,43,98.01,86.67,75.56,64.18
2026-10-08T13:00:00Z,Molding,MLD05,1028,57,94.7,66.67,56.12,35.43
2026-10-08T13:00:00Z,Molding,MLD06,1387,53,96.29,80.0,66.67,51.36
2026-10-08T13:00:00Z,Molding,MLD07,403,13,96.94,23.33,68.51,15.5
2026-10-08T13:00:00Z,Coating,COT01,1297,35,97.34,85.0,65.29,54.02
2026-10-08T13:00:00Z,Coating,COT02,2220,49,97.86,90.0,78.76,69.37
2026-10-08T13:00:00Z,Coating,COT03,1911,68,96.57,85.0,77.6,63.7
2026-10-08T13:00:00Z,Packaging,PKG04,1107,75,93.63,60.0,65.66,36.89
2026-10-08T13:00:00Z,Packaging,PKG05,823,124,86.93,66.67,54.65,31.67
2026-10-08T13:00:00Z,Packaging,PKG06,1470,106,93.27,61.67,82.42,47.41
2026-10-08T13:00:00Z,Packaging,PKG08,1734,196,89.87,81.67,73.84,54.19
2026-10-08T13:00:00Z,Kitting,KIT03,1820,14,99.24,70.0,87.33,60.67
2026-10-08T13:00:00Z,Kitting,KIT04,2607,67,97.5,100.0,81.03,79.0
2026-10-08T13:00:00Z,Kitting,KIT05,1224,22,98.24,66.67,64.46,42.22
2026-10-08T13:00:00Z,Kitting,KIT07,1510,21,98.64,63.33,80.58,50.34
2026-10-08T13:00:00Z,Kitting,KIT08,1877,49,97.45,100.0,62.12,60.53
2026-10-08T14:00:00Z,Assembly,ASM01,2066,47,97.79,66.67,93.22,60.77
2026-10-08T14:00:00Z,Assembly,ASM02,1725,77,95.74,76.67,78.32,57.49
2026-10-08T14:00:00Z,Assembly,ASM05,1538,45,97.18,66.67,74.18,48.06
2026-10-08T14:00:00Z,Molding,MLD03,1421,32,97.81,68.33,75.94,50.75
2026-10-08T14:00:00Z,Molding,MLD04,2758,3,99.9,100.0,83.66,83.58
2026-10-08T14:00:00Z,Molding,MLD05,592,39,93.8,33.33,65.31,20.42
2026-10-08T14:00:00Z,Molding,MLD06,1390,70,95.19,100.0,54.08,51.48
2026-10-08T14:00:00Z,Molding,MLD07,1270,55,95.82,70.0,72.85,48.86
2026-10-08T14:00:00Z,Coating,COT01,909,30,96.82,61.67,63.46,37.89
2026-10-08T14:00:00Z,Coating,COT02,1253,30,97.64,55.0,72.89,39.14
2026-10-08T14:00:00Z,Coating,COT03,1618,56,96.66,85.0,65.64,53.93
2026-10-08T14:00:00Z,Packaging,PKG04,1304,91,93.48,61.67,75.4,43.47
2026-10-08T14:00:00Z,Packaging,PKG05,540,76,87.62,50.0,47.43,20.78
2026-10-08T14:00:00Z,Packaging,PKG06,1522,146,91.24,76.67,70.19,49.1
2026-10-08T14:00:00Z,Packaging,PKG07,636,60,91.36,60.0,48.34,26.5
2026-10-08T14:00:00Z,Packaging,PKG08,1303,137,90.47,60.0,74.99,40.71
2026-10-08T14:00:00Z,Kitting,KIT03,2132,2,99.89,86.67,82.08,71.06
2026-10-08T14:00:00Z,Kitting,KIT04,2033,27,98.68,73.33,85.13,61.61
2026-10-08T14:00:00Z,Kitting,KIT05,1379,44,96.88,68.33,71.81,47.54
2026-10-08T14:00:00Z,Kitting,KIT07,1231,13,98.94,53.33,77.77,41.04
2026-10-08T14:00:00Z,Kitting,KIT08,291,4,98.7,13.33,71.31,9.38
2026-10-08T15:00:00Z,Assembly,ASM01,592,22,96.43,20.0,90.23,17.4
2026-10-08T15:00:00Z,Assembly,ASM02,1769,51,97.17,85.0,71.38,58.96
2026-10-08T15:00:00Z,Assembly,ASM05,2076,57,97.32,81.67,81.61,64.86
2026-10-08T15:00:00Z,Molding,MLD03,511,18,96.65,25.0,75.52,18.25
2026-10-08T15:00:00Z,Molding,MLD04,1845,26,98.62,71.67,79.12,55.92
2026-10-08T15:00:00Z,Molding,MLD05,1386,76,94.8,75.0,67.21,47.78
2026-10-08T15:00:00Z,Molding,MLD06,407,22,94.94,25.0,63.46,15.06
2026-10-08T15:00:00Z,Molding,MLD07,1608,45,97.28,91.67,69.35,61.84
2026-10-08T15:00:00Z,Coating,COT01,1306,54,96.05,86.67,65.35,54.4
2026-10-08T15:00:00Z,Coating,COT02,1696,53,96.94,76.67,71.31,53.0
2026-10-08T15:00:00Z,Coating,COT03,1744,35,98.05,78.33,75.68,58.13
2026-10-08T15:00:00Z,Packaging,PKG04,2098,116,94.74,95.0,77.7,69.94
2026-10-08T15:00:00Z,Packaging,PKG05,339,53,86.55,30.0,50.16,13.03
2026-10-08T15:00:00Z,Packaging,PKG06,1589,156,91.07,80.0,70.34,51.25
2026-10-08T15:00:00Z,Packaging,PKG07,959,86,91.73,98.33,44.31,39.97
2026-10-08T15:00:00Z,Packaging,PKG08,1852,226,89.13,81.67,79.52,57.88
2026-10-08T15:00:00Z,Kitting,KIT03,2102,47,97.81,96.67,74.1,70.07
2026-10-08T15:00:00Z,Kitting,KIT04,2214,7,99.7,78.33,85.91,67.09
2026-10-08T15:00:00Z,Kitting,KIT05,1675,34,97.98,88.33,66.75,57.77
2026-10-08T15:00:00Z,Kitting,KIT07,1559,27,98.29,65.0,81.33,51.96
2026-10-08T15:00:00Z,Kitting,KIT08,1000,18,98.27,46.67,70.34,32.26
2026-10-08T16:00:00Z,Assembly,ASM01,1642,37,97.79,55.0,89.8,48.3
2026-10-08T16:00:00Z,Assembly,ASM02,1974,65,96.8,80.0,84.97,65.8
2026-10-08T16:00:00Z,Molding,MLD04,1924,18,99.07,80.0,73.57,58.31
2026-10-08T16:00:00Z,Molding,MLD05,1327,63,95.46,88.33,54.25,45.75
2026-10-08T16:00:00Z,Molding,MLD06,701,29,96.07,43.33,62.36,25.96
2026-10-08T16:00:00Z,Molding,MLD07,1424,45,96.94,91.67,61.64,54.78
2026-10-08T16:00:00Z,Coating,COT01,1244,24,98.11,90.0,58.69,51.82
2026-10-08T16:00:00Z,Coating,COT02,1775,72,96.09,80.0,72.17,55.48
2026-10-08T16:00:00Z,Coating,COT03,1555,29,98.18,73.33,72.01,51.85
2026-10-08T16:00:00Z,Packaging,PKG04,1109,52,95.55,50.0,77.36,36.96
2026-10-08T16:00:00Z,Packaging,PKG05,1255,170,88.07,100.0,54.79,48.25
2026-10-08T16:00:00Z,Packaging,PKG06,1898,138,93.24,90.0,72.95,61.22
2026-10-08T16:00:00Z,Packaging,PKG08,1597,201,88.82,75.0,74.89,49.89
2026-10-08T16:00:00Z,Kitting,KIT03,2092,18,99.13,91.67,76.75,69.74
2026-10-08T16:00:00Z,Kitting,KIT04,2046,22,98.94,76.67,81.73,62.0
2026-10-08T16:00:00Z,Kitting,KIT05,1897,50,97.44,88.33,75.98,65.4
2026-10-08T16:00:00Z,Kitting,KIT07,1611,2,99.9,70.0,76.77,53.69
2026-10-08T16:00:00Z,Kitting,KIT08,1682,11,99.35,78.33,69.71,54.25
2026-10-08T17:00:00Z,Assembly,ASM02,2148,93,95.87,90.0,82.97,71.59
2026-10-08T17:00:00Z,Molding,MLD04,1240,30,97.64,53.33,72.18,37.59
2026-10-08T17:00:00Z,Molding,MLD05,730,51,93.43,43.33,62.18,25.17
2026-10-08T17:00:00Z,Molding,MLD06,1553,64,96.06,96.67,61.93,57.51
2026-10-08T17:00:00Z,Molding,MLD07,1678,56,96.76,91.67,72.77,64.55
2026-10-08T17:00:00Z,Coating,COT01,959,39,96.07,66.67,62.42,39.98
2026-10-08T17:00:00Z,Coating,COT02,1567,51,96.88,75.0,67.41,48.98
2026-10-08T17:00:00Z,Coating,COT03,1337,17,98.77,71.67,62.96,44.56
2026-10-08T17:00:00Z,Packaging,PKG04,1187,63,94.92,58.33,71.48,39.58
2026-10-08T17:00:00Z,Packaging,PKG05,632,90,87.52,55.0,50.51,24.31
2026-10-08T17:00:00Z,Packaging,PKG06,2391,175,93.19,100.0,82.75,77.12
2026-10-08T17:00:00Z,Packaging,PKG07,802,74,91.52,63.33,57.64,33.41
2026-10-08T17:00:00Z,Packaging,PKG08,2118,249,89.47,98.33,75.24,66.2
2026-10-08T17:00:00Z,Kitting,KIT03,1714,19,98.91,66.67,86.63,57.12
2026-10-08T17:00:00Z,Kitting,KIT04,2617,16,99.39,90.0,88.66,79.31
2026-10-08T17:00:00Z,Kitting,KIT05,1477,32,97.87,70.0,74.33,50.92
2026-10-08T17:00:00Z,Kitting,KIT07,2320,8,99.65,100.0,77.59,77.32
2026-10-08T18:00:00Z,Assembly,ASM01,2575,67,97.47,91.67,84.77,75.74
2026-10-08T18:00:00Z,Assembly,ASM02,433,16,96.48,18.33,81.6,14.43
2026-10-08T18:00:00Z,Molding,MLD04,672,6,99.06,28.33,72.53,20.36
2026-10-08T18:00:00Z,Molding,MLD05,1724,114,93.78,100.0,63.41,59.47
2026-10-08T18:00:00Z,Molding,MLD06,768,76,90.96,46.67,67.05,28.46
2026-10-08T18:00:00Z,Molding,MLD07,1201,110,91.63,76.67,65.75,46.19
2026-10-08T18:00:00Z,Coating,COT01,1270,104,92.45,91.67,62.46,52.93
2026-10-08T18:00:00Z,Coating,COT02,2475,82,96.79,100.0,79.91,77.34
2026-10-08T18:00:00Z,Coating,COT03,1326,45,96.74,63.33,72.12,44.19
2026-10-08T18:00:00Z,Packaging,PKG04,1745,96,94.77,86.67,70.83,58.18
2026-10-08T18:00:00Z,Packaging,PKG05,1004,210,82.69,75.0,62.25,38.61
2026-10-08T18:00:00Z,Packaging,PKG06,1768,159,91.76,88.33,70.37,57.03
2026-10-08T18:00:00Z,Packaging,PKG07,1069,96,91.75,95.0,51.08,44.52
2026-10-08T18:00:00Z,Packaging,PKG08,1629,202,88.97,83.33,68.66,50.91
2026-10-08T18:00:00Z,Kitting,KIT03,2569,31,98.82,100.0,86.67,85.65
2026-10-08T18:00:00Z,Kitting,KIT04,2648,22,99.16,98.33,82.3,80.25
2026-10-08T18:00:00Z,Kitting,KIT05,1154,84,93.23,56.67,75.33,39.8
2026-10-08T18:00:00Z,Kitting,KIT07,1710,21,98.78,71.67,80.53,57.01
2026-10-08T18:00:00Z,Kitting,KIT08,1865,15,99.22,81.67,74.24,60.16
2026-10-08T19:00:00Z,Assembly,ASM01,1567,53,96.75,50.0,95.27,46.08
2026-10-08T19:00:00Z,Assembly,ASM02,1317,63,95.42,61.67,74.64,43.92
2026-10-08T19:00:00Z,Assembly,ASM05,1288,24,98.13,50.0,82.06,40.27
2026-10-08T19:00:00Z,Molding,MLD03,1362,53,96.23,71.67,70.52,48.63
2026-10-08T19:00:00Z,Molding,MLD04,2050,34,98.36,86.67,72.89,62.13
2026-10-08T19:00:00Z,Molding,MLD05,24,1,94.4,1.67,53.37,0.84
2026-10-08T19:00:00Z,Molding,MLD06,1482,142,91.23,91.67,65.62,54.88
2026-10-08T19:00:00Z,Molding,MLD07,951,76,92.58,56.67,69.74,36.59
2026-10-08T19:00:00Z,Coating,COT01,1073,67,94.09,70.0,67.91,44.73
2026-10-08T19:00:00Z,Coating,COT02,1554,46,97.14,71.67,69.77,48.57
2026-10-08T19:00:00Z,Coating,COT03,2058,52,97.52,100.0,70.35,68.6
2026-10-08T19:00:00Z,Packaging,PKG04,160,9,94.5,8.33,67.68,5.33
2026-10-08T19:00:00Z,Packaging,PKG05,645,143,81.82,50.0,60.6,24.79
2026-10-08T19:00:00Z,Packaging,PKG06,1981,156,92.7,91.67,75.19,63.89
2026-10-08T19:00:00Z,Packaging,PKG07,540,49,91.66,58.33,42.04,22.48
2026-10-08T19:00:00Z,Packaging,PKG08,1682,196,89.57,85.0,69.03,52.55
2026-10-08T19:00:00Z,Kitting,KIT03,1854,22,98.85,86.67,72.14,61.8
2026-10-08T19:00:00Z,Kitting,KIT04,2514,61,97.63,85.0,91.78,76.17
2026-10-08T19:00:00Z,Kitting,KIT05,1433,98,93.61,81.67,64.63,49.41
2026-10-08T19:00:00Z,Kitting,KIT07,1535,6,99.6,68.33,75.17,51.16
2026-10-08T19:00:00Z,Kitting,KIT08,2331,57,97.61,100.0,77.03,75.18
2026-10-08T20:00:00Z,Assembly,ASM01,2849,92,96.87,100.0,86.51,83.8
2026-10-08T20:00:00Z,Assembly,ASM02,1255,45,96.55,61.67,70.28,41.85
2026-10-08T20:00:00Z,Assembly,ASM05,2125,68,96.92,90.0,76.13,66.4
2026-10-08T20:00:00Z,Molding,MLD03,1354,52,96.28,70.0,71.77,48.37
2026-10-08T20:00:00Z,Molding,MLD04,2547,48,98.16,100.0,78.62,77.17
2026-10-08T20:00:00Z,Molding,MLD06,1137,49,95.83,80.0,54.92,42.1
2026-10-08T20:00:00Z,Coating,COT01,1540,63,96.08,98.33,67.92,64.17
2026-10-08T20:00:00Z,Coating,COT02,1387,47,96.69,60.0,74.71,43.35
2026-10-08T20:00:00Z,Coating,COT03,649,13,98.07,28.33,77.92,21.65
2026-10-08T20:00:00Z,Packaging,PKG04,1269,67,94.95,71.67,62.16,42.3
2026-10-08T20:00:00Z,Packaging,PKG05,412,57,87.86,36.67,49.25,15.86
2026-10-08T20:00:00Z,Packaging,PKG06,1889,156,92.37,80.0,82.45,60.93
2026-10-08T20:00:00Z,Packaging,PKG07,735,85,89.67,63.33,53.91,30.62
2026-10-08T20:00:00Z,Packaging,PKG08,1911,221,89.63,90.0,74.02,59.71
2026-10-08T20:00:00Z,Kitting,KIT03,1728,39,97.8,73.33,80.3,57.59
2026-10-08T20:00:00Z,Kitting,KIT04,2323,56,97.63,78.33,92.04,70.39
2026-10-08T20:00:00Z,Kitting,KIT05,1815,47,97.47,85.0,75.53,62.58
2026-10-08T20:00:00Z,Kitting,KIT07,2244,35,98.47,96.67,78.58,74.8
2026-10-08T20:00:00Z,Kitting,KIT08,1727,25,98.58,78.33,72.16,55.72
2026-10-08T21:00:00Z,Assembly,ASM01,2080,86,96.02,70.0,91.03,61.19
2026-10-08T21:00:00Z,Assembly,ASM02,82,3,96.98,3.33,84.42,2.73
2026-10-08T21:00:00Z,Assembly,ASM05,1596,38,97.67,63.33,80.63,49.88
2026-10-08T21:00:00Z,Molding,MLD03,1175,18,98.47,60.0,71.06,41.98
2026-10-08T21:00:00Z,Molding,MLD04,2074,42,98.0,83.33,76.95,62.85
2026-10-08T21:00:00Z,Molding,MLD05,1426,81,94.65,85.0,61.12,49.17
2026-10-08T21:00:00Z,Molding,MLD06,330,16,95.3,21.67,59.13,12.21
2026-10-08T21:00:00Z,Coating,COT01,1073,29,97.39,73.33,62.58,44.69
2026-10-08T21:00:00Z,Coating,COT02,2128,86,96.12,100.0,69.18,66.5
2026-10-08T21:00:00Z,Coating,COT03,645,20,97.0,33.33,66.49,21.5
2026-10-08T21:00:00Z,Packaging,PKG04,1432,97,93.69,78.33,65.05,47.74
2026-10-08T21:00:00Z,Packaging,PKG05,899,122,88.03,68.33,57.5,34.59
2026-10-08T21:00:00Z,Packaging,PKG06,835,60,93.29,40.0,72.16,26.92
2026-10-08T21:00:00Z,Packaging,PKG07,1076,120,89.96,93.33,53.42,44.85
2026-10-08T21:00:00Z,Packaging,PKG08,772,75,91.2,35.0,75.62,24.14
2026-10-08T21:00:00Z,Kitting,KIT03,2237,44,98.05,100.0,76.05,74.57
2026-10-08T21:00:00Z,Kitting,KIT04,1800,31,98.33,68.33,81.19,54.56
2026-10-08T21:00:00Z,Kitting,KIT05,1959,35,98.26,96.67,71.13,67.56
2026-10-08T21:00:00Z,Kitting,KIT07,2135,5,99.74,88.33,80.78,71.17
2026-10-08T21:00:00Z,Kitting,KIT08,1346,21,98.49,60.0,73.47,43.42
2026-10-08T22:00:00Z,Assembly,ASM01,2957,57,98.11,100.0,88.66,86.98
2026-10-08T22:00:00Z,Assembly,ASM02,1535,48,96.96,75.0,70.38,51.18
2026-10-08T22:00:00Z,Assembly,ASM05,2249,81,96.51,85.0,85.67,70.28
2026-10-08T22:00:00Z,Molding,MLD03,1152,18,98.46,58.33,71.66,41.16
2026-10-08T22:00:00Z,Molding,MLD04,1993,29,98.57,71.67,85.5,60.39
2026-10-08T22:00:00Z,Molding,MLD05,669,47,93.47,38.33,64.42,23.08
2026-10-08T22:00:00Z,Molding,MLD06,1012,46,95.69,58.33,67.18,37.5
2026-10-08T22:00:00Z,Coating,COT01,1463,41,97.29,88.33,70.91,60.94
2026-10-08T22:00:00Z,Coating,COT02,1864,69,96.41,88.33,68.4,58.25
2026-10-08T22:00:00Z,Coating,COT03,1374,28,98.03,63.33,73.78,45.81
2026-10-08T22:00:00Z,Packaging,PKG04,1766,100,94.64,90.0,69.13,58.88
2026-10-08T22:00:00Z,Packaging,PKG05,1123,173,86.62,95.0,52.5,43.21
2026-10-08T22:00:00Z,Packaging,PKG07,969,96,90.95,88.33,50.26,40.38
2026-10-08T22:00:00Z,Packaging,PKG08,1150,124,90.3,53.33,74.61,35.93
2026-10-08T22:00:00Z,Kitting,KIT03,1905,35,98.19,75.0,86.25,63.51
2026-10-08T22:00:00Z,Kitting,KIT04,2633,21,99.22,88.33,91.03,79.78
2026-10-08T22:00:00Z,Kitting,KIT05,1531,31,97.99,86.67,62.16,52.78
2026-10-08T22:00:00Z,Kitting,KIT07,621,4,99.29,23.33,89.29,20.68
2026-10-08T22:00:00Z,Kitting,KIT08,1849,33,98.25,91.67,66.22,59.64
2026-10-08T23:00:00Z,Assembly,ASM01,2189,81,96.45,71.67,93.12,64.37
2026-10-08T23:00:00Z,Assembly,ASM02,1459,73,95.24,61.67,82.8,48.63
2026-10-08T23:00:00Z,Assembly,ASM05,2400,48,98.02,100.0,76.52,75.01
2026-10-08T23:00:00Z,Molding,MLD03,1705,41,97.66,85.0,73.35,60.89
2026-10-08T23:00:00Z,Molding,MLD06,1241,55,95.76,85.0,56.48,45.97
2026-10-08T23:00:00Z,Molding,MLD07,1373,53,96.28,88.33,62.09,52.81
2026-10-08T23:00:00Z,Coating,COT01,1480,43,97.16,100.0,63.49,61.68
2026-10-08T23:00:00Z,Coating,COT02,1608,64,96.15,65.0,80.38,50.24
2026-10-08T23:00:00Z,Coating,COT03,1124,32,97.24,55.0,70.05,37.46
2026-10-08T23:00:00Z,Packaging,PKG04,711,43,94.33,40.0,62.84,23.71
2026-10-08T23:00:00Z,Packaging,PKG05,1070,170,86.28,80.0,59.64,41.17
2026-10-08T23:00:00Z,Packaging,PKG07,20,2,91.29,1.67,54.79,0.83
2026-10-08T23:00:00Z,Packaging,PKG08,1601,174,90.22,76.67,72.34,50.03
2026-10-08T23:00:00Z,Kitting,KIT03,847,8,99.03,36.67,77.78,28.24
2026-10-08T23:00:00Z,Kitting,KIT04,2471,36,98.55,86.67,87.68,74.89
2026-10-08T23:00:00Z,Kitting,KIT05,563,14,97.62,26.67,74.56,19.41
2026-10-08T23:00:00Z,Kitting,KIT07,1162,2,99.86,43.33,89.53,38.74
2026-10-08T23:00:00Z,Kitting,KIT08,1309,18,98.63,58.33,73.42,42.24
2026-10-09T00:00:00Z,Assembly,ASM01,2457,106,95.85,81.67,92.32,72.27
2026-10-09T00:00:00Z,Assembly,ASM02,1976,103,95.03,91.67,75.61,65.86
2026-10-09T00:00:00Z,Assembly,ASM05,1059,37,96.6,38.33,89.39,33.1
2026-10-09T00:00:00Z,Molding,MLD03,1745,36,98.0,85.0,74.81,62.31
2026-10-09T00:00:00Z,Molding,MLD06,1564,90,94.57,100.0,61.23,57.91
2026-10-09T00:00:00Z,Molding,MLD07,1279,41,96.92,85.0,59.7,49.18
2026-10-09T00:00:00Z,Coating,COT01,1136,29,97.54,81.67,59.44,47.35
2026-10-09T00:00:00Z,Coating,COT02,2220,82,96.44,100.0,71.93,69.36
2026-10-09T00:00:00Z,Coating,COT03,1628,33,98.01,73.33,75.5,54.26
2026-10-09T00:00:00Z,Packaging,PKG04,1892,120,94.06,90.0,74.49,63.06
2026-10-09T00:00:00Z,Packaging,PKG05,610,95,86.56,53.33,50.84,23.47
2026-10-09T00:00:00Z,Packaging,PKG07,301,27,91.68,31.67,43.23,12.55
2026-10-09T00:00:00Z,Packaging,PKG08,2024,232,89.72,90.0,78.32,63.24
2026-10-09T00:00:00Z,Kitting,KIT03,2061,15,99.28,81.67,84.74,68.71
2026-10-09T00:00:00Z,Kitting,KIT04,1126,15,98.67,40.0,86.44,34.12
2026-10-09T00:00:00Z,Kitting,KIT05,868,19,97.82,48.33,63.31,29.94
2026-10-09T00:00:00Z,Kitting,KIT07,761,2,99.69,28.33,89.85,25.38
2026-10-09T00:00:00Z,Kitting,KIT08,814,16,98.1,40.0,66.9,26.25
2026-10-09T01:00:00Z,Assembly,ASM01,2565,76,97.12,88.33,87.94,75.44
2026-10-09T01:00:00Z,Assembly,ASM02,1909,67,96.59,90.0,73.19,63.62
2026-10-09T01:00:00Z,Assembly,ASM05,2501,71,97.23,95.0,84.62,78.16
2026-10-09T01:00:00Z,Molding,MLD03,2145,53,97.58,100.0,78.51,76.61
2026-10-09T01:00:00Z,Molding,MLD04,2413,45,98.15,96.67,77.06,73.11
2026-10-09T01:00:00Z,Molding,MLD05,246,14,94.78,15.0,59.6,8.47
2026-10-09T01:00:00Z,Molding,MLD06,416,18,95.87,25.0,64.25,15.4
2026-10-09T01:00:00Z,Molding,MLD07,1384,64,95.61,88.33,63.04,53.24
2026-10-09T01:00:00Z,Coating,COT02,1541,40,97.49,66.67,74.11,48.17
2026-10-09T01:00:00Z,Coating,COT03,1375,40,97.19,61.67,76.46,45.83
2026-10-09T01:00:00Z,Packaging,PKG04,1407,74,94.98,71.67,68.91,46.91
2026-10-09T01:00:00Z,Packaging,PKG05,1368,202,87.14,100.0,60.38,52.62
2026-10-09T01:00:00Z,Packaging,PKG06,1535,128,92.29,73.33,73.17,49.52
2026-10-09T01:00:00Z,Packaging,PKG07,229,24,90.71,18.33,57.48,9.56
2026-10-09T01:00:00Z,Packaging,PKG08,1203,118,91.1,58.33,70.76,37.61
2026-10-09T01:00:00Z,Kitting,KIT03,2314,44,98.13,100.0,78.62,77.15
2026-10-09T01:00:00Z,Kitting,KIT05,1687,34,98.05,90.0,65.92,58.17
2026-10-09T01:00:00Z,Kitting,KIT07,2252,12,99.46,100.0,75.47,75.06
2026-10-09T01:00:00Z,Kitting,KIT08,2139,53,97.57,95.0,74.44,69.0
2026-10-09T02:00:00Z,Assembly,ASM01,2010,53,97.41,68.33,88.82,59.12
2026-10-09T02:00:00Z,Assembly,ASM02,1550,47,97.04,73.33,72.61,51.67
2026-10-09T02:00:00Z,Assembly,ASM05,879,29,96.79,38.33,74.07,27.48
2026-10-09T02:00:00Z,Molding,MLD03,297,12,96.24,15.0,73.52,10.61
2026-10-09T02:00:00Z,Molding,MLD04,2259,4,99.85,86.67,79.1,68.45
2026-10-09T02:00:00Z,Molding,MLD05,1633,90,94.8,100.0,59.39,56.3
2026-10-09T02:00:00Z,Molding,MLD06,963,44,95.68,65.0,57.36,35.67
2026-10-09T02:00:00Z,Molding,MLD07,697,17,97.56,43.33,63.4,26.8
2026-10-09T02:00:00Z,Coating,COT02,1964,81,96.06,85.0,75.16,61.37
2026-10-09T02:00:00Z,Coating,COT03,1114,21,98.15,55.0,68.8,37.14
2026-10-09T02:00:00Z,Packaging,PKG04,1481,99,93.75,81.67,64.5,49.38
2026-10-09T02:00:00Z,Packaging,PKG05,914,134,87.25,73.33,54.92,35.14
2026-10-09T02:00:00Z,Packaging,PKG06,1704,151,91.84,78.33,76.4,54.97
2026-10-09T02:00:00Z,Packaging,PKG07,712,84,89.46,58.33,56.85,29.67
2026-10-09T02:00:00Z,Packaging,PKG08,2166,220,90.78,100.0,74.58,67.7
2026-10-09T02:00:00Z,Kitting,KIT03,1752,9,99.51,80.0,73.37,58.41
2026-10-09T02:00:00Z,Kitting,KIT04,1324,31,97.73,48.33,84.95,40.13
2026-10-09T02:00:00Z,Kitting,KIT05,1258,25,98.06,58.33,75.83,43.37
2026-10-09T02:00:00Z,Kitting,KIT07,2214,27,98.78,93.33,80.06,73.8
2026-10-09T02:00:00Z,Kitting,KIT08,1805,47,97.45,81.67,73.18,58.24
