ts,factory,line,state,reason,duration_min
2026-09-25T11:52:51Z,Assembly,ASM01,Down,Starved - Upstream,11.3
2026-09-25T12:04:11Z,Assembly,ASM01,Running,,0
2026-09-25T13:14:43Z,Assembly,ASM01,Down,Jam,24.9
2026-09-25T13:39:36Z,Assembly,ASM01,Running,,0
2026-09-25T14:45:01Z,Assembly,ASM01,Down,No Operator,17.8
2026-09-25T15:02:51Z,Assembly,ASM01,Running,,0
2026-09-25T16:16:18Z,Assembly,ASM01,Down,No Operator,23.7
2026-09-25T16:39:58Z,Assembly,ASM01,Running,,0
2026-09-25T17:40:12Z,Assembly,ASM01,Down,Blocked - Downstream,11.7
2026-09-25T17:51:53Z,Assembly,ASM01,Running,,0
2026-09-25T19:01:22Z,Assembly,ASM01,Down,E-Stop,7.4
2026-09-25T19:08:48Z,Assembly,ASM01,Running,,0
2026-09-25T19:42:29Z,Assembly,ASM01,Down,Jam,5.5
2026-09-25T19:48:01Z,Assembly,ASM01,Running,,0
2026-09-25T20:42:50Z,Assembly,ASM01,Down,Starved - Upstream,16.2
2026-09-25T20:59:03Z,Assembly,ASM01,Running,,0
2026-09-25T22:25:03Z,Assembly,ASM01,Down,Jam,21.4
2026-09-25T22:46:25Z,Assembly,ASM01,Running,,0
2026-09-25T23:33:48Z,Assembly,ASM01,Down,Jam,20.7
2026-09-25T23:54:29Z,Assembly,ASM01,Running,,0
2026-09-26T01:00:03Z,Assembly,ASM01,Down,Blocked - Downstream,13.3
2026-09-26T01:13:19Z,Assembly,ASM01,Running,,0
2026-09-26T02:47:51Z,Assembly,ASM01,Down,Jam,17.5
2026-09-26T03:00:00Z,Assembly,ASM01,Down,Outside production hours,0
2026-09-26T11:07:34Z,Assembly,ASM01,Down,E-Stop,7.2
2026-09-26T11:14:45Z,Assembly,ASM01,Running,,0
2026-09-26T11:45:42Z,Assembly,ASM01,Down,Jam,12.6
2026-09-26T11:58:17Z,Assembly,ASM01,Running,,0
2026-09-26T12:44:19Z,Assembly,ASM01,Down,Change Over - Line clearance,54.6
2026-09-26T13:38:58Z,Assembly,ASM01,Running,,0
2026-09-26T14:25:23Z,Assembly,ASM01,Down,Jam,7.6
2026-09-26T14:33:00Z,Assembly,ASM01,Running,,0
2026-09-26T15:01:42Z,Assembly,ASM01,Down,Starved - Upstream,16.9
2026-09-26T15:18:37Z,Assembly,ASM01,Running,,0
2026-09-26T16:26:15Z,Assembly,ASM01,Down,Starved - Upstream,16.0
2026-09-26T16:42:15Z,Assembly,ASM01,Running,,0
2026-09-26T17:14:57Z,Assembly,ASM01,Down,Jam,24.3
2026-09-26T17:39:18Z,Assembly,ASM01,Running,,0
2026-09-26T18:44:08Z,Assembly,ASM01,Down,Jam,14.6
2026-09-26T18:58:42Z,Assembly,ASM01,Running,,0
2026-09-26T19:46:36Z,Assembly,ASM01,Down,Starved - Upstream,8.7
2026-09-26T19:55:18Z,Assembly,ASM01,Running,,0
2026-09-26T20:20:26Z,Assembly,ASM01,Down,Jam,15.1
2026-09-26T20:35:32Z,Assembly,ASM01,Running,,0
2026-09-26T22:07:27Z,Assembly,ASM01,Down,Jam,18.9
2026-09-26T22:26:19Z,Assembly,ASM01,Running,,0
2026-09-26T23:42:43Z,Assembly,ASM01,Down,Starved - Upstream,5.3
2026-09-26T23:48:02Z,Assembly,ASM01,Running,,0
2026-09-27T01:21:54Z,Assembly,ASM01,Down,Jam,5.6
2026-09-27T01:27:31Z,Assembly,ASM01,Running,,0
2026-09-27T02:01:20Z,Assembly,ASM01,Down,Jam,20.9
2026-09-27T02:22:16Z,Assembly,ASM01,Running,,0
2026-09-27T03:00:00Z,Assembly,ASM01,Down,Outside production hours,0
2026-09-28T11:03:50Z,Assembly,ASM01,Running,,0
2026-09-28T11:54:41Z,Assembly,ASM01,Down,Blocked - Downstream,14.6
2026-09-28T12:09:14Z,Assembly,ASM01,Running,,0
2026-09-28T12:51:21Z,Assembly,ASM01,Down,Change Over - Line clearance,74.4
2026-09-28T14:05:44Z,Assembly,ASM01,Running,,0
2026-09-28T14:43:12Z,Assembly,ASM01,Down,Starved - Upstream,18.1
2026-09-28T15:01:16Z,Assembly,ASM01,Running,,0
2026-09-28T16:08:54Z,Assembly,ASM01,Down,Jam,6.8
2026-09-28T16:15:39Z,Assembly,ASM01,Running,,0
2026-09-28T17:16:54Z,Assembly,ASM01,Down,Jam,21.4
2026-09-28T17:38:16Z,Assembly,ASM01,Running,,0
2026-09-28T18:30:51Z,Assembly,ASM01,Down,Blocked - Downstream,9.3
2026-09-28T18:40:07Z,Assembly,ASM01,Running,,0
2026-09-28T19:36:20Z,Assembly,ASM01,Down,Jam,19.8
2026-09-28T19:56:10Z,Assembly,ASM01,Running,,0
2026-09-28T21:01:55Z,Assembly,ASM01,Down,E-Stop,10.3
2026-09-28T21:12:13Z,Assembly,ASM01,Running,,0
2026-09-28T22:04:28Z,Assembly,ASM01,Down,Jam,7.7
2026-09-28T22:12:08Z,Assembly,ASM01,Running,,0
2026-09-28T23:37:57Z,Assembly,ASM01,Down,Starved - Upstream,14.8
2026-09-28T23:52:43Z,Assembly,ASM01,Running,,0
2026-09-29T00:17:46Z,Assembly,ASM01,Down,Starved - Upstream,12.9
2026-09-29T00:30:39Z,Assembly,ASM01,Running,,0
2026-09-29T01:23:21Z,Assembly,ASM01,Down,Blocked - Downstream,10.8
2026-09-29T01:34:06Z,Assembly,ASM01,Running,,0
2026-09-29T02:50:45Z,Assembly,ASM01,Down,Change Over - Line clearance,48.6
2026-09-29T03:00:00Z,Assembly,ASM01,Down,Outside production hours,0
2026-09-29T11:50:13Z,Assembly,ASM01,Down,Change Over - Line clearance,60.5
2026-09-29T12:50:41Z,Assembly,ASM01,Running,,0
2026-09-29T13:31:00Z,Assembly,ASM01,Down,Quality Hold,31.0
2026-09-29T14:02:03Z,Assembly,ASM01,Running,,0
2026-09-29T14:34:39Z,Assembly,ASM01,Down,Quality Hold,40.2
2026-09-29T15:14:49Z,Assembly,ASM01,Running,,0
2026-09-29T15:46:41Z,Assembly,ASM01,Down,Starved - Upstream,8.1
2026-09-29T15:54:48Z,Assembly,ASM01,Running,,0
2026-09-29T17:24:03Z,Assembly,ASM01,Down,Starved - Upstream,7.7
2026-09-29T17:31:48Z,Assembly,ASM01,Running,,0
2026-09-29T18:08:14Z,Assembly,ASM01,Down,No Operator,14.6
2026-09-29T18:22:53Z,Assembly,ASM01,Running,,0
2026-09-29T19:43:06Z,Assembly,ASM01,Down,Change Over - Line clearance,31.9
2026-09-29T20:14:59Z,Assembly,ASM01,Running,,0
2026-09-29T20:40:02Z,Assembly,ASM01,Down,No Operator,20.5
2026-09-29T21:00:31Z,Assembly,ASM01,Running,,0
2026-09-29T22:08:33Z,Assembly,ASM01,Down,Jam,15.0
2026-09-29T22:23:35Z,Assembly,ASM01,Running,,0
2026-09-29T23:55:58Z,Assembly,ASM01,Down,Jam,21.4
2026-09-30T00:17:23Z,Assembly,ASM01,Running,,0
2026-09-30T00:53:20Z,Assembly,ASM01,Down,Starved - Upstream,15.1
2026-09-30T01:08:26Z,Assembly,ASM01,Running,,0
2026-09-30T01:58:19Z,Assembly,ASM01,Down,Change Over - Line clearance,47.3
2026-09-30T02:45:40Z,Assembly,ASM01,Running,,0
2026-09-30T03:00:00Z,Assembly,ASM01,Down,Outside production hours,0
2026-09-30T11:05:31Z,Assembly,ASM01,Running,,0
2026-09-30T11:53:39Z,Assembly,ASM01,Down,Change Over - Line clearance,72.1
2026-09-30T13:05:47Z,Assembly,ASM01,Running,,0
2026-09-30T13:38:56Z,Assembly,ASM01,Down,Quality Hold,41.1
2026-09-30T14:20:01Z,Assembly,ASM01,Running,,0
2026-09-30T15:38:37Z,Assembly,ASM01,Down,Quality Hold,17.3
2026-09-30T15:55:54Z,Assembly,ASM01,Running,,0
2026-09-30T17:24:14Z,Assembly,ASM01,Down,Blocked - Downstream,4.8
2026-09-30T17:29:00Z,Assembly,ASM01,Running,,0
2026-09-30T18:06:59Z,Assembly,ASM01,Down,Starved - Upstream,5.2
2026-09-30T18:12:09Z,Assembly,ASM01,Running,,0
2026-09-30T18:49:58Z,Assembly,ASM01,Down,No Operator,14.3
2026-09-30T19:04:13Z,Assembly,ASM01,Running,,0
2026-09-30T19:34:25Z,Assembly,ASM01,Down,Jam,11.8
2026-09-30T19:46:12Z,Assembly,ASM01,Running,,0
2026-09-30T20:33:30Z,Assembly,ASM01,Down,Starved - Upstream,10.8
2026-09-30T20:44:18Z,Assembly,ASM01,Running,,0
2026-09-30T22:15:42Z,Assembly,ASM01,Down,Starved - Upstream,10.3
2026-09-30T22:26:00Z,Assembly,ASM01,Running,,0
2026-09-30T23:50:41Z,Assembly,ASM01,Down,Scheduled Downtime,69.5
2026-10-01T01:00:13Z,Assembly,ASM01,Running,,0
2026-10-01T01:55:43Z,Assembly,ASM01,Down,No Operator,27.6
2026-10-01T02:23:20Z,Assembly,ASM01,Running,,0
2026-10-01T03:00:00Z,Assembly,ASM01,Down,Outside production hours,0
2026-10-01T11:26:04Z,Assembly,ASM01,Down,Scheduled Downtime,228.5
2026-10-01T15:14:33Z,Assembly,ASM01,Running,,0
2026-10-01T16:29:17Z,Assembly,ASM01,Down,Quality Hold,29.9
2026-10-01T16:59:08Z,Assembly,ASM01,Running,,0
2026-10-01T17:59:02Z,Assembly,ASM01,Down,Starved - Upstream,17.8
2026-10-01T18:16:48Z,Assembly,ASM01,Running,,0
2026-10-01T19:51:20Z,Assembly,ASM01,Down,Starved - Upstream,5.1
2026-10-01T19:56:25Z,Assembly,ASM01,Running,,0
2026-10-01T20:48:06Z,Assembly,ASM01,Down,Jam,22.8
2026-10-01T21:10:57Z,Assembly,ASM01,Running,,0
2026-10-01T21:46:46Z,Assembly,ASM01,Down,Blocked - Downstream,5.0
2026-10-01T21:51:46Z,Assembly,ASM01,Running,,0
2026-10-01T22:41:30Z,Assembly,ASM01,Down,Change Over - Line clearance,44.6
2026-10-01T23:26:04Z,Assembly,ASM01,Running,,0
2026-10-02T00:04:48Z,Assembly,ASM01,Down,Change Over - Line clearance,71.4
2026-10-02T01:16:11Z,Assembly,ASM01,Running,,0
2026-10-02T02:19:04Z,Assembly,ASM01,Down,Starved - Upstream,6.6
2026-10-02T02:25:38Z,Assembly,ASM01,Running,,0
2026-10-02T03:00:00Z,Assembly,ASM01,Down,Outside production hours,0
2026-10-02T11:16:09Z,Assembly,ASM01,Down,Starved - Upstream,16.2
2026-10-02T11:32:20Z,Assembly,ASM01,Running,,0
2026-10-02T12:38:39Z,Assembly,ASM01,Down,Change Over - Line clearance,29.7
2026-10-02T13:08:20Z,Assembly,ASM01,Running,,0
2026-10-02T14:01:36Z,Assembly,ASM01,Down,No Operator,19.2
2026-10-02T14:20:49Z,Assembly,ASM01,Running,,0
2026-10-02T15:09:17Z,Assembly,ASM01,Down,Blocked - Downstream,11.6
2026-10-02T15:20:51Z,Assembly,ASM01,Running,,0
2026-10-02T16:12:14Z,Assembly,ASM01,Down,Blocked - Downstream,14.3
2026-10-02T16:26:34Z,Assembly,ASM01,Running,,0
2026-10-02T17:19:28Z,Assembly,ASM01,Down,Change Over - Line clearance,42.0
2026-10-02T18:01:31Z,Assembly,ASM01,Running,,0
2026-10-02T18:50:08Z,Assembly,ASM01,Down,Jam,24.0
2026-10-02T19:14:05Z,Assembly,ASM01,Running,,0
2026-10-02T20:18:07Z,Assembly,ASM01,Down,Blocked - Downstream,6.1
2026-10-02T20:24:15Z,Assembly,ASM01,Running,,0
2026-10-02T21:14:20Z,Assembly,ASM01,Down,Blocked - Downstream,14.2
2026-10-02T21:28:32Z,Assembly,ASM01,Running,,0
2026-10-02T22:28:54Z,Assembly,ASM01,Down,Jam,21.2
2026-10-02T22:50:05Z,Assembly,ASM01,Running,,0
2026-10-02T23:30:50Z,Assembly,ASM01,Down,Jam,17.1
2026-10-02T23:47:54Z,Assembly,ASM01,Running,,0
2026-10-03T00:46:44Z,Assembly,ASM01,Down,Blocked - Downstream,5.1
2026-10-03T00:51:52Z,Assembly,ASM01,Running,,0
2026-10-03T02:21:43Z,Assembly,ASM01,Down,No Operator,22.6
2026-10-03T02:44:17Z,Assembly,ASM01,Running,,0
2026-10-03T03:00:00Z,Assembly,ASM01,Down,Outside production hours,0
2026-10-03T11:05:48Z,Assembly,ASM01,Running,,0
2026-10-03T12:31:40Z,Assembly,ASM01,Down,Change Over - Line clearance,82.7
2026-10-03T13:54:22Z,Assembly,ASM01,Running,,0
2026-10-03T15:04:33Z,Assembly,ASM01,Down,Change Over - Line clearance,54.8
2026-10-03T15:59:21Z,Assembly,ASM01,Running,,0
2026-10-03T16:49:56Z,Assembly,ASM01,Down,Quality Hold,43.5
2026-10-03T17:33:29Z,Assembly,ASM01,Running,,0
2026-10-03T18:57:57Z,Assembly,ASM01,Down,E-Stop,7.5
2026-10-03T19:05:30Z,Assembly,ASM01,Running,,0
2026-10-03T20:16:35Z,Assembly,ASM01,Down,Blocked - Downstream,13.6
2026-10-03T20:30:12Z,Assembly,ASM01,Running,,0
2026-10-03T21:18:02Z,Assembly,ASM01,Down,Blocked - Downstream,4.5
2026-10-03T21:22:35Z,Assembly,ASM01,Running,,0
2026-10-03T22:46:15Z,Assembly,ASM01,Down,Quality Hold,41.3
2026-10-03T23:27:30Z,Assembly,ASM01,Running,,0
2026-10-04T00:52:29Z,Assembly,ASM01,Down,Change Over - Line clearance,66.9
2026-10-04T01:59:22Z,Assembly,ASM01,Running,,0
2026-10-04T02:58:13Z,Assembly,ASM01,Down,Starved - Upstream,15.2
2026-10-04T03:00:00Z,Assembly,ASM01,Down,Outside production hours,0
2026-10-05T11:03:31Z,Assembly,ASM01,Running,,0
2026-10-05T11:29:43Z,Assembly,ASM01,Down,Jam,11.7
2026-10-05T11:41:22Z,Assembly,ASM01,Running,,0
2026-10-05T13:14:21Z,Assembly,ASM01,Down,Change Over - Line clearance,51.2
2026-10-05T14:05:34Z,Assembly,ASM01,Running,,0
2026-10-05T14:55:47Z,Assembly,ASM01,Down,Blocked - Downstream,10.4
2026-10-05T15:06:10Z,Assembly,ASM01,Running,,0
2026-10-05T16:25:49Z,Assembly,ASM01,Down,E-Stop,11.4
2026-10-05T16:37:10Z,Assembly,ASM01,Running,,0
2026-10-05T18:10:07Z,Assembly,ASM01,Down,Starved - Upstream,17.3
2026-10-05T18:27:22Z,Assembly,ASM01,Running,,0
2026-10-05T19:39:43Z,Assembly,ASM01,Down,Jam,20.9
2026-10-05T20:00:34Z,Assembly,ASM01,Running,,0
2026-10-05T20:29:25Z,Assembly,ASM01,Down,Jam,24.7
2026-10-05T20:54:08Z,Assembly,ASM01,Running,,0
2026-10-05T21:56:16Z,Assembly,ASM01,Down,Change Over - Line clearance,79.2
2026-10-05T23:15:25Z,Assembly,ASM01,Running,,0
2026-10-05T23:48:59Z,Assembly,ASM01,Down,No Operator,23.0
2026-10-06T00:11:58Z,Assembly,ASM01,Running,,0
2026-10-06T01:25:11Z,Assembly,ASM01,Down,Jam,19.7
2026-10-06T01:44:54Z,Assembly,ASM01,Running,,0
2026-10-06T02:20:29Z,Assembly,ASM01,Down,Change Over - Line clearance,49.2
2026-10-06T03:00:00Z,Assembly,ASM01,Down,Outside production hours,0
2026-10-06T11:54:17Z,Assembly,ASM01,Down,Jam,8.3
2026-10-06T12:02:33Z,Assembly,ASM01,Running,,0
2026-10-06T13:20:30Z,Assembly,ASM01,Down,Starved - Upstream,12.5
2026-10-06T13:32:59Z,Assembly,ASM01,Running,,0
2026-10-06T14:54:04Z,Assembly,ASM01,Down,E-Stop,7.4
2026-10-06T15:01:28Z,Assembly,ASM01,Running,,0
2026-10-06T15:48:14Z,Assembly,ASM01,Down,Scheduled Downtime,66.5
2026-10-06T16:54:46Z,Assembly,ASM01,Running,,0
2026-10-06T18:16:39Z,Assembly,ASM01,Down,Starved - Upstream,19.2
2026-10-06T18:35:51Z,Assembly,ASM01,Running,,0
2026-10-06T19:55:56Z,Assembly,ASM01,Down,No Operator,20.7
2026-10-06T20:16:40Z,Assembly,ASM01,Running,,0
2026-10-06T21:17:24Z,Assembly,ASM01,Down,Change Over - Line clearance,30.6
2026-10-06T21:48:00Z,Assembly,ASM01,Running,,0
2026-10-06T22:50:17Z,Assembly,ASM01,Down,Blocked - Downstream,6.8
2026-10-06T22:57:05Z,Assembly,ASM01,Running,,0
2026-10-06T23:57:46Z,Assembly,ASM01,Down,Change Over - Line clearance,53.1
2026-10-07T00:50:53Z,Assembly,ASM01,Running,,0
2026-10-07T01:21:12Z,Assembly,ASM01,Down,Starved - Upstream,13.0
2026-10-07T01:34:15Z,Assembly,ASM01,Running,,0
2026-10-07T02:10:48Z,Assembly,ASM01,Down,Quality Hold,19.9
2026-10-07T02:30:43Z,Assembly,ASM01,Running,,0
2026-10-07T03:00:00Z,Assembly,ASM01,Down,Outside production hours,0
2026-10-07T11:37:34Z,Assembly,ASM01,Running,,0
2026-10-07T13:04:39Z,Assembly,ASM01,Down,Starved - Upstream,14.6
2026-10-07T13:19:17Z,Assembly,ASM01,Running,,0
2026-10-07T14:50:58Z,Assembly,ASM01,Down,Quality Hold,22.4
2026-10-07T15:13:23Z,Assembly,ASM01,Running,,0
2026-10-07T15:57:50Z,Assembly,ASM01,Down,Change Over - Line clearance,26.2
2026-10-07T16:24:01Z,Assembly,ASM01,Running,,0
2026-10-07T17:44:19Z,Assembly,ASM01,Down,Jam,8.8
2026-10-07T17:53:06Z,Assembly,ASM01,Running,,0
2026-10-07T18:34:42Z,Assembly,ASM01,Down,No Operator,15.0
2026-10-07T18:49:44Z,Assembly,ASM01,Running,,0
2026-10-07T19:46:36Z,Assembly,ASM01,Down,Quality Hold,35.3
2026-10-07T20:21:55Z,Assembly,ASM01,Running,,0
2026-10-07T21:42:49Z,Assembly,ASM01,Down,Change Over - Line clearance,38.8
2026-10-07T22:21:35Z,Assembly,ASM01,Running,,0
2026-10-07T23:05:54Z,Assembly,ASM01,Down,Starved - Upstream,6.6
2026-10-07T23:12:32Z,Assembly,ASM01,Running,,0
2026-10-08T00:37:45Z,Assembly,ASM01,Down,Jam,4.8
2026-10-08T00:42:31Z,Assembly,ASM01,Running,,0
2026-10-08T01:09:24Z,Assembly,ASM01,Down,Scheduled Downtime,150.1
2026-10-08T03:00:00Z,Assembly,ASM01,Down,Outside production hours,0
2026-10-08T11:46:41Z,Assembly,ASM01,Running,,0
2026-10-08T13:13:48Z,Assembly,ASM01,Down,Blocked - Downstream,8.9
2026-10-08T13:22:44Z,Assembly,ASM01,Running,,0
2026-10-08T14:11:31Z,Assembly,ASM01,Down,Jam,19.7
2026-10-08T14:31:13Z,Assembly,ASM01,Running,,0
2026-10-08T15:11:07Z,Assembly,ASM01,Down,Change Over - Line clearance,59.7
2026-10-08T16:10:47Z,Assembly,ASM01,Running,,0
2026-10-08T16:43:07Z,Assembly,ASM01,Down,Change Over - Line clearance,81.6
2026-10-08T18:04:44Z,Assembly,ASM01,Running,,0
2026-10-08T19:28:26Z,Assembly,ASM01,Down,Quality Hold,30.2
2026-10-08T19:58:35Z,Assembly,ASM01,Running,,0
2026-10-08T21:12:20Z,Assembly,ASM01,Down,Jam,18.0
2026-10-08T21:30:18Z,Assembly,ASM01,Running,,0
2026-10-08T23:04:09Z,Assembly,ASM01,Down,Jam,17.3
2026-10-08T23:21:27Z,Assembly,ASM01,Running,,0
2026-10-09T00:00:11Z,Assembly,ASM01,Down,Blocked - Downstream,8.0
2026-10-09T00:08:13Z,Assembly,ASM01,Running,,0
2026-10-09T00:56:22Z,Assembly,ASM01,Down,Blocked - Downstream,10.5
2026-10-09T01:06:53Z,Assembly,ASM01,Running,,0
2026-10-09T02:09:40Z,Assembly,ASM01,Down,Starved - Upstream,18.9
2026-10-09T02:28:33Z,Assembly,ASM01,Running,,0
2026-10-09T03:00:00Z,Assembly,ASM01,Down,Outside production hours,0
2026-10-09T11:36:19Z,Assembly,ASM01,Running,,0
2026-10-09T12:11:47Z,Assembly,ASM01,Down,Jam,9.9
2026-10-09T12:21:42Z,Assembly,ASM01,Running,,0
2026-10-09T13:46:35Z,Assembly,ASM01,Down,Blocked - Downstream,13.9
2026-10-09T14:00:31Z,Assembly,ASM01,Running,,0
2026-10-09T15:28:06Z,Assembly,ASM01,Down,Jam,8.6
2026-10-09T15:36:44Z,Assembly,ASM01,Running,,0
2026-10-09T16:24:12Z,Assembly,ASM01,Down,Jam,21.8
2026-10-09T16:46:03Z,Assembly,ASM01,Running,,0
2026-10-09T17:59:17Z,Assembly,ASM01,Down,Quality Hold,18.6
2026-10-09T18:17:51Z,Assembly,ASM01,Running,,0
2026-10-09T19:05:19Z,Assembly,ASM01,Down,Jam,4.7
2026-10-09T19:09:59Z,Assembly,ASM01,Running,,0
2026-10-09T20:27:09Z,Assembly,ASM01,Down,Starved - Upstream,11.7
2026-10-09T20:38:51Z,Assembly,ASM01,Running,,0
2026-10-09T22:06:24Z,Assembly,ASM01,Down,Change Over - Line clearance,42.4
2026-10-09T22:48:49Z,Assembly,ASM01,Running,,0
2026-10-10T00:02:32Z,Assembly,ASM01,Down,Change Over - Line clearance,86.8
2026-10-10T01:29:22Z,Assembly,ASM01,Running,,0
2026-10-10T02:22:40Z,Assembly,ASM01,Down,Change Over - Line clearance,29.1
2026-10-10T02:51:45Z,Assembly,ASM01,Running,,0
2026-10-10T03:00:00Z,Assembly,ASM01,Down,Outside production hours,0
2026-10-10T11:40:33Z,Assembly,ASM01,Down,Blocked - Downstream,8.2
2026-10-10T11:48:48Z,Assembly,ASM01,Running,,0
2026-10-10T12:50:52Z,Assembly,ASM01,Down,Scheduled Downtime,192.9
2026-10-10T16:03:46Z,Assembly,ASM01,Running,,0
2026-10-10T17:18:20Z,Assembly,ASM01,Down,Change Over - Line clearance,62.9
2026-10-10T18:21:16Z,Assembly,ASM01,Running,,0
2026-10-10T19:45:21Z,Assembly,ASM01,Down,Change Over - Line clearance,48.4
2026-10-10T20:33:42Z,Assembly,ASM01,Running,,0
2026-10-10T21:15:35Z,Assembly,ASM01,Down,Scheduled Downtime,209.6
2026-10-11T00:45:11Z,Assembly,ASM01,Running,,0
2026-10-11T01:28:37Z,Assembly,ASM01,Down,E-Stop,3.5
2026-10-11T01:32:08Z,Assembly,ASM01,Running,,0
2026-10-11T02:36:55Z,Assembly,ASM01,Down,Starved - Upstream,8.0
2026-10-11T02:44:55Z,Assembly,ASM01,Running,,0
2026-10-11T03:00:00Z,Assembly,ASM01,Down,Outside production hours,0
2026-10-12T11:13:00Z,Assembly,ASM01,Down,No Operator,22.2
2026-10-12T11:35:10Z,Assembly,ASM01,Running,,0
2026-10-12T12:42:50Z,Assembly,ASM01,Down,E-Stop,8.8
2026-10-12T12:51:37Z,Assembly,ASM01,Running,,0
2026-10-12T13:38:55Z,Assembly,ASM01,Down,No Operator,12.1
2026-10-12T13:51:00Z,Assembly,ASM01,Running,,0
2026-10-12T15:03:30Z,Assembly,ASM01,Down,Jam,19.6
2026-10-12T15:23:07Z,Assembly,ASM01,Running,,0
2026-10-12T15:52:41Z,Assembly,ASM01,Down,Starved - Upstream,10.1
2026-10-12T16:02:48Z,Assembly,ASM01,Running,,0
2026-10-12T17:02:59Z,Assembly,ASM01,Down,Scheduled Downtime,76.6
2026-10-12T18:19:37Z,Assembly,ASM01,Running,,0
2026-10-12T19:20:13Z,Assembly,ASM01,Down,E-Stop,11.8
2026-10-12T19:32:00Z,Assembly,ASM01,Running,,0
2026-10-12T20:24:13Z,Assembly,ASM01,Down,Scheduled Downtime,126.3
2026-10-12T22:30:29Z,Assembly,ASM01,Running,,0
2026-10-13T00:05:21Z,Assembly,ASM01,Down,Starved - Upstream,13.9
2026-10-13T00:19:16Z,Assembly,ASM01,Running,,0
2026-10-13T00:57:33Z,Assembly,ASM01,Down,Starved - Upstream,13.3
2026-10-13T01:10:50Z,Assembly,ASM01,Running,,0
2026-10-13T02:01:59Z,Assembly,ASM01,Down,Change Over - Line clearance,37.2
2026-10-13T02:39:14Z,Assembly,ASM01,Running,,0
2026-10-13T03:00:00Z,Assembly,ASM01,Down,Outside production hours,0
2026-10-13T11:11:02Z,Assembly,ASM01,Down,Blocked - Downstream,5.2
2026-10-13T11:16:15Z,Assembly,ASM01,Running,,0
2026-10-13T12:32:42Z,Assembly,ASM01,Down,E-Stop,7.1
2026-10-13T12:39:51Z,Assembly,ASM01,Running,,0
2026-10-13T13:52:27Z,Assembly,ASM01,Down,Starved - Upstream,11.7
2026-10-13T14:04:08Z,Assembly,ASM01,Running,,0
2026-10-13T15:08:16Z,Assembly,ASM01,Down,Change Over - Line clearance,73.7
2026-10-13T16:21:59Z,Assembly,ASM01,Running,,0
2026-10-13T16:56:34Z,Assembly,ASM01,Down,Change Over - Line clearance,37.9
2026-10-13T17:34:30Z,Assembly,ASM01,Running,,0
2026-10-13T19:06:28Z,Assembly,ASM01,Down,Quality Hold,42.0
2026-10-13T19:48:30Z,Assembly,ASM01,Running,,0
2026-10-13T20:36:46Z,Assembly,ASM01,Down,Starved - Upstream,12.9
2026-10-13T20:49:39Z,Assembly,ASM01,Running,,0
2026-10-13T21:37:14Z,Assembly,ASM01,Down,Blocked - Downstream,14.6
2026-10-13T21:51:50Z,Assembly,ASM01,Running,,0
2026-10-13T22:46:31Z,Assembly,ASM01,Down,Jam,5.7
2026-10-13T22:52:13Z,Assembly,ASM01,Running,,0
2026-10-13T23:37:01Z,Assembly,ASM01,Down,Change Over - Line clearance,72.4
2026-10-14T00:49:27Z,Assembly,ASM01,Running,,0
2026-10-14T01:20:38Z,Assembly,ASM01,Down,Jam,10.8
2026-10-14T01:31:24Z,Assembly,ASM01,Running,,0
2026-10-14T02:29:29Z,Assembly,ASM01,Down,Jam,12.0
2026-10-14T02:41:30Z,Assembly,ASM01,Running,,0
2026-10-14T03:00:00Z,Assembly,ASM01,Down,Outside production hours,0
2026-10-14T11:01:21Z,Assembly,ASM01,Down,Change Over - Line clearance,63.7
2026-10-14T12:05:02Z,Assembly,ASM01,Running,,0
2026-10-14T12:43:28Z,Assembly,ASM01,Down,Jam,17.8
2026-10-14T13:01:13Z,Assembly,ASM01,Running,,0
2026-10-14T13:53:23Z,Assembly,ASM01,Down,No Operator,12.2
2026-10-14T14:05:32Z,Assembly,ASM01,Running,,0
2026-10-14T15:02:26Z,Assembly,ASM01,Down,Blocked - Downstream,7.8
2026-10-14T15:10:13Z,Assembly,ASM01,Running,,0
2026-10-14T15:47:15Z,Assembly,ASM01,Down,Jam,4.4
2026-10-14T15:51:38Z,Assembly,ASM01,Running,,0
2026-10-14T16:46:13Z,Assembly,ASM01,Down,Change Over - Line clearance,80.5
2026-10-14T18:06:44Z,Assembly,ASM01,Running,,0
2026-10-14T19:20:24Z,Assembly,ASM01,Down,Change Over - Line clearance,63.5
2026-10-14T20:23:51Z,Assembly,ASM01,Running,,0
2026-10-14T21:42:33Z,Assembly,ASM01,Down,Starved - Upstream,13.3
2026-10-14T21:55:50Z,Assembly,ASM01,Running,,0
2026-10-14T23:00:14Z,Assembly,ASM01,Down,Scheduled Downtime,111.4
2026-10-15T00:51:37Z,Assembly,ASM01,Running,,0
2026-10-15T01:57:04Z,Assembly,ASM01,Down,Change Over - Line clearance,72.5
2026-10-15T03:00:00Z,Assembly,ASM01,Down,Outside production hours,0
2026-10-15T11:50:31Z,Assembly,ASM01,Down,Change Over - Line clearance,87.2
2026-10-15T13:17:43Z,Assembly,ASM01,Running,,0
2026-10-15T14:35:55Z,Assembly,ASM01,Down,Change Over - Line clearance,81.4
2026-10-15T15:57:19Z,Assembly,ASM01,Running,,0
2026-10-15T16:25:45Z,Assembly,ASM01,Down,Jam,5.8
2026-10-15T16:31:36Z,Assembly,ASM01,Running,,0
2026-10-15T16:58:29Z,Assembly,ASM01,Down,Jam,12.3
2026-10-15T17:10:49Z,Assembly,ASM01,Running,,0
2026-10-15T18:26:38Z,Assembly,ASM01,Down,Jam,22.3
2026-10-15T18:48:54Z,Assembly,ASM01,Running,,0
2026-10-15T19:30:00Z,Assembly,ASM01,Down,Blocked - Downstream,4.6
2026-10-15T19:34:35Z,Assembly,ASM01,Running,,0
2026-10-15T21:07:15Z,Assembly,ASM01,Down,Jam,20.7
2026-10-15T21:27:57Z,Assembly,ASM01,Running,,0
2026-10-15T22:27:56Z,Assembly,ASM01,Down,Blocked - Downstream,13.4
2026-10-15T22:41:18Z,Assembly,ASM01,Running,,0
2026-10-15T23:51:44Z,Assembly,ASM01,Down,No Operator,13.6
2026-10-16T00:05:22Z,Assembly,ASM01,Running,,0
2026-10-16T01:16:27Z,Assembly,ASM01,Down,E-Stop,10.6
2026-10-16T01:27:02Z,Assembly,ASM01,Running,,0
2026-10-16T02:53:24Z,Assembly,ASM01,Down,Starved - Upstream,14.1
2026-10-16T03:00:00Z,Assembly,ASM01,Down,Outside production hours,0
2026-09-25T11:52:35Z,Assembly,ASM02,Down,Quality Hold,38.1
2026-09-25T12:30:41Z,Assembly,ASM02,Running,,0
2026-09-25T14:01:58Z,Assembly,ASM02,Down,Jam,23.4
2026-09-25T14:25:25Z,Assembly,ASM02,Running,,0
2026-09-25T15:29:31Z,Assembly,ASM02,Down,Jam,19.3
2026-09-25T15:48:48Z,Assembly,ASM02,Running,,0
2026-09-25T16:21:48Z,Assembly,ASM02,Down,Change Over - Line clearance,75.2
2026-09-25T17:37:01Z,Assembly,ASM02,Running,,0
2026-09-25T18:54:49Z,Assembly,ASM02,Down,No Operator,27.1
2026-09-25T19:21:58Z,Assembly,ASM02,Running,,0
2026-09-25T20:47:45Z,Assembly,ASM02,Down,Starved - Upstream,9.1
2026-09-25T20:56:49Z,Assembly,ASM02,Running,,0
2026-09-25T22:11:12Z,Assembly,ASM02,Down,Quality Hold,20.0
2026-09-25T22:31:11Z,Assembly,ASM02,Running,,0
2026-09-26T00:00:23Z,Assembly,ASM02,Down,Jam,16.3
2026-09-26T00:16:38Z,Assembly,ASM02,Running,,0
2026-09-26T01:04:50Z,Assembly,ASM02,Down,Scheduled Downtime,167.2
2026-09-26T03:00:00Z,Assembly,ASM02,Down,Outside production hours,0
2026-09-26T11:33:14Z,Assembly,ASM02,Down,Blocked - Downstream,7.7
2026-09-26T11:40:55Z,Assembly,ASM02,Running,,0
2026-09-26T12:50:04Z,Assembly,ASM02,Down,Quality Hold,41.0
2026-09-26T13:31:06Z,Assembly,ASM02,Running,,0
2026-09-26T15:04:41Z,Assembly,ASM02,Down,No Operator,25.0
2026-09-26T15:29:39Z,Assembly,ASM02,Running,,0
2026-09-26T16:37:47Z,Assembly,ASM02,Down,Quality Hold,37.3
2026-09-26T17:15:06Z,Assembly,ASM02,Running,,0
2026-09-26T18:06:11Z,Assembly,ASM02,Down,Change Over - Line clearance,67.7
2026-09-26T19:13:56Z,Assembly,ASM02,Running,,0
2026-09-26T20:29:10Z,Assembly,ASM02,Down,Jam,8.9
2026-09-26T20:38:03Z,Assembly,ASM02,Running,,0
2026-09-26T21:28:20Z,Assembly,ASM02,Down,Starved - Upstream,18.8
2026-09-26T21:47:10Z,Assembly,ASM02,Running,,0
2026-09-26T22:37:55Z,Assembly,ASM02,Down,Starved - Upstream,13.2
2026-09-26T22:51:04Z,Assembly,ASM02,Running,,0
2026-09-26T23:30:22Z,Assembly,ASM02,Down,Starved - Upstream,6.9
2026-09-26T23:37:16Z,Assembly,ASM02,Running,,0
2026-09-27T01:05:13Z,Assembly,ASM02,Down,No Operator,28.7
2026-09-27T01:33:58Z,Assembly,ASM02,Running,,0
2026-09-27T02:20:27Z,Assembly,ASM02,Down,Change Over - Line clearance,49.9
2026-09-27T03:00:00Z,Assembly,ASM02,Down,Outside production hours,0
2026-09-28T11:11:59Z,Assembly,ASM02,Running,,0
2026-09-28T11:45:01Z,Assembly,ASM02,Down,Scheduled Downtime,204.6
2026-09-28T15:09:35Z,Assembly,ASM02,Running,,0
2026-09-28T15:45:00Z,Assembly,ASM02,Down,Jam,17.6
2026-09-28T16:02:36Z,Assembly,ASM02,Running,,0
2026-09-28T16:29:04Z,Assembly,ASM02,Down,Starved - Upstream,10.0
2026-09-28T16:39:01Z,Assembly,ASM02,Running,,0
2026-09-28T17:49:05Z,Assembly,ASM02,Down,Quality Hold,24.3
2026-09-28T18:13:23Z,Assembly,ASM02,Running,,0
2026-09-28T19:12:39Z,Assembly,ASM02,Down,Change Over - Line clearance,70.5
2026-09-28T20:23:10Z,Assembly,ASM02,Running,,0
2026-09-28T21:06:33Z,Assembly,ASM02,Down,Quality Hold,31.1
2026-09-28T21:37:41Z,Assembly,ASM02,Running,,0
2026-09-28T22:43:12Z,Assembly,ASM02,Down,Jam,20.7
2026-09-28T23:03:53Z,Assembly,ASM02,Running,,0
2026-09-29T00:02:43Z,Assembly,ASM02,Down,No Operator,20.5
2026-09-29T00:23:12Z,Assembly,ASM02,Running,,0
2026-09-29T00:54:59Z,Assembly,ASM02,Down,Jam,13.6
2026-09-29T01:08:37Z,Assembly,ASM02,Running,,0
2026-09-29T01:39:53Z,Assembly,ASM02,Down,Blocked - Downstream,7.1
2026-09-29T01:46:58Z,Assembly,ASM02,Running,,0
2026-09-29T02:38:02Z,Assembly,ASM02,Down,Change Over - Line clearance,26.3
2026-09-29T03:00:00Z,Assembly,ASM02,Down,Outside production hours,0
2026-09-29T11:09:23Z,Assembly,ASM02,Running,,0
2026-09-29T12:32:59Z,Assembly,ASM02,Down,E-Stop,3.7
2026-09-29T12:36:39Z,Assembly,ASM02,Running,,0
2026-09-29T13:02:14Z,Assembly,ASM02,Down,Blocked - Downstream,11.1
2026-09-29T13:13:20Z,Assembly,ASM02,Running,,0
2026-09-29T14:07:24Z,Assembly,ASM02,Down,E-Stop,9.7
2026-09-29T14:17:09Z,Assembly,ASM02,Running,,0
2026-09-29T15:32:58Z,Assembly,ASM02,Down,Starved - Upstream,13.9
2026-09-29T15:46:50Z,Assembly,ASM02,Running,,0
2026-09-29T17:06:33Z,Assembly,ASM02,Down,Change Over - Line clearance,70.7
2026-09-29T18:17:12Z,Assembly,ASM02,Running,,0
2026-09-29T19:20:03Z,Assembly,ASM02,Down,Quality Hold,17.4
2026-09-29T19:37:26Z,Assembly,ASM02,Running,,0
2026-09-29T20:56:30Z,Assembly,ASM02,Down,Quality Hold,26.3
2026-09-29T21:22:49Z,Assembly,ASM02,Running,,0
2026-09-29T22:37:19Z,Assembly,ASM02,Down,Blocked - Downstream,5.6
2026-09-29T22:42:53Z,Assembly,ASM02,Running,,0
2026-09-29T23:26:11Z,Assembly,ASM02,Down,Starved - Upstream,5.5
2026-09-29T23:31:42Z,Assembly,ASM02,Running,,0
2026-09-30T00:00:28Z,Assembly,ASM02,Down,Scheduled Downtime,93.3
2026-09-30T01:33:46Z,Assembly,ASM02,Running,,0
2026-09-30T02:46:00Z,Assembly,ASM02,Down,Quality Hold,35.7
2026-09-30T03:00:00Z,Assembly,ASM02,Down,Outside production hours,0
2026-09-30T11:46:55Z,Assembly,ASM02,Running,,0
2026-09-30T12:42:46Z,Assembly,ASM02,Down,Starved - Upstream,17.9
2026-09-30T13:00:42Z,Assembly,ASM02,Running,,0
2026-09-30T13:49:49Z,Assembly,ASM02,Down,Starved - Upstream,19.8
2026-09-30T14:09:40Z,Assembly,ASM02,Running,,0
2026-09-30T14:38:18Z,Assembly,ASM02,Down,Starved - Upstream,7.3
2026-09-30T14:45:34Z,Assembly,ASM02,Running,,0
2026-09-30T16:01:06Z,Assembly,ASM02,Down,Change Over - Line clearance,68.3
2026-09-30T17:09:25Z,Assembly,ASM02,Running,,0
2026-09-30T17:52:28Z,Assembly,ASM02,Down,Change Over - Line clearance,38.2
2026-09-30T18:30:39Z,Assembly,ASM02,Running,,0
2026-09-30T19:24:37Z,Assembly,ASM02,Down,Starved - Upstream,20.0
2026-09-30T19:44:35Z,Assembly,ASM02,Running,,0
2026-09-30T20:59:30Z,Assembly,ASM02,Down,Jam,9.5
2026-09-30T21:09:00Z,Assembly,ASM02,Running,,0
2026-09-30T21:39:28Z,Assembly,ASM02,Down,Blocked - Downstream,4.1
2026-09-30T21:43:32Z,Assembly,ASM02,Running,,0
2026-09-30T22:48:09Z,Assembly,ASM02,Down,No Operator,18.0
2026-09-30T23:06:09Z,Assembly,ASM02,Running,,0
2026-09-30T23:49:51Z,Assembly,ASM02,Down,Scheduled Downtime,81.0
2026-10-01T01:10:50Z,Assembly,ASM02,Running,,0
2026-10-01T02:18:33Z,Assembly,ASM02,Down,Jam,13.0
2026-10-01T02:31:34Z,Assembly,ASM02,Running,,0
2026-10-01T03:00:00Z,Assembly,ASM02,Down,Outside production hours,0
2026-10-01T11:02:34Z,Assembly,ASM02,Down,Change Over - Line clearance,42.6
2026-10-01T11:45:13Z,Assembly,ASM02,Running,,0
2026-10-01T12:10:33Z,Assembly,ASM02,Down,Change Over - Line clearance,50.2
2026-10-01T13:00:48Z,Assembly,ASM02,Running,,0
2026-10-01T13:38:26Z,Assembly,ASM02,Down,E-Stop,8.2
2026-10-01T13:46:40Z,Assembly,ASM02,Running,,0
2026-10-01T14:37:30Z,Assembly,ASM02,Down,Jam,12.0
2026-10-01T14:49:32Z,Assembly,ASM02,Running,,0
2026-10-01T15:50:55Z,Assembly,ASM02,Down,Starved - Upstream,10.9
2026-10-01T16:01:52Z,Assembly,ASM02,Running,,0
2026-10-01T16:27:16Z,Assembly,ASM02,Down,Starved - Upstream,12.4
2026-10-01T16:39:40Z,Assembly,ASM02,Running,,0
2026-10-01T17:45:06Z,Assembly,ASM02,Down,Jam,7.3
2026-10-01T17:52:23Z,Assembly,ASM02,Running,,0
2026-10-01T19:17:27Z,Assembly,ASM02,Down,Jam,6.1
2026-10-01T19:23:32Z,Assembly,ASM02,Running,,0
2026-10-01T20:51:26Z,Assembly,ASM02,Down,Change Over - Line clearance,40.9
2026-10-01T21:32:18Z,Assembly,ASM02,Running,,0
2026-10-01T22:45:16Z,Assembly,ASM02,Down,Starved - Upstream,6.9
2026-10-01T22:52:12Z,Assembly,ASM02,Running,,0
2026-10-01T23:49:43Z,Assembly,ASM02,Down,Starved - Upstream,19.8
2026-10-02T00:09:29Z,Assembly,ASM02,Running,,0
2026-10-02T00:44:20Z,Assembly,ASM02,Down,No Operator,8.1
2026-10-02T00:52:25Z,Assembly,ASM02,Running,,0
2026-10-02T01:27:59Z,Assembly,ASM02,Down,Starved - Upstream,6.8
2026-10-02T01:34:46Z,Assembly,ASM02,Running,,0
2026-10-02T02:40:13Z,Assembly,ASM02,Down,Change Over - Line clearance,85.7
2026-10-02T03:00:00Z,Assembly,ASM02,Down,Outside production hours,0
2026-10-02T12:04:32Z,Assembly,ASM02,Down,Scheduled Downtime,190.2
2026-10-02T15:14:45Z,Assembly,ASM02,Running,,0
2026-10-02T16:02:19Z,Assembly,ASM02,Down,Blocked - Downstream,7.2
2026-10-02T16:09:28Z,Assembly,ASM02,Running,,0
2026-10-02T17:21:00Z,Assembly,ASM02,Down,Scheduled Downtime,101.7
2026-10-02T19:02:44Z,Assembly,ASM02,Running,,0
2026-10-02T20:33:17Z,Assembly,ASM02,Down,Jam,16.0
2026-10-02T20:49:20Z,Assembly,ASM02,Running,,0
2026-10-02T22:12:02Z,Assembly,ASM02,Down,Blocked - Downstream,11.7
2026-10-02T22:23:47Z,Assembly,ASM02,Running,,0
2026-10-02T23:41:35Z,Assembly,ASM02,Down,Starved - Upstream,15.4
2026-10-02T23:57:01Z,Assembly,ASM02,Running,,0
2026-10-03T01:00:14Z,Assembly,ASM02,Down,Change Over - Line clearance,43.1
2026-10-03T01:43:21Z,Assembly,ASM02,Running,,0
2026-10-03T03:00:00Z,Assembly,ASM02,Down,Outside production hours,0
2026-10-03T11:22:02Z,Assembly,ASM02,Running,,0
2026-10-03T12:25:39Z,Assembly,ASM02,Down,Jam,11.1
2026-10-03T12:36:46Z,Assembly,ASM02,Running,,0
2026-10-03T13:27:39Z,Assembly,ASM02,Down,Jam,19.8
2026-10-03T13:47:30Z,Assembly,ASM02,Running,,0
2026-10-03T14:15:08Z,Assembly,ASM02,Down,E-Stop,4.3
2026-10-03T14:19:27Z,Assembly,ASM02,Running,,0
2026-10-03T15:23:30Z,Assembly,ASM02,Down,Jam,5.8
2026-10-03T15:29:20Z,Assembly,ASM02,Running,,0
2026-10-03T16:09:48Z,Assembly,ASM02,Down,Jam,19.6
2026-10-03T16:29:22Z,Assembly,ASM02,Running,,0
2026-10-03T17:17:53Z,Assembly,ASM02,Down,Starved - Upstream,16.2
2026-10-03T17:34:06Z,Assembly,ASM02,Running,,0
2026-10-03T18:36:54Z,Assembly,ASM02,Down,Change Over - Line clearance,51.6
2026-10-03T19:28:29Z,Assembly,ASM02,Running,,0
2026-10-03T20:33:21Z,Assembly,ASM02,Down,Jam,12.6
2026-10-03T20:45:59Z,Assembly,ASM02,Running,,0
2026-10-03T21:13:48Z,Assembly,ASM02,Down,Quality Hold,36.6
2026-10-03T21:50:26Z,Assembly,ASM02,Running,,0
2026-10-03T22:46:55Z,Assembly,ASM02,Down,Starved - Upstream,12.1
2026-10-03T22:59:02Z,Assembly,ASM02,Running,,0
2026-10-04T00:00:38Z,Assembly,ASM02,Down,Jam,13.8
2026-10-04T00:14:28Z,Assembly,ASM02,Running,,0
2026-10-04T00:40:34Z,Assembly,ASM02,Down,Jam,23.5
2026-10-04T01:04:06Z,Assembly,ASM02,Running,,0
2026-10-04T02:36:55Z,Assembly,ASM02,Down,Jam,8.9
2026-10-04T02:45:49Z,Assembly,ASM02,Running,,0
2026-10-04T03:00:00Z,Assembly,ASM02,Down,Outside production hours,0
2026-10-05T11:23:14Z,Assembly,ASM02,Down,E-Stop,10.2
2026-10-05T11:33:29Z,Assembly,ASM02,Running,,0
2026-10-05T12:27:34Z,Assembly,ASM02,Down,E-Stop,7.6
2026-10-05T12:35:09Z,Assembly,ASM02,Running,,0
2026-10-05T13:20:18Z,Assembly,ASM02,Down,Quality Hold,38.9
2026-10-05T13:59:11Z,Assembly,ASM02,Running,,0
2026-10-05T14:50:38Z,Assembly,ASM02,Down,Quality Hold,34.0
2026-10-05T15:24:39Z,Assembly,ASM02,Running,,0
2026-10-05T16:24:58Z,Assembly,ASM02,Down,Blocked - Downstream,6.8
2026-10-05T16:31:47Z,Assembly,ASM02,Running,,0
2026-10-05T17:23:42Z,Assembly,ASM02,Down,No Operator,13.0
2026-10-05T17:36:42Z,Assembly,ASM02,Running,,0
2026-10-05T18:45:54Z,Assembly,ASM02,Down,Starved - Upstream,12.4
2026-10-05T18:58:20Z,Assembly,ASM02,Running,,0
2026-10-05T20:25:50Z,Assembly,ASM02,Down,Change Over - Line clearance,32.7
2026-10-05T20:58:30Z,Assembly,ASM02,Running,,0
2026-10-05T21:25:00Z,Assembly,ASM02,Down,Jam,4.8
2026-10-05T21:29:49Z,Assembly,ASM02,Running,,0
2026-10-05T21:57:04Z,Assembly,ASM02,Down,Jam,9.8
2026-10-05T22:06:50Z,Assembly,ASM02,Running,,0
2026-10-05T23:07:33Z,Assembly,ASM02,Down,Change Over - Line clearance,81.1
2026-10-06T00:28:37Z,Assembly,ASM02,Running,,0
2026-10-06T01:51:45Z,Assembly,ASM02,Down,Jam,4.7
2026-10-06T01:56:28Z,Assembly,ASM02,Running,,0
2026-10-06T02:56:25Z,Assembly,ASM02,Down,Starved - Upstream,14.4
2026-10-06T03:00:00Z,Assembly,ASM02,Down,Outside production hours,0
2026-10-06T11:22:14Z,Assembly,ASM02,Running,,0
2026-10-06T12:05:54Z,Assembly,ASM02,Down,Jam,5.5
2026-10-06T12:11:24Z,Assembly,ASM02,Running,,0
2026-10-06T13:45:35Z,Assembly,ASM02,Down,Starved - Upstream,11.3
2026-10-06T13:56:55Z,Assembly,ASM02,Running,,0
2026-10-06T14:40:17Z,Assembly,ASM02,Down,Jam,12.3
2026-10-06T14:52:35Z,Assembly,ASM02,Running,,0
2026-10-06T15:39:15Z,Assembly,ASM02,Down,Starved - Upstream,19.1
2026-10-06T15:58:21Z,Assembly,ASM02,Running,,0
2026-10-06T16:55:14Z,Assembly,ASM02,Down,Blocked - Downstream,10.7
2026-10-06T17:05:56Z,Assembly,ASM02,Running,,0
2026-10-06T17:54:07Z,Assembly,ASM02,Down,Jam,8.2
2026-10-06T18:02:20Z,Assembly,ASM02,Running,,0
2026-10-06T19:02:47Z,Assembly,ASM02,Down,Quality Hold,27.4
2026-10-06T19:30:11Z,Assembly,ASM02,Running,,0
2026-10-06T19:55:57Z,Assembly,ASM02,Down,Starved - Upstream,11.8
2026-10-06T20:07:42Z,Assembly,ASM02,Running,,0
2026-10-06T21:07:08Z,Assembly,ASM02,Down,Scheduled Downtime,215.8
2026-10-07T00:42:54Z,Assembly,ASM02,Running,,0
2026-10-07T01:31:40Z,Assembly,ASM02,Down,Starved - Upstream,14.8
2026-10-07T01:46:27Z,Assembly,ASM02,Running,,0
2026-10-07T02:19:57Z,Assembly,ASM02,Down,Starved - Upstream,15.1
2026-10-07T02:35:05Z,Assembly,ASM02,Running,,0
2026-10-07T03:00:00Z,Assembly,ASM02,Down,Outside production hours,0
2026-10-07T12:07:41Z,Assembly,ASM02,Down,Starved - Upstream,13.1
2026-10-07T12:20:48Z,Assembly,ASM02,Running,,0
2026-10-07T13:00:12Z,Assembly,ASM02,Down,Scheduled Downtime,61.8
2026-10-07T14:02:02Z,Assembly,ASM02,Running,,0
2026-10-07T14:35:59Z,Assembly,ASM02,Down,Starved - Upstream,15.2
2026-10-07T14:51:12Z,Assembly,ASM02,Running,,0
2026-10-07T15:51:28Z,Assembly,ASM02,Down,Starved - Upstream,12.5
2026-10-07T16:04:00Z,Assembly,ASM02,Running,,0
2026-10-07T17:10:08Z,Assembly,ASM02,Down,Jam,14.1
2026-10-07T17:24:17Z,Assembly,ASM02,Running,,0
2026-10-07T18:29:30Z,Assembly,ASM02,Down,No Operator,9.4
2026-10-07T18:38:55Z,Assembly,ASM02,Running,,0
2026-10-07T19:38:09Z,Assembly,ASM02,Down,Jam,5.3
2026-10-07T19:43:29Z,Assembly,ASM02,Running,,0
2026-10-07T20:52:57Z,Assembly,ASM02,Down,Starved - Upstream,14.9
2026-10-07T21:07:49Z,Assembly,ASM02,Running,,0
2026-10-07T22:36:32Z,Assembly,ASM02,Down,Blocked - Downstream,5.2
2026-10-07T22:41:47Z,Assembly,ASM02,Running,,0
2026-10-07T23:33:00Z,Assembly,ASM02,Down,Blocked - Downstream,6.6
2026-10-07T23:39:37Z,Assembly,ASM02,Running,,0
2026-10-08T01:03:31Z,Assembly,ASM02,Down,Change Over - Line clearance,47.4
2026-10-08T01:50:58Z,Assembly,ASM02,Running,,0
2026-10-08T03:00:00Z,Assembly,ASM02,Down,Outside production hours,0
2026-10-08T11:09:12Z,Assembly,ASM02,Running,,0
2026-10-08T11:39:33Z,Assembly,ASM02,Down,Blocked - Downstream,6.2
2026-10-08T11:45:43Z,Assembly,ASM02,Running,,0
2026-10-08T12:15:21Z,Assembly,ASM02,Down,No Operator,19.7
2026-10-08T12:35:04Z,Assembly,ASM02,Running,,0
2026-10-08T14:04:49Z,Assembly,ASM02,Down,Blocked - Downstream,13.4
2026-10-08T14:18:12Z,Assembly,ASM02,Running,,0
2026-10-08T15:05:22Z,Assembly,ASM02,Down,Blocked - Downstream,8.8
2026-10-08T15:14:07Z,Assembly,ASM02,Running,,0
2026-10-08T16:08:59Z,Assembly,ASM02,Down,Starved - Upstream,11.2
2026-10-08T16:20:08Z,Assembly,ASM02,Running,,0
2026-10-08T17:35:03Z,Assembly,ASM02,Down,Blocked - Downstream,6.0
2026-10-08T17:41:06Z,Assembly,ASM02,Running,,0
2026-10-08T18:10:51Z,Assembly,ASM02,Down,Change Over - Line clearance,72.0
2026-10-08T19:22:52Z,Assembly,ASM02,Running,,0
2026-10-08T20:36:45Z,Assembly,ASM02,Down,Change Over - Line clearance,80.5
2026-10-08T21:57:14Z,Assembly,ASM02,Running,,0
2026-10-08T22:44:36Z,Assembly,ASM02,Down,Change Over - Line clearance,38.0
2026-10-08T23:22:37Z,Assembly,ASM02,Running,,0
2026-10-09T00:54:38Z,Assembly,ASM02,Down,Blocked - Downstream,10.7
2026-10-09T01:05:17Z,Assembly,ASM02,Running,,0
2026-10-09T02:15:19Z,Assembly,ASM02,Down,Jam,16.5
2026-10-09T02:31:50Z,Assembly,ASM02,Running,,0
2026-10-09T03:00:00Z,Assembly,ASM02,Down,Outside production hours,0
2026-10-09T11:37:21Z,Assembly,ASM02,Down,No Operator,10.4
2026-10-09T11:47:44Z,Assembly,ASM02,Running,,0
2026-10-09T12:37:59Z,Assembly,ASM02,Down,Jam,7.3
2026-10-09T12:45:18Z,Assembly,ASM02,Running,,0
2026-10-09T14:04:00Z,Assembly,ASM02,Down,Jam,4.5
2026-10-09T14:08:31Z,Assembly,ASM02,Running,,0
2026-10-09T14:36:59Z,Assembly,ASM02,Down,Quality Hold,40.7
2026-10-09T15:17:39Z,Assembly,ASM02,Running,,0
2026-10-09T16:08:34Z,Assembly,ASM02,Down,Starved - Upstream,9.3
2026-10-09T16:17:52Z,Assembly,ASM02,Running,,0
2026-10-09T17:12:46Z,Assembly,ASM02,Down,Jam,22.2
2026-10-09T17:34:59Z,Assembly,ASM02,Running,,0
2026-10-09T18:10:20Z,Assembly,ASM02,Down,Starved - Upstream,10.5
2026-10-09T18:20:48Z,Assembly,ASM02,Running,,0
2026-10-09T19:23:00Z,Assembly,ASM02,Down,Blocked - Downstream,10.0
2026-10-09T19:32:59Z,Assembly,ASM02,Running,,0
2026-10-09T19:58:01Z,Assembly,ASM02,Down,Jam,16.9
2026-10-09T20:14:54Z,Assembly,ASM02,Running,,0
2026-10-09T20:55:56Z,Assembly,ASM02,Down,Scheduled Downtime,197.1
2026-10-10T00:13:00Z,Assembly,ASM02,Running,,0
2026-10-10T01:12:15Z,Assembly,ASM02,Down,Starved - Upstream,9.7
2026-10-10T01:21:56Z,Assembly,ASM02,Running,,0
2026-10-10T01:48:06Z,Assembly,ASM02,Down,Jam,13.3
2026-10-10T02:01:21Z,Assembly,ASM02,Running,,0
2026-10-10T02:42:43Z,Assembly,ASM02,Down,Quality Hold,19.3
2026-10-10T03:00:00Z,Assembly,ASM02,Down,Outside production hours,0
2026-10-10T11:07:06Z,Assembly,ASM02,Running,,0
2026-10-10T12:22:24Z,Assembly,ASM02,Down,Blocked - Downstream,12.9
2026-10-10T12:35:16Z,Assembly,ASM02,Running,,0
2026-10-10T13:14:40Z,Assembly,ASM02,Down,Starved - Upstream,5.5
2026-10-10T13:20:10Z,Assembly,ASM02,Running,,0
2026-10-10T14:06:16Z,Assembly,ASM02,Down,Jam,11.2
2026-10-10T14:17:30Z,Assembly,ASM02,Running,,0
2026-10-10T15:21:09Z,Assembly,ASM02,Down,Blocked - Downstream,8.0
2026-10-10T15:29:11Z,Assembly,ASM02,Running,,0
2026-10-10T15:57:27Z,Assembly,ASM02,Down,Change Over - Line clearance,53.0
2026-10-10T16:50:29Z,Assembly,ASM02,Running,,0
2026-10-10T18:15:38Z,Assembly,ASM02,Down,Jam,4.3
2026-10-10T18:19:56Z,Assembly,ASM02,Running,,0
2026-10-10T18:49:01Z,Assembly,ASM02,Down,Change Over - Line clearance,37.2
2026-10-10T19:26:10Z,Assembly,ASM02,Running,,0
2026-10-10T20:07:33Z,Assembly,ASM02,Down,Starved - Upstream,7.9
2026-10-10T20:15:24Z,Assembly,ASM02,Running,,0
2026-10-10T21:25:35Z,Assembly,ASM02,Down,No Operator,18.7
2026-10-10T21:44:18Z,Assembly,ASM02,Running,,0
2026-10-10T22:49:59Z,Assembly,ASM02,Down,Starved - Upstream,16.5
2026-10-10T23:06:26Z,Assembly,ASM02,Running,,0
2026-10-10T23:47:25Z,Assembly,ASM02,Down,Blocked - Downstream,11.1
2026-10-10T23:58:30Z,Assembly,ASM02,Running,,0
2026-10-11T01:15:10Z,Assembly,ASM02,Down,Blocked - Downstream,11.0
2026-10-11T01:26:09Z,Assembly,ASM02,Running,,0
2026-10-11T02:28:33Z,Assembly,ASM02,Down,Scheduled Downtime,219.5
2026-10-11T03:00:00Z,Assembly,ASM02,Down,Outside production hours,0
2026-10-12T13:29:12Z,Assembly,ASM02,Running,,0
2026-10-12T14:06:23Z,Assembly,ASM02,Down,Jam,17.7
2026-10-12T14:24:03Z,Assembly,ASM02,Running,,0
2026-10-12T15:22:04Z,Assembly,ASM02,Down,Blocked - Downstream,9.7
2026-10-12T15:31:46Z,Assembly,ASM02,Running,,0
2026-10-12T16:13:42Z,Assembly,ASM02,Down,Starved - Upstream,8.0
2026-10-12T16:21:39Z,Assembly,ASM02,Running,,0
2026-10-12T16:59:23Z,Assembly,ASM02,Down,Quality Hold,39.9
2026-10-12T17:39:17Z,Assembly,ASM02,Running,,0
2026-10-12T19:13:22Z,Assembly,ASM02,Down,Starved - Upstream,5.1
2026-10-12T19:18:30Z,Assembly,ASM02,Running,,0
2026-10-12T20:20:04Z,Assembly,ASM02,Down,E-Stop,11.6
2026-10-12T20:31:39Z,Assembly,ASM02,Running,,0
2026-10-12T21:43:36Z,Assembly,ASM02,Down,No Operator,28.9
2026-10-12T22:12:28Z,Assembly,ASM02,Running,,0
2026-10-12T23:46:50Z,Assembly,ASM02,Down,No Operator,29.8
2026-10-13T00:16:39Z,Assembly,ASM02,Running,,0
2026-10-13T01:23:44Z,Assembly,ASM02,Down,E-Stop,4.0
2026-10-13T01:27:47Z,Assembly,ASM02,Running,,0
2026-10-13T01:53:07Z,Assembly,ASM02,Down,Starved - Upstream,12.4
2026-10-13T02:05:28Z,Assembly,ASM02,Running,,0
2026-10-13T02:42:36Z,Assembly,ASM02,Down,Starved - Upstream,18.8
2026-10-13T03:00:00Z,Assembly,ASM02,Down,Outside production hours,0
2026-10-13T11:15:11Z,Assembly,ASM02,Down,Change Over - Line clearance,59.7
2026-10-13T12:14:55Z,Assembly,ASM02,Running,,0
2026-10-13T13:34:26Z,Assembly,ASM02,Down,Starved - Upstream,15.0
2026-10-13T13:49:24Z,Assembly,ASM02,Running,,0
2026-10-13T15:15:18Z,Assembly,ASM02,Down,Starved - Upstream,9.5
2026-10-13T15:24:46Z,Assembly,ASM02,Running,,0
2026-10-13T16:52:02Z,Assembly,ASM02,Down,Blocked - Downstream,6.7
2026-10-13T16:58:43Z,Assembly,ASM02,Running,,0
2026-10-13T17:24:39Z,Assembly,ASM02,Down,Jam,18.7
2026-10-13T17:43:19Z,Assembly,ASM02,Running,,0
2026-10-13T18:52:04Z,Assembly,ASM02,Down,Change Over - Line clearance,48.2
2026-10-13T19:40:18Z,Assembly,ASM02,Running,,0
2026-10-13T20:21:31Z,Assembly,ASM02,Down,E-Stop,6.2
2026-10-13T20:27:43Z,Assembly,ASM02,Running,,0
2026-10-13T21:57:23Z,Assembly,ASM02,Down,Blocked - Downstream,4.4
2026-10-13T22:01:48Z,Assembly,ASM02,Running,,0
2026-10-13T22:43:56Z,Assembly,ASM02,Down,Jam,8.9
2026-10-13T22:52:51Z,Assembly,ASM02,Running,,0
2026-10-13T23:51:00Z,Assembly,ASM02,Down,Jam,11.9
2026-10-14T00:02:57Z,Assembly,ASM02,Running,,0
2026-10-14T00:51:42Z,Assembly,ASM02,Down,Starved - Upstream,11.0
2026-10-14T01:02:41Z,Assembly,ASM02,Running,,0
2026-10-14T02:18:52Z,Assembly,ASM02,Down,Starved - Upstream,14.1
2026-10-14T02:32:59Z,Assembly,ASM02,Running,,0
2026-10-14T03:00:00Z,Assembly,ASM02,Down,Outside production hours,0
2026-10-14T11:46:40Z,Assembly,ASM02,Down,Starved - Upstream,17.3
2026-10-14T12:04:00Z,Assembly,ASM02,Running,,0
2026-10-14T13:21:53Z,Assembly,ASM02,Down,Starved - Upstream,13.9
2026-10-14T13:35:49Z,Assembly,ASM02,Running,,0
2026-10-14T14:41:18Z,Assembly,ASM02,Down,Quality Hold,17.1
2026-10-14T14:58:26Z,Assembly,ASM02,Running,,0
2026-10-14T15:54:51Z,Assembly,ASM02,Down,Scheduled Downtime,70.0
2026-10-14T17:04:50Z,Assembly,ASM02,Running,,0
2026-10-14T18:28:24Z,Assembly,ASM02,Down,Jam,8.1
2026-10-14T18:36:30Z,Assembly,ASM02,Running,,0
2026-10-14T19:04:10Z,Assembly,ASM02,Down,Quality Hold,24.9
2026-10-14T19:29:01Z,Assembly,ASM02,Running,,0
2026-10-14T20:46:02Z,Assembly,ASM02,Down,Jam,18.2
2026-10-14T21:04:15Z,Assembly,ASM02,Running,,0
2026-10-14T21:46:09Z,Assembly,ASM02,Down,No Operator,13.8
2026-10-14T21:59:56Z,Assembly,ASM02,Running,,0
2026-10-14T23:31:48Z,Assembly,ASM02,Down,Change Over - Line clearance,63.1
2026-10-15T00:34:52Z,Assembly,ASM02,Running,,0
2026-10-15T01:45:02Z,Assembly,ASM02,Down,Quality Hold,20.4
2026-10-15T02:05:26Z,Assembly,ASM02,Running,,0
2026-10-15T02:48:29Z,Assembly,ASM02,Down,Jam,7.7
2026-10-15T02:56:09Z,Assembly,ASM02,Running,,0
2026-10-15T03:00:00Z,Assembly,ASM02,Down,Outside production hours,0
2026-10-15T11:18:26Z,Assembly,ASM02,Running,,0
2026-10-15T12:31:12Z,Assembly,ASM02,Down,Change Over - Line clearance,60.8
2026-10-15T13:32:03Z,Assembly,ASM02,Running,,0
2026-10-15T14:12:43Z,Assembly,ASM02,Down,Starved - Upstream,9.8
2026-10-15T14:22:34Z,Assembly,ASM02,Running,,0
2026-10-15T15:22:47Z,Assembly,ASM02,Down,Jam,19.8
2026-10-15T15:42:36Z,Assembly,ASM02,Running,,0
2026-10-15T16:18:08Z,Assembly,ASM02,Down,Quality Hold,33.0
2026-10-15T16:51:06Z,Assembly,ASM02,Running,,0
2026-10-15T18:19:04Z,Assembly,ASM02,Down,Starved - Upstream,6.6
2026-10-15T18:25:38Z,Assembly,ASM02,Running,,0
2026-10-15T19:43:06Z,Assembly,ASM02,Down,No Operator,15.6
2026-10-15T19:58:43Z,Assembly,ASM02,Running,,0
2026-10-15T21:33:31Z,Assembly,ASM02,Down,Blocked - Downstream,11.7
2026-10-15T21:45:15Z,Assembly,ASM02,Running,,0
2026-10-15T22:26:45Z,Assembly,ASM02,Down,Jam,11.5
2026-10-15T22:38:12Z,Assembly,ASM02,Running,,0
2026-10-15T23:04:59Z,Assembly,ASM02,Down,Jam,12.9
2026-10-15T23:17:54Z,Assembly,ASM02,Running,,0
2026-10-16T00:14:43Z,Assembly,ASM02,Down,Starved - Upstream,16.5
2026-10-16T00:31:15Z,Assembly,ASM02,Running,,0
2026-10-16T01:56:39Z,Assembly,ASM02,Down,Quality Hold,32.4
2026-10-16T02:29:03Z,Assembly,ASM02,Running,,0
2026-10-16T02:58:14Z,Assembly,ASM02,Down,Quality Hold,39.8
2026-10-16T03:00:00Z,Assembly,ASM02,Down,Outside production hours,0
2026-09-25T11:49:10Z,Assembly,ASM05,Down,Change Over - Line clearance,47.8
2026-09-25T12:36:59Z,Assembly,ASM05,Running,,0
2026-09-25T14:03:05Z,Assembly,ASM05,Down,Change Over - Line clearance,30.3
2026-09-25T14:33:21Z,Assembly,ASM05,Running,,0
2026-09-25T15:22:52Z,Assembly,ASM05,Down,Jam,12.0
2026-09-25T15:34:51Z,Assembly,ASM05,Running,,0
2026-09-25T16:41:18Z,Assembly,ASM05,Down,E-Stop,6.4
2026-09-25T16:47:40Z,Assembly,ASM05,Running,,0
2026-09-25T17:48:54Z,Assembly,ASM05,Down,No Operator,9.7
2026-09-25T17:58:35Z,Assembly,ASM05,Running,,0
2026-09-25T19:26:39Z,Assembly,ASM05,Down,E-Stop,9.8
2026-09-25T19:36:29Z,Assembly,ASM05,Running,,0
2026-09-25T20:49:24Z,Assembly,ASM05,Down,Starved - Upstream,6.7
2026-09-25T20:56:08Z,Assembly,ASM05,Running,,0
2026-09-25T21:47:48Z,Assembly,ASM05,Down,No Operator,12.5
2026-09-25T22:00:16Z,Assembly,ASM05,Running,,0
2026-09-25T22:52:43Z,Assembly,ASM05,Down,Blocked - Downstream,7.4
2026-09-25T23:00:10Z,Assembly,ASM05,Running,,0
2026-09-26T00:32:04Z,Assembly,ASM05,Down,No Operator,27.6
2026-09-26T00:59:42Z,Assembly,ASM05,Running,,0
2026-09-26T02:33:49Z,Assembly,ASM05,Down,Jam,7.4
2026-09-26T02:41:12Z,Assembly,ASM05,Running,,0
2026-09-26T03:00:00Z,Assembly,ASM05,Down,Outside production hours,0
2026-09-26T11:05:44Z,Assembly,ASM05,Down,E-Stop,5.5
2026-09-26T11:11:15Z,Assembly,ASM05,Running,,0
2026-09-26T11:37:33Z,Assembly,ASM05,Down,Change Over - Line clearance,65.4
2026-09-26T12:43:00Z,Assembly,ASM05,Running,,0
2026-09-26T13:58:36Z,Assembly,ASM05,Down,No Operator,14.9
2026-09-26T14:13:29Z,Assembly,ASM05,Running,,0
2026-09-26T15:46:10Z,Assembly,ASM05,Down,Jam,10.0
2026-09-26T15:56:12Z,Assembly,ASM05,Running,,0
2026-09-26T16:43:48Z,Assembly,ASM05,Down,Jam,24.2
2026-09-26T17:07:58Z,Assembly,ASM05,Running,,0
2026-09-26T17:37:16Z,Assembly,ASM05,Down,No Operator,15.3
2026-09-26T17:52:31Z,Assembly,ASM05,Running,,0
2026-09-26T19:24:52Z,Assembly,ASM05,Down,Blocked - Downstream,5.7
2026-09-26T19:30:36Z,Assembly,ASM05,Running,,0
2026-09-26T20:19:33Z,Assembly,ASM05,Down,Scheduled Downtime,179.2
2026-09-26T23:18:43Z,Assembly,ASM05,Running,,0
2026-09-27T00:12:04Z,Assembly,ASM05,Down,Jam,9.3
2026-09-27T00:21:23Z,Assembly,ASM05,Running,,0
2026-09-27T00:53:01Z,Assembly,ASM05,Down,Scheduled Downtime,203.1
2026-09-27T03:00:00Z,Assembly,ASM05,Down,Outside production hours,0
2026-09-28T11:35:29Z,Assembly,ASM05,Down,Starved - Upstream,16.1
2026-09-28T11:51:32Z,Assembly,ASM05,Running,,0
2026-09-28T13:24:06Z,Assembly,ASM05,Down,Blocked - Downstream,4.6
2026-09-28T13:28:39Z,Assembly,ASM05,Running,,0
2026-09-28T14:52:38Z,Assembly,ASM05,Down,Change Over - Line clearance,64.1
2026-09-28T15:56:43Z,Assembly,ASM05,Running,,0
2026-09-28T16:48:17Z,Assembly,ASM05,Down,Starved - Upstream,15.8
2026-09-28T17:04:07Z,Assembly,ASM05,Running,,0
2026-09-28T18:13:59Z,Assembly,ASM05,Down,Blocked - Downstream,6.6
2026-09-28T18:20:33Z,Assembly,ASM05,Running,,0
2026-09-28T19:55:28Z,Assembly,ASM05,Down,Blocked - Downstream,11.4
2026-09-28T20:06:52Z,Assembly,ASM05,Running,,0
2026-09-28T21:28:30Z,Assembly,ASM05,Down,Change Over - Line clearance,63.9
2026-09-28T22:32:26Z,Assembly,ASM05,Running,,0
2026-09-28T23:59:06Z,Assembly,ASM05,Down,Blocked - Downstream,12.9
2026-09-29T00:12:01Z,Assembly,ASM05,Running,,0
2026-09-29T00:53:38Z,Assembly,ASM05,Down,Blocked - Downstream,7.8
2026-09-29T01:01:27Z,Assembly,ASM05,Running,,0
2026-09-29T01:52:36Z,Assembly,ASM05,Down,Quality Hold,40.4
2026-09-29T02:32:58Z,Assembly,ASM05,Running,,0
2026-09-29T03:00:00Z,Assembly,ASM05,Down,Outside production hours,0
2026-09-29T11:14:25Z,Assembly,ASM05,Down,E-Stop,3.3
2026-09-29T11:17:42Z,Assembly,ASM05,Running,,0
2026-09-29T11:47:59Z,Assembly,ASM05,Down,Jam,14.8
2026-09-29T12:02:49Z,Assembly,ASM05,Running,,0
2026-09-29T12:58:59Z,Assembly,ASM05,Down,Jam,17.5
2026-09-29T13:16:31Z,Assembly,ASM05,Running,,0
2026-09-29T14:46:26Z,Assembly,ASM05,Down,Change Over - Line clearance,41.6
2026-09-29T15:28:05Z,Assembly,ASM05,Running,,0
2026-09-29T16:30:19Z,Assembly,ASM05,Down,Change Over - Line clearance,59.8
2026-09-29T17:30:07Z,Assembly,ASM05,Running,,0
2026-09-29T18:32:09Z,Assembly,ASM05,Down,No Operator,18.9
2026-09-29T18:51:00Z,Assembly,ASM05,Running,,0
2026-09-29T20:12:13Z,Assembly,ASM05,Down,Jam,8.7
2026-09-29T20:20:55Z,Assembly,ASM05,Running,,0
2026-09-29T21:28:58Z,Assembly,ASM05,Down,Change Over - Line clearance,62.0
2026-09-29T22:30:55Z,Assembly,ASM05,Running,,0
2026-09-30T00:00:21Z,Assembly,ASM05,Down,Change Over - Line clearance,72.7
2026-09-30T01:13:01Z,Assembly,ASM05,Running,,0
2026-09-30T02:15:14Z,Assembly,ASM05,Down,No Operator,12.4
2026-09-30T02:27:36Z,Assembly,ASM05,Running,,0
2026-09-30T03:00:00Z,Assembly,ASM05,Down,Outside production hours,0
2026-09-30T11:29:19Z,Assembly,ASM05,Down,Jam,9.3
2026-09-30T11:38:40Z,Assembly,ASM05,Running,,0
2026-09-30T12:13:00Z,Assembly,ASM05,Down,Change Over - Line clearance,53.1
2026-09-30T13:06:07Z,Assembly,ASM05,Running,,0
2026-09-30T14:13:42Z,Assembly,ASM05,Down,Jam,23.4
2026-09-30T14:37:08Z,Assembly,ASM05,Running,,0
2026-09-30T16:03:47Z,Assembly,ASM05,Down,Jam,4.1
2026-09-30T16:07:50Z,Assembly,ASM05,Running,,0
2026-09-30T17:13:17Z,Assembly,ASM05,Down,Blocked - Downstream,7.8
2026-09-30T17:21:02Z,Assembly,ASM05,Running,,0
2026-09-30T18:30:13Z,Assembly,ASM05,Down,Jam,21.8
2026-09-30T18:52:03Z,Assembly,ASM05,Running,,0
2026-09-30T19:53:09Z,Assembly,ASM05,Down,Change Over - Line clearance,66.3
2026-09-30T20:59:28Z,Assembly,ASM05,Running,,0
2026-09-30T22:11:23Z,Assembly,ASM05,Down,Quality Hold,40.5
2026-09-30T22:51:52Z,Assembly,ASM05,Running,,0
2026-10-01T00:08:50Z,Assembly,ASM05,Down,Starved - Upstream,7.4
2026-10-01T00:16:14Z,Assembly,ASM05,Running,,0
2026-10-01T00:48:27Z,Assembly,ASM05,Down,Scheduled Downtime,227.7
2026-10-01T03:00:00Z,Assembly,ASM05,Down,Outside production hours,0
2026-10-01T11:20:49Z,Assembly,ASM05,Down,Change Over - Line clearance,81.1
2026-10-01T12:41:57Z,Assembly,ASM05,Running,,0
2026-10-01T13:37:52Z,Assembly,ASM05,Down,Jam,7.3
2026-10-01T13:45:11Z,Assembly,ASM05,Running,,0
2026-10-01T14:42:07Z,Assembly,ASM05,Down,Blocked - Downstream,7.3
2026-10-01T14:49:24Z,Assembly,ASM05,Running,,0
2026-10-01T16:22:22Z,Assembly,ASM05,Down,No Operator,25.8
2026-10-01T16:48:10Z,Assembly,ASM05,Running,,0
2026-10-01T17:36:55Z,Assembly,ASM05,Down,Jam,12.3
2026-10-01T17:49:15Z,Assembly,ASM05,Running,,0
2026-10-01T18:26:01Z,Assembly,ASM05,Down,Jam,24.6
2026-10-01T18:50:36Z,Assembly,ASM05,Running,,0
2026-10-01T19:40:54Z,Assembly,ASM05,Down,Starved - Upstream,13.6
2026-10-01T19:54:32Z,Assembly,ASM05,Running,,0
2026-10-01T21:01:53Z,Assembly,ASM05,Down,No Operator,15.0
2026-10-01T21:16:53Z,Assembly,ASM05,Running,,0
2026-10-01T22:37:31Z,Assembly,ASM05,Down,Blocked - Downstream,10.1
2026-10-01T22:47:36Z,Assembly,ASM05,Running,,0
2026-10-01T23:36:43Z,Assembly,ASM05,Down,Jam,19.9
2026-10-01T23:56:38Z,Assembly,ASM05,Running,,0
2026-10-02T00:49:58Z,Assembly,ASM05,Down,Blocked - Downstream,7.4
2026-10-02T00:57:25Z,Assembly,ASM05,Running,,0
2026-10-02T02:27:55Z,Assembly,ASM05,Down,Starved - Upstream,12.0
2026-10-02T02:39:52Z,Assembly,ASM05,Running,,0
2026-10-02T03:00:00Z,Assembly,ASM05,Down,Outside production hours,0
2026-10-02T11:19:34Z,Assembly,ASM05,Down,No Operator,19.0
2026-10-02T11:38:37Z,Assembly,ASM05,Running,,0
2026-10-02T12:36:39Z,Assembly,ASM05,Down,Change Over - Line clearance,56.1
2026-10-02T13:32:45Z,Assembly,ASM05,Running,,0
2026-10-02T14:07:35Z,Assembly,ASM05,Down,No Operator,28.7
2026-10-02T14:36:17Z,Assembly,ASM05,Running,,0
2026-10-02T15:35:55Z,Assembly,ASM05,Down,Jam,22.0
2026-10-02T15:57:54Z,Assembly,ASM05,Running,,0
2026-10-02T17:31:39Z,Assembly,ASM05,Down,No Operator,18.3
2026-10-02T17:49:58Z,Assembly,ASM05,Running,,0
2026-10-02T19:16:30Z,Assembly,ASM05,Down,Change Over - Line clearance,58.4
2026-10-02T20:14:56Z,Assembly,ASM05,Running,,0
2026-10-02T20:52:12Z,Assembly,ASM05,Down,Jam,24.2
2026-10-02T21:16:26Z,Assembly,ASM05,Running,,0
2026-10-02T22:44:15Z,Assembly,ASM05,Down,Jam,16.5
2026-10-02T23:00:42Z,Assembly,ASM05,Running,,0
2026-10-03T00:35:39Z,Assembly,ASM05,Down,Change Over - Line clearance,47.5
2026-10-03T01:23:08Z,Assembly,ASM05,Running,,0
2026-10-03T02:44:51Z,Assembly,ASM05,Down,Jam,9.0
2026-10-03T02:53:50Z,Assembly,ASM05,Running,,0
2026-10-03T03:00:00Z,Assembly,ASM05,Down,Outside production hours,0
2026-10-03T11:11:23Z,Assembly,ASM05,Down,Starved - Upstream,12.8
2026-10-03T11:24:12Z,Assembly,ASM05,Running,,0
2026-10-03T11:55:26Z,Assembly,ASM05,Down,Starved - Upstream,17.3
2026-10-03T12:12:46Z,Assembly,ASM05,Running,,0
2026-10-03T13:34:26Z,Assembly,ASM05,Down,Quality Hold,19.1
2026-10-03T13:53:35Z,Assembly,ASM05,Running,,0
2026-10-03T14:42:19Z,Assembly,ASM05,Down,Quality Hold,17.5
2026-10-03T14:59:48Z,Assembly,ASM05,Running,,0
2026-10-03T16:03:08Z,Assembly,ASM05,Down,Blocked - Downstream,9.4
2026-10-03T16:12:30Z,Assembly,ASM05,Running,,0
2026-10-03T16:38:36Z,Assembly,ASM05,Down,No Operator,8.2
2026-10-03T16:46:45Z,Assembly,ASM05,Running,,0
2026-10-03T18:09:20Z,Assembly,ASM05,Down,Jam,22.2
2026-10-03T18:31:35Z,Assembly,ASM05,Running,,0
2026-10-03T19:07:36Z,Assembly,ASM05,Down,Quality Hold,32.8
2026-10-03T19:40:22Z,Assembly,ASM05,Running,,0
2026-10-03T20:19:59Z,Assembly,ASM05,Down,Starved - Upstream,18.8
2026-10-03T20:38:49Z,Assembly,ASM05,Running,,0
2026-10-03T22:08:29Z,Assembly,ASM05,Down,Starved - Upstream,7.7
2026-10-03T22:16:11Z,Assembly,ASM05,Running,,0
2026-10-03T23:29:47Z,Assembly,ASM05,Down,Change Over - Line clearance,51.5
2026-10-04T00:21:14Z,Assembly,ASM05,Running,,0
2026-10-04T00:48:20Z,Assembly,ASM05,Down,Quality Hold,26.6
2026-10-04T01:14:55Z,Assembly,ASM05,Running,,0
2026-10-04T01:57:27Z,Assembly,ASM05,Down,Jam,19.9
2026-10-04T02:17:18Z,Assembly,ASM05,Running,,0
2026-10-04T02:48:02Z,Assembly,ASM05,Down,Change Over - Line clearance,32.6
2026-10-04T03:00:00Z,Assembly,ASM05,Down,Outside production hours,0
2026-10-05T11:15:21Z,Assembly,ASM05,Running,,0
2026-10-05T11:52:53Z,Assembly,ASM05,Down,Jam,11.3
2026-10-05T12:04:09Z,Assembly,ASM05,Running,,0
2026-10-05T12:44:24Z,Assembly,ASM05,Down,Change Over - Line clearance,80.5
2026-10-05T14:04:56Z,Assembly,ASM05,Running,,0
2026-10-05T15:19:47Z,Assembly,ASM05,Down,Starved - Upstream,7.2
2026-10-05T15:26:57Z,Assembly,ASM05,Running,,0
2026-10-05T16:32:21Z,Assembly,ASM05,Down,Change Over - Line clearance,58.6
2026-10-05T17:30:54Z,Assembly,ASM05,Running,,0
2026-10-05T18:03:34Z,Assembly,ASM05,Down,E-Stop,6.3
2026-10-05T18:09:53Z,Assembly,ASM05,Running,,0
2026-10-05T19:33:10Z,Assembly,ASM05,Down,Change Over - Line clearance,45.9
2026-10-05T20:19:06Z,Assembly,ASM05,Running,,0
2026-10-05T21:39:37Z,Assembly,ASM05,Down,Jam,24.9
2026-10-05T22:04:29Z,Assembly,ASM05,Running,,0
2026-10-05T23:16:19Z,Assembly,ASM05,Down,Jam,14.1
2026-10-05T23:30:27Z,Assembly,ASM05,Running,,0
2026-10-06T00:02:23Z,Assembly,ASM05,Down,Starved - Upstream,13.7
2026-10-06T00:16:06Z,Assembly,ASM05,Running,,0
2026-10-06T01:06:39Z,Assembly,ASM05,Down,Scheduled Downtime,118.9
2026-10-06T03:00:00Z,Assembly,ASM05,Down,Outside production hours,0
2026-10-06T14:03:01Z,Assembly,ASM05,Running,,0
2026-10-06T14:57:45Z,Assembly,ASM05,Down,Starved - Upstream,7.2
2026-10-06T15:04:55Z,Assembly,ASM05,Running,,0
2026-10-06T15:38:44Z,Assembly,ASM05,Down,Jam,9.3
2026-10-06T15:48:05Z,Assembly,ASM05,Running,,0
2026-10-06T16:20:03Z,Assembly,ASM05,Down,Starved - Upstream,8.1
2026-10-06T16:28:08Z,Assembly,ASM05,Running,,0
2026-10-06T18:02:37Z,Assembly,ASM05,Down,Starved - Upstream,16.0
2026-10-06T18:18:40Z,Assembly,ASM05,Running,,0
2026-10-06T19:24:23Z,Assembly,ASM05,Down,No Operator,11.2
2026-10-06T19:35:37Z,Assembly,ASM05,Running,,0
2026-10-06T20:28:21Z,Assembly,ASM05,Down,Jam,8.1
2026-10-06T20:36:28Z,Assembly,ASM05,Running,,0
2026-10-06T22:06:58Z,Assembly,ASM05,Down,Starved - Upstream,9.0
2026-10-06T22:16:00Z,Assembly,ASM05,Running,,0
2026-10-06T23:38:36Z,Assembly,ASM05,Down,Jam,24.9
2026-10-07T00:03:28Z,Assembly,ASM05,Running,,0
2026-10-07T01:31:45Z,Assembly,ASM05,Down,Blocked - Downstream,13.1
2026-10-07T01:44:54Z,Assembly,ASM05,Running,,0
2026-10-07T02:11:02Z,Assembly,ASM05,Down,Scheduled Downtime,238.5
2026-10-07T03:00:00Z,Assembly,ASM05,Down,Outside production hours,0
2026-10-07T11:51:42Z,Assembly,ASM05,Down,Jam,5.9
2026-10-07T11:57:34Z,Assembly,ASM05,Running,,0
2026-10-07T12:36:35Z,Assembly,ASM05,Down,Jam,8.9
2026-10-07T12:45:32Z,Assembly,ASM05,Running,,0
2026-10-07T14:09:55Z,Assembly,ASM05,Down,No Operator,28.6
2026-10-07T14:38:29Z,Assembly,ASM05,Running,,0
2026-10-07T15:15:13Z,Assembly,ASM05,Down,Scheduled Downtime,205.2
2026-10-07T18:40:27Z,Assembly,ASM05,Running,,0
2026-10-07T19:20:32Z,Assembly,ASM05,Down,No Operator,22.6
2026-10-07T19:43:09Z,Assembly,ASM05,Running,,0
2026-10-07T21:13:58Z,Assembly,ASM05,Down,Change Over - Line clearance,27.9
2026-10-07T21:41:51Z,Assembly,ASM05,Running,,0
2026-10-07T22:32:56Z,Assembly,ASM05,Down,Jam,6.0
2026-10-07T22:38:58Z,Assembly,ASM05,Running,,0
2026-10-07T23:48:08Z,Assembly,ASM05,Down,Change Over - Line clearance,61.3
2026-10-08T00:49:28Z,Assembly,ASM05,Running,,0
2026-10-08T01:26:35Z,Assembly,ASM05,Down,No Operator,11.0
2026-10-08T01:37:37Z,Assembly,ASM05,Running,,0
2026-10-08T02:06:46Z,Assembly,ASM05,Down,Jam,11.3
2026-10-08T02:18:06Z,Assembly,ASM05,Running,,0
2026-10-08T03:00:00Z,Assembly,ASM05,Down,Outside production hours,0
2026-10-08T11:04:54Z,Assembly,ASM05,Running,,0
2026-10-08T11:58:05Z,Assembly,ASM05,Down,Jam,10.4
2026-10-08T12:08:26Z,Assembly,ASM05,Running,,0
2026-10-08T12:53:55Z,Assembly,ASM05,Down,No Operator,14.8
2026-10-08T13:08:43Z,Assembly,ASM05,Running,,0
2026-10-08T14:12:49Z,Assembly,ASM05,Down,Jam,19.9
2026-10-08T14:32:41Z,Assembly,ASM05,Running,,0
2026-10-08T15:48:02Z,Assembly,ASM05,Down,Scheduled Downtime,221.5
2026-10-08T19:29:34Z,Assembly,ASM05,Running,,0
2026-10-08T20:53:36Z,Assembly,ASM05,Down,No Operator,28.3
2026-10-08T21:21:53Z,Assembly,ASM05,Running,,0
2026-10-08T22:42:17Z,Assembly,ASM05,Down,Blocked - Downstream,9.0
2026-10-08T22:51:17Z,Assembly,ASM05,Running,,0
2026-10-09T00:22:52Z,Assembly,ASM05,Down,Quality Hold,39.1
2026-10-09T01:02:01Z,Assembly,ASM05,Running,,0
2026-10-09T02:22:15Z,Assembly,ASM05,Down,Change Over - Line clearance,43.6
2026-10-09T03:00:00Z,Assembly,ASM05,Down,Outside production hours,0
2026-10-09T11:02:04Z,Assembly,ASM05,Running,,0
2026-10-09T12:13:01Z,Assembly,ASM05,Down,Change Over - Line clearance,52.0
2026-10-09T13:05:00Z,Assembly,ASM05,Running,,0
2026-10-09T13:52:07Z,Assembly,ASM05,Down,Change Over - Line clearance,44.1
2026-10-09T14:36:11Z,Assembly,ASM05,Running,,0
2026-10-09T15:05:49Z,Assembly,ASM05,Down,Quality Hold,33.9
2026-10-09T15:39:44Z,Assembly,ASM05,Running,,0
2026-10-09T17:01:23Z,Assembly,ASM05,Down,Jam,24.8
2026-10-09T17:26:13Z,Assembly,ASM05,Running,,0
2026-10-09T18:32:59Z,Assembly,ASM05,Down,E-Stop,10.1
2026-10-09T18:43:06Z,Assembly,ASM05,Running,,0
2026-10-09T19:36:21Z,Assembly,ASM05,Down,Starved - Upstream,14.7
2026-10-09T19:51:05Z,Assembly,ASM05,Running,,0
2026-10-09T20:41:21Z,Assembly,ASM05,Down,Blocked - Downstream,8.6
2026-10-09T20:49:59Z,Assembly,ASM05,Running,,0
2026-10-09T22:07:20Z,Assembly,ASM05,Down,Blocked - Downstream,14.6
2026-10-09T22:21:57Z,Assembly,ASM05,Running,,0
2026-10-09T23:14:03Z,Assembly,ASM05,Down,Blocked - Downstream,11.1
2026-10-09T23:25:12Z,Assembly,ASM05,Running,,0
2026-10-10T00:10:49Z,Assembly,ASM05,Down,Jam,23.2
2026-10-10T00:34:04Z,Assembly,ASM05,Running,,0
2026-10-10T01:27:18Z,Assembly,ASM05,Down,Starved - Upstream,19.5
2026-10-10T01:46:46Z,Assembly,ASM05,Running,,0
2026-10-10T02:45:59Z,Assembly,ASM05,Down,E-Stop,4.8
2026-10-10T02:50:45Z,Assembly,ASM05,Running,,0
2026-10-10T03:00:00Z,Assembly,ASM05,Down,Outside production hours,0
2026-10-10T11:24:09Z,Assembly,ASM05,Down,Jam,13.0
2026-10-10T11:37:08Z,Assembly,ASM05,Running,,0
2026-10-10T12:14:53Z,Assembly,ASM05,Down,Blocked - Downstream,10.5
2026-10-10T12:25:22Z,Assembly,ASM05,Running,,0
2026-10-10T13:40:28Z,Assembly,ASM05,Down,Jam,5.0
2026-10-10T13:45:28Z,Assembly,ASM05,Running,,0
2026-10-10T14:18:05Z,Assembly,ASM05,Down,Change Over - Line clearance,62.0
2026-10-10T15:20:05Z,Assembly,ASM05,Running,,0
2026-10-10T16:27:44Z,Assembly,ASM05,Down,Quality Hold,16.9
2026-10-10T16:44:39Z,Assembly,ASM05,Running,,0
2026-10-10T18:05:21Z,Assembly,ASM05,Down,Jam,19.0
2026-10-10T18:24:21Z,Assembly,ASM05,Running,,0
2026-10-10T18:52:49Z,Assembly,ASM05,Down,E-Stop,4.4
2026-10-10T18:57:12Z,Assembly,ASM05,Running,,0
2026-10-10T20:18:09Z,Assembly,ASM05,Down,E-Stop,9.9
2026-10-10T20:28:02Z,Assembly,ASM05,Running,,0
2026-10-10T21:39:11Z,Assembly,ASM05,Down,Jam,17.8
2026-10-10T21:57:01Z,Assembly,ASM05,Running,,0
2026-10-10T22:48:27Z,Assembly,ASM05,Down,Change Over - Line clearance,38.0
2026-10-10T23:26:30Z,Assembly,ASM05,Running,,0
2026-10-10T23:59:55Z,Assembly,ASM05,Down,Jam,10.6
2026-10-11T00:10:30Z,Assembly,ASM05,Running,,0
2026-10-11T01:44:50Z,Assembly,ASM05,Down,Scheduled Downtime,112.4
2026-10-11T03:00:00Z,Assembly,ASM05,Down,Outside production hours,0
2026-10-12T11:09:56Z,Assembly,ASM05,Running,,0
2026-10-12T12:13:01Z,Assembly,ASM05,Down,Jam,8.1
2026-10-12T12:21:05Z,Assembly,ASM05,Running,,0
2026-10-12T13:03:45Z,Assembly,ASM05,Down,Quality Hold,20.4
2026-10-12T13:24:11Z,Assembly,ASM05,Running,,0
2026-10-12T14:39:11Z,Assembly,ASM05,Down,Starved - Upstream,17.3
2026-10-12T14:56:31Z,Assembly,ASM05,Running,,0
2026-10-12T15:32:58Z,Assembly,ASM05,Down,No Operator,11.1
2026-10-12T15:44:02Z,Assembly,ASM05,Running,,0
2026-10-12T16:32:27Z,Assembly,ASM05,Down,Jam,16.6
2026-10-12T16:49:02Z,Assembly,ASM05,Running,,0
2026-10-12T17:15:59Z,Assembly,ASM05,Down,Starved - Upstream,19.5
2026-10-12T17:35:32Z,Assembly,ASM05,Running,,0
2026-10-12T18:56:46Z,Assembly,ASM05,Down,Change Over - Line clearance,28.6
2026-10-12T19:25:24Z,Assembly,ASM05,Running,,0
2026-10-12T20:57:08Z,Assembly,ASM05,Down,Jam,8.6
2026-10-12T21:05:42Z,Assembly,ASM05,Running,,0
2026-10-12T22:29:37Z,Assembly,ASM05,Down,No Operator,15.3
2026-10-12T22:44:56Z,Assembly,ASM05,Running,,0
2026-10-12T23:11:27Z,Assembly,ASM05,Down,Quality Hold,27.3
2026-10-12T23:38:44Z,Assembly,ASM05,Running,,0
2026-10-13T00:33:45Z,Assembly,ASM05,Down,Jam,13.3
2026-10-13T00:47:01Z,Assembly,ASM05,Running,,0
2026-10-13T01:38:34Z,Assembly,ASM05,Down,Starved - Upstream,18.9
2026-10-13T01:57:31Z,Assembly,ASM05,Running,,0
2026-10-13T03:00:00Z,Assembly,ASM05,Down,Outside production hours,0
2026-10-13T11:24:16Z,Assembly,ASM05,Down,Change Over - Line clearance,62.2
2026-10-13T12:26:28Z,Assembly,ASM05,Running,,0
2026-10-13T12:56:27Z,Assembly,ASM05,Down,Jam,10.6
2026-10-13T13:07:00Z,Assembly,ASM05,Running,,0
2026-10-13T14:39:25Z,Assembly,ASM05,Down,Blocked - Downstream,13.1
2026-10-13T14:52:30Z,Assembly,ASM05,Running,,0
2026-10-13T15:50:06Z,Assembly,ASM05,Down,Blocked - Downstream,6.0
2026-10-13T15:56:06Z,Assembly,ASM05,Running,,0
2026-10-13T16:34:42Z,Assembly,ASM05,Down,Blocked - Downstream,4.7
2026-10-13T16:39:23Z,Assembly,ASM05,Running,,0
2026-10-13T17:11:31Z,Assembly,ASM05,Down,Starved - Upstream,11.3
2026-10-13T17:22:50Z,Assembly,ASM05,Running,,0
2026-10-13T18:35:21Z,Assembly,ASM05,Down,E-Stop,9.3
2026-10-13T18:44:36Z,Assembly,ASM05,Running,,0
2026-10-13T19:31:56Z,Assembly,ASM05,Down,Jam,10.8
2026-10-13T19:42:47Z,Assembly,ASM05,Running,,0
2026-10-13T20:36:08Z,Assembly,ASM05,Down,Change Over - Line clearance,59.7
2026-10-13T21:35:52Z,Assembly,ASM05,Running,,0
2026-10-13T22:27:25Z,Assembly,ASM05,Down,Scheduled Downtime,152.3
2026-10-14T00:59:45Z,Assembly,ASM05,Running,,0
2026-10-14T01:51:38Z,Assembly,ASM05,Down,Blocked - Downstream,9.8
2026-10-14T02:01:27Z,Assembly,ASM05,Running,,0
2026-10-14T03:00:00Z,Assembly,ASM05,Down,Outside production hours,0
2026-10-14T11:02:27Z,Assembly,ASM05,Down,Jam,13.3
2026-10-14T11:15:47Z,Assembly,ASM05,Running,,0
2026-10-14T11:41:30Z,Assembly,ASM05,Down,Jam,14.1
2026-10-14T11:55:35Z,Assembly,ASM05,Running,,0
2026-10-14T12:23:43Z,Assembly,ASM05,Down,No Operator,24.7
2026-10-14T12:48:23Z,Assembly,ASM05,Running,,0
2026-10-14T13:43:59Z,Assembly,ASM05,Down,Change Over - Line clearance,32.9
2026-10-14T14:16:54Z,Assembly,ASM05,Running,,0
2026-10-14T15:48:05Z,Assembly,ASM05,Down,Blocked - Downstream,9.1
2026-10-14T15:57:08Z,Assembly,ASM05,Running,,0
2026-10-14T16:27:51Z,Assembly,ASM05,Down,Blocked - Downstream,13.5
2026-10-14T16:41:23Z,Assembly,ASM05,Running,,0
2026-10-14T18:01:00Z,Assembly,ASM05,Down,Blocked - Downstream,7.1
2026-10-14T18:08:09Z,Assembly,ASM05,Running,,0
2026-10-14T19:06:11Z,Assembly,ASM05,Down,Change Over - Line clearance,49.3
2026-10-14T19:55:27Z,Assembly,ASM05,Running,,0
2026-10-14T20:46:56Z,Assembly,ASM05,Down,Jam,6.8
2026-10-14T20:53:46Z,Assembly,ASM05,Running,,0
2026-10-14T22:21:14Z,Assembly,ASM05,Down,Jam,9.3
2026-10-14T22:30:35Z,Assembly,ASM05,Running,,0
2026-10-14T23:32:03Z,Assembly,ASM05,Down,Jam,4.3
2026-10-14T23:36:21Z,Assembly,ASM05,Running,,0
2026-10-15T00:09:43Z,Assembly,ASM05,Down,Jam,19.3
2026-10-15T00:28:59Z,Assembly,ASM05,Running,,0
2026-10-15T01:24:41Z,Assembly,ASM05,Down,Jam,10.0
2026-10-15T01:34:41Z,Assembly,ASM05,Running,,0
2026-10-15T02:27:36Z,Assembly,ASM05,Down,No Operator,29.6
2026-10-15T02:57:10Z,Assembly,ASM05,Running,,0
2026-10-15T03:00:00Z,Assembly,ASM05,Down,Outside production hours,0
2026-10-15T11:03:10Z,Assembly,ASM05,Down,Jam,22.4
2026-10-15T11:25:35Z,Assembly,ASM05,Running,,0
2026-10-15T12:12:57Z,Assembly,ASM05,Down,Scheduled Downtime,144.2
2026-10-15T14:37:07Z,Assembly,ASM05,Running,,0
2026-10-15T15:54:16Z,Assembly,ASM05,Down,Scheduled Downtime,196.7
2026-10-15T19:10:58Z,Assembly,ASM05,Running,,0
2026-10-15T19:36:54Z,Assembly,ASM05,Down,Blocked - Downstream,5.2
2026-10-15T19:42:04Z,Assembly,ASM05,Running,,0
2026-10-15T20:08:33Z,Assembly,ASM05,Down,Quality Hold,27.7
2026-10-15T20:36:14Z,Assembly,ASM05,Running,,0
2026-10-15T21:30:30Z,Assembly,ASM05,Down,Starved - Upstream,11.5
2026-10-15T21:42:03Z,Assembly,ASM05,Running,,0
2026-10-15T22:23:23Z,Assembly,ASM05,Down,Jam,17.7
2026-10-15T22:41:03Z,Assembly,ASM05,Running,,0
2026-10-16T00:14:35Z,Assembly,ASM05,Down,Quality Hold,40.1
2026-10-16T00:54:44Z,Assembly,ASM05,Running,,0
2026-10-16T02:17:18Z,Assembly,ASM05,Down,Blocked - Downstream,12.1
2026-10-16T02:29:25Z,Assembly,ASM05,Running,,0
2026-10-16T03:00:00Z,Assembly,ASM05,Down,Outside production hours,0
2026-09-25T11:09:37Z,Molding,MLD03,Running,,0
2026-09-25T12:31:11Z,Molding,MLD03,Down,Jam,14.4
2026-09-25T12:45:35Z,Molding,MLD03,Running,,0
2026-09-25T13:25:10Z,Molding,MLD03,Down,Blocked - Downstream,9.1
2026-09-25T13:34:13Z,Molding,MLD03,Running,,0
2026-09-25T14:24:40Z,Molding,MLD03,Down,Jam,18.8
2026-09-25T14:43:25Z,Molding,MLD03,Running,,0
2026-09-25T15:22:08Z,Molding,MLD03,Down,E-Stop,3.2
2026-09-25T15:25:21Z,Molding,MLD03,Running,,0
2026-09-25T16:48:47Z,Molding,MLD03,Down,Starved - Upstream,11.1
2026-09-25T16:59:52Z,Molding,MLD03,Running,,0
2026-09-25T18:25:00Z,Molding,MLD03,Down,Jam,6.6
2026-09-25T18:31:35Z,Molding,MLD03,Running,,0
2026-09-25T19:59:31Z,Molding,MLD03,Down,Jam,16.5
2026-09-25T20:15:59Z,Molding,MLD03,Running,,0
2026-09-25T20:49:26Z,Molding,MLD03,Down,Jam,6.7
2026-09-25T20:56:09Z,Molding,MLD03,Running,,0
2026-09-25T21:25:14Z,Molding,MLD03,Down,No Operator,10.3
2026-09-25T21:35:32Z,Molding,MLD03,Running,,0
2026-09-25T22:40:37Z,Molding,MLD03,Down,Change Over - Line clearance,80.0
2026-09-26T00:00:34Z,Molding,MLD03,Running,,0
2026-09-26T01:32:10Z,Molding,MLD03,Down,Starved - Upstream,12.3
2026-09-26T01:44:27Z,Molding,MLD03,Running,,0
2026-09-26T02:37:26Z,Molding,MLD03,Down,Jam,24.1
2026-09-26T03:00:00Z,Molding,MLD03,Down,Outside production hours,0
2026-09-26T11:58:33Z,Molding,MLD03,Down,Blocked - Downstream,5.6
2026-09-26T12:04:10Z,Molding,MLD03,Running,,0
2026-09-26T13:31:44Z,Molding,MLD03,Down,Change Over - Line clearance,47.9
2026-09-26T14:19:36Z,Molding,MLD03,Running,,0
2026-09-26T15:31:49Z,Molding,MLD03,Down,Starved - Upstream,19.3
2026-09-26T15:51:06Z,Molding,MLD03,Running,,0
2026-09-26T17:17:32Z,Molding,MLD03,Down,Jam,9.1
2026-09-26T17:26:39Z,Molding,MLD03,Running,,0
2026-09-26T18:51:30Z,Molding,MLD03,Down,Blocked - Downstream,13.2
2026-09-26T19:04:41Z,Molding,MLD03,Running,,0
2026-09-26T19:57:32Z,Molding,MLD03,Down,Starved - Upstream,9.0
2026-09-26T20:06:33Z,Molding,MLD03,Running,,0
2026-09-26T20:33:11Z,Molding,MLD03,Down,Starved - Upstream,14.5
2026-09-26T20:47:40Z,Molding,MLD03,Running,,0
2026-09-26T22:06:12Z,Molding,MLD03,Down,Starved - Upstream,12.0
2026-09-26T22:18:11Z,Molding,MLD03,Running,,0
2026-09-26T23:00:59Z,Molding,MLD03,Down,Starved - Upstream,7.5
2026-09-26T23:08:30Z,Molding,MLD03,Running,,0
2026-09-27T00:41:18Z,Molding,MLD03,Down,Starved - Upstream,8.1
2026-09-27T00:49:26Z,Molding,MLD03,Running,,0
2026-09-27T02:08:48Z,Molding,MLD03,Down,Change Over - Line clearance,83.5
2026-09-27T03:00:00Z,Molding,MLD03,Down,Outside production hours,0
2026-09-28T11:32:07Z,Molding,MLD03,Down,Change Over - Line clearance,85.2
2026-09-28T12:57:16Z,Molding,MLD03,Running,,0
2026-09-28T13:49:08Z,Molding,MLD03,Down,E-Stop,6.2
2026-09-28T13:55:17Z,Molding,MLD03,Running,,0
2026-09-28T14:29:34Z,Molding,MLD03,Down,Jam,7.1
2026-09-28T14:36:39Z,Molding,MLD03,Running,,0
2026-09-28T16:00:36Z,Molding,MLD03,Down,Blocked - Downstream,7.8
2026-09-28T16:08:24Z,Molding,MLD03,Running,,0
2026-09-28T16:38:08Z,Molding,MLD03,Down,Starved - Upstream,6.9
2026-09-28T16:45:00Z,Molding,MLD03,Running,,0
2026-09-28T17:25:04Z,Molding,MLD03,Down,Jam,9.3
2026-09-28T17:34:22Z,Molding,MLD03,Running,,0
2026-09-28T18:49:03Z,Molding,MLD03,Down,Change Over - Line clearance,57.4
2026-09-28T19:46:26Z,Molding,MLD03,Running,,0
2026-09-28T20:44:47Z,Molding,MLD03,Down,Starved - Upstream,18.8
2026-09-28T21:03:32Z,Molding,MLD03,Running,,0
2026-09-28T22:20:32Z,Molding,MLD03,Down,E-Stop,5.8
2026-09-28T22:26:18Z,Molding,MLD03,Running,,0
2026-09-28T23:49:09Z,Molding,MLD03,Down,Jam,18.9
2026-09-29T00:08:00Z,Molding,MLD03,Running,,0
2026-09-29T01:37:15Z,Molding,MLD03,Down,E-Stop,10.2
2026-09-29T01:47:26Z,Molding,MLD03,Running,,0
2026-09-29T03:00:00Z,Molding,MLD03,Down,Outside production hours,0
2026-09-29T11:29:47Z,Molding,MLD03,Down,Change Over - Line clearance,87.7
2026-09-29T12:57:30Z,Molding,MLD03,Running,,0
2026-09-29T13:37:59Z,Molding,MLD03,Down,Change Over - Line clearance,33.5
2026-09-29T14:11:30Z,Molding,MLD03,Running,,0
2026-09-29T14:45:13Z,Molding,MLD03,Down,Jam,5.4
2026-09-29T14:50:35Z,Molding,MLD03,Running,,0
2026-09-29T16:06:45Z,Molding,MLD03,Down,Jam,20.8
2026-09-29T16:27:30Z,Molding,MLD03,Running,,0
2026-09-29T16:57:35Z,Molding,MLD03,Down,Quality Hold,42.7
2026-09-29T17:40:14Z,Molding,MLD03,Running,,0
2026-09-29T19:14:47Z,Molding,MLD03,Down,Quality Hold,33.7
2026-09-29T19:48:32Z,Molding,MLD03,Running,,0
2026-09-29T20:29:44Z,Molding,MLD03,Down,Blocked - Downstream,5.1
2026-09-29T20:34:52Z,Molding,MLD03,Running,,0
2026-09-29T21:21:50Z,Molding,MLD03,Down,Quality Hold,33.5
2026-09-29T21:55:18Z,Molding,MLD03,Running,,0
2026-09-29T22:35:21Z,Molding,MLD03,Down,Change Over - Line clearance,78.2
2026-09-29T23:53:35Z,Molding,MLD03,Running,,0
2026-09-30T01:28:03Z,Molding,MLD03,Down,Starved - Upstream,6.9
2026-09-30T01:35:00Z,Molding,MLD03,Running,,0
2026-09-30T02:35:12Z,Molding,MLD03,Down,Jam,5.2
2026-09-30T02:40:25Z,Molding,MLD03,Running,,0
2026-09-30T03:00:00Z,Molding,MLD03,Down,Outside production hours,0
2026-09-30T11:06:27Z,Molding,MLD03,Running,,0
2026-09-30T11:37:33Z,Molding,MLD03,Down,Change Over - Line clearance,31.6
2026-09-30T12:09:08Z,Molding,MLD03,Running,,0
2026-09-30T12:44:01Z,Molding,MLD03,Down,Change Over - Line clearance,55.9
2026-09-30T13:39:53Z,Molding,MLD03,Running,,0
2026-09-30T14:41:36Z,Molding,MLD03,Down,Blocked - Downstream,8.2
2026-09-30T14:49:49Z,Molding,MLD03,Running,,0
2026-09-30T16:13:58Z,Molding,MLD03,Down,Starved - Upstream,8.5
2026-09-30T16:22:28Z,Molding,MLD03,Running,,0
2026-09-30T16:59:01Z,Molding,MLD03,Down,Starved - Upstream,15.6
2026-09-30T17:14:36Z,Molding,MLD03,Running,,0
2026-09-30T17:40:24Z,Molding,MLD03,Down,Starved - Upstream,15.7
2026-09-30T17:56:05Z,Molding,MLD03,Running,,0
2026-09-30T18:58:56Z,Molding,MLD03,Down,Jam,15.4
2026-09-30T19:14:19Z,Molding,MLD03,Running,,0
2026-09-30T20:06:17Z,Molding,MLD03,Down,Jam,4.6
2026-09-30T20:10:54Z,Molding,MLD03,Running,,0
2026-09-30T21:05:32Z,Molding,MLD03,Down,Jam,21.5
2026-09-30T21:27:02Z,Molding,MLD03,Running,,0
2026-09-30T22:45:21Z,Molding,MLD03,Down,No Operator,9.6
2026-09-30T22:54:54Z,Molding,MLD03,Running,,0
2026-09-30T23:59:57Z,Molding,MLD03,Down,No Operator,13.6
2026-10-01T00:13:35Z,Molding,MLD03,Running,,0
2026-10-01T01:46:12Z,Molding,MLD03,Down,Starved - Upstream,11.1
2026-10-01T01:57:18Z,Molding,MLD03,Running,,0
2026-10-01T02:24:58Z,Molding,MLD03,Down,Blocked - Downstream,10.6
2026-10-01T02:35:36Z,Molding,MLD03,Running,,0
2026-10-01T03:00:00Z,Molding,MLD03,Down,Outside production hours,0
2026-10-01T11:17:05Z,Molding,MLD03,Down,Jam,22.9
2026-10-01T11:40:01Z,Molding,MLD03,Running,,0
2026-10-01T12:17:16Z,Molding,MLD03,Down,Jam,9.1
2026-10-01T12:26:24Z,Molding,MLD03,Running,,0
2026-10-01T13:26:37Z,Molding,MLD03,Down,Starved - Upstream,13.3
2026-10-01T13:39:57Z,Molding,MLD03,Running,,0
2026-10-01T14:26:20Z,Molding,MLD03,Down,No Operator,9.7
2026-10-01T14:36:00Z,Molding,MLD03,Running,,0
2026-10-01T16:06:02Z,Molding,MLD03,Down,Change Over - Line clearance,61.3
2026-10-01T17:07:19Z,Molding,MLD03,Running,,0
2026-10-01T18:38:28Z,Molding,MLD03,Down,Quality Hold,39.2
2026-10-01T19:17:38Z,Molding,MLD03,Running,,0
2026-10-01T20:24:49Z,Molding,MLD03,Down,Change Over - Line clearance,70.8
2026-10-01T21:35:36Z,Molding,MLD03,Running,,0
2026-10-01T22:55:11Z,Molding,MLD03,Down,Jam,21.6
2026-10-01T23:16:47Z,Molding,MLD03,Running,,0
2026-10-02T00:25:45Z,Molding,MLD03,Down,Scheduled Downtime,146.4
2026-10-02T02:52:08Z,Molding,MLD03,Running,,0
2026-10-02T03:00:00Z,Molding,MLD03,Down,Outside production hours,0
2026-10-02T11:34:04Z,Molding,MLD03,Down,No Operator,15.7
2026-10-02T11:49:45Z,Molding,MLD03,Running,,0
2026-10-02T12:38:41Z,Molding,MLD03,Down,No Operator,17.0
2026-10-02T12:55:38Z,Molding,MLD03,Running,,0
2026-10-02T14:10:07Z,Molding,MLD03,Down,Quality Hold,30.4
2026-10-02T14:40:32Z,Molding,MLD03,Running,,0
2026-10-02T15:23:17Z,Molding,MLD03,Down,No Operator,12.9
2026-10-02T15:36:12Z,Molding,MLD03,Running,,0
2026-10-02T16:06:21Z,Molding,MLD03,Down,Jam,13.1
2026-10-02T16:19:25Z,Molding,MLD03,Running,,0
2026-10-02T16:55:55Z,Molding,MLD03,Down,No Operator,24.9
2026-10-02T17:20:47Z,Molding,MLD03,Running,,0
2026-10-02T18:05:27Z,Molding,MLD03,Down,No Operator,9.1
2026-10-02T18:14:35Z,Molding,MLD03,Running,,0
2026-10-02T19:27:46Z,Molding,MLD03,Down,Blocked - Downstream,14.8
2026-10-02T19:42:34Z,Molding,MLD03,Running,,0
2026-10-02T20:37:10Z,Molding,MLD03,Down,Starved - Upstream,6.6
2026-10-02T20:43:47Z,Molding,MLD03,Running,,0
2026-10-02T21:36:55Z,Molding,MLD03,Down,E-Stop,9.9
2026-10-02T21:46:49Z,Molding,MLD03,Running,,0
2026-10-02T22:54:56Z,Molding,MLD03,Down,Scheduled Downtime,204.3
2026-10-03T02:19:15Z,Molding,MLD03,Running,,0
2026-10-03T02:52:42Z,Molding,MLD03,Down,Jam,23.2
2026-10-03T03:00:00Z,Molding,MLD03,Down,Outside production hours,0
2026-10-03T11:03:35Z,Molding,MLD03,Running,,0
2026-10-03T12:30:55Z,Molding,MLD03,Down,Starved - Upstream,15.8
2026-10-03T12:46:40Z,Molding,MLD03,Running,,0
2026-10-03T13:29:33Z,Molding,MLD03,Down,Quality Hold,40.8
2026-10-03T14:10:19Z,Molding,MLD03,Running,,0
2026-10-03T15:06:42Z,Molding,MLD03,Down,Jam,5.2
2026-10-03T15:11:56Z,Molding,MLD03,Running,,0
2026-10-03T16:28:34Z,Molding,MLD03,Down,Blocked - Downstream,15.0
2026-10-03T16:43:33Z,Molding,MLD03,Running,,0
2026-10-03T17:26:59Z,Molding,MLD03,Down,Jam,6.7
2026-10-03T17:33:39Z,Molding,MLD03,Running,,0
2026-10-03T18:57:56Z,Molding,MLD03,Down,E-Stop,10.7
2026-10-03T19:08:38Z,Molding,MLD03,Running,,0
2026-10-03T20:31:28Z,Molding,MLD03,Down,Change Over - Line clearance,65.4
2026-10-03T21:36:54Z,Molding,MLD03,Running,,0
2026-10-03T23:06:44Z,Molding,MLD03,Down,Quality Hold,39.5
2026-10-03T23:46:13Z,Molding,MLD03,Running,,0
2026-10-04T01:16:45Z,Molding,MLD03,Down,Starved - Upstream,18.6
2026-10-04T01:35:22Z,Molding,MLD03,Running,,0
2026-10-04T02:46:09Z,Molding,MLD03,Down,No Operator,9.1
2026-10-04T02:55:13Z,Molding,MLD03,Running,,0
2026-10-04T03:00:00Z,Molding,MLD03,Down,Outside production hours,0
2026-10-05T11:01:08Z,Molding,MLD03,Running,,0
2026-10-05T11:36:40Z,Molding,MLD03,Down,No Operator,15.3
2026-10-05T11:52:00Z,Molding,MLD03,Running,,0
2026-10-05T13:00:27Z,Molding,MLD03,Down,Starved - Upstream,15.8
2026-10-05T13:16:16Z,Molding,MLD03,Running,,0
2026-10-05T14:44:09Z,Molding,MLD03,Down,Blocked - Downstream,13.6
2026-10-05T14:57:42Z,Molding,MLD03,Running,,0
2026-10-05T15:47:42Z,Molding,MLD03,Down,Change Over - Line clearance,56.3
2026-10-05T16:43:57Z,Molding,MLD03,Running,,0
2026-10-05T17:30:50Z,Molding,MLD03,Down,Blocked - Downstream,8.2
2026-10-05T17:39:04Z,Molding,MLD03,Running,,0
2026-10-05T18:49:02Z,Molding,MLD03,Down,Jam,12.6
2026-10-05T19:01:40Z,Molding,MLD03,Running,,0
2026-10-05T19:53:26Z,Molding,MLD03,Down,Quality Hold,21.4
2026-10-05T20:14:53Z,Molding,MLD03,Running,,0
2026-10-05T21:21:13Z,Molding,MLD03,Down,Jam,19.7
2026-10-05T21:40:58Z,Molding,MLD03,Running,,0
2026-10-05T23:15:24Z,Molding,MLD03,Down,No Operator,18.2
2026-10-05T23:33:34Z,Molding,MLD03,Running,,0
2026-10-06T01:05:55Z,Molding,MLD03,Down,Starved - Upstream,18.0
2026-10-06T01:23:54Z,Molding,MLD03,Running,,0
2026-10-06T01:52:13Z,Molding,MLD03,Down,Blocked - Downstream,12.7
2026-10-06T02:04:52Z,Molding,MLD03,Running,,0
2026-10-06T02:48:02Z,Molding,MLD03,Down,No Operator,27.3
2026-10-06T03:00:00Z,Molding,MLD03,Down,Outside production hours,0
2026-10-06T11:51:46Z,Molding,MLD03,Running,,0
2026-10-06T12:19:56Z,Molding,MLD03,Down,Change Over - Line clearance,33.8
2026-10-06T12:53:42Z,Molding,MLD03,Running,,0
2026-10-06T14:18:41Z,Molding,MLD03,Down,Change Over - Line clearance,28.3
2026-10-06T14:46:59Z,Molding,MLD03,Running,,0
2026-10-06T16:09:55Z,Molding,MLD03,Down,Change Over - Line clearance,40.9
2026-10-06T16:50:49Z,Molding,MLD03,Running,,0
2026-10-06T18:20:55Z,Molding,MLD03,Down,Change Over - Line clearance,58.4
2026-10-06T19:19:21Z,Molding,MLD03,Running,,0
2026-10-06T20:13:13Z,Molding,MLD03,Down,Jam,9.6
2026-10-06T20:22:49Z,Molding,MLD03,Running,,0
2026-10-06T21:15:09Z,Molding,MLD03,Down,Change Over - Line clearance,43.9
2026-10-06T21:59:06Z,Molding,MLD03,Running,,0
2026-10-06T22:57:09Z,Molding,MLD03,Down,E-Stop,8.3
2026-10-06T23:05:27Z,Molding,MLD03,Running,,0
2026-10-07T00:16:51Z,Molding,MLD03,Down,Jam,17.7
2026-10-07T00:34:33Z,Molding,MLD03,Running,,0
2026-10-07T01:36:17Z,Molding,MLD03,Down,Jam,17.4
2026-10-07T01:53:42Z,Molding,MLD03,Running,,0
2026-10-07T03:00:00Z,Molding,MLD03,Down,Outside production hours,0
2026-10-07T11:42:38Z,Molding,MLD03,Down,Jam,16.7
2026-10-07T11:59:18Z,Molding,MLD03,Running,,0
2026-10-07T13:01:52Z,Molding,MLD03,Down,Jam,24.0
2026-10-07T13:25:50Z,Molding,MLD03,Running,,0
2026-10-07T14:46:15Z,Molding,MLD03,Down,No Operator,27.7
2026-10-07T15:13:55Z,Molding,MLD03,Running,,0
2026-10-07T15:54:11Z,Molding,MLD03,Down,Jam,22.6
2026-10-07T16:16:46Z,Molding,MLD03,Running,,0
2026-10-07T17:42:42Z,Molding,MLD03,Down,Blocked - Downstream,13.6
2026-10-07T17:56:19Z,Molding,MLD03,Running,,0
2026-10-07T18:47:39Z,Molding,MLD03,Down,Quality Hold,40.5
2026-10-07T19:28:08Z,Molding,MLD03,Running,,0
2026-10-07T20:41:17Z,Molding,MLD03,Down,Change Over - Line clearance,48.3
2026-10-07T21:29:35Z,Molding,MLD03,Running,,0
2026-10-07T22:46:43Z,Molding,MLD03,Down,Starved - Upstream,9.5
2026-10-07T22:56:13Z,Molding,MLD03,Running,,0
2026-10-07T23:48:29Z,Molding,MLD03,Down,Blocked - Downstream,9.0
2026-10-07T23:57:30Z,Molding,MLD03,Running,,0
2026-10-08T00:46:39Z,Molding,MLD03,Down,Starved - Upstream,7.7
2026-10-08T00:54:19Z,Molding,MLD03,Running,,0
2026-10-08T02:16:24Z,Molding,MLD03,Down,Change Over - Line clearance,51.2
2026-10-08T03:00:00Z,Molding,MLD03,Down,Outside production hours,0
2026-10-08T11:02:25Z,Molding,MLD03,Down,Starved - Upstream,13.2
2026-10-08T11:15:36Z,Molding,MLD03,Running,,0
2026-10-08T12:37:02Z,Molding,MLD03,Down,Jam,7.4
2026-10-08T12:44:27Z,Molding,MLD03,Running,,0
2026-10-08T14:18:14Z,Molding,MLD03,Down,Jam,19.2
2026-10-08T14:37:28Z,Molding,MLD03,Running,,0
2026-10-08T15:14:36Z,Molding,MLD03,Down,Scheduled Downtime,227.3
2026-10-08T19:01:56Z,Molding,MLD03,Running,,0
2026-10-08T19:33:32Z,Molding,MLD03,Down,Starved - Upstream,14.6
2026-10-08T19:48:11Z,Molding,MLD03,Running,,0
2026-10-08T20:37:07Z,Molding,MLD03,Down,Starved - Upstream,18.6
2026-10-08T20:55:46Z,Molding,MLD03,Running,,0
2026-10-08T21:35:26Z,Molding,MLD03,Down,Change Over - Line clearance,49.1
2026-10-08T22:24:29Z,Molding,MLD03,Running,,0
2026-10-08T23:04:12Z,Molding,MLD03,Down,Blocked - Downstream,9.5
2026-10-08T23:13:43Z,Molding,MLD03,Running,,0
2026-10-09T00:42:38Z,Molding,MLD03,Down,Starved - Upstream,9.1
2026-10-09T00:51:42Z,Molding,MLD03,Running,,0
2026-10-09T02:08:03Z,Molding,MLD03,Down,Change Over - Line clearance,56.8
2026-10-09T03:00:00Z,Molding,MLD03,Down,Outside production hours,0
2026-10-09T12:25:57Z,Molding,MLD03,Down,Starved - Upstream,19.6
2026-10-09T12:45:33Z,Molding,MLD03,Running,,0
2026-10-09T13:53:09Z,Molding,MLD03,Down,Jam,17.7
2026-10-09T14:10:49Z,Molding,MLD03,Running,,0
2026-10-09T15:32:51Z,Molding,MLD03,Down,No Operator,23.8
2026-10-09T15:56:40Z,Molding,MLD03,Running,,0
2026-10-09T16:43:16Z,Molding,MLD03,Down,Jam,11.5
2026-10-09T16:54:48Z,Molding,MLD03,Running,,0
2026-10-09T17:46:10Z,Molding,MLD03,Down,Jam,5.2
2026-10-09T17:51:24Z,Molding,MLD03,Running,,0
2026-10-09T18:53:47Z,Molding,MLD03,Down,No Operator,13.8
2026-10-09T19:07:37Z,Molding,MLD03,Running,,0
2026-10-09T20:07:29Z,Molding,MLD03,Down,Change Over - Line clearance,79.9
2026-10-09T21:27:25Z,Molding,MLD03,Running,,0
2026-10-09T21:55:32Z,Molding,MLD03,Down,Jam,10.6
2026-10-09T22:06:10Z,Molding,MLD03,Running,,0
2026-10-09T22:36:37Z,Molding,MLD03,Down,No Operator,20.0
2026-10-09T22:56:37Z,Molding,MLD03,Running,,0
2026-10-10T00:14:02Z,Molding,MLD03,Down,Quality Hold,19.4
2026-10-10T00:33:27Z,Molding,MLD03,Running,,0
2026-10-10T01:16:11Z,Molding,MLD03,Down,Jam,8.9
2026-10-10T01:25:04Z,Molding,MLD03,Running,,0
2026-10-10T02:31:26Z,Molding,MLD03,Down,Scheduled Downtime,226.4
2026-10-10T03:00:00Z,Molding,MLD03,Down,Outside production hours,0
2026-10-10T11:15:21Z,Molding,MLD03,Running,,0
2026-10-10T12:12:22Z,Molding,MLD03,Down,No Operator,18.3
2026-10-10T12:30:41Z,Molding,MLD03,Running,,0
2026-10-10T13:34:49Z,Molding,MLD03,Down,Blocked - Downstream,8.0
2026-10-10T13:42:51Z,Molding,MLD03,Running,,0
2026-10-10T14:22:07Z,Molding,MLD03,Down,Jam,19.3
2026-10-10T14:41:26Z,Molding,MLD03,Running,,0
2026-10-10T15:40:15Z,Molding,MLD03,Down,Change Over - Line clearance,46.2
2026-10-10T16:26:27Z,Molding,MLD03,Running,,0
2026-10-10T16:57:20Z,Molding,MLD03,Down,Jam,21.8
2026-10-10T17:19:11Z,Molding,MLD03,Running,,0
2026-10-10T17:51:07Z,Molding,MLD03,Down,Change Over - Line clearance,87.4
2026-10-10T19:18:32Z,Molding,MLD03,Running,,0
2026-10-10T20:36:17Z,Molding,MLD03,Down,Jam,24.8
2026-10-10T21:01:07Z,Molding,MLD03,Running,,0
2026-10-10T21:47:52Z,Molding,MLD03,Down,Jam,17.3
2026-10-10T22:05:12Z,Molding,MLD03,Running,,0
2026-10-10T22:48:59Z,Molding,MLD03,Down,E-Stop,8.4
2026-10-10T22:57:23Z,Molding,MLD03,Running,,0
2026-10-10T23:40:13Z,Molding,MLD03,Down,No Operator,29.1
2026-10-11T00:09:16Z,Molding,MLD03,Running,,0
2026-10-11T00:39:51Z,Molding,MLD03,Down,No Operator,27.4
2026-10-11T01:07:17Z,Molding,MLD03,Running,,0
2026-10-11T02:38:54Z,Molding,MLD03,Down,E-Stop,4.6
2026-10-11T02:43:30Z,Molding,MLD03,Running,,0
2026-10-11T03:00:00Z,Molding,MLD03,Down,Outside production hours,0
2026-10-12T11:14:22Z,Molding,MLD03,Down,Jam,10.7
2026-10-12T11:25:03Z,Molding,MLD03,Running,,0
2026-10-12T12:10:14Z,Molding,MLD03,Down,Starved - Upstream,18.9
2026-10-12T12:29:10Z,Molding,MLD03,Running,,0
2026-10-12T13:31:42Z,Molding,MLD03,Down,Change Over - Line clearance,85.9
2026-10-12T14:57:34Z,Molding,MLD03,Running,,0
2026-10-12T15:32:03Z,Molding,MLD03,Down,No Operator,28.4
2026-10-12T16:00:25Z,Molding,MLD03,Running,,0
2026-10-12T17:06:21Z,Molding,MLD03,Down,Jam,12.9
2026-10-12T17:19:13Z,Molding,MLD03,Running,,0
2026-10-12T17:59:09Z,Molding,MLD03,Down,Jam,11.8
2026-10-12T18:10:59Z,Molding,MLD03,Running,,0
2026-10-12T19:10:01Z,Molding,MLD03,Down,E-Stop,11.0
2026-10-12T19:20:59Z,Molding,MLD03,Running,,0
2026-10-12T20:08:04Z,Molding,MLD03,Down,Jam,21.2
2026-10-12T20:29:19Z,Molding,MLD03,Running,,0
2026-10-12T21:16:03Z,Molding,MLD03,Down,Quality Hold,37.9
2026-10-12T21:53:58Z,Molding,MLD03,Running,,0
2026-10-12T22:36:50Z,Molding,MLD03,Down,Jam,23.9
2026-10-12T23:00:46Z,Molding,MLD03,Running,,0
2026-10-13T00:06:22Z,Molding,MLD03,Down,Scheduled Downtime,152.4
2026-10-13T02:38:48Z,Molding,MLD03,Running,,0
2026-10-13T03:00:00Z,Molding,MLD03,Down,Outside production hours,0
2026-10-13T12:19:38Z,Molding,MLD03,Running,,0
2026-10-13T13:47:43Z,Molding,MLD03,Down,Change Over - Line clearance,52.0
2026-10-13T14:39:43Z,Molding,MLD03,Running,,0
2026-10-13T15:39:02Z,Molding,MLD03,Down,Jam,16.3
2026-10-13T15:55:20Z,Molding,MLD03,Running,,0
2026-10-13T16:55:06Z,Molding,MLD03,Down,Starved - Upstream,13.1
2026-10-13T17:08:13Z,Molding,MLD03,Running,,0
2026-10-13T17:37:10Z,Molding,MLD03,Down,Change Over - Line clearance,49.4
2026-10-13T18:26:37Z,Molding,MLD03,Running,,0
2026-10-13T19:26:56Z,Molding,MLD03,Down,Jam,18.3
2026-10-13T19:45:15Z,Molding,MLD03,Running,,0
2026-10-13T20:46:44Z,Molding,MLD03,Down,Blocked - Downstream,5.2
2026-10-13T20:51:53Z,Molding,MLD03,Running,,0
2026-10-13T21:30:18Z,Molding,MLD03,Down,Jam,5.2
2026-10-13T21:35:31Z,Molding,MLD03,Running,,0
2026-10-13T22:57:53Z,Molding,MLD03,Down,Jam,22.3
2026-10-13T23:20:14Z,Molding,MLD03,Running,,0
2026-10-14T00:19:02Z,Molding,MLD03,Down,Change Over - Line clearance,81.1
2026-10-14T01:40:10Z,Molding,MLD03,Running,,0
2026-10-14T02:57:34Z,Molding,MLD03,Down,E-Stop,6.5
2026-10-14T03:00:00Z,Molding,MLD03,Down,Outside production hours,0
2026-10-14T11:28:31Z,Molding,MLD03,Running,,0
2026-10-14T11:54:57Z,Molding,MLD03,Down,Change Over - Line clearance,53.4
2026-10-14T12:48:19Z,Molding,MLD03,Running,,0
2026-10-14T13:48:10Z,Molding,MLD03,Down,Jam,21.3
2026-10-14T14:09:28Z,Molding,MLD03,Running,,0
2026-10-14T15:16:20Z,Molding,MLD03,Down,Quality Hold,44.7
2026-10-14T16:01:04Z,Molding,MLD03,Running,,0
2026-10-14T16:31:51Z,Molding,MLD03,Down,Jam,20.4
2026-10-14T16:52:12Z,Molding,MLD03,Running,,0
2026-10-14T17:24:00Z,Molding,MLD03,Down,Scheduled Downtime,129.5
2026-10-14T19:33:30Z,Molding,MLD03,Running,,0
2026-10-14T20:24:36Z,Molding,MLD03,Down,Quality Hold,17.5
2026-10-14T20:42:04Z,Molding,MLD03,Running,,0
2026-10-14T21:21:13Z,Molding,MLD03,Down,Quality Hold,39.7
2026-10-14T22:00:57Z,Molding,MLD03,Running,,0
2026-10-14T22:47:46Z,Molding,MLD03,Down,Starved - Upstream,18.4
2026-10-14T23:06:07Z,Molding,MLD03,Running,,0
2026-10-15T00:00:38Z,Molding,MLD03,Down,Change Over - Line clearance,89.3
2026-10-15T01:29:58Z,Molding,MLD03,Running,,0
2026-10-15T02:54:48Z,Molding,MLD03,Down,Scheduled Downtime,162.1
2026-10-15T03:00:00Z,Molding,MLD03,Down,Outside production hours,0
2026-10-15T11:27:16Z,Molding,MLD03,Down,Quality Hold,29.3
2026-10-15T11:56:33Z,Molding,MLD03,Running,,0
2026-10-15T12:42:51Z,Molding,MLD03,Down,Quality Hold,39.5
2026-10-15T13:22:18Z,Molding,MLD03,Running,,0
2026-10-15T14:50:22Z,Molding,MLD03,Down,Jam,24.8
2026-10-15T15:15:10Z,Molding,MLD03,Running,,0
2026-10-15T16:18:04Z,Molding,MLD03,Down,Quality Hold,21.6
2026-10-15T16:39:40Z,Molding,MLD03,Running,,0
2026-10-15T17:39:28Z,Molding,MLD03,Down,Jam,7.5
2026-10-15T17:46:59Z,Molding,MLD03,Running,,0
2026-10-15T19:11:51Z,Molding,MLD03,Down,Blocked - Downstream,10.1
2026-10-15T19:21:59Z,Molding,MLD03,Running,,0
2026-10-15T19:47:48Z,Molding,MLD03,Down,Quality Hold,20.5
2026-10-15T20:08:16Z,Molding,MLD03,Running,,0
2026-10-15T20:41:06Z,Molding,MLD03,Down,Blocked - Downstream,4.3
2026-10-15T20:45:23Z,Molding,MLD03,Running,,0
2026-10-15T22:00:32Z,Molding,MLD03,Down,Starved - Upstream,7.1
2026-10-15T22:07:35Z,Molding,MLD03,Running,,0
2026-10-15T22:58:20Z,Molding,MLD03,Down,Jam,22.7
2026-10-15T23:21:00Z,Molding,MLD03,Running,,0
2026-10-16T00:09:36Z,Molding,MLD03,Down,Blocked - Downstream,5.4
2026-10-16T00:15:03Z,Molding,MLD03,Running,,0
2026-10-16T01:35:35Z,Molding,MLD03,Down,Starved - Upstream,9.4
2026-10-16T01:44:58Z,Molding,MLD03,Running,,0
2026-10-16T02:26:20Z,Molding,MLD03,Down,Scheduled Downtime,86.6
2026-10-16T03:00:00Z,Molding,MLD03,Down,Outside production hours,0
2026-09-25T11:23:52Z,Molding,MLD04,Running,,0
2026-09-25T11:53:57Z,Molding,MLD04,Down,Starved - Upstream,7.5
2026-09-25T12:01:24Z,Molding,MLD04,Running,,0
2026-09-25T12:57:21Z,Molding,MLD04,Down,Jam,19.9
2026-09-25T13:17:16Z,Molding,MLD04,Running,,0
2026-09-25T14:41:34Z,Molding,MLD04,Down,Starved - Upstream,18.8
2026-09-25T15:00:23Z,Molding,MLD04,Running,,0
2026-09-25T15:45:02Z,Molding,MLD04,Down,Blocked - Downstream,4.2
2026-09-25T15:49:14Z,Molding,MLD04,Running,,0
2026-09-25T17:00:17Z,Molding,MLD04,Down,Quality Hold,16.7
2026-09-25T17:16:58Z,Molding,MLD04,Running,,0
2026-09-25T17:45:43Z,Molding,MLD04,Down,Quality Hold,31.9
2026-09-25T18:17:40Z,Molding,MLD04,Running,,0
2026-09-25T18:50:27Z,Molding,MLD04,Down,Jam,6.2
2026-09-25T18:56:42Z,Molding,MLD04,Running,,0
2026-09-25T19:41:30Z,Molding,MLD04,Down,Jam,22.0
2026-09-25T20:03:29Z,Molding,MLD04,Running,,0
2026-09-25T20:56:21Z,Molding,MLD04,Down,Jam,24.8
2026-09-25T21:21:06Z,Molding,MLD04,Running,,0
2026-09-25T22:45:17Z,Molding,MLD04,Down,Starved - Upstream,16.7
2026-09-25T23:01:58Z,Molding,MLD04,Running,,0
2026-09-26T00:16:20Z,Molding,MLD04,Down,E-Stop,10.2
2026-09-26T00:26:30Z,Molding,MLD04,Running,,0
2026-09-26T00:51:51Z,Molding,MLD04,Down,Starved - Upstream,6.1
2026-09-26T00:57:55Z,Molding,MLD04,Running,,0
2026-09-26T02:05:36Z,Molding,MLD04,Down,Change Over - Line clearance,89.6
2026-09-26T03:00:00Z,Molding,MLD04,Down,Outside production hours,0
2026-09-26T11:36:57Z,Molding,MLD04,Running,,0
2026-09-26T13:00:22Z,Molding,MLD04,Down,Scheduled Downtime,236.0
2026-09-26T16:56:25Z,Molding,MLD04,Running,,0
2026-09-26T18:29:07Z,Molding,MLD04,Down,Jam,11.4
2026-09-26T18:40:31Z,Molding,MLD04,Running,,0
2026-09-26T20:12:52Z,Molding,MLD04,Down,Change Over - Line clearance,46.9
2026-09-26T20:59:46Z,Molding,MLD04,Running,,0
2026-09-26T22:14:56Z,Molding,MLD04,Down,Jam,9.6
2026-09-26T22:24:33Z,Molding,MLD04,Running,,0
2026-09-26T23:10:27Z,Molding,MLD04,Down,Change Over - Line clearance,60.0
2026-09-27T00:10:26Z,Molding,MLD04,Running,,0
2026-09-27T00:57:02Z,Molding,MLD04,Down,Starved - Upstream,14.4
2026-09-27T01:11:27Z,Molding,MLD04,Running,,0
2026-09-27T02:36:15Z,Molding,MLD04,Down,Jam,24.3
2026-09-27T03:00:00Z,Molding,MLD04,Down,Outside production hours,0
2026-09-28T11:22:09Z,Molding,MLD04,Down,Jam,23.8
2026-09-28T11:45:58Z,Molding,MLD04,Running,,0
2026-09-28T12:14:51Z,Molding,MLD04,Down,Blocked - Downstream,4.4
2026-09-28T12:19:15Z,Molding,MLD04,Running,,0
2026-09-28T13:31:15Z,Molding,MLD04,Down,Starved - Upstream,7.3
2026-09-28T13:38:31Z,Molding,MLD04,Running,,0
2026-09-28T14:33:00Z,Molding,MLD04,Down,Jam,18.1
2026-09-28T14:51:09Z,Molding,MLD04,Running,,0
2026-09-28T15:54:18Z,Molding,MLD04,Down,No Operator,18.3
2026-09-28T16:12:38Z,Molding,MLD04,Running,,0
2026-09-28T17:06:40Z,Molding,MLD04,Down,Blocked - Downstream,10.2
2026-09-28T17:16:50Z,Molding,MLD04,Running,,0
2026-09-28T17:44:00Z,Molding,MLD04,Down,Jam,5.8
2026-09-28T17:49:47Z,Molding,MLD04,Running,,0
2026-09-28T19:06:40Z,Molding,MLD04,Down,Jam,6.6
2026-09-28T19:13:16Z,Molding,MLD04,Running,,0
2026-09-28T19:45:05Z,Molding,MLD04,Down,Blocked - Downstream,11.4
2026-09-28T19:56:30Z,Molding,MLD04,Running,,0
2026-09-28T21:02:45Z,Molding,MLD04,Down,Jam,18.3
2026-09-28T21:21:03Z,Molding,MLD04,Running,,0
2026-09-28T21:55:33Z,Molding,MLD04,Down,Change Over - Line clearance,44.0
2026-09-28T22:39:31Z,Molding,MLD04,Running,,0
2026-09-28T23:20:56Z,Molding,MLD04,Down,Quality Hold,32.2
2026-09-28T23:53:07Z,Molding,MLD04,Running,,0
2026-09-29T00:35:00Z,Molding,MLD04,Down,No Operator,14.9
2026-09-29T00:49:55Z,Molding,MLD04,Running,,0
2026-09-29T01:25:03Z,Molding,MLD04,Down,Quality Hold,38.1
2026-09-29T02:03:09Z,Molding,MLD04,Running,,0
2026-09-29T02:29:06Z,Molding,MLD04,Down,No Operator,22.6
2026-09-29T02:51:43Z,Molding,MLD04,Running,,0
2026-09-29T03:00:00Z,Molding,MLD04,Down,Outside production hours,0
2026-09-29T11:06:36Z,Molding,MLD04,Running,,0
2026-09-29T11:32:15Z,Molding,MLD04,Down,Scheduled Downtime,146.3
2026-09-29T13:58:35Z,Molding,MLD04,Running,,0
2026-09-29T14:34:45Z,Molding,MLD04,Down,Scheduled Downtime,135.2
2026-09-29T16:49:56Z,Molding,MLD04,Running,,0
2026-09-29T18:04:49Z,Molding,MLD04,Down,Jam,13.2
2026-09-29T18:17:59Z,Molding,MLD04,Running,,0
2026-09-29T19:03:02Z,Molding,MLD04,Down,E-Stop,7.1
2026-09-29T19:10:10Z,Molding,MLD04,Running,,0
2026-09-29T20:25:42Z,Molding,MLD04,Down,Starved - Upstream,14.1
2026-09-29T20:39:45Z,Molding,MLD04,Running,,0
2026-09-29T21:22:05Z,Molding,MLD04,Down,Jam,10.1
2026-09-29T21:32:12Z,Molding,MLD04,Running,,0
2026-09-29T22:26:02Z,Molding,MLD04,Down,Quality Hold,35.9
2026-09-29T23:01:57Z,Molding,MLD04,Running,,0
2026-09-29T23:53:34Z,Molding,MLD04,Down,No Operator,15.9
2026-09-30T00:09:26Z,Molding,MLD04,Running,,0
2026-09-30T00:39:19Z,Molding,MLD04,Down,Starved - Upstream,6.7
2026-09-30T00:45:59Z,Molding,MLD04,Running,,0
2026-09-30T01:40:14Z,Molding,MLD04,Down,Quality Hold,25.9
2026-09-30T02:06:08Z,Molding,MLD04,Running,,0
2026-09-30T03:00:00Z,Molding,MLD04,Down,Outside production hours,0
2026-09-30T11:34:42Z,Molding,MLD04,Down,E-Stop,10.6
2026-09-30T11:45:19Z,Molding,MLD04,Running,,0
2026-09-30T12:41:39Z,Molding,MLD04,Down,Jam,7.9
2026-09-30T12:49:34Z,Molding,MLD04,Running,,0
2026-09-30T14:04:42Z,Molding,MLD04,Down,Change Over - Line clearance,79.0
2026-09-30T15:23:44Z,Molding,MLD04,Running,,0
2026-09-30T16:16:36Z,Molding,MLD04,Down,Jam,24.7
2026-09-30T16:41:17Z,Molding,MLD04,Running,,0
2026-09-30T17:28:57Z,Molding,MLD04,Down,Jam,22.6
2026-09-30T17:51:34Z,Molding,MLD04,Running,,0
2026-09-30T19:00:14Z,Molding,MLD04,Down,Quality Hold,33.2
2026-09-30T19:33:27Z,Molding,MLD04,Running,,0
2026-09-30T20:54:52Z,Molding,MLD04,Down,Blocked - Downstream,8.5
2026-09-30T21:03:23Z,Molding,MLD04,Running,,0
2026-09-30T22:01:45Z,Molding,MLD04,Down,Quality Hold,23.3
2026-09-30T22:25:06Z,Molding,MLD04,Running,,0
2026-09-30T23:17:21Z,Molding,MLD04,Down,Jam,17.0
2026-09-30T23:34:20Z,Molding,MLD04,Running,,0
2026-10-01T00:36:46Z,Molding,MLD04,Down,Starved - Upstream,18.8
2026-10-01T00:55:34Z,Molding,MLD04,Running,,0
2026-10-01T02:14:00Z,Molding,MLD04,Down,Change Over - Line clearance,41.7
2026-10-01T02:55:43Z,Molding,MLD04,Running,,0
2026-10-01T03:00:00Z,Molding,MLD04,Down,Outside production hours,0
2026-10-01T11:30:02Z,Molding,MLD04,Down,Blocked - Downstream,4.8
2026-10-01T11:34:52Z,Molding,MLD04,Running,,0
2026-10-01T12:24:49Z,Molding,MLD04,Down,Starved - Upstream,11.8
2026-10-01T12:36:39Z,Molding,MLD04,Running,,0
2026-10-01T13:28:53Z,Molding,MLD04,Down,Jam,23.5
2026-10-01T13:52:26Z,Molding,MLD04,Running,,0
2026-10-01T15:18:07Z,Molding,MLD04,Down,Change Over - Line clearance,69.6
2026-10-01T16:27:45Z,Molding,MLD04,Running,,0
2026-10-01T17:00:39Z,Molding,MLD04,Down,Jam,20.3
2026-10-01T17:20:58Z,Molding,MLD04,Running,,0
2026-10-01T18:21:44Z,Molding,MLD04,Down,Starved - Upstream,8.1
2026-10-01T18:29:50Z,Molding,MLD04,Running,,0
2026-10-01T19:57:49Z,Molding,MLD04,Down,Blocked - Downstream,13.0
2026-10-01T20:10:48Z,Molding,MLD04,Running,,0
2026-10-01T20:36:34Z,Molding,MLD04,Down,Scheduled Downtime,91.7
2026-10-01T22:08:18Z,Molding,MLD04,Running,,0
2026-10-01T22:52:02Z,Molding,MLD04,Down,Jam,25.0
2026-10-01T23:17:01Z,Molding,MLD04,Running,,0
2026-10-02T00:20:33Z,Molding,MLD04,Down,Jam,17.8
2026-10-02T00:38:23Z,Molding,MLD04,Running,,0
2026-10-02T01:56:55Z,Molding,MLD04,Down,Jam,22.6
2026-10-02T02:19:28Z,Molding,MLD04,Running,,0
2026-10-02T03:00:00Z,Molding,MLD04,Down,Outside production hours,0
2026-10-02T11:23:20Z,Molding,MLD04,Down,Blocked - Downstream,10.3
2026-10-02T11:33:35Z,Molding,MLD04,Running,,0
2026-10-02T12:24:33Z,Molding,MLD04,Down,Starved - Upstream,9.5
2026-10-02T12:34:02Z,Molding,MLD04,Running,,0
2026-10-02T13:49:39Z,Molding,MLD04,Down,Change Over - Line clearance,30.0
2026-10-02T14:19:39Z,Molding,MLD04,Running,,0
2026-10-02T15:17:32Z,Molding,MLD04,Down,No Operator,22.0
2026-10-02T15:39:34Z,Molding,MLD04,Running,,0
2026-10-02T17:09:16Z,Molding,MLD04,Down,Change Over - Line clearance,72.1
2026-10-02T18:21:25Z,Molding,MLD04,Running,,0
2026-10-02T19:28:18Z,Molding,MLD04,Down,Starved - Upstream,13.6
2026-10-02T19:41:57Z,Molding,MLD04,Running,,0
2026-10-02T20:25:51Z,Molding,MLD04,Down,Scheduled Downtime,104.7
2026-10-02T22:10:31Z,Molding,MLD04,Running,,0
2026-10-02T23:37:10Z,Molding,MLD04,Down,Change Over - Line clearance,88.3
2026-10-03T01:05:28Z,Molding,MLD04,Running,,0
2026-10-03T02:39:10Z,Molding,MLD04,Down,Change Over - Line clearance,72.2
2026-10-03T03:00:00Z,Molding,MLD04,Down,Outside production hours,0
2026-10-03T11:26:18Z,Molding,MLD04,Running,,0
2026-10-03T12:57:47Z,Molding,MLD04,Down,Starved - Upstream,11.9
2026-10-03T13:09:41Z,Molding,MLD04,Running,,0
2026-10-03T13:59:55Z,Molding,MLD04,Down,Starved - Upstream,5.2
2026-10-03T14:05:05Z,Molding,MLD04,Running,,0
2026-10-03T15:29:52Z,Molding,MLD04,Down,Blocked - Downstream,5.4
2026-10-03T15:35:19Z,Molding,MLD04,Running,,0
2026-10-03T16:42:41Z,Molding,MLD04,Down,Quality Hold,22.5
2026-10-03T17:05:13Z,Molding,MLD04,Running,,0
2026-10-03T18:03:05Z,Molding,MLD04,Down,Quality Hold,22.5
2026-10-03T18:25:37Z,Molding,MLD04,Running,,0
2026-10-03T19:44:16Z,Molding,MLD04,Down,Jam,17.9
2026-10-03T20:02:11Z,Molding,MLD04,Running,,0
2026-10-03T20:28:34Z,Molding,MLD04,Down,Jam,7.3
2026-10-03T20:35:51Z,Molding,MLD04,Running,,0
2026-10-03T21:05:55Z,Molding,MLD04,Down,Quality Hold,34.9
2026-10-03T21:40:47Z,Molding,MLD04,Running,,0
2026-10-03T22:41:33Z,Molding,MLD04,Down,Change Over - Line clearance,60.3
2026-10-03T23:41:49Z,Molding,MLD04,Running,,0
2026-10-04T00:39:56Z,Molding,MLD04,Down,Starved - Upstream,9.8
2026-10-04T00:49:44Z,Molding,MLD04,Running,,0
2026-10-04T01:20:08Z,Molding,MLD04,Down,Starved - Upstream,6.2
2026-10-04T01:26:23Z,Molding,MLD04,Running,,0
2026-10-04T02:48:51Z,Molding,MLD04,Down,Blocked - Downstream,13.4
2026-10-04T03:00:00Z,Molding,MLD04,Down,Outside production hours,0
2026-10-05T12:22:24Z,Molding,MLD04,Down,Starved - Upstream,12.0
2026-10-05T12:34:26Z,Molding,MLD04,Running,,0
2026-10-05T13:04:36Z,Molding,MLD04,Down,Jam,14.0
2026-10-05T13:18:33Z,Molding,MLD04,Running,,0
2026-10-05T13:53:03Z,Molding,MLD04,Down,Jam,23.0
2026-10-05T14:16:03Z,Molding,MLD04,Running,,0
2026-10-05T15:33:03Z,Molding,MLD04,Down,Starved - Upstream,16.1
2026-10-05T15:49:08Z,Molding,MLD04,Running,,0
2026-10-05T16:19:03Z,Molding,MLD04,Down,Blocked - Downstream,4.9
2026-10-05T16:23:56Z,Molding,MLD04,Running,,0
2026-10-05T17:04:17Z,Molding,MLD04,Down,No Operator,29.2
2026-10-05T17:33:26Z,Molding,MLD04,Running,,0
2026-10-05T18:14:36Z,Molding,MLD04,Down,No Operator,12.8
2026-10-05T18:27:26Z,Molding,MLD04,Running,,0
2026-10-05T19:52:17Z,Molding,MLD04,Down,Jam,24.8
2026-10-05T20:17:05Z,Molding,MLD04,Running,,0
2026-10-05T20:58:16Z,Molding,MLD04,Down,Scheduled Downtime,162.3
2026-10-05T23:40:33Z,Molding,MLD04,Running,,0
2026-10-06T01:10:58Z,Molding,MLD04,Down,Quality Hold,16.7
2026-10-06T01:27:41Z,Molding,MLD04,Running,,0
2026-10-06T02:53:30Z,Molding,MLD04,Down,Quality Hold,42.4
2026-10-06T03:00:00Z,Molding,MLD04,Down,Outside production hours,0
2026-10-06T11:37:16Z,Molding,MLD04,Running,,0
2026-10-06T13:08:45Z,Molding,MLD04,Down,Starved - Upstream,12.0
2026-10-06T13:20:46Z,Molding,MLD04,Running,,0
2026-10-06T14:02:54Z,Molding,MLD04,Down,Jam,24.6
2026-10-06T14:27:32Z,Molding,MLD04,Running,,0
2026-10-06T14:57:54Z,Molding,MLD04,Down,Change Over - Line clearance,80.8
2026-10-06T16:18:41Z,Molding,MLD04,Running,,0
2026-10-06T16:57:33Z,Molding,MLD04,Down,No Operator,23.4
2026-10-06T17:20:58Z,Molding,MLD04,Running,,0
2026-10-06T18:14:43Z,Molding,MLD04,Down,Jam,20.4
2026-10-06T18:35:08Z,Molding,MLD04,Running,,0
2026-10-06T20:08:52Z,Molding,MLD04,Down,Change Over - Line clearance,69.0
2026-10-06T21:17:52Z,Molding,MLD04,Running,,0
2026-10-06T21:51:33Z,Molding,MLD04,Down,E-Stop,5.5
2026-10-06T21:57:05Z,Molding,MLD04,Running,,0
2026-10-06T22:52:15Z,Molding,MLD04,Down,Blocked - Downstream,7.5
2026-10-06T22:59:45Z,Molding,MLD04,Running,,0
2026-10-07T00:02:51Z,Molding,MLD04,Down,Jam,13.2
2026-10-07T00:16:04Z,Molding,MLD04,Running,,0
2026-10-07T01:37:45Z,Molding,MLD04,Down,Jam,5.8
2026-10-07T01:43:36Z,Molding,MLD04,Running,,0
2026-10-07T02:23:52Z,Molding,MLD04,Down,E-Stop,10.7
2026-10-07T02:34:33Z,Molding,MLD04,Running,,0
2026-10-07T03:00:00Z,Molding,MLD04,Down,Outside production hours,0
2026-10-07T11:13:05Z,Molding,MLD04,Down,Scheduled Downtime,83.8
2026-10-07T12:36:52Z,Molding,MLD04,Running,,0
2026-10-07T13:55:31Z,Molding,MLD04,Down,Scheduled Downtime,191.4
2026-10-07T17:06:53Z,Molding,MLD04,Running,,0
2026-10-07T18:38:06Z,Molding,MLD04,Down,No Operator,11.1
2026-10-07T18:49:14Z,Molding,MLD04,Running,,0
2026-10-07T19:57:06Z,Molding,MLD04,Down,E-Stop,7.0
2026-10-07T20:04:07Z,Molding,MLD04,Running,,0
2026-10-07T20:36:50Z,Molding,MLD04,Down,Jam,21.4
2026-10-07T20:58:13Z,Molding,MLD04,Running,,0
2026-10-07T21:57:50Z,Molding,MLD04,Down,Starved - Upstream,16.4
2026-10-07T22:14:15Z,Molding,MLD04,Running,,0
2026-10-07T23:31:14Z,Molding,MLD04,Down,Quality Hold,34.6
2026-10-08T00:05:51Z,Molding,MLD04,Running,,0
2026-10-08T01:27:54Z,Molding,MLD04,Down,E-Stop,4.1
2026-10-08T01:32:01Z,Molding,MLD04,Running,,0
2026-10-08T02:30:18Z,Molding,MLD04,Down,Starved - Upstream,14.3
2026-10-08T02:44:34Z,Molding,MLD04,Running,,0
2026-10-08T03:00:00Z,Molding,MLD04,Down,Outside production hours,0
2026-10-08T11:08:14Z,Molding,MLD04,Down,Starved - Upstream,12.6
2026-10-08T11:20:48Z,Molding,MLD04,Running,,0
2026-10-08T12:07:30Z,Molding,MLD04,Down,No Operator,22.2
2026-10-08T12:29:43Z,Molding,MLD04,Running,,0
2026-10-08T13:42:05Z,Molding,MLD04,Down,Starved - Upstream,8.8
2026-10-08T13:50:54Z,Molding,MLD04,Running,,0
2026-10-08T15:06:57Z,Molding,MLD04,Down,Starved - Upstream,16.8
2026-10-08T15:23:43Z,Molding,MLD04,Running,,0
2026-10-08T16:45:12Z,Molding,MLD04,Down,Blocked - Downstream,12.2
2026-10-08T16:57:23Z,Molding,MLD04,Running,,0
2026-10-08T17:31:18Z,Molding,MLD04,Down,Change Over - Line clearance,71.0
2026-10-08T18:42:20Z,Molding,MLD04,Running,,0
2026-10-08T19:17:38Z,Molding,MLD04,Down,Blocked - Downstream,8.2
2026-10-08T19:25:47Z,Molding,MLD04,Running,,0
2026-10-08T21:00:19Z,Molding,MLD04,Down,E-Stop,10.1
2026-10-08T21:10:27Z,Molding,MLD04,Running,,0
2026-10-08T22:42:49Z,Molding,MLD04,Down,Scheduled Downtime,138.5
2026-10-09T01:01:17Z,Molding,MLD04,Running,,0
2026-10-09T02:08:04Z,Molding,MLD04,Down,Blocked - Downstream,8.3
2026-10-09T02:16:21Z,Molding,MLD04,Running,,0
2026-10-09T03:00:00Z,Molding,MLD04,Down,Outside production hours,0
2026-10-09T11:57:34Z,Molding,MLD04,Down,Starved - Upstream,13.4
2026-10-09T12:10:59Z,Molding,MLD04,Running,,0
2026-10-09T13:12:20Z,Molding,MLD04,Down,Jam,10.5
2026-10-09T13:22:50Z,Molding,MLD04,Running,,0
2026-10-09T14:15:33Z,Molding,MLD04,Down,Blocked - Downstream,4.4
2026-10-09T14:20:00Z,Molding,MLD04,Running,,0
2026-10-09T15:42:44Z,Molding,MLD04,Down,Change Over - Line clearance,89.8
2026-10-09T17:12:31Z,Molding,MLD04,Running,,0
2026-10-09T18:37:15Z,Molding,MLD04,Down,Blocked - Downstream,9.8
2026-10-09T18:47:01Z,Molding,MLD04,Running,,0
2026-10-09T19:38:24Z,Molding,MLD04,Down,Starved - Upstream,15.0
2026-10-09T19:53:21Z,Molding,MLD04,Running,,0
2026-10-09T21:06:20Z,Molding,MLD04,Down,Starved - Upstream,14.1
2026-10-09T21:20:26Z,Molding,MLD04,Running,,0
2026-10-09T22:44:42Z,Molding,MLD04,Down,Change Over - Line clearance,41.7
2026-10-09T23:26:21Z,Molding,MLD04,Running,,0
2026-10-09T23:53:01Z,Molding,MLD04,Down,Starved - Upstream,15.1
2026-10-10T00:08:09Z,Molding,MLD04,Running,,0
2026-10-10T01:35:11Z,Molding,MLD04,Down,Jam,5.2
2026-10-10T01:40:25Z,Molding,MLD04,Running,,0
2026-10-10T02:13:28Z,Molding,MLD04,Down,Blocked - Downstream,11.8
2026-10-10T02:25:15Z,Molding,MLD04,Running,,0
2026-10-10T03:00:00Z,Molding,MLD04,Down,Outside production hours,0
2026-10-10T11:20:47Z,Molding,MLD04,Down,Change Over - Line clearance,54.5
2026-10-10T12:15:19Z,Molding,MLD04,Running,,0
2026-10-10T12:42:52Z,Molding,MLD04,Down,Jam,13.3
2026-10-10T12:56:12Z,Molding,MLD04,Running,,0
2026-10-10T14:21:53Z,Molding,MLD04,Down,Starved - Upstream,13.2
2026-10-10T14:35:08Z,Molding,MLD04,Running,,0
2026-10-10T15:40:04Z,Molding,MLD04,Down,E-Stop,9.9
2026-10-10T15:49:58Z,Molding,MLD04,Running,,0
2026-10-10T16:38:42Z,Molding,MLD04,Down,Blocked - Downstream,8.1
2026-10-10T16:46:46Z,Molding,MLD04,Running,,0
2026-10-10T17:50:38Z,Molding,MLD04,Down,Blocked - Downstream,8.0
2026-10-10T17:58:41Z,Molding,MLD04,Running,,0
2026-10-10T19:14:49Z,Molding,MLD04,Down,Starved - Upstream,19.3
2026-10-10T19:34:08Z,Molding,MLD04,Running,,0
2026-10-10T20:37:30Z,Molding,MLD04,Down,Jam,21.1
2026-10-10T20:58:36Z,Molding,MLD04,Running,,0
2026-10-10T22:03:13Z,Molding,MLD04,Down,E-Stop,10.4
2026-10-10T22:13:35Z,Molding,MLD04,Running,,0
2026-10-10T23:18:06Z,Molding,MLD04,Down,Blocked - Downstream,11.7
2026-10-10T23:29:51Z,Molding,MLD04,Running,,0
2026-10-11T00:15:52Z,Molding,MLD04,Down,Starved - Upstream,17.7
2026-10-11T00:33:35Z,Molding,MLD04,Running,,0
2026-10-11T01:18:05Z,Molding,MLD04,Down,Starved - Upstream,7.2
2026-10-11T01:25:17Z,Molding,MLD04,Running,,0
2026-10-11T02:38:08Z,Molding,MLD04,Down,Change Over - Line clearance,68.2
2026-10-11T03:00:00Z,Molding,MLD04,Down,Outside production hours,0
2026-10-12T13:04:51Z,Molding,MLD04,Running,,0
2026-10-12T14:07:49Z,Molding,MLD04,Down,No Operator,10.0
2026-10-12T14:17:48Z,Molding,MLD04,Running,,0
2026-10-12T14:58:18Z,Molding,MLD04,Down,Starved - Upstream,17.6
2026-10-12T15:15:56Z,Molding,MLD04,Running,,0
2026-10-12T16:47:18Z,Molding,MLD04,Down,E-Stop,11.1
2026-10-12T16:58:26Z,Molding,MLD04,Running,,0
2026-10-12T18:16:38Z,Molding,MLD04,Down,Jam,19.4
2026-10-12T18:36:04Z,Molding,MLD04,Running,,0
2026-10-12T19:58:04Z,Molding,MLD04,Down,Starved - Upstream,11.2
2026-10-12T20:09:16Z,Molding,MLD04,Running,,0
2026-10-12T20:35:36Z,Molding,MLD04,Down,Jam,14.6
2026-10-12T20:50:12Z,Molding,MLD04,Running,,0
2026-10-12T22:09:36Z,Molding,MLD04,Down,Change Over - Line clearance,63.7
2026-10-12T23:13:17Z,Molding,MLD04,Running,,0
2026-10-12T23:47:12Z,Molding,MLD04,Down,No Operator,17.3
2026-10-13T00:04:28Z,Molding,MLD04,Running,,0
2026-10-13T00:33:38Z,Molding,MLD04,Down,No Operator,23.7
2026-10-13T00:57:17Z,Molding,MLD04,Running,,0
2026-10-13T02:08:01Z,Molding,MLD04,Down,Starved - Upstream,7.0
2026-10-13T02:15:01Z,Molding,MLD04,Running,,0
2026-10-13T02:56:51Z,Molding,MLD04,Down,Jam,16.4
2026-10-13T03:00:00Z,Molding,MLD04,Down,Outside production hours,0
2026-10-13T11:19:03Z,Molding,MLD04,Down,Starved - Upstream,17.1
2026-10-13T11:36:12Z,Molding,MLD04,Running,,0
2026-10-13T13:03:06Z,Molding,MLD04,Down,Blocked - Downstream,6.9
2026-10-13T13:09:57Z,Molding,MLD04,Running,,0
2026-10-13T13:51:48Z,Molding,MLD04,Down,Scheduled Downtime,138.7
2026-10-13T16:10:27Z,Molding,MLD04,Running,,0
2026-10-13T17:35:15Z,Molding,MLD04,Down,Jam,9.4
2026-10-13T17:44:42Z,Molding,MLD04,Running,,0
2026-10-13T18:49:45Z,Molding,MLD04,Down,No Operator,23.6
2026-10-13T19:13:22Z,Molding,MLD04,Running,,0
2026-10-13T20:06:20Z,Molding,MLD04,Down,Change Over - Line clearance,48.6
2026-10-13T20:54:58Z,Molding,MLD04,Running,,0
2026-10-13T21:22:25Z,Molding,MLD04,Down,Change Over - Line clearance,29.8
2026-10-13T21:52:15Z,Molding,MLD04,Running,,0
2026-10-13T23:00:35Z,Molding,MLD04,Down,Scheduled Downtime,173.1
2026-10-14T01:53:39Z,Molding,MLD04,Running,,0
2026-10-14T02:28:01Z,Molding,MLD04,Down,Jam,9.2
2026-10-14T02:37:11Z,Molding,MLD04,Running,,0
2026-10-14T03:00:00Z,Molding,MLD04,Down,Outside production hours,0
2026-10-14T11:43:25Z,Molding,MLD04,Down,Change Over - Line clearance,53.7
2026-10-14T12:37:08Z,Molding,MLD04,Running,,0
2026-10-14T14:04:27Z,Molding,MLD04,Down,Jam,16.5
2026-10-14T14:20:55Z,Molding,MLD04,Running,,0
2026-10-14T15:09:28Z,Molding,MLD04,Down,Blocked - Downstream,8.3
2026-10-14T15:17:49Z,Molding,MLD04,Running,,0
2026-10-14T16:36:26Z,Molding,MLD04,Down,No Operator,14.6
2026-10-14T16:51:02Z,Molding,MLD04,Running,,0
2026-10-14T18:13:08Z,Molding,MLD04,Down,Quality Hold,40.4
2026-10-14T18:53:33Z,Molding,MLD04,Running,,0
2026-10-14T20:03:49Z,Molding,MLD04,Down,Change Over - Line clearance,80.1
2026-10-14T21:23:52Z,Molding,MLD04,Running,,0
2026-10-14T21:56:39Z,Molding,MLD04,Down,Scheduled Downtime,153.3
2026-10-15T00:29:54Z,Molding,MLD04,Running,,0
2026-10-15T01:07:13Z,Molding,MLD04,Down,Change Over - Line clearance,44.5
2026-10-15T01:51:43Z,Molding,MLD04,Running,,0
2026-10-15T02:52:26Z,Molding,MLD04,Down,Quality Hold,32.9
2026-10-15T03:00:00Z,Molding,MLD04,Down,Outside production hours,0
2026-10-15T11:13:06Z,Molding,MLD04,Down,Change Over - Line clearance,78.9
2026-10-15T12:32:02Z,Molding,MLD04,Running,,0
2026-10-15T13:15:40Z,Molding,MLD04,Down,Quality Hold,38.5
2026-10-15T13:54:11Z,Molding,MLD04,Running,,0
2026-10-15T14:25:26Z,Molding,MLD04,Down,Starved - Upstream,15.4
2026-10-15T14:40:50Z,Molding,MLD04,Running,,0
2026-10-15T15:34:58Z,Molding,MLD04,Down,E-Stop,3.4
2026-10-15T15:38:24Z,Molding,MLD04,Running,,0
2026-10-15T16:55:02Z,Molding,MLD04,Down,Jam,8.5
2026-10-15T17:03:32Z,Molding,MLD04,Running,,0
2026-10-15T18:21:35Z,Molding,MLD04,Down,Blocked - Downstream,13.4
2026-10-15T18:35:01Z,Molding,MLD04,Running,,0
2026-10-15T19:19:56Z,Molding,MLD04,Down,Quality Hold,41.2
2026-10-15T20:01:09Z,Molding,MLD04,Running,,0
2026-10-15T20:50:38Z,Molding,MLD04,Down,No Operator,8.3
2026-10-15T20:58:54Z,Molding,MLD04,Running,,0
2026-10-15T21:34:20Z,Molding,MLD04,Down,Blocked - Downstream,10.4
2026-10-15T21:44:41Z,Molding,MLD04,Running,,0
2026-10-15T22:43:36Z,Molding,MLD04,Down,Blocked - Downstream,4.7
2026-10-15T22:48:18Z,Molding,MLD04,Running,,0
2026-10-15T23:13:24Z,Molding,MLD04,Down,Change Over - Line clearance,27.3
2026-10-15T23:40:42Z,Molding,MLD04,Running,,0
2026-10-16T00:14:22Z,Molding,MLD04,Down,Jam,16.2
2026-10-16T00:30:36Z,Molding,MLD04,Running,,0
2026-10-16T01:33:40Z,Molding,MLD04,Down,Jam,18.8
2026-10-16T01:52:27Z,Molding,MLD04,Running,,0
2026-10-16T02:52:35Z,Molding,MLD04,Down,Blocked - Downstream,8.6
2026-10-16T03:00:00Z,Molding,MLD04,Down,Outside production hours,0
2026-09-25T11:00:08Z,Molding,MLD05,Running,,0
2026-09-25T11:43:48Z,Molding,MLD05,Down,Quality Hold,16.2
2026-09-25T12:00:02Z,Molding,MLD05,Running,,0
2026-09-25T12:52:28Z,Molding,MLD05,Down,Change Over - Line clearance,59.5
2026-09-25T13:51:57Z,Molding,MLD05,Running,,0
2026-09-25T15:24:01Z,Molding,MLD05,Down,Quality Hold,27.1
2026-09-25T15:51:06Z,Molding,MLD05,Running,,0
2026-09-25T17:23:42Z,Molding,MLD05,Down,Change Over - Line clearance,42.9
2026-09-25T18:06:35Z,Molding,MLD05,Running,,0
2026-09-25T19:06:28Z,Molding,MLD05,Down,Blocked - Downstream,5.3
2026-09-25T19:11:48Z,Molding,MLD05,Running,,0
2026-09-25T19:56:25Z,Molding,MLD05,Down,No Operator,21.2
2026-09-25T20:17:35Z,Molding,MLD05,Running,,0
2026-09-25T21:23:32Z,Molding,MLD05,Down,Jam,12.1
2026-09-25T21:35:39Z,Molding,MLD05,Running,,0
2026-09-25T22:33:05Z,Molding,MLD05,Down,Starved - Upstream,9.2
2026-09-25T22:42:19Z,Molding,MLD05,Running,,0
2026-09-25T23:52:31Z,Molding,MLD05,Down,Starved - Upstream,15.8
2026-09-26T00:08:17Z,Molding,MLD05,Running,,0
2026-09-26T01:36:10Z,Molding,MLD05,Down,Jam,8.6
2026-09-26T01:44:48Z,Molding,MLD05,Running,,0
2026-09-26T02:18:14Z,Molding,MLD05,Down,Starved - Upstream,13.6
2026-09-26T02:31:47Z,Molding,MLD05,Running,,0
2026-09-26T03:00:00Z,Molding,MLD05,Down,Outside production hours,0
2026-09-26T11:02:17Z,Molding,MLD05,Running,,0
2026-09-26T11:44:01Z,Molding,MLD05,Down,Change Over - Line clearance,87.9
2026-09-26T13:11:57Z,Molding,MLD05,Running,,0
2026-09-26T14:03:55Z,Molding,MLD05,Down,Starved - Upstream,11.0
2026-09-26T14:14:56Z,Molding,MLD05,Running,,0
2026-09-26T15:31:17Z,Molding,MLD05,Down,Jam,7.5
2026-09-26T15:38:46Z,Molding,MLD05,Running,,0
2026-09-26T17:04:08Z,Molding,MLD05,Down,Scheduled Downtime,82.5
2026-09-26T18:26:36Z,Molding,MLD05,Running,,0
2026-09-26T19:59:03Z,Molding,MLD05,Down,Starved - Upstream,5.6
2026-09-26T20:04:41Z,Molding,MLD05,Running,,0
2026-09-26T20:57:10Z,Molding,MLD05,Down,Quality Hold,42.1
2026-09-26T21:39:17Z,Molding,MLD05,Running,,0
2026-09-26T23:08:20Z,Molding,MLD05,Down,No Operator,28.8
2026-09-26T23:37:09Z,Molding,MLD05,Running,,0
2026-09-27T00:53:35Z,Molding,MLD05,Down,E-Stop,9.8
2026-09-27T01:03:26Z,Molding,MLD05,Running,,0
2026-09-27T02:15:33Z,Molding,MLD05,Down,Starved - Upstream,18.9
2026-09-27T02:34:29Z,Molding,MLD05,Running,,0
2026-09-27T03:00:00Z,Molding,MLD05,Down,Outside production hours,0
2026-09-28T11:20:58Z,Molding,MLD05,Down,Starved - Upstream,9.6
2026-09-28T11:30:33Z,Molding,MLD05,Running,,0
2026-09-28T12:52:36Z,Molding,MLD05,Down,Jam,6.2
2026-09-28T12:58:47Z,Molding,MLD05,Running,,0
2026-09-28T13:26:41Z,Molding,MLD05,Down,Scheduled Downtime,124.7
2026-09-28T15:31:23Z,Molding,MLD05,Running,,0
2026-09-28T16:44:02Z,Molding,MLD05,Down,Scheduled Downtime,76.9
2026-09-28T18:00:59Z,Molding,MLD05,Running,,0
2026-09-28T18:32:10Z,Molding,MLD05,Down,Jam,13.1
2026-09-28T18:45:17Z,Molding,MLD05,Running,,0
2026-09-28T19:13:01Z,Molding,MLD05,Down,Starved - Upstream,12.7
2026-09-28T19:25:41Z,Molding,MLD05,Running,,0
2026-09-28T19:53:41Z,Molding,MLD05,Down,Blocked - Downstream,13.6
2026-09-28T20:07:15Z,Molding,MLD05,Running,,0
2026-09-28T20:55:09Z,Molding,MLD05,Down,Change Over - Line clearance,60.6
2026-09-28T21:55:43Z,Molding,MLD05,Running,,0
2026-09-28T22:48:16Z,Molding,MLD05,Down,Quality Hold,19.8
2026-09-28T23:08:04Z,Molding,MLD05,Running,,0
2026-09-28T23:45:54Z,Molding,MLD05,Down,Change Over - Line clearance,85.0
2026-09-29T01:10:53Z,Molding,MLD05,Running,,0
2026-09-29T01:51:47Z,Molding,MLD05,Down,Starved - Upstream,13.1
2026-09-29T02:04:50Z,Molding,MLD05,Running,,0
2026-09-29T03:00:00Z,Molding,MLD05,Down,Outside production hours,0
2026-09-29T11:36:58Z,Molding,MLD05,Down,Jam,6.6
2026-09-29T11:43:32Z,Molding,MLD05,Running,,0
2026-09-29T13:15:32Z,Molding,MLD05,Down,Blocked - Downstream,7.8
2026-09-29T13:23:18Z,Molding,MLD05,Running,,0
2026-09-29T14:48:12Z,Molding,MLD05,Down,Jam,23.1
2026-09-29T15:11:19Z,Molding,MLD05,Running,,0
2026-09-29T15:57:12Z,Molding,MLD05,Down,Change Over - Line clearance,65.4
2026-09-29T17:02:39Z,Molding,MLD05,Running,,0
2026-09-29T17:39:32Z,Molding,MLD05,Down,Starved - Upstream,10.1
2026-09-29T17:49:37Z,Molding,MLD05,Running,,0
2026-09-29T18:49:48Z,Molding,MLD05,Down,Change Over - Line clearance,57.9
2026-09-29T19:47:44Z,Molding,MLD05,Running,,0
2026-09-29T21:06:53Z,Molding,MLD05,Down,No Operator,26.0
2026-09-29T21:32:54Z,Molding,MLD05,Running,,0
2026-09-29T22:41:45Z,Molding,MLD05,Down,E-Stop,5.5
2026-09-29T22:47:13Z,Molding,MLD05,Running,,0
2026-09-30T00:11:27Z,Molding,MLD05,Down,E-Stop,3.3
2026-09-30T00:14:42Z,Molding,MLD05,Running,,0
2026-09-30T00:41:25Z,Molding,MLD05,Down,Change Over - Line clearance,41.3
2026-09-30T01:22:46Z,Molding,MLD05,Running,,0
2026-09-30T02:46:25Z,Molding,MLD05,Down,Quality Hold,26.2
2026-09-30T03:00:00Z,Molding,MLD05,Down,Outside production hours,0
2026-09-30T11:02:41Z,Molding,MLD05,Running,,0
2026-09-30T11:48:36Z,Molding,MLD05,Down,Starved - Upstream,10.0
2026-09-30T11:58:37Z,Molding,MLD05,Running,,0
2026-09-30T12:27:32Z,Molding,MLD05,Down,Jam,10.6
2026-09-30T12:38:08Z,Molding,MLD05,Running,,0
2026-09-30T13:10:05Z,Molding,MLD05,Down,Blocked - Downstream,13.6
2026-09-30T13:23:44Z,Molding,MLD05,Running,,0
2026-09-30T14:25:51Z,Molding,MLD05,Down,Starved - Upstream,8.9
2026-09-30T14:34:45Z,Molding,MLD05,Running,,0
2026-09-30T15:48:26Z,Molding,MLD05,Down,Starved - Upstream,8.2
2026-09-30T15:56:39Z,Molding,MLD05,Running,,0
2026-09-30T17:27:47Z,Molding,MLD05,Down,Jam,12.0
2026-09-30T17:39:48Z,Molding,MLD05,Running,,0
2026-09-30T18:12:47Z,Molding,MLD05,Down,No Operator,19.3
2026-09-30T18:32:03Z,Molding,MLD05,Running,,0
2026-09-30T19:08:19Z,Molding,MLD05,Down,Jam,4.8
2026-09-30T19:13:05Z,Molding,MLD05,Running,,0
2026-09-30T19:49:39Z,Molding,MLD05,Down,No Operator,23.8
2026-09-30T20:13:30Z,Molding,MLD05,Running,,0
2026-09-30T21:37:43Z,Molding,MLD05,Down,Quality Hold,34.3
2026-09-30T22:12:03Z,Molding,MLD05,Running,,0
2026-09-30T22:52:21Z,Molding,MLD05,Down,No Operator,19.5
2026-09-30T23:11:53Z,Molding,MLD05,Running,,0
2026-10-01T00:36:23Z,Molding,MLD05,Down,Scheduled Downtime,194.3
2026-10-01T03:00:00Z,Molding,MLD05,Down,Outside production hours,0
2026-10-01T11:31:29Z,Molding,MLD05,Down,Blocked - Downstream,12.1
2026-10-01T11:43:36Z,Molding,MLD05,Running,,0
2026-10-01T12:35:42Z,Molding,MLD05,Down,E-Stop,11.4
2026-10-01T12:47:04Z,Molding,MLD05,Running,,0
2026-10-01T14:03:19Z,Molding,MLD05,Down,Starved - Upstream,18.8
2026-10-01T14:22:09Z,Molding,MLD05,Running,,0
2026-10-01T14:59:07Z,Molding,MLD05,Down,Quality Hold,34.8
2026-10-01T15:33:53Z,Molding,MLD05,Running,,0
2026-10-01T16:00:01Z,Molding,MLD05,Down,Jam,12.1
2026-10-01T16:12:09Z,Molding,MLD05,Running,,0
2026-10-01T16:37:24Z,Molding,MLD05,Down,Starved - Upstream,9.4
2026-10-01T16:46:47Z,Molding,MLD05,Running,,0
2026-10-01T17:52:54Z,Molding,MLD05,Down,Jam,14.5
2026-10-01T18:07:24Z,Molding,MLD05,Running,,0
2026-10-01T18:32:58Z,Molding,MLD05,Down,Starved - Upstream,10.6
2026-10-01T18:43:32Z,Molding,MLD05,Running,,0
2026-10-01T20:03:09Z,Molding,MLD05,Down,Change Over - Line clearance,41.4
2026-10-01T20:44:31Z,Molding,MLD05,Running,,0
2026-10-01T21:12:25Z,Molding,MLD05,Down,Scheduled Downtime,77.8
2026-10-01T22:30:15Z,Molding,MLD05,Running,,0
2026-10-01T23:29:47Z,Molding,MLD05,Down,Jam,5.3
2026-10-01T23:35:04Z,Molding,MLD05,Running,,0
2026-10-02T01:06:31Z,Molding,MLD05,Down,No Operator,18.0
2026-10-02T01:24:34Z,Molding,MLD05,Running,,0
2026-10-02T01:52:22Z,Molding,MLD05,Down,Jam,23.5
2026-10-02T02:15:51Z,Molding,MLD05,Running,,0
2026-10-02T03:00:00Z,Molding,MLD05,Down,Outside production hours,0
2026-10-02T11:38:20Z,Molding,MLD05,Running,,0
2026-10-02T12:41:57Z,Molding,MLD05,Down,Starved - Upstream,14.8
2026-10-02T12:56:43Z,Molding,MLD05,Running,,0
2026-10-02T14:08:49Z,Molding,MLD05,Down,Quality Hold,40.5
2026-10-02T14:49:20Z,Molding,MLD05,Running,,0
2026-10-02T16:21:10Z,Molding,MLD05,Down,Blocked - Downstream,11.2
2026-10-02T16:32:23Z,Molding,MLD05,Running,,0
2026-10-02T17:58:08Z,Molding,MLD05,Down,Quality Hold,26.1
2026-10-02T18:24:16Z,Molding,MLD05,Running,,0
2026-10-02T19:44:13Z,Molding,MLD05,Down,Jam,10.9
2026-10-02T19:55:07Z,Molding,MLD05,Running,,0
2026-10-02T21:24:50Z,Molding,MLD05,Down,Starved - Upstream,13.9
2026-10-02T21:38:45Z,Molding,MLD05,Running,,0
2026-10-02T23:09:59Z,Molding,MLD05,Down,Quality Hold,34.6
2026-10-02T23:44:32Z,Molding,MLD05,Running,,0
2026-10-03T00:52:01Z,Molding,MLD05,Down,Change Over - Line clearance,70.7
2026-10-03T02:02:44Z,Molding,MLD05,Running,,0
2026-10-03T02:54:51Z,Molding,MLD05,Down,Change Over - Line clearance,72.7
2026-10-03T03:00:00Z,Molding,MLD05,Down,Outside production hours,0
2026-10-03T11:30:45Z,Molding,MLD05,Down,Jam,20.5
2026-10-03T11:51:15Z,Molding,MLD05,Running,,0
2026-10-03T12:48:20Z,Molding,MLD05,Down,E-Stop,8.0
2026-10-03T12:56:19Z,Molding,MLD05,Running,,0
2026-10-03T14:16:46Z,Molding,MLD05,Down,Jam,8.4
2026-10-03T14:25:10Z,Molding,MLD05,Running,,0
2026-10-03T14:53:49Z,Molding,MLD05,Down,Change Over - Line clearance,51.8
2026-10-03T15:45:36Z,Molding,MLD05,Running,,0
2026-10-03T16:52:43Z,Molding,MLD05,Down,Quality Hold,41.0
2026-10-03T17:33:45Z,Molding,MLD05,Running,,0
2026-10-03T18:15:40Z,Molding,MLD05,Down,Starved - Upstream,12.7
2026-10-03T18:28:22Z,Molding,MLD05,Running,,0
2026-10-03T19:07:55Z,Molding,MLD05,Down,Jam,11.9
2026-10-03T19:19:50Z,Molding,MLD05,Running,,0
2026-10-03T20:39:04Z,Molding,MLD05,Down,No Operator,26.1
2026-10-03T21:05:09Z,Molding,MLD05,Running,,0
2026-10-03T21:45:03Z,Molding,MLD05,Down,Blocked - Downstream,11.8
2026-10-03T21:56:53Z,Molding,MLD05,Running,,0
2026-10-03T22:56:42Z,Molding,MLD05,Down,Jam,7.9
2026-10-03T23:04:33Z,Molding,MLD05,Running,,0
2026-10-04T00:27:34Z,Molding,MLD05,Down,Jam,6.9
2026-10-04T00:34:25Z,Molding,MLD05,Running,,0
2026-10-04T01:38:09Z,Molding,MLD05,Down,No Operator,15.8
2026-10-04T01:53:56Z,Molding,MLD05,Running,,0
2026-10-04T02:21:24Z,Molding,MLD05,Down,Jam,13.7
2026-10-04T02:35:08Z,Molding,MLD05,Running,,0
2026-10-04T03:00:00Z,Molding,MLD05,Down,Outside production hours,0
2026-10-05T11:03:24Z,Molding,MLD05,Running,,0
2026-10-05T12:28:52Z,Molding,MLD05,Down,Jam,23.1
2026-10-05T12:51:58Z,Molding,MLD05,Running,,0
2026-10-05T14:26:04Z,Molding,MLD05,Down,Starved - Upstream,12.0
2026-10-05T14:38:04Z,Molding,MLD05,Running,,0
2026-10-05T15:11:46Z,Molding,MLD05,Down,Quality Hold,32.8
2026-10-05T15:44:36Z,Molding,MLD05,Running,,0
2026-10-05T16:37:19Z,Molding,MLD05,Down,Quality Hold,30.2
2026-10-05T17:07:29Z,Molding,MLD05,Running,,0
2026-10-05T17:40:57Z,Molding,MLD05,Down,Jam,23.9
2026-10-05T18:04:49Z,Molding,MLD05,Running,,0
2026-10-05T18:51:39Z,Molding,MLD05,Down,Jam,12.3
2026-10-05T19:03:58Z,Molding,MLD05,Running,,0
2026-10-05T20:26:01Z,Molding,MLD05,Down,Starved - Upstream,16.1
2026-10-05T20:42:04Z,Molding,MLD05,Running,,0
2026-10-05T21:32:01Z,Molding,MLD05,Down,Starved - Upstream,8.3
2026-10-05T21:40:20Z,Molding,MLD05,Running,,0
2026-10-05T22:08:31Z,Molding,MLD05,Down,Blocked - Downstream,6.9
2026-10-05T22:15:23Z,Molding,MLD05,Running,,0
2026-10-05T22:49:42Z,Molding,MLD05,Down,Starved - Upstream,6.8
2026-10-05T22:56:32Z,Molding,MLD05,Running,,0
2026-10-06T00:28:21Z,Molding,MLD05,Down,Jam,13.0
2026-10-06T00:41:19Z,Molding,MLD05,Running,,0
2026-10-06T01:23:35Z,Molding,MLD05,Down,Scheduled Downtime,185.4
2026-10-06T03:00:00Z,Molding,MLD05,Down,Outside production hours,0
2026-10-06T11:26:12Z,Molding,MLD05,Down,Quality Hold,15.0
2026-10-06T11:41:14Z,Molding,MLD05,Running,,0
2026-10-06T13:06:44Z,Molding,MLD05,Down,Starved - Upstream,15.7
2026-10-06T13:22:27Z,Molding,MLD05,Running,,0
2026-10-06T14:29:52Z,Molding,MLD05,Down,Change Over - Line clearance,67.7
2026-10-06T15:37:36Z,Molding,MLD05,Running,,0
2026-10-06T16:31:02Z,Molding,MLD05,Down,Quality Hold,30.6
2026-10-06T17:01:36Z,Molding,MLD05,Running,,0
2026-10-06T17:55:14Z,Molding,MLD05,Down,Jam,21.0
2026-10-06T18:16:15Z,Molding,MLD05,Running,,0
2026-10-06T19:19:07Z,Molding,MLD05,Down,No Operator,27.1
2026-10-06T19:46:13Z,Molding,MLD05,Running,,0
2026-10-06T21:07:05Z,Molding,MLD05,Down,No Operator,21.7
2026-10-06T21:28:48Z,Molding,MLD05,Running,,0
2026-10-06T22:05:41Z,Molding,MLD05,Down,Starved - Upstream,13.8
2026-10-06T22:19:29Z,Molding,MLD05,Running,,0
2026-10-06T23:12:54Z,Molding,MLD05,Down,Quality Hold,38.9
2026-10-06T23:51:47Z,Molding,MLD05,Running,,0
2026-10-07T01:04:13Z,Molding,MLD05,Down,No Operator,28.3
2026-10-07T01:32:29Z,Molding,MLD05,Running,,0
2026-10-07T02:58:28Z,Molding,MLD05,Down,No Operator,12.0
2026-10-07T03:00:00Z,Molding,MLD05,Down,Outside production hours,0
2026-10-07T12:22:27Z,Molding,MLD05,Down,Quality Hold,40.7
2026-10-07T13:03:10Z,Molding,MLD05,Running,,0
2026-10-07T13:42:34Z,Molding,MLD05,Down,Change Over - Line clearance,75.8
2026-10-07T14:58:20Z,Molding,MLD05,Running,,0
2026-10-07T16:01:15Z,Molding,MLD05,Down,Starved - Upstream,11.7
2026-10-07T16:12:56Z,Molding,MLD05,Running,,0
2026-10-07T16:42:20Z,Molding,MLD05,Down,Quality Hold,22.4
2026-10-07T17:04:46Z,Molding,MLD05,Running,,0
2026-10-07T17:40:41Z,Molding,MLD05,Down,No Operator,17.8
2026-10-07T17:58:27Z,Molding,MLD05,Running,,0
2026-10-07T19:06:14Z,Molding,MLD05,Down,Jam,7.3
2026-10-07T19:13:30Z,Molding,MLD05,Running,,0
2026-10-07T20:36:18Z,Molding,MLD05,Down,Scheduled Downtime,139.6
2026-10-07T22:55:53Z,Molding,MLD05,Running,,0
2026-10-08T00:21:43Z,Molding,MLD05,Down,Jam,15.3
2026-10-08T00:37:03Z,Molding,MLD05,Running,,0
2026-10-08T01:31:06Z,Molding,MLD05,Down,Starved - Upstream,10.7
2026-10-08T01:41:51Z,Molding,MLD05,Running,,0
2026-10-08T03:00:00Z,Molding,MLD05,Down,Outside production hours,0
2026-10-08T11:12:57Z,Molding,MLD05,Running,,0
2026-10-08T12:07:30Z,Molding,MLD05,Down,Jam,4.3
2026-10-08T12:11:46Z,Molding,MLD05,Running,,0
2026-10-08T13:15:56Z,Molding,MLD05,Down,Starved - Upstream,19.3
2026-10-08T13:35:11Z,Molding,MLD05,Running,,0
2026-10-08T14:10:01Z,Molding,MLD05,Down,Quality Hold,40.4
2026-10-08T14:50:25Z,Molding,MLD05,Running,,0
2026-10-08T15:17:07Z,Molding,MLD05,Down,Starved - Upstream,15.8
2026-10-08T15:32:55Z,Molding,MLD05,Running,,0
2026-10-08T16:52:17Z,Molding,MLD05,Down,Quality Hold,40.7
2026-10-08T17:33:00Z,Molding,MLD05,Running,,0
2026-10-08T19:00:50Z,Molding,MLD05,Down,Scheduled Downtime,122.9
2026-10-08T21:03:45Z,Molding,MLD05,Running,,0
2026-10-08T21:42:22Z,Molding,MLD05,Down,Blocked - Downstream,4.8
2026-10-08T21:47:11Z,Molding,MLD05,Running,,0
2026-10-08T22:22:51Z,Molding,MLD05,Down,Scheduled Downtime,207.2
2026-10-09T01:50:05Z,Molding,MLD05,Running,,0
2026-10-09T03:00:00Z,Molding,MLD05,Down,Outside production hours,0
2026-10-09T12:21:51Z,Molding,MLD05,Down,Jam,4.1
2026-10-09T12:26:00Z,Molding,MLD05,Running,,0
2026-10-09T13:00:13Z,Molding,MLD05,Down,Starved - Upstream,7.9
2026-10-09T13:08:09Z,Molding,MLD05,Running,,0
2026-10-09T14:32:39Z,Molding,MLD05,Down,Change Over - Line clearance,46.3
2026-10-09T15:18:54Z,Molding,MLD05,Running,,0
2026-10-09T15:46:03Z,Molding,MLD05,Down,Blocked - Downstream,4.2
2026-10-09T15:50:13Z,Molding,MLD05,Running,,0
2026-10-09T17:14:32Z,Molding,MLD05,Down,Quality Hold,39.4
2026-10-09T17:53:55Z,Molding,MLD05,Running,,0
2026-10-09T19:04:55Z,Molding,MLD05,Down,Starved - Upstream,11.6
2026-10-09T19:16:34Z,Molding,MLD05,Running,,0
2026-10-09T19:51:25Z,Molding,MLD05,Down,Scheduled Downtime,145.6
2026-10-09T22:17:02Z,Molding,MLD05,Running,,0
2026-10-09T23:42:21Z,Molding,MLD05,Down,Starved - Upstream,8.3
2026-10-09T23:50:41Z,Molding,MLD05,Running,,0
2026-10-10T00:29:42Z,Molding,MLD05,Down,Blocked - Downstream,13.4
2026-10-10T00:43:06Z,Molding,MLD05,Running,,0
2026-10-10T01:48:39Z,Molding,MLD05,Down,Quality Hold,18.5
2026-10-10T02:07:10Z,Molding,MLD05,Running,,0
2026-10-10T03:00:00Z,Molding,MLD05,Down,Outside production hours,0
2026-10-10T11:31:11Z,Molding,MLD05,Running,,0
2026-10-10T12:12:34Z,Molding,MLD05,Down,Starved - Upstream,19.2
2026-10-10T12:31:45Z,Molding,MLD05,Running,,0
2026-10-10T13:56:00Z,Molding,MLD05,Down,Jam,9.5
2026-10-10T14:05:32Z,Molding,MLD05,Running,,0
2026-10-10T15:33:18Z,Molding,MLD05,Down,Jam,10.7
2026-10-10T15:44:03Z,Molding,MLD05,Running,,0
2026-10-10T17:07:21Z,Molding,MLD05,Down,Change Over - Line clearance,30.5
2026-10-10T17:37:53Z,Molding,MLD05,Running,,0
2026-10-10T18:38:14Z,Molding,MLD05,Down,Change Over - Line clearance,77.3
2026-10-10T19:55:33Z,Molding,MLD05,Running,,0
2026-10-10T21:13:02Z,Molding,MLD05,Down,Starved - Upstream,17.2
2026-10-10T21:30:12Z,Molding,MLD05,Running,,0
2026-10-10T22:56:42Z,Molding,MLD05,Down,Scheduled Downtime,186.9
2026-10-11T02:03:36Z,Molding,MLD05,Running,,0
2026-10-11T03:00:00Z,Molding,MLD05,Down,Outside production hours,0
2026-10-12T11:19:08Z,Molding,MLD05,Down,Jam,11.6
2026-10-12T11:30:46Z,Molding,MLD05,Running,,0
2026-10-12T12:08:44Z,Molding,MLD05,Down,Starved - Upstream,9.3
2026-10-12T12:18:05Z,Molding,MLD05,Running,,0
2026-10-12T12:58:59Z,Molding,MLD05,Down,Jam,18.8
2026-10-12T13:17:45Z,Molding,MLD05,Running,,0
2026-10-12T14:02:38Z,Molding,MLD05,Down,Blocked - Downstream,10.6
2026-10-12T14:13:11Z,Molding,MLD05,Running,,0
2026-10-12T14:59:41Z,Molding,MLD05,Down,Starved - Upstream,7.9
2026-10-12T15:07:38Z,Molding,MLD05,Running,,0
2026-10-12T16:34:21Z,Molding,MLD05,Down,Change Over - Line clearance,80.0
2026-10-12T17:54:24Z,Molding,MLD05,Running,,0
2026-10-12T18:28:28Z,Molding,MLD05,Down,Jam,16.2
2026-10-12T18:44:43Z,Molding,MLD05,Running,,0
2026-10-12T20:15:57Z,Molding,MLD05,Down,Change Over - Line clearance,37.9
2026-10-12T20:53:51Z,Molding,MLD05,Running,,0
2026-10-12T22:26:46Z,Molding,MLD05,Down,Blocked - Downstream,7.2
2026-10-12T22:33:58Z,Molding,MLD05,Running,,0
2026-10-12T23:41:38Z,Molding,MLD05,Down,No Operator,14.2
2026-10-12T23:55:50Z,Molding,MLD05,Running,,0
2026-10-13T01:16:37Z,Molding,MLD05,Down,Jam,11.7
2026-10-13T01:28:21Z,Molding,MLD05,Running,,0
2026-10-13T02:53:33Z,Molding,MLD05,Down,Jam,14.1
2026-10-13T03:00:00Z,Molding,MLD05,Down,Outside production hours,0
2026-10-13T11:29:35Z,Molding,MLD05,Running,,0
2026-10-13T12:03:40Z,Molding,MLD05,Down,Starved - Upstream,10.9
2026-10-13T12:14:36Z,Molding,MLD05,Running,,0
2026-10-13T13:26:41Z,Molding,MLD05,Down,E-Stop,4.2
2026-10-13T13:30:53Z,Molding,MLD05,Running,,0
2026-10-13T14:51:11Z,Molding,MLD05,Down,Starved - Upstream,15.0
2026-10-13T15:06:13Z,Molding,MLD05,Running,,0
2026-10-13T15:41:42Z,Molding,MLD05,Down,Scheduled Downtime,129.4
2026-10-13T17:51:08Z,Molding,MLD05,Running,,0
2026-10-13T18:43:48Z,Molding,MLD05,Down,Starved - Upstream,9.6
2026-10-13T18:53:25Z,Molding,MLD05,Running,,0
2026-10-13T19:30:51Z,Molding,MLD05,Down,Starved - Upstream,6.5
2026-10-13T19:37:22Z,Molding,MLD05,Running,,0
2026-10-13T20:38:31Z,Molding,MLD05,Down,Quality Hold,39.1
2026-10-13T21:17:37Z,Molding,MLD05,Running,,0
2026-10-13T22:28:10Z,Molding,MLD05,Down,Starved - Upstream,15.5
2026-10-13T22:43:38Z,Molding,MLD05,Running,,0
2026-10-13T23:47:52Z,Molding,MLD05,Down,No Operator,12.2
2026-10-14T00:00:04Z,Molding,MLD05,Running,,0
2026-10-14T01:18:31Z,Molding,MLD05,Down,Quality Hold,30.2
2026-10-14T01:48:43Z,Molding,MLD05,Running,,0
2026-10-14T02:44:02Z,Molding,MLD05,Down,Quality Hold,21.2
2026-10-14T03:00:00Z,Molding,MLD05,Down,Outside production hours,0
2026-10-14T11:07:35Z,Molding,MLD05,Running,,0
2026-10-14T11:37:00Z,Molding,MLD05,Down,Starved - Upstream,17.5
2026-10-14T11:54:29Z,Molding,MLD05,Running,,0
2026-10-14T12:54:46Z,Molding,MLD05,Down,Jam,7.2
2026-10-14T13:01:59Z,Molding,MLD05,Running,,0
2026-10-14T13:43:21Z,Molding,MLD05,Down,Scheduled Downtime,143.6
2026-10-14T16:06:58Z,Molding,MLD05,Running,,0
2026-10-14T16:40:21Z,Molding,MLD05,Down,E-Stop,8.1
2026-10-14T16:48:25Z,Molding,MLD05,Running,,0
2026-10-14T17:54:00Z,Molding,MLD05,Down,Jam,8.1
2026-10-14T18:02:06Z,Molding,MLD05,Running,,0
2026-10-14T19:26:37Z,Molding,MLD05,Down,Blocked - Downstream,8.9
2026-10-14T19:35:32Z,Molding,MLD05,Running,,0
2026-10-14T21:08:53Z,Molding,MLD05,Down,Quality Hold,44.9
2026-10-14T21:53:45Z,Molding,MLD05,Running,,0
2026-10-14T22:47:36Z,Molding,MLD05,Down,Jam,16.8
2026-10-14T23:04:24Z,Molding,MLD05,Running,,0
2026-10-14T23:49:24Z,Molding,MLD05,Down,No Operator,18.3
2026-10-15T00:07:44Z,Molding,MLD05,Running,,0
2026-10-15T00:57:44Z,Molding,MLD05,Down,Quality Hold,42.5
2026-10-15T01:40:12Z,Molding,MLD05,Running,,0
2026-10-15T02:09:05Z,Molding,MLD05,Down,Jam,19.1
2026-10-15T02:28:10Z,Molding,MLD05,Running,,0
2026-10-15T03:00:00Z,Molding,MLD05,Down,Outside production hours,0
2026-10-15T11:44:14Z,Molding,MLD05,Down,Blocked - Downstream,4.9
2026-10-15T11:49:10Z,Molding,MLD05,Running,,0
2026-10-15T12:29:51Z,Molding,MLD05,Down,Quality Hold,41.4
2026-10-15T13:11:13Z,Molding,MLD05,Running,,0
2026-10-15T13:39:12Z,Molding,MLD05,Down,Starved - Upstream,5.9
2026-10-15T13:45:06Z,Molding,MLD05,Running,,0
2026-10-15T15:01:06Z,Molding,MLD05,Down,Jam,9.2
2026-10-15T15:10:15Z,Molding,MLD05,Running,,0
2026-10-15T16:22:34Z,Molding,MLD05,Down,Jam,16.1
2026-10-15T16:38:38Z,Molding,MLD05,Running,,0
2026-10-15T17:09:07Z,Molding,MLD05,Down,Blocked - Downstream,4.9
2026-10-15T17:14:03Z,Molding,MLD05,Running,,0
2026-10-15T18:13:40Z,Molding,MLD05,Down,Jam,22.1
2026-10-15T18:35:47Z,Molding,MLD05,Running,,0
2026-10-15T20:04:23Z,Molding,MLD05,Down,Jam,10.3
2026-10-15T20:14:44Z,Molding,MLD05,Running,,0
2026-10-15T21:08:29Z,Molding,MLD05,Down,Change Over - Line clearance,66.5
2026-10-15T22:14:58Z,Molding,MLD05,Running,,0
2026-10-15T23:33:49Z,Molding,MLD05,Down,Quality Hold,37.4
2026-10-16T00:11:12Z,Molding,MLD05,Running,,0
2026-10-16T00:56:23Z,Molding,MLD05,Down,Blocked - Downstream,8.7
2026-10-16T01:05:08Z,Molding,MLD05,Running,,0
2026-10-16T01:46:03Z,Molding,MLD05,Down,Jam,16.1
2026-10-16T02:02:09Z,Molding,MLD05,Running,,0
2026-10-16T03:00:00Z,Molding,MLD05,Down,Outside production hours,0
2026-09-25T11:47:02Z,Molding,MLD06,Down,Starved - Upstream,17.1
2026-09-25T12:04:07Z,Molding,MLD06,Running,,0
2026-09-25T13:35:03Z,Molding,MLD06,Down,Jam,13.8
2026-09-25T13:48:50Z,Molding,MLD06,Running,,0
2026-09-25T14:17:56Z,Molding,MLD06,Down,Blocked - Downstream,4.0
2026-09-25T14:21:58Z,Molding,MLD06,Running,,0
2026-09-25T15:33:21Z,Molding,MLD06,Down,Jam,22.2
2026-09-25T15:55:31Z,Molding,MLD06,Running,,0
2026-09-25T16:24:27Z,Molding,MLD06,Down,Starved - Upstream,18.4
2026-09-25T16:42:51Z,Molding,MLD06,Running,,0
2026-09-25T17:29:02Z,Molding,MLD06,Down,E-Stop,8.8
2026-09-25T17:37:47Z,Molding,MLD06,Running,,0
2026-09-25T18:35:44Z,Molding,MLD06,Down,Starved - Upstream,17.7
2026-09-25T18:53:24Z,Molding,MLD06,Running,,0
2026-09-25T19:32:54Z,Molding,MLD06,Down,Jam,8.6
2026-09-25T19:41:33Z,Molding,MLD06,Running,,0
2026-09-25T20:43:30Z,Molding,MLD06,Down,No Operator,27.0
2026-09-25T21:10:32Z,Molding,MLD06,Running,,0
2026-09-25T21:42:31Z,Molding,MLD06,Down,No Operator,26.3
2026-09-25T22:08:49Z,Molding,MLD06,Running,,0
2026-09-25T23:39:40Z,Molding,MLD06,Down,Change Over - Line clearance,61.1
2026-09-26T00:40:43Z,Molding,MLD06,Running,,0
2026-09-26T01:38:50Z,Molding,MLD06,Down,Jam,6.4
2026-09-26T01:45:13Z,Molding,MLD06,Running,,0
2026-09-26T02:41:12Z,Molding,MLD06,Down,Starved - Upstream,15.0
2026-09-26T02:56:13Z,Molding,MLD06,Running,,0
2026-09-26T03:00:00Z,Molding,MLD06,Down,Outside production hours,0
2026-09-26T11:49:36Z,Molding,MLD06,Down,Starved - Upstream,18.8
2026-09-26T12:08:21Z,Molding,MLD06,Running,,0
2026-09-26T12:40:56Z,Molding,MLD06,Down,Quality Hold,15.2
2026-09-26T12:56:07Z,Molding,MLD06,Running,,0
2026-09-26T13:44:05Z,Molding,MLD06,Down,Jam,4.7
2026-09-26T13:48:46Z,Molding,MLD06,Running,,0
2026-09-26T15:13:00Z,Molding,MLD06,Down,Blocked - Downstream,6.9
2026-09-26T15:19:53Z,Molding,MLD06,Running,,0
2026-09-26T16:52:52Z,Molding,MLD06,Down,E-Stop,11.2
2026-09-26T17:04:02Z,Molding,MLD06,Running,,0
2026-09-26T17:51:26Z,Molding,MLD06,Down,Change Over - Line clearance,64.9
2026-09-26T18:56:22Z,Molding,MLD06,Running,,0
2026-09-26T19:33:20Z,Molding,MLD06,Down,Jam,5.1
2026-09-26T19:38:28Z,Molding,MLD06,Running,,0
2026-09-26T21:02:44Z,Molding,MLD06,Down,Jam,5.3
2026-09-26T21:08:03Z,Molding,MLD06,Running,,0
2026-09-26T21:54:51Z,Molding,MLD06,Down,Jam,20.8
2026-09-26T22:15:37Z,Molding,MLD06,Running,,0
2026-09-26T23:23:02Z,Molding,MLD06,Down,Jam,13.8
2026-09-26T23:36:52Z,Molding,MLD06,Running,,0
2026-09-27T00:21:25Z,Molding,MLD06,Down,Starved - Upstream,15.6
2026-09-27T00:37:04Z,Molding,MLD06,Running,,0
2026-09-27T01:25:56Z,Molding,MLD06,Down,Jam,14.5
2026-09-27T01:40:25Z,Molding,MLD06,Running,,0
2026-09-27T02:35:38Z,Molding,MLD06,Down,Jam,6.6
2026-09-27T02:42:12Z,Molding,MLD06,Running,,0
2026-09-27T03:00:00Z,Molding,MLD06,Down,Outside production hours,0
2026-09-28T11:23:07Z,Molding,MLD06,Down,Starved - Upstream,7.5
2026-09-28T11:30:34Z,Molding,MLD06,Running,,0
2026-09-28T12:50:04Z,Molding,MLD06,Down,Change Over - Line clearance,40.1
2026-09-28T13:30:13Z,Molding,MLD06,Running,,0
2026-09-28T14:32:49Z,Molding,MLD06,Down,Jam,9.1
2026-09-28T14:41:53Z,Molding,MLD06,Running,,0
2026-09-28T16:05:39Z,Molding,MLD06,Down,Change Over - Line clearance,31.8
2026-09-28T16:37:24Z,Molding,MLD06,Running,,0
2026-09-28T17:31:36Z,Molding,MLD06,Down,Quality Hold,17.5
2026-09-28T17:49:06Z,Molding,MLD06,Running,,0
2026-09-28T18:47:57Z,Molding,MLD06,Down,Starved - Upstream,14.1
2026-09-28T19:02:02Z,Molding,MLD06,Running,,0
2026-09-28T20:08:24Z,Molding,MLD06,Down,Starved - Upstream,9.0
2026-09-28T20:17:21Z,Molding,MLD06,Running,,0
2026-09-28T20:50:21Z,Molding,MLD06,Down,Starved - Upstream,19.9
2026-09-28T21:10:17Z,Molding,MLD06,Running,,0
2026-09-28T22:20:34Z,Molding,MLD06,Down,No Operator,14.2
2026-09-28T22:34:45Z,Molding,MLD06,Running,,0
2026-09-28T23:15:20Z,Molding,MLD06,Down,Starved - Upstream,15.9
2026-09-28T23:31:12Z,Molding,MLD06,Running,,0
2026-09-29T00:45:34Z,Molding,MLD06,Down,Blocked - Downstream,13.8
2026-09-29T00:59:19Z,Molding,MLD06,Running,,0
2026-09-29T02:12:32Z,Molding,MLD06,Down,Jam,23.6
2026-09-29T02:36:07Z,Molding,MLD06,Running,,0
2026-09-29T03:00:00Z,Molding,MLD06,Down,Outside production hours,0
2026-09-29T11:41:18Z,Molding,MLD06,Running,,0
2026-09-29T12:15:16Z,Molding,MLD06,Down,Jam,20.5
2026-09-29T12:35:49Z,Molding,MLD06,Running,,0
2026-09-29T13:21:17Z,Molding,MLD06,Down,Blocked - Downstream,11.3
2026-09-29T13:32:33Z,Molding,MLD06,Running,,0
2026-09-29T14:43:11Z,Molding,MLD06,Down,Jam,19.6
2026-09-29T15:02:49Z,Molding,MLD06,Running,,0
2026-09-29T15:45:10Z,Molding,MLD06,Down,Quality Hold,28.0
2026-09-29T16:13:12Z,Molding,MLD06,Running,,0
2026-09-29T17:32:42Z,Molding,MLD06,Down,Blocked - Downstream,9.2
2026-09-29T17:41:51Z,Molding,MLD06,Running,,0
2026-09-29T19:15:34Z,Molding,MLD06,Down,Jam,20.0
2026-09-29T19:35:32Z,Molding,MLD06,Running,,0
2026-09-29T20:23:21Z,Molding,MLD06,Down,E-Stop,5.3
2026-09-29T20:28:36Z,Molding,MLD06,Running,,0
2026-09-29T22:00:27Z,Molding,MLD06,Down,Blocked - Downstream,5.2
2026-09-29T22:05:38Z,Molding,MLD06,Running,,0
2026-09-29T22:45:43Z,Molding,MLD06,Down,Jam,9.6
2026-09-29T22:55:22Z,Molding,MLD06,Running,,0
2026-09-29T23:55:42Z,Molding,MLD06,Down,Blocked - Downstream,6.6
2026-09-30T00:02:20Z,Molding,MLD06,Running,,0
2026-09-30T01:21:17Z,Molding,MLD06,Down,Blocked - Downstream,14.5
2026-09-30T01:35:49Z,Molding,MLD06,Running,,0
2026-09-30T02:12:56Z,Molding,MLD06,Down,Jam,14.5
2026-09-30T02:27:27Z,Molding,MLD06,Running,,0
2026-09-30T03:00:00Z,Molding,MLD06,Down,Outside production hours,0
2026-09-30T13:08:00Z,Molding,MLD06,Running,,0
2026-09-30T14:40:53Z,Molding,MLD06,Down,Jam,8.5
2026-09-30T14:49:21Z,Molding,MLD06,Running,,0
2026-09-30T15:40:14Z,Molding,MLD06,Down,Change Over - Line clearance,27.2
2026-09-30T16:07:27Z,Molding,MLD06,Running,,0
2026-09-30T16:49:23Z,Molding,MLD06,Down,No Operator,21.7
2026-09-30T17:11:07Z,Molding,MLD06,Running,,0
2026-09-30T18:40:11Z,Molding,MLD06,Down,Blocked - Downstream,7.2
2026-09-30T18:47:22Z,Molding,MLD06,Running,,0
2026-09-30T20:18:56Z,Molding,MLD06,Down,No Operator,27.4
2026-09-30T20:46:21Z,Molding,MLD06,Running,,0
2026-09-30T21:21:32Z,Molding,MLD06,Down,Starved - Upstream,5.5
2026-09-30T21:27:04Z,Molding,MLD06,Running,,0
2026-09-30T22:22:47Z,Molding,MLD06,Down,Starved - Upstream,13.4
2026-09-30T22:36:10Z,Molding,MLD06,Running,,0
2026-09-30T23:34:58Z,Molding,MLD06,Down,Quality Hold,22.4
2026-09-30T23:57:24Z,Molding,MLD06,Running,,0
2026-10-01T00:57:42Z,Molding,MLD06,Down,Blocked - Downstream,11.0
2026-10-01T01:08:42Z,Molding,MLD06,Running,,0
2026-10-01T01:57:47Z,Molding,MLD06,Down,Starved - Upstream,15.8
2026-10-01T02:13:38Z,Molding,MLD06,Running,,0
2026-10-01T03:00:00Z,Molding,MLD06,Down,Outside production hours,0
2026-10-01T11:01:51Z,Molding,MLD06,Running,,0
2026-10-01T11:36:52Z,Molding,MLD06,Down,Quality Hold,16.0
2026-10-01T11:52:52Z,Molding,MLD06,Running,,0
2026-10-01T12:23:50Z,Molding,MLD06,Down,Jam,21.7
2026-10-01T12:45:32Z,Molding,MLD06,Running,,0
2026-10-01T13:30:27Z,Molding,MLD06,Down,Starved - Upstream,18.1
2026-10-01T13:48:31Z,Molding,MLD06,Running,,0
2026-10-01T14:36:14Z,Molding,MLD06,Down,Scheduled Downtime,219.3
2026-10-01T18:15:30Z,Molding,MLD06,Running,,0
2026-10-01T19:01:44Z,Molding,MLD06,Down,Jam,11.6
2026-10-01T19:13:23Z,Molding,MLD06,Running,,0
2026-10-01T20:07:08Z,Molding,MLD06,Down,Jam,24.8
2026-10-01T20:31:54Z,Molding,MLD06,Running,,0
2026-10-01T21:19:29Z,Molding,MLD06,Down,No Operator,29.1
2026-10-01T21:48:37Z,Molding,MLD06,Running,,0
2026-10-01T22:25:25Z,Molding,MLD06,Down,Jam,21.1
2026-10-01T22:46:31Z,Molding,MLD06,Running,,0
2026-10-02T00:04:42Z,Molding,MLD06,Down,Starved - Upstream,15.3
2026-10-02T00:20:02Z,Molding,MLD06,Running,,0
2026-10-02T01:24:22Z,Molding,MLD06,Down,Blocked - Downstream,9.6
2026-10-02T01:33:56Z,Molding,MLD06,Running,,0
2026-10-02T02:24:48Z,Molding,MLD06,Down,Change Over - Line clearance,33.9
2026-10-02T02:58:40Z,Molding,MLD06,Running,,0
2026-10-02T03:00:00Z,Molding,MLD06,Down,Outside production hours,0
2026-10-02T12:00:03Z,Molding,MLD06,Down,No Operator,22.0
2026-10-02T12:22:05Z,Molding,MLD06,Running,,0
2026-10-02T13:40:07Z,Molding,MLD06,Down,Quality Hold,15.4
2026-10-02T13:55:34Z,Molding,MLD06,Running,,0
2026-10-02T14:59:57Z,Molding,MLD06,Down,Scheduled Downtime,217.0
2026-10-02T18:36:55Z,Molding,MLD06,Running,,0
2026-10-02T19:58:47Z,Molding,MLD06,Down,Change Over - Line clearance,32.2
2026-10-02T20:31:02Z,Molding,MLD06,Running,,0
2026-10-02T22:01:24Z,Molding,MLD06,Down,Blocked - Downstream,12.2
2026-10-02T22:13:33Z,Molding,MLD06,Running,,0
2026-10-02T22:43:08Z,Molding,MLD06,Down,Jam,13.6
2026-10-02T22:56:41Z,Molding,MLD06,Running,,0
2026-10-03T00:30:41Z,Molding,MLD06,Down,Jam,9.8
2026-10-03T00:40:29Z,Molding,MLD06,Running,,0
2026-10-03T01:43:09Z,Molding,MLD06,Down,Jam,9.2
2026-10-03T01:52:20Z,Molding,MLD06,Running,,0
2026-10-03T02:59:28Z,Molding,MLD06,Down,Change Over - Line clearance,25.3
2026-10-03T03:00:00Z,Molding,MLD06,Down,Outside production hours,0
2026-10-03T11:02:03Z,Molding,MLD06,Down,Change Over - Line clearance,62.4
2026-10-03T12:04:24Z,Molding,MLD06,Running,,0
2026-10-03T13:38:13Z,Molding,MLD06,Down,Blocked - Downstream,12.6
2026-10-03T13:50:52Z,Molding,MLD06,Running,,0
2026-10-03T14:23:57Z,Molding,MLD06,Down,Starved - Upstream,16.9
2026-10-03T14:40:52Z,Molding,MLD06,Running,,0
2026-10-03T16:07:41Z,Molding,MLD06,Down,No Operator,17.6
2026-10-03T16:25:18Z,Molding,MLD06,Running,,0
2026-10-03T17:09:20Z,Molding,MLD06,Down,Blocked - Downstream,4.4
2026-10-03T17:13:47Z,Molding,MLD06,Running,,0
2026-10-03T17:41:05Z,Molding,MLD06,Down,Starved - Upstream,17.7
2026-10-03T17:58:45Z,Molding,MLD06,Running,,0
2026-10-03T18:35:52Z,Molding,MLD06,Down,Starved - Upstream,15.5
2026-10-03T18:51:22Z,Molding,MLD06,Running,,0
2026-10-03T19:49:51Z,Molding,MLD06,Down,Starved - Upstream,9.5
2026-10-03T19:59:22Z,Molding,MLD06,Running,,0
2026-10-03T20:52:44Z,Molding,MLD06,Down,Jam,23.1
2026-10-03T21:15:52Z,Molding,MLD06,Running,,0
2026-10-03T22:07:38Z,Molding,MLD06,Down,Jam,12.4
2026-10-03T22:20:02Z,Molding,MLD06,Running,,0
2026-10-03T22:53:44Z,Molding,MLD06,Down,No Operator,15.8
2026-10-03T23:09:30Z,Molding,MLD06,Running,,0
2026-10-03T23:38:19Z,Molding,MLD06,Down,Starved - Upstream,8.1
2026-10-03T23:46:23Z,Molding,MLD06,Running,,0
2026-10-04T00:50:04Z,Molding,MLD06,Down,Change Over - Line clearance,27.2
2026-10-04T01:17:19Z,Molding,MLD06,Running,,0
2026-10-04T02:01:19Z,Molding,MLD06,Down,Starved - Upstream,6.9
2026-10-04T02:08:15Z,Molding,MLD06,Running,,0
2026-10-04T03:00:00Z,Molding,MLD06,Down,Outside production hours,0
2026-10-05T11:21:06Z,Molding,MLD06,Down,Starved - Upstream,10.0
2026-10-05T11:31:08Z,Molding,MLD06,Running,,0
2026-10-05T12:09:21Z,Molding,MLD06,Down,No Operator,26.7
2026-10-05T12:36:00Z,Molding,MLD06,Running,,0
2026-10-05T14:07:43Z,Molding,MLD06,Down,Jam,14.2
2026-10-05T14:21:52Z,Molding,MLD06,Running,,0
2026-10-05T15:52:04Z,Molding,MLD06,Down,Change Over - Line clearance,60.6
2026-10-05T16:52:43Z,Molding,MLD06,Running,,0
2026-10-05T17:30:52Z,Molding,MLD06,Down,Jam,4.4
2026-10-05T17:35:15Z,Molding,MLD06,Running,,0
2026-10-05T18:23:27Z,Molding,MLD06,Down,Blocked - Downstream,8.3
2026-10-05T18:31:43Z,Molding,MLD06,Running,,0
2026-10-05T19:28:16Z,Molding,MLD06,Down,Starved - Upstream,16.1
2026-10-05T19:44:19Z,Molding,MLD06,Running,,0
2026-10-05T21:07:44Z,Molding,MLD06,Down,Starved - Upstream,16.8
2026-10-05T21:24:29Z,Molding,MLD06,Running,,0
2026-10-05T22:25:49Z,Molding,MLD06,Down,Change Over - Line clearance,89.8
2026-10-05T23:55:35Z,Molding,MLD06,Running,,0
2026-10-06T01:13:02Z,Molding,MLD06,Down,Change Over - Line clearance,49.5
2026-10-06T02:02:31Z,Molding,MLD06,Running,,0
2026-10-06T03:00:00Z,Molding,MLD06,Down,Outside production hours,0
2026-10-06T11:05:37Z,Molding,MLD06,Down,Jam,4.4
2026-10-06T11:10:02Z,Molding,MLD06,Running,,0
2026-10-06T11:53:23Z,Molding,MLD06,Down,Blocked - Downstream,4.0
2026-10-06T11:57:24Z,Molding,MLD06,Running,,0
2026-10-06T12:48:55Z,Molding,MLD06,Down,Quality Hold,20.4
2026-10-06T13:09:18Z,Molding,MLD06,Running,,0
2026-10-06T13:50:40Z,Molding,MLD06,Down,Scheduled Downtime,117.4
2026-10-06T15:48:03Z,Molding,MLD06,Running,,0
2026-10-06T16:37:53Z,Molding,MLD06,Down,Jam,8.2
2026-10-06T16:46:06Z,Molding,MLD06,Running,,0
2026-10-06T17:56:41Z,Molding,MLD06,Down,Starved - Upstream,6.2
2026-10-06T18:02:53Z,Molding,MLD06,Running,,0
2026-10-06T19:02:22Z,Molding,MLD06,Down,Blocked - Downstream,8.1
2026-10-06T19:10:30Z,Molding,MLD06,Running,,0
2026-10-06T19:37:17Z,Molding,MLD06,Down,Blocked - Downstream,11.4
2026-10-06T19:48:39Z,Molding,MLD06,Running,,0
2026-10-06T20:23:37Z,Molding,MLD06,Down,Starved - Upstream,9.3
2026-10-06T20:32:56Z,Molding,MLD06,Running,,0
2026-10-06T21:00:47Z,Molding,MLD06,Down,Starved - Upstream,6.0
2026-10-06T21:06:47Z,Molding,MLD06,Running,,0
2026-10-06T21:50:17Z,Molding,MLD06,Down,Starved - Upstream,16.0
2026-10-06T22:06:14Z,Molding,MLD06,Running,,0
2026-10-06T23:03:07Z,Molding,MLD06,Down,Change Over - Line clearance,61.6
2026-10-07T00:04:45Z,Molding,MLD06,Running,,0
2026-10-07T01:11:49Z,Molding,MLD06,Down,Scheduled Downtime,215.6
2026-10-07T03:00:00Z,Molding,MLD06,Down,Outside production hours,0
2026-10-07T11:17:50Z,Molding,MLD06,Down,Blocked - Downstream,13.1
2026-10-07T11:30:59Z,Molding,MLD06,Running,,0
2026-10-07T11:56:13Z,Molding,MLD06,Down,Starved - Upstream,17.1
2026-10-07T12:13:19Z,Molding,MLD06,Running,,0
2026-10-07T13:19:41Z,Molding,MLD06,Down,Quality Hold,43.5
2026-10-07T14:03:09Z,Molding,MLD06,Running,,0
2026-10-07T14:32:10Z,Molding,MLD06,Down,Jam,24.6
2026-10-07T14:56:44Z,Molding,MLD06,Running,,0
2026-10-07T16:18:45Z,Molding,MLD06,Down,No Operator,16.1
2026-10-07T16:34:53Z,Molding,MLD06,Running,,0
2026-10-07T17:53:57Z,Molding,MLD06,Down,No Operator,12.6
2026-10-07T18:06:31Z,Molding,MLD06,Running,,0
2026-10-07T19:17:19Z,Molding,MLD06,Down,Starved - Upstream,13.3
2026-10-07T19:30:38Z,Molding,MLD06,Running,,0
2026-10-07T20:02:36Z,Molding,MLD06,Down,Jam,21.8
2026-10-07T20:24:25Z,Molding,MLD06,Running,,0
2026-10-07T21:17:01Z,Molding,MLD06,Down,Starved - Upstream,15.2
2026-10-07T21:32:15Z,Molding,MLD06,Running,,0
2026-10-07T22:38:20Z,Molding,MLD06,Down,Change Over - Line clearance,53.1
2026-10-07T23:31:26Z,Molding,MLD06,Running,,0
2026-10-08T00:03:57Z,Molding,MLD06,Down,Jam,11.9
2026-10-08T00:15:52Z,Molding,MLD06,Running,,0
2026-10-08T01:28:05Z,Molding,MLD06,Down,Quality Hold,44.6
2026-10-08T02:12:41Z,Molding,MLD06,Running,,0
2026-10-08T03:00:00Z,Molding,MLD06,Down,Outside production hours,0
2026-10-08T12:09:53Z,Molding,MLD06,Down,Jam,11.8
2026-10-08T12:21:41Z,Molding,MLD06,Running,,0
2026-10-08T13:34:10Z,Molding,MLD06,Down,Blocked - Downstream,12.5
2026-10-08T13:46:42Z,Molding,MLD06,Running,,0
2026-10-08T15:14:33Z,Molding,MLD06,Down,Change Over - Line clearance,78.6
2026-10-08T16:33:06Z,Molding,MLD06,Running,,0
2026-10-08T17:57:32Z,Molding,MLD06,Down,Quality Hold,32.6
2026-10-08T18:30:09Z,Molding,MLD06,Running,,0
2026-10-08T18:58:53Z,Molding,MLD06,Down,Jam,5.5
2026-10-08T19:04:21Z,Molding,MLD06,Running,,0
2026-10-08T20:01:29Z,Molding,MLD06,Down,Blocked - Downstream,11.7
2026-10-08T20:13:12Z,Molding,MLD06,Running,,0
2026-10-08T21:12:09Z,Molding,MLD06,Down,Change Over - Line clearance,72.6
2026-10-08T22:24:43Z,Molding,MLD06,Running,,0
2026-10-08T23:31:16Z,Molding,MLD06,Down,Starved - Upstream,9.4
2026-10-08T23:40:41Z,Molding,MLD06,Running,,0
2026-10-09T01:10:59Z,Molding,MLD06,Down,Quality Hold,44.6
2026-10-09T01:55:36Z,Molding,MLD06,Running,,0
2026-10-09T02:38:46Z,Molding,MLD06,Down,Quality Hold,44.4
2026-10-09T03:00:00Z,Molding,MLD06,Down,Outside production hours,0
2026-10-09T11:29:34Z,Molding,MLD06,Down,Jam,13.3
2026-10-09T11:42:50Z,Molding,MLD06,Running,,0
2026-10-09T12:33:56Z,Molding,MLD06,Down,Jam,24.0
2026-10-09T12:57:58Z,Molding,MLD06,Running,,0
2026-10-09T13:53:01Z,Molding,MLD06,Down,E-Stop,9.7
2026-10-09T14:02:43Z,Molding,MLD06,Running,,0
2026-10-09T15:32:32Z,Molding,MLD06,Down,Starved - Upstream,11.1
2026-10-09T15:43:37Z,Molding,MLD06,Running,,0
2026-10-09T16:34:41Z,Molding,MLD06,Down,Jam,4.5
2026-10-09T16:39:09Z,Molding,MLD06,Running,,0
2026-10-09T17:43:02Z,Molding,MLD06,Down,Jam,21.9
2026-10-09T18:04:54Z,Molding,MLD06,Running,,0
2026-10-09T19:05:26Z,Molding,MLD06,Down,Starved - Upstream,12.5
2026-10-09T19:17:59Z,Molding,MLD06,Running,,0
2026-10-09T20:42:04Z,Molding,MLD06,Down,Starved - Upstream,16.2
2026-10-09T20:58:18Z,Molding,MLD06,Running,,0
2026-10-09T21:36:30Z,Molding,MLD06,Down,Scheduled Downtime,93.1
2026-10-09T23:09:36Z,Molding,MLD06,Running,,0
2026-10-10T00:36:18Z,Molding,MLD06,Down,Jam,23.2
2026-10-10T00:59:30Z,Molding,MLD06,Running,,0
2026-10-10T02:29:23Z,Molding,MLD06,Down,Jam,14.4
2026-10-10T02:43:46Z,Molding,MLD06,Running,,0
2026-10-10T03:00:00Z,Molding,MLD06,Down,Outside production hours,0
2026-10-10T11:59:35Z,Molding,MLD06,Down,Jam,17.8
2026-10-10T12:17:21Z,Molding,MLD06,Running,,0
2026-10-10T13:36:00Z,Molding,MLD06,Down,Change Over - Line clearance,78.5
2026-10-10T14:54:28Z,Molding,MLD06,Running,,0
2026-10-10T16:16:39Z,Molding,MLD06,Down,Scheduled Downtime,90.9
2026-10-10T17:47:31Z,Molding,MLD06,Running,,0
2026-10-10T18:18:28Z,Molding,MLD06,Down,Change Over - Line clearance,37.3
2026-10-10T18:55:49Z,Molding,MLD06,Running,,0
2026-10-10T19:53:28Z,Molding,MLD06,Down,Quality Hold,34.7
2026-10-10T20:28:11Z,Molding,MLD06,Running,,0
2026-10-10T21:57:24Z,Molding,MLD06,Down,Starved - Upstream,13.7
2026-10-10T22:11:03Z,Molding,MLD06,Running,,0
2026-10-10T23:22:43Z,Molding,MLD06,Down,Starved - Upstream,12.9
2026-10-10T23:35:39Z,Molding,MLD06,Running,,0
2026-10-11T00:29:28Z,Molding,MLD06,Down,Blocked - Downstream,7.1
2026-10-11T00:36:32Z,Molding,MLD06,Running,,0
2026-10-11T02:04:53Z,Molding,MLD06,Down,Starved - Upstream,10.9
2026-10-11T02:15:47Z,Molding,MLD06,Running,,0
2026-10-11T03:00:00Z,Molding,MLD06,Down,Outside production hours,0
2026-10-12T12:10:17Z,Molding,MLD06,Down,Starved - Upstream,14.5
2026-10-12T12:24:49Z,Molding,MLD06,Running,,0
2026-10-12T13:44:13Z,Molding,MLD06,Down,Jam,21.1
2026-10-12T14:05:22Z,Molding,MLD06,Running,,0
2026-10-12T14:40:55Z,Molding,MLD06,Down,Change Over - Line clearance,57.4
2026-10-12T15:38:20Z,Molding,MLD06,Running,,0
2026-10-12T16:16:34Z,Molding,MLD06,Down,Change Over - Line clearance,62.2
2026-10-12T17:18:44Z,Molding,MLD06,Running,,0
2026-10-12T18:41:59Z,Molding,MLD06,Down,Starved - Upstream,15.1
2026-10-12T18:57:08Z,Molding,MLD06,Running,,0
2026-10-12T19:45:39Z,Molding,MLD06,Down,Starved - Upstream,5.7
2026-10-12T19:51:18Z,Molding,MLD06,Running,,0
2026-10-12T20:37:30Z,Molding,MLD06,Down,Starved - Upstream,15.6
2026-10-12T20:53:05Z,Molding,MLD06,Running,,0
2026-10-12T22:12:21Z,Molding,MLD06,Down,Starved - Upstream,5.3
2026-10-12T22:17:42Z,Molding,MLD06,Running,,0
2026-10-12T23:12:59Z,Molding,MLD06,Down,Starved - Upstream,8.1
2026-10-12T23:21:07Z,Molding,MLD06,Running,,0
2026-10-13T00:26:27Z,Molding,MLD06,Down,No Operator,15.1
2026-10-13T00:41:32Z,Molding,MLD06,Running,,0
2026-10-13T02:09:37Z,Molding,MLD06,Down,Blocked - Downstream,14.5
2026-10-13T02:24:06Z,Molding,MLD06,Running,,0
2026-10-13T03:00:00Z,Molding,MLD06,Down,Outside production hours,0
2026-10-13T11:08:51Z,Molding,MLD06,Running,,0
2026-10-13T11:58:41Z,Molding,MLD06,Down,Jam,10.2
2026-10-13T12:08:53Z,Molding,MLD06,Running,,0
2026-10-13T13:01:57Z,Molding,MLD06,Down,No Operator,27.7
2026-10-13T13:29:40Z,Molding,MLD06,Running,,0
2026-10-13T14:21:11Z,Molding,MLD06,Down,Change Over - Line clearance,57.1
2026-10-13T15:18:20Z,Molding,MLD06,Running,,0
2026-10-13T15:54:44Z,Molding,MLD06,Down,No Operator,24.5
2026-10-13T16:19:15Z,Molding,MLD06,Running,,0
2026-10-13T17:09:25Z,Molding,MLD06,Down,Scheduled Downtime,188.9
2026-10-13T20:18:22Z,Molding,MLD06,Running,,0
2026-10-13T21:42:12Z,Molding,MLD06,Down,Blocked - Downstream,14.2
2026-10-13T21:56:25Z,Molding,MLD06,Running,,0
2026-10-13T23:09:55Z,Molding,MLD06,Down,Blocked - Downstream,4.8
2026-10-13T23:14:40Z,Molding,MLD06,Running,,0
2026-10-14T00:11:18Z,Molding,MLD06,Down,Blocked - Downstream,4.9
2026-10-14T00:16:14Z,Molding,MLD06,Running,,0
2026-10-14T01:19:21Z,Molding,MLD06,Down,Change Over - Line clearance,79.7
2026-10-14T02:39:01Z,Molding,MLD06,Running,,0
2026-10-14T03:00:00Z,Molding,MLD06,Down,Outside production hours,0
2026-10-14T11:14:34Z,Molding,MLD06,Down,Jam,11.5
2026-10-14T11:26:02Z,Molding,MLD06,Running,,0
2026-10-14T12:17:04Z,Molding,MLD06,Down,Quality Hold,32.1
2026-10-14T12:49:10Z,Molding,MLD06,Running,,0
2026-10-14T14:09:57Z,Molding,MLD06,Down,Jam,19.9
2026-10-14T14:29:52Z,Molding,MLD06,Running,,0
2026-10-14T15:39:44Z,Molding,MLD06,Down,Scheduled Downtime,149.5
2026-10-14T18:09:12Z,Molding,MLD06,Running,,0
2026-10-14T19:21:29Z,Molding,MLD06,Down,Scheduled Downtime,99.9
2026-10-14T21:01:21Z,Molding,MLD06,Running,,0
2026-10-14T22:05:47Z,Molding,MLD06,Down,Jam,12.1
2026-10-14T22:17:53Z,Molding,MLD06,Running,,0
2026-10-14T23:28:28Z,Molding,MLD06,Down,Jam,16.1
2026-10-14T23:44:33Z,Molding,MLD06,Running,,0
2026-10-15T00:16:31Z,Molding,MLD06,Down,Scheduled Downtime,91.2
2026-10-15T01:47:45Z,Molding,MLD06,Running,,0
2026-10-15T02:50:57Z,Molding,MLD06,Down,Jam,22.4
2026-10-15T03:00:00Z,Molding,MLD06,Down,Outside production hours,0
2026-10-15T11:18:41Z,Molding,MLD06,Running,,0
2026-10-15T12:06:38Z,Molding,MLD06,Down,Starved - Upstream,16.5
2026-10-15T12:23:08Z,Molding,MLD06,Running,,0
2026-10-15T13:28:45Z,Molding,MLD06,Down,Blocked - Downstream,11.0
2026-10-15T13:39:48Z,Molding,MLD06,Running,,0
2026-10-15T14:51:10Z,Molding,MLD06,Down,Jam,13.3
2026-10-15T15:04:27Z,Molding,MLD06,Running,,0
2026-10-15T15:35:18Z,Molding,MLD06,Down,Jam,8.7
2026-10-15T15:43:58Z,Molding,MLD06,Running,,0
2026-10-15T16:40:24Z,Molding,MLD06,Down,Starved - Upstream,9.3
2026-10-15T16:49:45Z,Molding,MLD06,Running,,0
2026-10-15T17:25:31Z,Molding,MLD06,Down,Quality Hold,31.5
2026-10-15T17:56:58Z,Molding,MLD06,Running,,0
2026-10-15T19:27:01Z,Molding,MLD06,Down,Scheduled Downtime,122.9
2026-10-15T21:29:57Z,Molding,MLD06,Running,,0
2026-10-15T22:02:38Z,Molding,MLD06,Down,Change Over - Line clearance,39.0
2026-10-15T22:41:40Z,Molding,MLD06,Running,,0
2026-10-16T00:10:49Z,Molding,MLD06,Down,Starved - Upstream,11.7
2026-10-16T00:22:31Z,Molding,MLD06,Running,,0
2026-10-16T01:06:41Z,Molding,MLD06,Down,Blocked - Downstream,10.3
2026-10-16T01:17:01Z,Molding,MLD06,Running,,0
2026-10-16T02:01:44Z,Molding,MLD06,Down,Quality Hold,15.3
2026-10-16T02:16:59Z,Molding,MLD06,Running,,0
2026-10-16T03:00:00Z,Molding,MLD06,Down,Outside production hours,0
2026-09-25T11:40:55Z,Molding,MLD07,Down,Jam,235.9
2026-09-25T15:36:46Z,Molding,MLD07,Running,,0
2026-09-25T16:52:36Z,Molding,MLD07,Down,Quality Hold,244.0
2026-09-25T20:56:35Z,Molding,MLD07,Running,,0
2026-09-25T22:30:09Z,Molding,MLD07,Down,Starved - Upstream,5.9
2026-09-25T22:36:02Z,Molding,MLD07,Running,,0
2026-09-25T23:09:25Z,Molding,MLD07,Down,E-Stop,7.3
2026-09-25T23:16:45Z,Molding,MLD07,Running,,0
2026-09-26T00:03:05Z,Molding,MLD07,Down,Change Over - Line clearance,88.4
2026-09-26T01:31:30Z,Molding,MLD07,Running,,0
2026-09-26T01:58:27Z,Molding,MLD07,Down,Starved - Upstream,5.0
2026-09-26T02:03:27Z,Molding,MLD07,Running,,0
2026-09-26T03:00:00Z,Molding,MLD07,Down,Outside production hours,0
2026-09-26T11:16:25Z,Molding,MLD07,Down,Starved - Upstream,11.0
2026-09-26T11:27:23Z,Molding,MLD07,Running,,0
2026-09-26T13:02:04Z,Molding,MLD07,Down,Jam,20.1
2026-09-26T13:22:12Z,Molding,MLD07,Running,,0
2026-09-26T13:54:59Z,Molding,MLD07,Down,Blocked - Downstream,4.4
2026-09-26T13:59:22Z,Molding,MLD07,Running,,0
2026-09-26T14:58:48Z,Molding,MLD07,Down,Starved - Upstream,10.6
2026-09-26T15:09:27Z,Molding,MLD07,Running,,0
2026-09-26T16:37:24Z,Molding,MLD07,Down,Blocked - Downstream,6.9
2026-09-26T16:44:18Z,Molding,MLD07,Running,,0
2026-09-26T17:52:18Z,Molding,MLD07,Down,Jam,10.8
2026-09-26T18:03:04Z,Molding,MLD07,Running,,0
2026-09-26T19:10:29Z,Molding,MLD07,Down,Jam,21.5
2026-09-26T19:32:02Z,Molding,MLD07,Running,,0
2026-09-26T20:30:09Z,Molding,MLD07,Down,Change Over - Line clearance,87.3
2026-09-26T21:57:28Z,Molding,MLD07,Running,,0
2026-09-26T23:03:25Z,Molding,MLD07,Down,Starved - Upstream,7.9
2026-09-26T23:11:20Z,Molding,MLD07,Running,,0
2026-09-26T23:37:01Z,Molding,MLD07,Down,Change Over - Line clearance,61.9
2026-09-27T00:38:56Z,Molding,MLD07,Running,,0
2026-09-27T01:37:16Z,Molding,MLD07,Down,Jam,19.6
2026-09-27T01:56:55Z,Molding,MLD07,Running,,0
2026-09-27T03:00:00Z,Molding,MLD07,Down,Outside production hours,0
2026-09-28T11:15:58Z,Molding,MLD07,Down,Quality Hold,37.7
2026-09-28T11:53:42Z,Molding,MLD07,Running,,0
2026-09-28T13:17:33Z,Molding,MLD07,Down,Scheduled Downtime,223.2
2026-09-28T17:00:42Z,Molding,MLD07,Running,,0
2026-09-28T18:22:46Z,Molding,MLD07,Down,Blocked - Downstream,9.4
2026-09-28T18:32:13Z,Molding,MLD07,Running,,0
2026-09-28T19:40:04Z,Molding,MLD07,Down,No Operator,223.6
2026-09-28T23:23:37Z,Molding,MLD07,Running,,0
2026-09-29T00:02:30Z,Molding,MLD07,Down,Starved - Upstream,6.1
2026-09-29T00:08:33Z,Molding,MLD07,Running,,0
2026-09-29T01:35:25Z,Molding,MLD07,Down,No Operator,23.8
2026-09-29T01:59:13Z,Molding,MLD07,Running,,0
2026-09-29T02:33:06Z,Molding,MLD07,Down,Quality Hold,41.7
2026-09-29T03:00:00Z,Molding,MLD07,Down,Outside production hours,0
2026-09-29T11:07:55Z,Molding,MLD07,Down,Starved - Upstream,7.6
2026-09-29T11:15:30Z,Molding,MLD07,Running,,0
2026-09-29T12:00:13Z,Molding,MLD07,Down,Change Over - Line clearance,77.0
2026-09-29T13:17:15Z,Molding,MLD07,Running,,0
2026-09-29T14:28:58Z,Molding,MLD07,Down,Jam,22.6
2026-09-29T14:51:32Z,Molding,MLD07,Running,,0
2026-09-29T16:02:41Z,Molding,MLD07,Down,Jam,25.0
2026-09-29T16:27:41Z,Molding,MLD07,Running,,0
2026-09-29T17:55:07Z,Molding,MLD07,Down,Jam,19.3
2026-09-29T18:14:24Z,Molding,MLD07,Running,,0
2026-09-29T19:25:45Z,Molding,MLD07,Down,Jam,12.1
2026-09-29T19:37:51Z,Molding,MLD07,Running,,0
2026-09-29T20:43:01Z,Molding,MLD07,Down,Change Over - Line clearance,44.8
2026-09-29T21:27:52Z,Molding,MLD07,Running,,0
2026-09-29T22:42:37Z,Molding,MLD07,Down,Jam,8.5
2026-09-29T22:51:05Z,Molding,MLD07,Running,,0
2026-09-29T23:37:59Z,Molding,MLD07,Down,No Operator,12.8
2026-09-29T23:50:45Z,Molding,MLD07,Running,,0
2026-09-30T00:24:28Z,Molding,MLD07,Down,Change Over - Line clearance,44.8
2026-09-30T01:09:19Z,Molding,MLD07,Running,,0
2026-09-30T02:01:56Z,Molding,MLD07,Down,Scheduled Downtime,147.0
2026-09-30T03:00:00Z,Molding,MLD07,Down,Outside production hours,0
2026-09-30T12:02:33Z,Molding,MLD07,Down,Starved - Upstream,5.4
2026-09-30T12:07:59Z,Molding,MLD07,Running,,0
2026-09-30T13:40:21Z,Molding,MLD07,Down,Starved - Upstream,15.9
2026-09-30T13:56:13Z,Molding,MLD07,Running,,0
2026-09-30T15:20:14Z,Molding,MLD07,Down,E-Stop,5.7
2026-09-30T15:25:57Z,Molding,MLD07,Running,,0
2026-09-30T16:25:37Z,Molding,MLD07,Down,Jam,11.2
2026-09-30T16:36:49Z,Molding,MLD07,Running,,0
2026-09-30T17:46:45Z,Molding,MLD07,Down,Quality Hold,27.5
2026-09-30T18:14:18Z,Molding,MLD07,Running,,0
2026-09-30T19:44:27Z,Molding,MLD07,Down,Starved - Upstream,18.3
2026-09-30T20:02:43Z,Molding,MLD07,Running,,0
2026-09-30T21:14:50Z,Molding,MLD07,Down,No Operator,20.7
2026-09-30T21:35:35Z,Molding,MLD07,Running,,0
2026-09-30T22:43:13Z,Molding,MLD07,Down,Starved - Upstream,15.6
2026-09-30T22:58:47Z,Molding,MLD07,Running,,0
2026-09-30T23:35:45Z,Molding,MLD07,Down,Jam,15.8
2026-09-30T23:51:34Z,Molding,MLD07,Running,,0
2026-10-01T01:03:00Z,Molding,MLD07,Down,Blocked - Downstream,7.6
2026-10-01T01:10:34Z,Molding,MLD07,Running,,0
2026-10-01T02:09:29Z,Molding,MLD07,Down,E-Stop,278.4
2026-10-01T03:00:00Z,Molding,MLD07,Down,Outside production hours,0
2026-10-01T12:19:15Z,Molding,MLD07,Running,,0
2026-10-01T13:33:56Z,Molding,MLD07,Down,Jam,16.6
2026-10-01T13:50:31Z,Molding,MLD07,Running,,0
2026-10-01T14:33:30Z,Molding,MLD07,Down,Quality Hold,44.5
2026-10-01T15:18:01Z,Molding,MLD07,Running,,0
2026-10-01T16:17:09Z,Molding,MLD07,Down,Starved - Upstream,16.6
2026-10-01T16:33:48Z,Molding,MLD07,Running,,0
2026-10-01T17:11:11Z,Molding,MLD07,Down,Starved - Upstream,15.4
2026-10-01T17:26:36Z,Molding,MLD07,Running,,0
2026-10-01T17:52:31Z,Molding,MLD07,Down,Blocked - Downstream,4.8
2026-10-01T17:57:18Z,Molding,MLD07,Running,,0
2026-10-01T19:12:59Z,Molding,MLD07,Down,Blocked - Downstream,8.8
2026-10-01T19:21:46Z,Molding,MLD07,Running,,0
2026-10-01T19:51:33Z,Molding,MLD07,Down,Change Over - Line clearance,42.8
2026-10-01T20:34:21Z,Molding,MLD07,Running,,0
2026-10-01T21:54:01Z,Molding,MLD07,Down,Starved - Upstream,8.4
2026-10-01T22:02:26Z,Molding,MLD07,Running,,0
2026-10-01T23:21:16Z,Molding,MLD07,Down,No Operator,12.9
2026-10-01T23:34:13Z,Molding,MLD07,Running,,0
2026-10-02T01:04:46Z,Molding,MLD07,Down,Jam,4.1
2026-10-02T01:08:50Z,Molding,MLD07,Running,,0
2026-10-02T02:17:52Z,Molding,MLD07,Down,Jam,7.0
2026-10-02T02:24:51Z,Molding,MLD07,Running,,0
2026-10-02T03:00:00Z,Molding,MLD07,Down,Outside production hours,0
2026-10-02T11:07:18Z,Molding,MLD07,Running,,0
2026-10-02T12:17:33Z,Molding,MLD07,Down,Jam,12.9
2026-10-02T12:30:26Z,Molding,MLD07,Running,,0
2026-10-02T13:37:50Z,Molding,MLD07,Down,Jam,16.7
2026-10-02T13:54:35Z,Molding,MLD07,Running,,0
2026-10-02T14:42:26Z,Molding,MLD07,Down,E-Stop,11.1
2026-10-02T14:53:33Z,Molding,MLD07,Running,,0
2026-10-02T15:19:21Z,Molding,MLD07,Down,Blocked - Downstream,12.0
2026-10-02T15:31:23Z,Molding,MLD07,Running,,0
2026-10-02T16:30:59Z,Molding,MLD07,Down,Starved - Upstream,7.4
2026-10-02T16:38:20Z,Molding,MLD07,Running,,0
2026-10-02T17:20:42Z,Molding,MLD07,Down,Change Over - Line clearance,70.2
2026-10-02T18:30:54Z,Molding,MLD07,Running,,0
2026-10-02T19:53:41Z,Molding,MLD07,Down,Starved - Upstream,6.5
2026-10-02T20:00:12Z,Molding,MLD07,Running,,0
2026-10-02T21:22:40Z,Molding,MLD07,Down,Blocked - Downstream,11.3
2026-10-02T21:33:56Z,Molding,MLD07,Running,,0
2026-10-02T22:00:50Z,Molding,MLD07,Down,No Operator,263.4
2026-10-03T02:24:16Z,Molding,MLD07,Running,,0
2026-10-03T02:52:31Z,Molding,MLD07,Down,Jam,4.7
2026-10-03T02:57:12Z,Molding,MLD07,Running,,0
2026-10-03T03:00:00Z,Molding,MLD07,Down,Outside production hours,0
2026-10-03T11:29:24Z,Molding,MLD07,Down,Quality Hold,20.2
2026-10-03T11:49:34Z,Molding,MLD07,Running,,0
2026-10-03T13:22:54Z,Molding,MLD07,Down,Starved - Upstream,6.7
2026-10-03T13:29:38Z,Molding,MLD07,Running,,0
2026-10-03T14:43:23Z,Molding,MLD07,Down,Quality Hold,34.2
2026-10-03T15:17:35Z,Molding,MLD07,Running,,0
2026-10-03T15:44:16Z,Molding,MLD07,Down,Change Over - Line clearance,48.6
2026-10-03T16:32:50Z,Molding,MLD07,Running,,0
2026-10-03T17:59:19Z,Molding,MLD07,Down,Jam,9.1
2026-10-03T18:08:23Z,Molding,MLD07,Running,,0
2026-10-03T19:13:01Z,Molding,MLD07,Down,Jam,12.9
2026-10-03T19:25:52Z,Molding,MLD07,Running,,0
2026-10-03T20:48:37Z,Molding,MLD07,Down,No Operator,24.6
2026-10-03T21:13:16Z,Molding,MLD07,Running,,0
2026-10-03T21:55:49Z,Molding,MLD07,Down,Jam,17.6
2026-10-03T22:13:24Z,Molding,MLD07,Running,,0
2026-10-03T23:19:40Z,Molding,MLD07,Down,Scheduled Downtime,117.4
2026-10-04T01:17:05Z,Molding,MLD07,Running,,0
2026-10-04T02:44:53Z,Molding,MLD07,Down,Starved - Upstream,15.8
2026-10-04T03:00:00Z,Molding,MLD07,Down,Outside production hours,0
2026-10-05T11:36:45Z,Molding,MLD07,Down,Jam,20.9
2026-10-05T11:57:39Z,Molding,MLD07,Running,,0
2026-10-05T12:24:22Z,Molding,MLD07,Down,No Operator,8.9
2026-10-05T12:33:14Z,Molding,MLD07,Running,,0
2026-10-05T13:36:37Z,Molding,MLD07,Down,Jam,6.5
2026-10-05T13:43:08Z,Molding,MLD07,Running,,0
2026-10-05T15:07:34Z,Molding,MLD07,Down,Change Over - Line clearance,46.8
2026-10-05T15:54:22Z,Molding,MLD07,Running,,0
2026-10-05T16:34:04Z,Molding,MLD07,Down,Jam,21.8
2026-10-05T16:55:54Z,Molding,MLD07,Running,,0
2026-10-05T17:51:17Z,Molding,MLD07,Down,Starved - Upstream,6.9
2026-10-05T17:58:10Z,Molding,MLD07,Running,,0
2026-10-05T19:25:33Z,Molding,MLD07,Down,Change Over - Line clearance,85.9
2026-10-05T20:51:26Z,Molding,MLD07,Running,,0
2026-10-05T22:11:14Z,Molding,MLD07,Down,Blocked - Downstream,5.5
2026-10-05T22:16:44Z,Molding,MLD07,Running,,0
2026-10-05T23:25:18Z,Molding,MLD07,Down,No Operator,26.7
2026-10-05T23:52:01Z,Molding,MLD07,Running,,0
2026-10-06T00:43:43Z,Molding,MLD07,Down,Change Over - Line clearance,187.5
2026-10-06T03:00:00Z,Molding,MLD07,Down,Outside production hours,0
2026-10-06T11:47:53Z,Molding,MLD07,Down,Quality Hold,37.5
2026-10-06T12:25:23Z,Molding,MLD07,Running,,0
2026-10-06T12:52:51Z,Molding,MLD07,Down,Change Over - Line clearance,33.1
2026-10-06T13:25:56Z,Molding,MLD07,Running,,0
2026-10-06T14:58:00Z,Molding,MLD07,Down,Blocked - Downstream,8.3
2026-10-06T15:06:15Z,Molding,MLD07,Running,,0
2026-10-06T16:14:20Z,Molding,MLD07,Down,E-Stop,10.3
2026-10-06T16:24:36Z,Molding,MLD07,Running,,0
2026-10-06T17:08:37Z,Molding,MLD07,Down,Blocked - Downstream,8.0
2026-10-06T17:16:36Z,Molding,MLD07,Running,,0
2026-10-06T17:59:13Z,Molding,MLD07,Down,Jam,14.8
2026-10-06T18:14:01Z,Molding,MLD07,Running,,0
2026-10-06T18:57:21Z,Molding,MLD07,Down,Change Over - Line clearance,44.6
2026-10-06T19:42:00Z,Molding,MLD07,Running,,0
2026-10-06T20:19:14Z,Molding,MLD07,Down,Blocked - Downstream,7.0
2026-10-06T20:26:16Z,Molding,MLD07,Running,,0
2026-10-06T21:49:15Z,Molding,MLD07,Down,Starved - Upstream,12.7
2026-10-06T22:01:57Z,Molding,MLD07,Running,,0
2026-10-06T23:28:27Z,Molding,MLD07,Down,Jam,275.5
2026-10-07T03:00:00Z,Molding,MLD07,Down,Outside production hours,0
2026-10-07T13:16:18Z,Molding,MLD07,Running,,0
2026-10-07T14:50:42Z,Molding,MLD07,Down,Starved - Upstream,5.4
2026-10-07T14:56:03Z,Molding,MLD07,Running,,0
2026-10-07T15:28:38Z,Molding,MLD07,Down,Starved - Upstream,12.3
2026-10-07T15:40:58Z,Molding,MLD07,Running,,0
2026-10-07T16:14:53Z,Molding,MLD07,Down,Blocked - Downstream,9.5
2026-10-07T16:24:22Z,Molding,MLD07,Running,,0
2026-10-07T17:52:10Z,Molding,MLD07,Down,Blocked - Downstream,7.7
2026-10-07T17:59:49Z,Molding,MLD07,Running,,0
2026-10-07T19:27:17Z,Molding,MLD07,Down,No Operator,17.3
2026-10-07T19:44:34Z,Molding,MLD07,Running,,0
2026-10-07T20:17:29Z,Molding,MLD07,Down,Starved - Upstream,16.7
2026-10-07T20:34:09Z,Molding,MLD07,Running,,0
2026-10-07T21:00:30Z,Molding,MLD07,Down,Change Over - Line clearance,49.7
2026-10-07T21:50:11Z,Molding,MLD07,Running,,0
2026-10-07T22:55:46Z,Molding,MLD07,Down,Change Over - Line clearance,70.2
2026-10-08T00:05:59Z,Molding,MLD07,Running,,0
2026-10-08T01:19:52Z,Molding,MLD07,Down,Starved - Upstream,9.8
2026-10-08T01:29:38Z,Molding,MLD07,Running,,0
2026-10-08T02:29:09Z,Molding,MLD07,Down,Quality Hold,36.7
2026-10-08T03:00:00Z,Molding,MLD07,Down,Outside production hours,0
2026-10-08T11:36:20Z,Molding,MLD07,Down,Scheduled Downtime,129.4
2026-10-08T13:45:44Z,Molding,MLD07,Running,,0
2026-10-08T14:23:47Z,Molding,MLD07,Down,Jam,17.8
2026-10-08T14:41:35Z,Molding,MLD07,Running,,0
2026-10-08T15:17:21Z,Molding,MLD07,Down,Starved - Upstream,5.3
2026-10-08T15:22:38Z,Molding,MLD07,Running,,0
2026-10-08T16:26:44Z,Molding,MLD07,Down,Jam,5.1
2026-10-08T16:31:49Z,Molding,MLD07,Running,,0
2026-10-08T17:54:13Z,Molding,MLD07,Down,No Operator,19.6
2026-10-08T18:13:48Z,Molding,MLD07,Running,,0
2026-10-08T19:33:46Z,Molding,MLD07,Down,No Operator,213.2
2026-10-08T23:06:56Z,Molding,MLD07,Running,,0
2026-10-09T00:36:16Z,Molding,MLD07,Down,E-Stop,8.7
2026-10-09T00:45:00Z,Molding,MLD07,Running,,0
2026-10-09T01:39:45Z,Molding,MLD07,Down,Jam,6.2
2026-10-09T01:46:00Z,Molding,MLD07,Running,,0
2026-10-09T02:12:52Z,Molding,MLD07,Down,Change Over - Line clearance,33.4
2026-10-09T02:46:16Z,Molding,MLD07,Running,,0
2026-10-09T03:00:00Z,Molding,MLD07,Down,Outside production hours,0
2026-10-09T11:56:41Z,Molding,MLD07,Down,Starved - Upstream,10.1
2026-10-09T12:06:45Z,Molding,MLD07,Running,,0
2026-10-09T13:04:00Z,Molding,MLD07,Down,Jam,11.4
2026-10-09T13:15:23Z,Molding,MLD07,Running,,0
2026-10-09T14:49:19Z,Molding,MLD07,Down,Starved - Upstream,6.2
2026-10-09T14:55:33Z,Molding,MLD07,Running,,0
2026-10-09T15:31:04Z,Molding,MLD07,Down,Jam,9.3
2026-10-09T15:40:21Z,Molding,MLD07,Running,,0
2026-10-09T17:10:27Z,Molding,MLD07,Down,Blocked - Downstream,6.9
2026-10-09T17:17:20Z,Molding,MLD07,Running,,0
2026-10-09T18:35:24Z,Molding,MLD07,Down,Starved - Upstream,10.3
2026-10-09T18:45:41Z,Molding,MLD07,Running,,0
2026-10-09T20:11:52Z,Molding,MLD07,Down,Jam,248.0
2026-10-10T00:19:54Z,Molding,MLD07,Running,,0
2026-10-10T01:29:01Z,Molding,MLD07,Down,Quality Hold,277.3
2026-10-10T03:00:00Z,Molding,MLD07,Down,Outside production hours,0
2026-10-10T11:40:33Z,Molding,MLD07,Running,,0
2026-10-10T12:34:07Z,Molding,MLD07,Down,No Operator,13.9
2026-10-10T12:48:00Z,Molding,MLD07,Running,,0
2026-10-10T14:20:46Z,Molding,MLD07,Down,E-Stop,11.5
2026-10-10T14:32:18Z,Molding,MLD07,Running,,0
2026-10-10T15:04:54Z,Molding,MLD07,Down,Change Over - Line clearance,84.6
2026-10-10T16:29:28Z,Molding,MLD07,Running,,0
2026-10-10T17:17:28Z,Molding,MLD07,Down,No Operator,12.4
2026-10-10T17:29:53Z,Molding,MLD07,Running,,0
2026-10-10T17:59:30Z,Molding,MLD07,Down,Change Over - Line clearance,27.2
2026-10-10T18:26:45Z,Molding,MLD07,Running,,0
2026-10-10T19:14:38Z,Molding,MLD07,Down,Blocked - Downstream,10.8
2026-10-10T19:25:27Z,Molding,MLD07,Running,,0
2026-10-10T20:28:14Z,Molding,MLD07,Down,Starved - Upstream,13.6
2026-10-10T20:41:51Z,Molding,MLD07,Running,,0
2026-10-10T22:00:45Z,Molding,MLD07,Down,Quality Hold,23.1
2026-10-10T22:23:54Z,Molding,MLD07,Running,,0
2026-10-10T23:43:08Z,Molding,MLD07,Down,Jam,13.0
2026-10-10T23:56:11Z,Molding,MLD07,Running,,0
2026-10-11T00:53:59Z,Molding,MLD07,Down,No Operator,17.2
2026-10-11T01:11:09Z,Molding,MLD07,Running,,0
2026-10-11T02:02:49Z,Molding,MLD07,Down,Jam,11.4
2026-10-11T02:14:16Z,Molding,MLD07,Running,,0
2026-10-11T02:51:06Z,Molding,MLD07,Down,Scheduled Downtime,129.5
2026-10-11T03:00:00Z,Molding,MLD07,Down,Outside production hours,0
2026-10-12T13:04:45Z,Molding,MLD07,Running,,0
2026-10-12T13:49:23Z,Molding,MLD07,Down,Blocked - Downstream,13.1
2026-10-12T14:02:28Z,Molding,MLD07,Running,,0
2026-10-12T15:02:41Z,Molding,MLD07,Down,Jam,4.2
2026-10-12T15:06:53Z,Molding,MLD07,Running,,0
2026-10-12T16:19:53Z,Molding,MLD07,Down,Starved - Upstream,12.9
2026-10-12T16:32:47Z,Molding,MLD07,Running,,0
2026-10-12T17:36:09Z,Molding,MLD07,Down,No Operator,9.1
2026-10-12T17:45:18Z,Molding,MLD07,Running,,0
2026-10-12T19:17:20Z,Molding,MLD07,Down,No Operator,14.9
2026-10-12T19:32:12Z,Molding,MLD07,Running,,0
2026-10-12T21:03:47Z,Molding,MLD07,Down,Jam,8.6
2026-10-12T21:12:21Z,Molding,MLD07,Running,,0
2026-10-12T21:37:38Z,Molding,MLD07,Down,Scheduled Downtime,104.4
2026-10-12T23:21:59Z,Molding,MLD07,Running,,0
2026-10-13T00:09:21Z,Molding,MLD07,Down,Jam,8.8
2026-10-13T00:18:07Z,Molding,MLD07,Running,,0
2026-10-13T01:29:07Z,Molding,MLD07,Down,Change Over - Line clearance,46.6
2026-10-13T02:15:45Z,Molding,MLD07,Running,,0
2026-10-13T02:49:14Z,Molding,MLD07,Down,Quality Hold,25.8
2026-10-13T03:00:00Z,Molding,MLD07,Down,Outside production hours,0
2026-10-13T11:21:54Z,Molding,MLD07,Down,Change Over - Line clearance,30.5
2026-10-13T11:52:23Z,Molding,MLD07,Running,,0
2026-10-13T12:28:54Z,Molding,MLD07,Down,E-Stop,7.1
2026-10-13T12:36:03Z,Molding,MLD07,Running,,0
2026-10-13T14:01:28Z,Molding,MLD07,Down,Jam,20.9
2026-10-13T14:22:23Z,Molding,MLD07,Running,,0
2026-10-13T15:48:03Z,Molding,MLD07,Down,Jam,19.2
2026-10-13T16:07:15Z,Molding,MLD07,Running,,0
2026-10-13T16:54:03Z,Molding,MLD07,Down,Starved - Upstream,9.3
2026-10-13T17:03:21Z,Molding,MLD07,Running,,0
2026-10-13T17:41:56Z,Molding,MLD07,Down,Blocked - Downstream,9.7
2026-10-13T17:51:37Z,Molding,MLD07,Running,,0
2026-10-13T18:27:51Z,Molding,MLD07,Down,Change Over - Line clearance,82.9
2026-10-13T19:50:47Z,Molding,MLD07,Running,,0
2026-10-13T21:03:19Z,Molding,MLD07,Down,Jam,17.0
2026-10-13T21:20:20Z,Molding,MLD07,Running,,0
2026-10-13T22:44:50Z,Molding,MLD07,Down,Blocked - Downstream,7.1
2026-10-13T22:51:54Z,Molding,MLD07,Running,,0
2026-10-13T23:49:10Z,Molding,MLD07,Down,Jam,5.2
2026-10-13T23:54:25Z,Molding,MLD07,Running,,0
2026-10-14T01:12:52Z,Molding,MLD07,Down,Starved - Upstream,17.9
2026-10-14T01:30:43Z,Molding,MLD07,Running,,0
2026-10-14T02:39:28Z,Molding,MLD07,Down,Blocked - Downstream,13.7
2026-10-14T02:53:08Z,Molding,MLD07,Running,,0
2026-10-14T03:00:00Z,Molding,MLD07,Down,Outside production hours,0
2026-10-14T11:07:49Z,Molding,MLD07,Running,,0
2026-10-14T12:02:01Z,Molding,MLD07,Down,Starved - Upstream,11.2
2026-10-14T12:13:15Z,Molding,MLD07,Running,,0
2026-10-14T13:39:41Z,Molding,MLD07,Down,E-Stop,10.0
2026-10-14T13:49:39Z,Molding,MLD07,Running,,0
2026-10-14T14:17:58Z,Molding,MLD07,Down,Change Over - Line clearance,71.4
2026-10-14T15:29:19Z,Molding,MLD07,Running,,0
2026-10-14T16:29:09Z,Molding,MLD07,Down,Jam,21.8
2026-10-14T16:50:56Z,Molding,MLD07,Running,,0
2026-10-14T17:51:05Z,Molding,MLD07,Down,Blocked - Downstream,13.8
2026-10-14T18:04:54Z,Molding,MLD07,Running,,0
2026-10-14T18:46:33Z,Molding,MLD07,Down,No Operator,22.8
2026-10-14T19:09:21Z,Molding,MLD07,Running,,0
2026-10-14T20:30:11Z,Molding,MLD07,Down,Jam,20.3
2026-10-14T20:50:32Z,Molding,MLD07,Running,,0
2026-10-14T21:31:58Z,Molding,MLD07,Down,Jam,20.9
2026-10-14T21:52:49Z,Molding,MLD07,Running,,0
2026-10-14T23:20:26Z,Molding,MLD07,Down,Starved - Upstream,6.2
2026-10-14T23:26:40Z,Molding,MLD07,Running,,0
2026-10-15T00:28:37Z,Molding,MLD07,Down,Jam,23.7
2026-10-15T00:52:20Z,Molding,MLD07,Running,,0
2026-10-15T02:23:11Z,Molding,MLD07,Down,Blocked - Downstream,5.3
2026-10-15T02:28:28Z,Molding,MLD07,Running,,0
2026-10-15T03:00:00Z,Molding,MLD07,Down,Outside production hours,0
2026-10-15T11:03:11Z,Molding,MLD07,Down,Starved - Upstream,18.3
2026-10-15T11:21:29Z,Molding,MLD07,Running,,0
2026-10-15T11:48:47Z,Molding,MLD07,Down,Jam,6.7
2026-10-15T11:55:30Z,Molding,MLD07,Running,,0
2026-10-15T13:11:54Z,Molding,MLD07,Down,Jam,273.3
2026-10-15T17:45:14Z,Molding,MLD07,Running,,0
2026-10-15T18:47:56Z,Molding,MLD07,Down,Jam,16.8
2026-10-15T19:04:43Z,Molding,MLD07,Running,,0
2026-10-15T19:40:37Z,Molding,MLD07,Down,Jam,6.8
2026-10-15T19:47:24Z,Molding,MLD07,Running,,0
2026-10-15T21:16:49Z,Molding,MLD07,Down,Change Over - Line clearance,26.1
2026-10-15T21:42:54Z,Molding,MLD07,Running,,0
2026-10-15T22:53:55Z,Molding,MLD07,Down,No Operator,13.7
2026-10-15T23:07:35Z,Molding,MLD07,Running,,0
2026-10-15T23:32:43Z,Molding,MLD07,Down,Jam,23.6
2026-10-15T23:56:18Z,Molding,MLD07,Running,,0
2026-10-16T01:05:38Z,Molding,MLD07,Down,Blocked - Downstream,292.2
2026-10-16T03:00:00Z,Molding,MLD07,Down,Outside production hours,0
2026-09-25T11:56:47Z,Coating,COT01,Down,Blocked - Downstream,11.3
2026-09-25T12:08:05Z,Coating,COT01,Running,,0
2026-09-25T12:38:01Z,Coating,COT01,Down,Scheduled Downtime,89.4
2026-09-25T14:07:22Z,Coating,COT01,Running,,0
2026-09-25T14:57:37Z,Coating,COT01,Down,Starved - Upstream,12.9
2026-09-25T15:10:31Z,Coating,COT01,Running,,0
2026-09-25T16:08:21Z,Coating,COT01,Down,Quality Hold,26.6
2026-09-25T16:34:54Z,Coating,COT01,Running,,0
2026-09-25T17:06:08Z,Coating,COT01,Down,Quality Hold,34.0
2026-09-25T17:40:11Z,Coating,COT01,Running,,0
2026-09-25T19:04:27Z,Coating,COT01,Down,Blocked - Downstream,7.7
2026-09-25T19:12:09Z,Coating,COT01,Running,,0
2026-09-25T19:48:47Z,Coating,COT01,Down,Jam,15.6
2026-09-25T20:04:24Z,Coating,COT01,Running,,0
2026-09-25T21:01:59Z,Coating,COT01,Down,Change Over - Line clearance,54.9
2026-09-25T21:56:50Z,Coating,COT01,Running,,0
2026-09-25T23:01:34Z,Coating,COT01,Down,Change Over - Line clearance,65.2
2026-09-26T00:06:44Z,Coating,COT01,Running,,0
2026-09-26T01:15:48Z,Coating,COT01,Down,No Operator,18.3
2026-09-26T01:34:04Z,Coating,COT01,Running,,0
2026-09-26T02:38:10Z,Coating,COT01,Down,Jam,20.3
2026-09-26T02:58:26Z,Coating,COT01,Running,,0
2026-09-26T03:00:00Z,Coating,COT01,Down,Outside production hours,0
2026-09-26T12:02:01Z,Coating,COT01,Running,,0
2026-09-26T13:03:30Z,Coating,COT01,Down,No Operator,9.6
2026-09-26T13:13:06Z,Coating,COT01,Running,,0
2026-09-26T14:39:54Z,Coating,COT01,Down,Blocked - Downstream,13.1
2026-09-26T14:53:02Z,Coating,COT01,Running,,0
2026-09-26T15:27:08Z,Coating,COT01,Down,No Operator,22.4
2026-09-26T15:49:35Z,Coating,COT01,Running,,0
2026-09-26T17:12:30Z,Coating,COT01,Down,Scheduled Downtime,190.1
2026-09-26T20:22:38Z,Coating,COT01,Running,,0
2026-09-26T21:35:48Z,Coating,COT01,Down,Starved - Upstream,10.5
2026-09-26T21:46:18Z,Coating,COT01,Running,,0
2026-09-26T22:37:45Z,Coating,COT01,Down,Change Over - Line clearance,27.7
2026-09-26T23:05:26Z,Coating,COT01,Running,,0
2026-09-27T00:17:46Z,Coating,COT01,Down,Jam,5.0
2026-09-27T00:22:47Z,Coating,COT01,Running,,0
2026-09-27T01:20:32Z,Coating,COT01,Down,Starved - Upstream,17.8
2026-09-27T01:38:19Z,Coating,COT01,Running,,0
2026-09-27T02:23:55Z,Coating,COT01,Down,Change Over - Line clearance,65.9
2026-09-27T03:00:00Z,Coating,COT01,Down,Outside production hours,0
2026-09-28T11:16:22Z,Coating,COT01,Down,E-Stop,11.6
2026-09-28T11:27:56Z,Coating,COT01,Running,,0
2026-09-28T12:06:17Z,Coating,COT01,Down,Change Over - Line clearance,26.9
2026-09-28T12:33:10Z,Coating,COT01,Running,,0
2026-09-28T13:46:11Z,Coating,COT01,Down,Change Over - Line clearance,50.7
2026-09-28T14:36:53Z,Coating,COT01,Running,,0
2026-09-28T15:16:25Z,Coating,COT01,Down,No Operator,22.6
2026-09-28T15:39:01Z,Coating,COT01,Running,,0
2026-09-28T16:50:52Z,Coating,COT01,Down,Change Over - Line clearance,36.0
2026-09-28T17:26:51Z,Coating,COT01,Running,,0
2026-09-28T19:00:13Z,Coating,COT01,Down,Change Over - Line clearance,62.8
2026-09-28T20:03:01Z,Coating,COT01,Running,,0
2026-09-28T20:43:57Z,Coating,COT01,Down,Jam,21.9
2026-09-28T21:05:50Z,Coating,COT01,Running,,0
2026-09-28T22:24:05Z,Coating,COT01,Down,Quality Hold,40.9
2026-09-28T23:04:56Z,Coating,COT01,Running,,0
2026-09-28T23:33:21Z,Coating,COT01,Down,Change Over - Line clearance,27.7
2026-09-29T00:01:04Z,Coating,COT01,Running,,0
2026-09-29T01:34:52Z,Coating,COT01,Down,Change Over - Line clearance,48.6
2026-09-29T02:23:28Z,Coating,COT01,Running,,0
2026-09-29T03:00:00Z,Coating,COT01,Down,Outside production hours,0
2026-09-29T11:47:03Z,Coating,COT01,Down,Jam,6.3
2026-09-29T11:53:20Z,Coating,COT01,Running,,0
2026-09-29T13:01:39Z,Coating,COT01,Down,Blocked - Downstream,4.2
2026-09-29T13:05:49Z,Coating,COT01,Running,,0
2026-09-29T13:51:47Z,Coating,COT01,Down,Change Over - Line clearance,29.8
2026-09-29T14:21:37Z,Coating,COT01,Running,,0
2026-09-29T15:42:59Z,Coating,COT01,Down,Jam,21.6
2026-09-29T16:04:37Z,Coating,COT01,Running,,0
2026-09-29T16:54:02Z,Coating,COT01,Down,E-Stop,5.5
2026-09-29T16:59:33Z,Coating,COT01,Running,,0
2026-09-29T17:26:37Z,Coating,COT01,Down,Blocked - Downstream,10.7
2026-09-29T17:37:20Z,Coating,COT01,Running,,0
2026-09-29T18:25:56Z,Coating,COT01,Down,Change Over - Line clearance,42.2
2026-09-29T19:08:09Z,Coating,COT01,Running,,0
2026-09-29T19:35:57Z,Coating,COT01,Down,Scheduled Downtime,230.0
2026-09-29T23:26:00Z,Coating,COT01,Running,,0
2026-09-30T00:54:21Z,Coating,COT01,Down,Quality Hold,29.9
2026-09-30T01:24:16Z,Coating,COT01,Running,,0
2026-09-30T01:49:23Z,Coating,COT01,Down,Scheduled Downtime,177.3
2026-09-30T03:00:00Z,Coating,COT01,Down,Outside production hours,0
2026-09-30T11:42:46Z,Coating,COT01,Running,,0
2026-09-30T13:17:05Z,Coating,COT01,Down,Starved - Upstream,19.8
2026-09-30T13:36:54Z,Coating,COT01,Running,,0
2026-09-30T14:09:10Z,Coating,COT01,Down,E-Stop,9.4
2026-09-30T14:18:32Z,Coating,COT01,Running,,0
2026-09-30T14:47:24Z,Coating,COT01,Down,No Operator,15.9
2026-09-30T15:03:16Z,Coating,COT01,Running,,0
2026-09-30T15:52:03Z,Coating,COT01,Down,Change Over - Line clearance,77.3
2026-09-30T17:09:18Z,Coating,COT01,Running,,0
2026-09-30T17:41:16Z,Coating,COT01,Down,Starved - Upstream,19.6
2026-09-30T18:00:55Z,Coating,COT01,Running,,0
2026-09-30T18:54:51Z,Coating,COT01,Down,Jam,11.0
2026-09-30T19:05:51Z,Coating,COT01,Running,,0
2026-09-30T20:31:05Z,Coating,COT01,Down,Starved - Upstream,9.4
2026-09-30T20:40:31Z,Coating,COT01,Running,,0
2026-09-30T22:02:51Z,Coating,COT01,Down,Change Over - Line clearance,69.9
2026-09-30T23:12:48Z,Coating,COT01,Running,,0
2026-09-30T23:38:29Z,Coating,COT01,Down,Quality Hold,37.4
2026-10-01T00:15:55Z,Coating,COT01,Running,,0
2026-10-01T01:48:11Z,Coating,COT01,Down,Starved - Upstream,8.8
2026-10-01T01:56:59Z,Coating,COT01,Running,,0
2026-10-01T02:53:56Z,Coating,COT01,Down,Blocked - Downstream,8.4
2026-10-01T03:00:00Z,Coating,COT01,Down,Outside production hours,0
2026-10-01T12:00:52Z,Coating,COT01,Down,Change Over - Line clearance,36.9
2026-10-01T12:37:47Z,Coating,COT01,Running,,0
2026-10-01T13:22:01Z,Coating,COT01,Down,Blocked - Downstream,11.9
2026-10-01T13:33:56Z,Coating,COT01,Running,,0
2026-10-01T14:13:44Z,Coating,COT01,Down,Change Over - Line clearance,68.0
2026-10-01T15:21:43Z,Coating,COT01,Running,,0
2026-10-01T16:09:51Z,Coating,COT01,Down,No Operator,18.6
2026-10-01T16:28:26Z,Coating,COT01,Running,,0
2026-10-01T17:31:01Z,Coating,COT01,Down,Change Over - Line clearance,48.3
2026-10-01T18:19:19Z,Coating,COT01,Running,,0
2026-10-01T19:32:30Z,Coating,COT01,Down,Jam,18.8
2026-10-01T19:51:16Z,Coating,COT01,Running,,0
2026-10-01T20:38:14Z,Coating,COT01,Down,Quality Hold,42.7
2026-10-01T21:20:59Z,Coating,COT01,Running,,0
2026-10-01T22:07:08Z,Coating,COT01,Down,Blocked - Downstream,5.5
2026-10-01T22:12:37Z,Coating,COT01,Running,,0
2026-10-01T22:51:35Z,Coating,COT01,Down,No Operator,24.6
2026-10-01T23:16:11Z,Coating,COT01,Running,,0
2026-10-02T00:19:04Z,Coating,COT01,Down,Jam,14.4
2026-10-02T00:33:29Z,Coating,COT01,Running,,0
2026-10-02T01:37:13Z,Coating,COT01,Down,Quality Hold,25.8
2026-10-02T02:03:03Z,Coating,COT01,Running,,0
2026-10-02T02:36:04Z,Coating,COT01,Down,Jam,23.1
2026-10-02T02:59:10Z,Coating,COT01,Running,,0
2026-10-02T03:00:00Z,Coating,COT01,Down,Outside production hours,0
2026-10-02T12:20:14Z,Coating,COT01,Down,Quality Hold,16.8
2026-10-02T12:37:04Z,Coating,COT01,Running,,0
2026-10-02T13:48:47Z,Coating,COT01,Down,Starved - Upstream,17.0
2026-10-02T14:05:47Z,Coating,COT01,Running,,0
2026-10-02T14:50:46Z,Coating,COT01,Down,Jam,14.1
2026-10-02T15:04:51Z,Coating,COT01,Running,,0
2026-10-02T16:07:30Z,Coating,COT01,Down,Quality Hold,18.2
2026-10-02T16:25:44Z,Coating,COT01,Running,,0
2026-10-02T17:21:15Z,Coating,COT01,Down,Quality Hold,15.8
2026-10-02T17:37:00Z,Coating,COT01,Running,,0
2026-10-02T18:21:52Z,Coating,COT01,Down,Blocked - Downstream,8.1
2026-10-02T18:29:59Z,Coating,COT01,Running,,0
2026-10-02T19:34:51Z,Coating,COT01,Down,Jam,20.7
2026-10-02T19:55:34Z,Coating,COT01,Running,,0
2026-10-02T21:26:50Z,Coating,COT01,Down,Jam,6.0
2026-10-02T21:32:47Z,Coating,COT01,Running,,0
2026-10-02T22:02:47Z,Coating,COT01,Down,Blocked - Downstream,12.5
2026-10-02T22:15:19Z,Coating,COT01,Running,,0
2026-10-02T23:19:05Z,Coating,COT01,Down,Change Over - Line clearance,53.2
2026-10-03T00:12:15Z,Coating,COT01,Running,,0
2026-10-03T01:36:06Z,Coating,COT01,Down,Change Over - Line clearance,54.5
2026-10-03T02:30:38Z,Coating,COT01,Running,,0
2026-10-03T03:00:00Z,Coating,COT01,Down,Outside production hours,0
2026-10-03T11:14:17Z,Coating,COT01,Down,No Operator,20.6
2026-10-03T11:34:52Z,Coating,COT01,Running,,0
2026-10-03T12:20:23Z,Coating,COT01,Down,Jam,4.2
2026-10-03T12:24:38Z,Coating,COT01,Running,,0
2026-10-03T12:55:38Z,Coating,COT01,Down,Starved - Upstream,11.4
2026-10-03T13:07:05Z,Coating,COT01,Running,,0
2026-10-03T13:57:46Z,Coating,COT01,Down,E-Stop,6.8
2026-10-03T14:04:36Z,Coating,COT01,Running,,0
2026-10-03T14:46:40Z,Coating,COT01,Down,Quality Hold,31.5
2026-10-03T15:18:08Z,Coating,COT01,Running,,0
2026-10-03T16:28:01Z,Coating,COT01,Down,Blocked - Downstream,9.1
2026-10-03T16:37:06Z,Coating,COT01,Running,,0
2026-10-03T17:39:06Z,Coating,COT01,Down,Blocked - Downstream,7.0
2026-10-03T17:46:03Z,Coating,COT01,Running,,0
2026-10-03T18:54:48Z,Coating,COT01,Down,Jam,19.5
2026-10-03T19:14:17Z,Coating,COT01,Running,,0
2026-10-03T20:14:19Z,Coating,COT01,Down,Quality Hold,27.6
2026-10-03T20:41:56Z,Coating,COT01,Running,,0
2026-10-03T21:38:01Z,Coating,COT01,Down,Starved - Upstream,13.3
2026-10-03T21:51:18Z,Coating,COT01,Running,,0
2026-10-03T22:58:21Z,Coating,COT01,Down,Change Over - Line clearance,82.2
2026-10-04T00:20:36Z,Coating,COT01,Running,,0
2026-10-04T01:06:52Z,Coating,COT01,Down,Starved - Upstream,15.9
2026-10-04T01:22:47Z,Coating,COT01,Running,,0
2026-10-04T02:46:16Z,Coating,COT01,Down,Blocked - Downstream,5.9
2026-10-04T02:52:10Z,Coating,COT01,Running,,0
2026-10-04T03:00:00Z,Coating,COT01,Down,Outside production hours,0
2026-10-05T11:03:59Z,Coating,COT01,Running,,0
2026-10-05T12:05:11Z,Coating,COT01,Down,E-Stop,5.6
2026-10-05T12:10:46Z,Coating,COT01,Running,,0
2026-10-05T13:26:09Z,Coating,COT01,Down,Blocked - Downstream,13.9
2026-10-05T13:40:02Z,Coating,COT01,Running,,0
2026-10-05T14:30:46Z,Coating,COT01,Down,Blocked - Downstream,10.1
2026-10-05T14:40:49Z,Coating,COT01,Running,,0
2026-10-05T15:40:00Z,Coating,COT01,Down,Starved - Upstream,7.0
2026-10-05T15:47:00Z,Coating,COT01,Running,,0
2026-10-05T16:14:12Z,Coating,COT01,Down,Change Over - Line clearance,29.7
2026-10-05T16:43:54Z,Coating,COT01,Running,,0
2026-10-05T18:06:08Z,Coating,COT01,Down,Starved - Upstream,7.8
2026-10-05T18:13:53Z,Coating,COT01,Running,,0
2026-10-05T18:52:27Z,Coating,COT01,Down,No Operator,29.6
2026-10-05T19:22:01Z,Coating,COT01,Running,,0
2026-10-05T20:39:57Z,Coating,COT01,Down,Jam,19.5
2026-10-05T20:59:27Z,Coating,COT01,Running,,0
2026-10-05T21:26:36Z,Coating,COT01,Down,Jam,21.4
2026-10-05T21:48:02Z,Coating,COT01,Running,,0
2026-10-05T22:25:01Z,Coating,COT01,Down,Blocked - Downstream,8.0
2026-10-05T22:33:02Z,Coating,COT01,Running,,0
2026-10-05T23:21:18Z,Coating,COT01,Down,Starved - Upstream,15.1
2026-10-05T23:36:26Z,Coating,COT01,Running,,0
2026-10-06T00:34:03Z,Coating,COT01,Down,Starved - Upstream,8.9
2026-10-06T00:42:55Z,Coating,COT01,Running,,0
2026-10-06T01:23:03Z,Coating,COT01,Down,Change Over - Line clearance,76.2
2026-10-06T02:39:14Z,Coating,COT01,Running,,0
2026-10-06T03:00:00Z,Coating,COT01,Down,Outside production hours,0
2026-10-06T11:47:35Z,Coating,COT01,Down,Starved - Upstream,7.5
2026-10-06T11:55:04Z,Coating,COT01,Running,,0
2026-10-06T13:08:37Z,Coating,COT01,Down,Change Over - Line clearance,55.3
2026-10-06T14:03:54Z,Coating,COT01,Running,,0
2026-10-06T15:02:52Z,Coating,COT01,Down,Starved - Upstream,5.3
2026-10-06T15:08:08Z,Coating,COT01,Running,,0
2026-10-06T16:42:18Z,Coating,COT01,Down,Starved - Upstream,19.5
2026-10-06T17:01:50Z,Coating,COT01,Running,,0
2026-10-06T17:46:24Z,Coating,COT01,Down,Scheduled Downtime,239.6
2026-10-06T21:45:59Z,Coating,COT01,Running,,0
2026-10-06T22:49:34Z,Coating,COT01,Down,Jam,14.6
2026-10-06T23:04:12Z,Coating,COT01,Running,,0
2026-10-07T00:28:10Z,Coating,COT01,Down,No Operator,25.2
2026-10-07T00:53:22Z,Coating,COT01,Running,,0
2026-10-07T01:53:14Z,Coating,COT01,Down,Jam,16.1
2026-10-07T02:09:18Z,Coating,COT01,Running,,0
2026-10-07T03:00:00Z,Coating,COT01,Down,Outside production hours,0
2026-10-07T11:22:38Z,Coating,COT01,Down,Blocked - Downstream,7.7
2026-10-07T11:30:18Z,Coating,COT01,Running,,0
2026-10-07T12:18:39Z,Coating,COT01,Down,Scheduled Downtime,150.6
2026-10-07T14:49:15Z,Coating,COT01,Running,,0
2026-10-07T15:41:12Z,Coating,COT01,Down,Blocked - Downstream,7.9
2026-10-07T15:49:04Z,Coating,COT01,Running,,0
2026-10-07T17:12:45Z,Coating,COT01,Down,Jam,10.1
2026-10-07T17:22:54Z,Coating,COT01,Running,,0
2026-10-07T18:33:10Z,Coating,COT01,Down,Starved - Upstream,7.3
2026-10-07T18:40:31Z,Coating,COT01,Running,,0
2026-10-07T20:11:59Z,Coating,COT01,Down,Change Over - Line clearance,35.4
2026-10-07T20:47:22Z,Coating,COT01,Running,,0
2026-10-07T22:00:15Z,Coating,COT01,Down,Blocked - Downstream,7.3
2026-10-07T22:07:33Z,Coating,COT01,Running,,0
2026-10-07T22:56:10Z,Coating,COT01,Down,Starved - Upstream,9.2
2026-10-07T23:05:22Z,Coating,COT01,Running,,0
2026-10-08T00:01:53Z,Coating,COT01,Down,Quality Hold,24.7
2026-10-08T00:26:37Z,Coating,COT01,Running,,0
2026-10-08T01:32:48Z,Coating,COT01,Down,Starved - Upstream,6.5
2026-10-08T01:39:20Z,Coating,COT01,Running,,0
2026-10-08T02:50:25Z,Coating,COT01,Down,Starved - Upstream,18.9
2026-10-08T03:00:00Z,Coating,COT01,Down,Outside production hours,0
2026-10-08T11:31:12Z,Coating,COT01,Down,Jam,16.4
2026-10-08T11:47:34Z,Coating,COT01,Running,,0
2026-10-08T12:56:15Z,Coating,COT01,Down,No Operator,12.1
2026-10-08T13:08:21Z,Coating,COT01,Running,,0
2026-10-08T14:20:37Z,Coating,COT01,Down,Jam,23.0
2026-10-08T14:43:36Z,Coating,COT01,Running,,0
2026-10-08T15:34:47Z,Coating,COT01,Down,Starved - Upstream,7.4
2026-10-08T15:42:11Z,Coating,COT01,Running,,0
2026-10-08T16:20:53Z,Coating,COT01,Down,Starved - Upstream,5.8
2026-10-08T16:26:39Z,Coating,COT01,Running,,0
2026-10-08T17:19:45Z,Coating,COT01,Down,Jam,20.2
2026-10-08T17:39:56Z,Coating,COT01,Running,,0
2026-10-08T18:47:26Z,Coating,COT01,Down,Starved - Upstream,5.5
2026-10-08T18:52:56Z,Coating,COT01,Running,,0
2026-10-08T19:41:13Z,Coating,COT01,Down,No Operator,19.6
2026-10-08T20:00:47Z,Coating,COT01,Running,,0
2026-10-08T21:31:04Z,Coating,COT01,Down,Starved - Upstream,16.4
2026-10-08T21:47:30Z,Coating,COT01,Running,,0
2026-10-08T22:41:58Z,Coating,COT01,Down,Blocked - Downstream,6.5
2026-10-08T22:48:27Z,Coating,COT01,Running,,0
2026-10-09T00:12:59Z,Coating,COT01,Down,E-Stop,6.2
2026-10-09T00:19:10Z,Coating,COT01,Running,,0
2026-10-09T00:55:33Z,Coating,COT01,Down,Scheduled Downtime,151.2
2026-10-09T03:00:00Z,Coating,COT01,Down,Outside production hours,0
2026-10-09T11:25:17Z,Coating,COT01,Down,Change Over - Line clearance,50.0
2026-10-09T12:15:18Z,Coating,COT01,Running,,0
2026-10-09T13:26:05Z,Coating,COT01,Down,Blocked - Downstream,12.7
2026-10-09T13:38:45Z,Coating,COT01,Running,,0
2026-10-09T14:35:50Z,Coating,COT01,Down,Starved - Upstream,7.9
2026-10-09T14:43:42Z,Coating,COT01,Running,,0
2026-10-09T15:57:42Z,Coating,COT01,Down,Jam,5.2
2026-10-09T16:02:56Z,Coating,COT01,Running,,0
2026-10-09T16:31:02Z,Coating,COT01,Down,Jam,16.4
2026-10-09T16:47:25Z,Coating,COT01,Running,,0
2026-10-09T18:18:09Z,Coating,COT01,Down,Change Over - Line clearance,35.3
2026-10-09T18:53:28Z,Coating,COT01,Running,,0
2026-10-09T20:06:51Z,Coating,COT01,Down,Jam,16.4
2026-10-09T20:23:16Z,Coating,COT01,Running,,0
2026-10-09T21:12:28Z,Coating,COT01,Down,Change Over - Line clearance,39.6
2026-10-09T21:52:05Z,Coating,COT01,Running,,0
2026-10-09T23:25:34Z,Coating,COT01,Down,Blocked - Downstream,11.2
2026-10-09T23:36:43Z,Coating,COT01,Running,,0
2026-10-10T00:44:27Z,Coating,COT01,Down,Starved - Upstream,12.3
2026-10-10T00:56:42Z,Coating,COT01,Running,,0
2026-10-10T01:39:03Z,Coating,COT01,Down,Starved - Upstream,17.8
2026-10-10T01:56:51Z,Coating,COT01,Running,,0
2026-10-10T03:00:00Z,Coating,COT01,Down,Outside production hours,0
2026-10-10T11:35:43Z,Coating,COT01,Down,Blocked - Downstream,11.5
2026-10-10T11:47:13Z,Coating,COT01,Running,,0
2026-10-10T13:02:13Z,Coating,COT01,Down,E-Stop,10.1
2026-10-10T13:12:18Z,Coating,COT01,Running,,0
2026-10-10T13:46:24Z,Coating,COT01,Down,Blocked - Downstream,4.1
2026-10-10T13:50:30Z,Coating,COT01,Running,,0
2026-10-10T14:48:19Z,Coating,COT01,Down,Quality Hold,17.2
2026-10-10T15:05:32Z,Coating,COT01,Running,,0
2026-10-10T15:34:33Z,Coating,COT01,Down,Jam,6.8
2026-10-10T15:41:19Z,Coating,COT01,Running,,0
2026-10-10T16:17:22Z,Coating,COT01,Down,No Operator,22.3
2026-10-10T16:39:38Z,Coating,COT01,Running,,0
2026-10-10T17:16:44Z,Coating,COT01,Down,Jam,6.4
2026-10-10T17:23:11Z,Coating,COT01,Running,,0
2026-10-10T18:53:52Z,Coating,COT01,Down,Change Over - Line clearance,80.7
2026-10-10T20:14:37Z,Coating,COT01,Running,,0
2026-10-10T20:42:08Z,Coating,COT01,Down,Blocked - Downstream,8.5
2026-10-10T20:50:39Z,Coating,COT01,Running,,0
2026-10-10T22:24:38Z,Coating,COT01,Down,Starved - Upstream,12.8
2026-10-10T22:37:26Z,Coating,COT01,Running,,0
2026-10-10T23:11:58Z,Coating,COT01,Down,Starved - Upstream,13.7
2026-10-10T23:25:43Z,Coating,COT01,Running,,0
2026-10-11T00:40:48Z,Coating,COT01,Down,Jam,17.6
2026-10-11T00:58:26Z,Coating,COT01,Running,,0
2026-10-11T01:23:33Z,Coating,COT01,Down,Change Over - Line clearance,66.8
2026-10-11T02:30:22Z,Coating,COT01,Running,,0
2026-10-11T03:00:00Z,Coating,COT01,Down,Outside production hours,0
2026-10-12T11:06:05Z,Coating,COT01,Running,,0
2026-10-12T12:27:22Z,Coating,COT01,Down,Starved - Upstream,9.8
2026-10-12T12:37:10Z,Coating,COT01,Running,,0
2026-10-12T13:26:01Z,Coating,COT01,Down,Quality Hold,36.2
2026-10-12T14:02:10Z,Coating,COT01,Running,,0
2026-10-12T15:07:05Z,Coating,COT01,Down,Jam,24.3
2026-10-12T15:31:22Z,Coating,COT01,Running,,0
2026-10-12T16:00:27Z,Coating,COT01,Down,Jam,8.0
2026-10-12T16:08:27Z,Coating,COT01,Running,,0
2026-10-12T17:15:46Z,Coating,COT01,Down,Change Over - Line clearance,53.8
2026-10-12T18:09:36Z,Coating,COT01,Running,,0
2026-10-12T18:42:28Z,Coating,COT01,Down,Starved - Upstream,15.2
2026-10-12T18:57:39Z,Coating,COT01,Running,,0
2026-10-12T20:12:57Z,Coating,COT01,Down,Blocked - Downstream,4.2
2026-10-12T20:17:07Z,Coating,COT01,Running,,0
2026-10-12T20:54:45Z,Coating,COT01,Down,Quality Hold,30.8
2026-10-12T21:25:36Z,Coating,COT01,Running,,0
2026-10-12T22:27:46Z,Coating,COT01,Down,Jam,12.8
2026-10-12T22:40:33Z,Coating,COT01,Running,,0
2026-10-13T00:07:36Z,Coating,COT01,Down,Quality Hold,29.9
2026-10-13T00:37:31Z,Coating,COT01,Running,,0
2026-10-13T01:41:51Z,Coating,COT01,Down,No Operator,17.4
2026-10-13T01:59:16Z,Coating,COT01,Running,,0
2026-10-13T02:59:41Z,Coating,COT01,Down,Starved - Upstream,18.6
2026-10-13T03:00:00Z,Coating,COT01,Down,Outside production hours,0
2026-10-13T11:00:07Z,Coating,COT01,Down,No Operator,13.9
2026-10-13T11:13:58Z,Coating,COT01,Running,,0
2026-10-13T12:17:26Z,Coating,COT01,Down,Blocked - Downstream,9.2
2026-10-13T12:26:37Z,Coating,COT01,Running,,0
2026-10-13T13:37:21Z,Coating,COT01,Down,Starved - Upstream,12.9
2026-10-13T13:50:18Z,Coating,COT01,Running,,0
2026-10-13T14:58:45Z,Coating,COT01,Down,Change Over - Line clearance,67.1
2026-10-13T16:05:49Z,Coating,COT01,Running,,0
2026-10-13T17:31:14Z,Coating,COT01,Down,Blocked - Downstream,9.3
2026-10-13T17:40:32Z,Coating,COT01,Running,,0
2026-10-13T18:37:06Z,Coating,COT01,Down,Jam,16.3
2026-10-13T18:53:21Z,Coating,COT01,Running,,0
2026-10-13T19:41:55Z,Coating,COT01,Down,No Operator,13.1
2026-10-13T19:54:58Z,Coating,COT01,Running,,0
2026-10-13T21:18:21Z,Coating,COT01,Down,E-Stop,10.8
2026-10-13T21:29:07Z,Coating,COT01,Running,,0
2026-10-13T22:31:15Z,Coating,COT01,Down,Change Over - Line clearance,36.3
2026-10-13T23:07:33Z,Coating,COT01,Running,,0
2026-10-14T00:28:14Z,Coating,COT01,Down,Jam,5.8
2026-10-14T00:34:04Z,Coating,COT01,Running,,0
2026-10-14T01:42:05Z,Coating,COT01,Down,Jam,11.9
2026-10-14T01:54:01Z,Coating,COT01,Running,,0
2026-10-14T02:53:25Z,Coating,COT01,Down,Jam,17.1
2026-10-14T03:00:00Z,Coating,COT01,Down,Outside production hours,0
2026-10-14T11:56:27Z,Coating,COT01,Down,Quality Hold,34.9
2026-10-14T12:31:21Z,Coating,COT01,Running,,0
2026-10-14T13:13:06Z,Coating,COT01,Down,Jam,21.8
2026-10-14T13:34:55Z,Coating,COT01,Running,,0
2026-10-14T14:29:15Z,Coating,COT01,Down,Quality Hold,16.1
2026-10-14T14:45:21Z,Coating,COT01,Running,,0
2026-10-14T15:46:41Z,Coating,COT01,Down,Jam,12.8
2026-10-14T15:59:30Z,Coating,COT01,Running,,0
2026-10-14T17:15:44Z,Coating,COT01,Down,Change Over - Line clearance,30.5
2026-10-14T17:46:17Z,Coating,COT01,Running,,0
2026-10-14T18:22:19Z,Coating,COT01,Down,E-Stop,7.8
2026-10-14T18:30:06Z,Coating,COT01,Running,,0
2026-10-14T19:59:56Z,Coating,COT01,Down,Quality Hold,31.2
2026-10-14T20:31:09Z,Coating,COT01,Running,,0
2026-10-14T21:16:12Z,Coating,COT01,Down,No Operator,9.8
2026-10-14T21:25:59Z,Coating,COT01,Running,,0
2026-10-14T22:05:00Z,Coating,COT01,Down,Jam,5.9
2026-10-14T22:10:52Z,Coating,COT01,Running,,0
2026-10-14T23:27:06Z,Coating,COT01,Down,Blocked - Downstream,10.2
2026-10-14T23:37:15Z,Coating,COT01,Running,,0
2026-10-15T01:06:32Z,Coating,COT01,Down,Starved - Upstream,18.1
2026-10-15T01:24:38Z,Coating,COT01,Running,,0
2026-10-15T02:29:14Z,Coating,COT01,Down,Quality Hold,33.8
2026-10-15T03:00:00Z,Coating,COT01,Down,Outside production hours,0
2026-10-15T11:15:17Z,Coating,COT01,Down,Jam,13.8
2026-10-15T11:29:05Z,Coating,COT01,Running,,0
2026-10-15T13:00:32Z,Coating,COT01,Down,Change Over - Line clearance,46.9
2026-10-15T13:47:24Z,Coating,COT01,Running,,0
2026-10-15T14:28:23Z,Coating,COT01,Down,E-Stop,10.6
2026-10-15T14:38:58Z,Coating,COT01,Running,,0
2026-10-15T15:42:37Z,Coating,COT01,Down,Jam,22.9
2026-10-15T16:05:33Z,Coating,COT01,Running,,0
2026-10-15T17:12:30Z,Coating,COT01,Down,Scheduled Downtime,154.6
2026-10-15T19:47:04Z,Coating,COT01,Running,,0
2026-10-15T20:42:07Z,Coating,COT01,Down,Jam,20.2
2026-10-15T21:02:16Z,Coating,COT01,Running,,0
2026-10-15T22:23:46Z,Coating,COT01,Down,Starved - Upstream,9.9
2026-10-15T22:33:41Z,Coating,COT01,Running,,0
2026-10-15T23:27:08Z,Coating,COT01,Down,Jam,23.5
2026-10-15T23:50:38Z,Coating,COT01,Running,,0
2026-10-16T00:39:38Z,Coating,COT01,Down,Jam,20.7
2026-10-16T01:00:21Z,Coating,COT01,Running,,0
2026-10-16T01:59:17Z,Coating,COT01,Down,Starved - Upstream,13.1
2026-10-16T02:12:21Z,Coating,COT01,Running,,0
2026-10-16T03:00:00Z,Coating,COT01,Down,Outside production hours,0
2026-09-25T12:08:36Z,Coating,COT02,Down,Change Over - Line clearance,87.4
2026-09-25T13:35:58Z,Coating,COT02,Running,,0
2026-09-25T14:16:27Z,Coating,COT02,Down,E-Stop,4.6
2026-09-25T14:21:01Z,Coating,COT02,Running,,0
2026-09-25T14:57:43Z,Coating,COT02,Down,Jam,5.0
2026-09-25T15:02:43Z,Coating,COT02,Running,,0
2026-09-25T16:32:09Z,Coating,COT02,Down,Change Over - Line clearance,47.7
2026-09-25T17:19:52Z,Coating,COT02,Running,,0
2026-09-25T18:24:31Z,Coating,COT02,Down,Blocked - Downstream,4.4
2026-09-25T18:28:55Z,Coating,COT02,Running,,0
2026-09-25T19:32:26Z,Coating,COT02,Down,Starved - Upstream,11.9
2026-09-25T19:44:23Z,Coating,COT02,Running,,0
2026-09-25T21:02:13Z,Coating,COT02,Down,No Operator,20.8
2026-09-25T21:23:03Z,Coating,COT02,Running,,0
2026-09-25T22:20:18Z,Coating,COT02,Down,Change Over - Line clearance,34.0
2026-09-25T22:54:21Z,Coating,COT02,Running,,0
2026-09-25T23:31:58Z,Coating,COT02,Down,Jam,13.7
2026-09-25T23:45:38Z,Coating,COT02,Running,,0
2026-09-26T00:27:13Z,Coating,COT02,Down,Starved - Upstream,16.3
2026-09-26T00:43:33Z,Coating,COT02,Running,,0
2026-09-26T01:22:54Z,Coating,COT02,Down,Starved - Upstream,9.6
2026-09-26T01:32:28Z,Coating,COT02,Running,,0
2026-09-26T02:36:00Z,Coating,COT02,Down,Starved - Upstream,8.9
2026-09-26T02:44:55Z,Coating,COT02,Running,,0
2026-09-26T03:00:00Z,Coating,COT02,Down,Outside production hours,0
2026-09-26T11:25:53Z,Coating,COT02,Down,Starved - Upstream,14.2
2026-09-26T11:40:06Z,Coating,COT02,Running,,0
2026-09-26T12:59:56Z,Coating,COT02,Down,E-Stop,10.1
2026-09-26T13:10:03Z,Coating,COT02,Running,,0
2026-09-26T14:03:11Z,Coating,COT02,Down,No Operator,21.5
2026-09-26T14:24:40Z,Coating,COT02,Running,,0
2026-09-26T15:44:45Z,Coating,COT02,Down,Jam,11.3
2026-09-26T15:56:05Z,Coating,COT02,Running,,0
2026-09-26T16:47:12Z,Coating,COT02,Down,Change Over - Line clearance,57.9
2026-09-26T17:45:09Z,Coating,COT02,Running,,0
2026-09-26T18:29:52Z,Coating,COT02,Down,Quality Hold,21.9
2026-09-26T18:51:45Z,Coating,COT02,Running,,0
2026-09-26T20:15:46Z,Coating,COT02,Down,Blocked - Downstream,14.5
2026-09-26T20:30:16Z,Coating,COT02,Running,,0
2026-09-26T21:35:00Z,Coating,COT02,Down,No Operator,15.1
2026-09-26T21:50:03Z,Coating,COT02,Running,,0
2026-09-26T23:21:30Z,Coating,COT02,Down,Starved - Upstream,10.1
2026-09-26T23:31:34Z,Coating,COT02,Running,,0
2026-09-27T00:43:06Z,Coating,COT02,Down,Jam,16.2
2026-09-27T00:59:15Z,Coating,COT02,Running,,0
2026-09-27T01:27:41Z,Coating,COT02,Down,Change Over - Line clearance,44.6
2026-09-27T02:12:20Z,Coating,COT02,Running,,0
2026-09-27T03:00:00Z,Coating,COT02,Down,Outside production hours,0
2026-09-28T11:09:38Z,Coating,COT02,Running,,0
2026-09-28T12:04:38Z,Coating,COT02,Down,Change Over - Line clearance,66.6
2026-09-28T13:11:12Z,Coating,COT02,Running,,0
2026-09-28T13:45:41Z,Coating,COT02,Down,Starved - Upstream,17.3
2026-09-28T14:03:01Z,Coating,COT02,Running,,0
2026-09-28T15:00:22Z,Coating,COT02,Down,Starved - Upstream,18.9
2026-09-28T15:19:17Z,Coating,COT02,Running,,0
2026-09-28T16:23:06Z,Coating,COT02,Down,Starved - Upstream,11.9
2026-09-28T16:35:00Z,Coating,COT02,Running,,0
2026-09-28T17:16:12Z,Coating,COT02,Down,E-Stop,7.1
2026-09-28T17:23:16Z,Coating,COT02,Running,,0
2026-09-28T18:32:56Z,Coating,COT02,Down,Jam,19.8
2026-09-28T18:52:42Z,Coating,COT02,Running,,0
2026-09-28T20:02:22Z,Coating,COT02,Down,Jam,11.9
2026-09-28T20:14:19Z,Coating,COT02,Running,,0
2026-09-28T21:21:28Z,Coating,COT02,Down,Blocked - Downstream,7.7
2026-09-28T21:29:09Z,Coating,COT02,Running,,0
2026-09-28T21:56:49Z,Coating,COT02,Down,Jam,8.6
2026-09-28T22:05:23Z,Coating,COT02,Running,,0
2026-09-28T23:38:32Z,Coating,COT02,Down,No Operator,20.7
2026-09-28T23:59:12Z,Coating,COT02,Running,,0
2026-09-29T00:47:01Z,Coating,COT02,Down,Jam,7.2
2026-09-29T00:54:16Z,Coating,COT02,Running,,0
2026-09-29T02:23:53Z,Coating,COT02,Down,Blocked - Downstream,4.5
2026-09-29T02:28:23Z,Coating,COT02,Running,,0
2026-09-29T03:00:00Z,Coating,COT02,Down,Outside production hours,0
2026-09-29T12:06:48Z,Coating,COT02,Running,,0
2026-09-29T12:54:29Z,Coating,COT02,Down,Quality Hold,22.7
2026-09-29T13:17:12Z,Coating,COT02,Running,,0
2026-09-29T14:15:28Z,Coating,COT02,Down,Jam,6.8
2026-09-29T14:22:19Z,Coating,COT02,Running,,0
2026-09-29T15:27:21Z,Coating,COT02,Down,Starved - Upstream,6.3
2026-09-29T15:33:39Z,Coating,COT02,Running,,0
2026-09-29T16:19:40Z,Coating,COT02,Down,No Operator,10.8
2026-09-29T16:30:31Z,Coating,COT02,Running,,0
2026-09-29T17:04:23Z,Coating,COT02,Down,Starved - Upstream,13.4
2026-09-29T17:17:50Z,Coating,COT02,Running,,0
2026-09-29T18:52:28Z,Coating,COT02,Down,Jam,4.5
2026-09-29T18:56:55Z,Coating,COT02,Running,,0
2026-09-29T20:11:54Z,Coating,COT02,Down,Scheduled Downtime,169.9
2026-09-29T23:01:45Z,Coating,COT02,Running,,0
2026-09-29T23:49:49Z,Coating,COT02,Down,E-Stop,9.9
2026-09-29T23:59:45Z,Coating,COT02,Running,,0
2026-09-30T00:59:11Z,Coating,COT02,Down,Blocked - Downstream,8.8
2026-09-30T01:07:58Z,Coating,COT02,Running,,0
2026-09-30T02:00:21Z,Coating,COT02,Down,Blocked - Downstream,12.7
2026-09-30T02:13:04Z,Coating,COT02,Running,,0
2026-09-30T03:00:00Z,Coating,COT02,Down,Outside production hours,0
2026-09-30T11:59:22Z,Coating,COT02,Down,Jam,5.0
2026-09-30T12:04:20Z,Coating,COT02,Running,,0
2026-09-30T13:25:09Z,Coating,COT02,Down,Quality Hold,43.9
2026-09-30T14:09:00Z,Coating,COT02,Running,,0
2026-09-30T15:05:39Z,Coating,COT02,Down,Jam,8.8
2026-09-30T15:14:28Z,Coating,COT02,Running,,0
2026-09-30T15:52:03Z,Coating,COT02,Down,Jam,19.2
2026-09-30T16:11:14Z,Coating,COT02,Running,,0
2026-09-30T17:37:58Z,Coating,COT02,Down,Quality Hold,34.9
2026-09-30T18:12:53Z,Coating,COT02,Running,,0
2026-09-30T19:16:35Z,Coating,COT02,Down,Blocked - Downstream,8.5
2026-09-30T19:25:05Z,Coating,COT02,Running,,0
2026-09-30T20:16:04Z,Coating,COT02,Down,No Operator,18.3
2026-09-30T20:34:23Z,Coating,COT02,Running,,0
2026-09-30T21:04:38Z,Coating,COT02,Down,E-Stop,4.3
2026-09-30T21:08:58Z,Coating,COT02,Running,,0
2026-09-30T21:35:39Z,Coating,COT02,Down,Jam,8.7
2026-09-30T21:44:20Z,Coating,COT02,Running,,0
2026-09-30T23:17:08Z,Coating,COT02,Down,Jam,12.8
2026-09-30T23:29:58Z,Coating,COT02,Running,,0
2026-10-01T00:19:39Z,Coating,COT02,Down,Jam,6.4
2026-10-01T00:26:05Z,Coating,COT02,Running,,0
2026-10-01T01:02:16Z,Coating,COT02,Down,Change Over - Line clearance,40.8
2026-10-01T01:43:05Z,Coating,COT02,Running,,0
2026-10-01T02:54:02Z,Coating,COT02,Down,Change Over - Line clearance,65.4
2026-10-01T03:00:00Z,Coating,COT02,Down,Outside production hours,0
2026-10-01T11:29:32Z,Coating,COT02,Down,Starved - Upstream,15.6
2026-10-01T11:45:08Z,Coating,COT02,Running,,0
2026-10-01T12:18:04Z,Coating,COT02,Down,Jam,4.2
2026-10-01T12:22:19Z,Coating,COT02,Running,,0
2026-10-01T13:46:47Z,Coating,COT02,Down,Blocked - Downstream,13.6
2026-10-01T14:00:25Z,Coating,COT02,Running,,0
2026-10-01T15:02:19Z,Coating,COT02,Down,Jam,6.0
2026-10-01T15:08:17Z,Coating,COT02,Running,,0
2026-10-01T15:51:14Z,Coating,COT02,Down,Jam,22.1
2026-10-01T16:13:21Z,Coating,COT02,Running,,0
2026-10-01T17:42:06Z,Coating,COT02,Down,Starved - Upstream,19.8
2026-10-01T18:01:56Z,Coating,COT02,Running,,0
2026-10-01T19:10:03Z,Coating,COT02,Down,Change Over - Line clearance,73.9
2026-10-01T20:23:55Z,Coating,COT02,Running,,0
2026-10-01T21:25:48Z,Coating,COT02,Down,Blocked - Downstream,13.7
2026-10-01T21:39:30Z,Coating,COT02,Running,,0
2026-10-01T23:01:47Z,Coating,COT02,Down,Jam,14.8
2026-10-01T23:16:36Z,Coating,COT02,Running,,0
2026-10-01T23:52:33Z,Coating,COT02,Down,Blocked - Downstream,11.5
2026-10-02T00:04:01Z,Coating,COT02,Running,,0
2026-10-02T00:38:21Z,Coating,COT02,Down,No Operator,19.2
2026-10-02T00:57:33Z,Coating,COT02,Running,,0
2026-10-02T02:08:07Z,Coating,COT02,Down,Starved - Upstream,19.6
2026-10-02T02:27:44Z,Coating,COT02,Running,,0
2026-10-02T03:00:00Z,Coating,COT02,Down,Outside production hours,0
2026-10-02T11:04:41Z,Coating,COT02,Running,,0
2026-10-02T12:00:16Z,Coating,COT02,Down,Starved - Upstream,13.5
2026-10-02T12:13:47Z,Coating,COT02,Running,,0
2026-10-02T13:16:57Z,Coating,COT02,Down,Scheduled Downtime,124.4
2026-10-02T15:21:23Z,Coating,COT02,Running,,0
2026-10-02T16:25:24Z,Coating,COT02,Down,No Operator,26.6
2026-10-02T16:51:59Z,Coating,COT02,Running,,0
2026-10-02T17:24:07Z,Coating,COT02,Down,Blocked - Downstream,7.5
2026-10-02T17:31:38Z,Coating,COT02,Running,,0
2026-10-02T18:42:32Z,Coating,COT02,Down,Jam,22.2
2026-10-02T19:04:41Z,Coating,COT02,Running,,0
2026-10-02T20:02:46Z,Coating,COT02,Down,Blocked - Downstream,5.2
2026-10-02T20:08:01Z,Coating,COT02,Running,,0
2026-10-02T21:19:14Z,Coating,COT02,Down,Starved - Upstream,16.6
2026-10-02T21:35:52Z,Coating,COT02,Running,,0
2026-10-02T22:43:51Z,Coating,COT02,Down,Jam,7.0
2026-10-02T22:50:49Z,Coating,COT02,Running,,0
2026-10-02T23:30:27Z,Coating,COT02,Down,Blocked - Downstream,6.4
2026-10-02T23:36:50Z,Coating,COT02,Running,,0
2026-10-03T00:09:18Z,Coating,COT02,Down,Scheduled Downtime,93.7
2026-10-03T01:43:01Z,Coating,COT02,Running,,0
2026-10-03T03:00:00Z,Coating,COT02,Down,Outside production hours,0
2026-10-03T11:40:12Z,Coating,COT02,Down,Change Over - Line clearance,84.3
2026-10-03T13:04:29Z,Coating,COT02,Running,,0
2026-10-03T14:07:31Z,Coating,COT02,Down,Jam,7.4
2026-10-03T14:14:58Z,Coating,COT02,Running,,0
2026-10-03T15:21:22Z,Coating,COT02,Down,No Operator,17.1
2026-10-03T15:38:29Z,Coating,COT02,Running,,0
2026-10-03T16:48:45Z,Coating,COT02,Down,Jam,10.3
2026-10-03T16:59:03Z,Coating,COT02,Running,,0
2026-10-03T17:33:48Z,Coating,COT02,Down,Change Over - Line clearance,60.6
2026-10-03T18:34:22Z,Coating,COT02,Running,,0
2026-10-03T19:00:19Z,Coating,COT02,Down,Scheduled Downtime,188.7
2026-10-03T22:09:04Z,Coating,COT02,Running,,0
2026-10-03T23:27:36Z,Coating,COT02,Down,E-Stop,11.1
2026-10-03T23:38:44Z,Coating,COT02,Running,,0
2026-10-04T00:36:48Z,Coating,COT02,Down,No Operator,16.7
2026-10-04T00:53:29Z,Coating,COT02,Running,,0
2026-10-04T02:03:16Z,Coating,COT02,Down,Blocked - Downstream,12.8
2026-10-04T02:16:05Z,Coating,COT02,Running,,0
2026-10-04T03:00:00Z,Coating,COT02,Down,Outside production hours,0
2026-10-05T12:16:19Z,Coating,COT02,Down,Jam,8.9
2026-10-05T12:25:15Z,Coating,COT02,Running,,0
2026-10-05T13:01:52Z,Coating,COT02,Down,Change Over - Line clearance,58.8
2026-10-05T14:00:42Z,Coating,COT02,Running,,0
2026-10-05T15:28:14Z,Coating,COT02,Down,Starved - Upstream,7.1
2026-10-05T15:35:19Z,Coating,COT02,Running,,0
2026-10-05T16:49:23Z,Coating,COT02,Down,Jam,19.7
2026-10-05T17:09:07Z,Coating,COT02,Running,,0
2026-10-05T17:56:45Z,Coating,COT02,Down,Starved - Upstream,13.1
2026-10-05T18:09:50Z,Coating,COT02,Running,,0
2026-10-05T19:14:50Z,Coating,COT02,Down,Change Over - Line clearance,68.3
2026-10-05T20:23:09Z,Coating,COT02,Running,,0
2026-10-05T21:51:52Z,Coating,COT02,Down,Quality Hold,20.0
2026-10-05T22:11:54Z,Coating,COT02,Running,,0
2026-10-05T22:57:06Z,Coating,COT02,Down,Jam,19.1
2026-10-05T23:16:14Z,Coating,COT02,Running,,0
2026-10-06T00:28:58Z,Coating,COT02,Down,Jam,9.8
2026-10-06T00:38:48Z,Coating,COT02,Running,,0
2026-10-06T01:49:23Z,Coating,COT02,Down,Jam,6.9
2026-10-06T01:56:15Z,Coating,COT02,Running,,0
2026-10-06T03:00:00Z,Coating,COT02,Down,Outside production hours,0
2026-10-06T11:30:08Z,Coating,COT02,Down,Blocked - Downstream,7.4
2026-10-06T11:37:29Z,Coating,COT02,Running,,0
2026-10-06T12:55:13Z,Coating,COT02,Down,Blocked - Downstream,12.9
2026-10-06T13:08:04Z,Coating,COT02,Running,,0
2026-10-06T14:15:23Z,Coating,COT02,Down,Blocked - Downstream,7.2
2026-10-06T14:22:36Z,Coating,COT02,Running,,0
2026-10-06T15:03:53Z,Coating,COT02,Down,Jam,4.4
2026-10-06T15:08:19Z,Coating,COT02,Running,,0
2026-10-06T16:18:02Z,Coating,COT02,Down,Change Over - Line clearance,58.7
2026-10-06T17:16:42Z,Coating,COT02,Running,,0
2026-10-06T18:02:18Z,Coating,COT02,Down,Jam,20.9
2026-10-06T18:23:10Z,Coating,COT02,Running,,0
2026-10-06T19:44:51Z,Coating,COT02,Down,Change Over - Line clearance,39.2
2026-10-06T20:24:05Z,Coating,COT02,Running,,0
2026-10-06T20:56:40Z,Coating,COT02,Down,Change Over - Line clearance,71.6
2026-10-06T22:08:18Z,Coating,COT02,Running,,0
2026-10-06T22:39:41Z,Coating,COT02,Down,Jam,9.8
2026-10-06T22:49:26Z,Coating,COT02,Running,,0
2026-10-07T00:14:57Z,Coating,COT02,Down,Jam,12.5
2026-10-07T00:27:26Z,Coating,COT02,Running,,0
2026-10-07T01:29:54Z,Coating,COT02,Down,Starved - Upstream,17.5
2026-10-07T01:47:25Z,Coating,COT02,Running,,0
2026-10-07T03:00:00Z,Coating,COT02,Down,Outside production hours,0
2026-10-07T11:39:02Z,Coating,COT02,Down,E-Stop,8.4
2026-10-07T11:47:26Z,Coating,COT02,Running,,0
2026-10-07T12:18:28Z,Coating,COT02,Down,Scheduled Downtime,137.0
2026-10-07T14:35:26Z,Coating,COT02,Running,,0
2026-10-07T15:32:10Z,Coating,COT02,Down,Blocked - Downstream,13.4
2026-10-07T15:45:31Z,Coating,COT02,Running,,0
2026-10-07T16:35:49Z,Coating,COT02,Down,Jam,12.3
2026-10-07T16:48:06Z,Coating,COT02,Running,,0
2026-10-07T17:15:45Z,Coating,COT02,Down,Jam,23.8
2026-10-07T17:39:33Z,Coating,COT02,Running,,0
2026-10-07T18:24:43Z,Coating,COT02,Down,Change Over - Line clearance,63.6
2026-10-07T19:28:20Z,Coating,COT02,Running,,0
2026-10-07T20:01:26Z,Coating,COT02,Down,No Operator,17.4
2026-10-07T20:18:50Z,Coating,COT02,Running,,0
2026-10-07T21:02:53Z,Coating,COT02,Down,Blocked - Downstream,13.8
2026-10-07T21:16:39Z,Coating,COT02,Running,,0
2026-10-07T22:20:09Z,Coating,COT02,Down,E-Stop,4.0
2026-10-07T22:24:08Z,Coating,COT02,Running,,0
2026-10-07T23:30:47Z,Coating,COT02,Down,Jam,7.9
2026-10-07T23:38:42Z,Coating,COT02,Running,,0
2026-10-08T00:45:03Z,Coating,COT02,Down,Blocked - Downstream,4.3
2026-10-08T00:49:23Z,Coating,COT02,Running,,0
2026-10-08T01:46:56Z,Coating,COT02,Down,Quality Hold,22.6
2026-10-08T02:09:32Z,Coating,COT02,Running,,0
2026-10-08T02:52:19Z,Coating,COT02,Down,Jam,20.9
2026-10-08T03:00:00Z,Coating,COT02,Down,Outside production hours,0
2026-10-08T11:09:17Z,Coating,COT02,Running,,0
2026-10-08T12:20:38Z,Coating,COT02,Down,Blocked - Downstream,8.6
2026-10-08T12:29:13Z,Coating,COT02,Running,,0
2026-10-08T13:46:40Z,Coating,COT02,Down,Jam,5.7
2026-10-08T13:52:24Z,Coating,COT02,Running,,0
2026-10-08T14:32:34Z,Coating,COT02,Down,Quality Hold,40.8
2026-10-08T15:13:24Z,Coating,COT02,Running,,0
2026-10-08T16:47:25Z,Coating,COT02,Down,Jam,19.0
2026-10-08T17:06:26Z,Coating,COT02,Running,,0
2026-10-08T17:51:06Z,Coating,COT02,Down,Blocked - Downstream,8.5
2026-10-08T17:59:39Z,Coating,COT02,Running,,0
2026-10-08T19:26:19Z,Coating,COT02,Down,Jam,17.5
2026-10-08T19:43:52Z,Coating,COT02,Running,,0
2026-10-08T20:17:00Z,Coating,COT02,Down,Jam,24.7
2026-10-08T20:41:43Z,Coating,COT02,Running,,0
2026-10-08T22:02:22Z,Coating,COT02,Down,E-Stop,6.7
2026-10-08T22:09:05Z,Coating,COT02,Running,,0
2026-10-08T23:25:49Z,Coating,COT02,Down,No Operator,20.9
2026-10-08T23:46:40Z,Coating,COT02,Running,,0
2026-10-09T01:06:55Z,Coating,COT02,Down,Jam,19.1
2026-10-09T01:26:04Z,Coating,COT02,Running,,0
2026-10-09T02:36:03Z,Coating,COT02,Down,Starved - Upstream,9.7
2026-10-09T02:45:46Z,Coating,COT02,Running,,0
2026-10-09T03:00:00Z,Coating,COT02,Down,Outside production hours,0
2026-10-09T11:12:43Z,Coating,COT02,Running,,0
2026-10-09T11:46:38Z,Coating,COT02,Down,E-Stop,8.6
2026-10-09T11:55:15Z,Coating,COT02,Running,,0
2026-10-09T12:43:14Z,Coating,COT02,Down,Starved - Upstream,11.4
2026-10-09T12:54:40Z,Coating,COT02,Running,,0
2026-10-09T13:51:40Z,Coating,COT02,Down,Quality Hold,40.1
2026-10-09T14:31:48Z,Coating,COT02,Running,,0
2026-10-09T15:10:12Z,Coating,COT02,Down,Quality Hold,35.5
2026-10-09T15:45:41Z,Coating,COT02,Running,,0
2026-10-09T16:21:04Z,Coating,COT02,Down,Jam,10.5
2026-10-09T16:31:37Z,Coating,COT02,Running,,0
2026-10-09T17:37:15Z,Coating,COT02,Down,No Operator,17.6
2026-10-09T17:54:50Z,Coating,COT02,Running,,0
2026-10-09T19:16:54Z,Coating,COT02,Down,Change Over - Line clearance,40.7
2026-10-09T19:57:39Z,Coating,COT02,Running,,0
2026-10-09T20:22:47Z,Coating,COT02,Down,Change Over - Line clearance,75.1
2026-10-09T21:37:53Z,Coating,COT02,Running,,0
2026-10-09T22:54:10Z,Coating,COT02,Down,E-Stop,8.1
2026-10-09T23:02:15Z,Coating,COT02,Running,,0
2026-10-10T00:36:41Z,Coating,COT02,Down,Change Over - Line clearance,45.0
2026-10-10T01:21:44Z,Coating,COT02,Running,,0
2026-10-10T02:18:54Z,Coating,COT02,Down,Jam,20.9
2026-10-10T02:39:48Z,Coating,COT02,Running,,0
2026-10-10T03:00:00Z,Coating,COT02,Down,Outside production hours,0
2026-10-10T11:30:20Z,Coating,COT02,Down,E-Stop,5.9
2026-10-10T11:36:15Z,Coating,COT02,Running,,0
2026-10-10T12:35:39Z,Coating,COT02,Down,Jam,5.3
2026-10-10T12:40:58Z,Coating,COT02,Running,,0
2026-10-10T14:09:18Z,Coating,COT02,Down,Blocked - Downstream,5.7
2026-10-10T14:15:00Z,Coating,COT02,Running,,0
2026-10-10T15:08:24Z,Coating,COT02,Down,Starved - Upstream,12.3
2026-10-10T15:20:42Z,Coating,COT02,Running,,0
2026-10-10T16:37:37Z,Coating,COT02,Down,Change Over - Line clearance,71.5
2026-10-10T17:49:08Z,Coating,COT02,Running,,0
2026-10-10T19:00:19Z,Coating,COT02,Down,No Operator,22.1
2026-10-10T19:22:24Z,Coating,COT02,Running,,0
2026-10-10T20:11:52Z,Coating,COT02,Down,Jam,18.1
2026-10-10T20:30:01Z,Coating,COT02,Running,,0
2026-10-10T21:28:26Z,Coating,COT02,Down,No Operator,29.8
2026-10-10T21:58:13Z,Coating,COT02,Running,,0
2026-10-10T22:34:28Z,Coating,COT02,Down,Starved - Upstream,10.0
2026-10-10T22:44:27Z,Coating,COT02,Running,,0
2026-10-11T00:17:19Z,Coating,COT02,Down,Starved - Upstream,6.4
2026-10-11T00:23:45Z,Coating,COT02,Running,,0
2026-10-11T01:25:32Z,Coating,COT02,Down,Blocked - Downstream,6.2
2026-10-11T01:31:47Z,Coating,COT02,Running,,0
2026-10-11T02:21:58Z,Coating,COT02,Down,Starved - Upstream,12.5
2026-10-11T02:34:31Z,Coating,COT02,Running,,0
2026-10-11T03:00:00Z,Coating,COT02,Down,Outside production hours,0
2026-10-12T11:53:59Z,Coating,COT02,Down,No Operator,14.5
2026-10-12T12:08:28Z,Coating,COT02,Running,,0
2026-10-12T12:53:01Z,Coating,COT02,Down,Starved - Upstream,19.4
2026-10-12T13:12:26Z,Coating,COT02,Running,,0
2026-10-12T14:11:45Z,Coating,COT02,Down,Jam,16.4
2026-10-12T14:28:10Z,Coating,COT02,Running,,0
2026-10-12T15:10:27Z,Coating,COT02,Down,No Operator,18.6
2026-10-12T15:29:01Z,Coating,COT02,Running,,0
2026-10-12T16:25:21Z,Coating,COT02,Down,Change Over - Line clearance,53.7
2026-10-12T17:19:06Z,Coating,COT02,Running,,0
2026-10-12T17:51:01Z,Coating,COT02,Down,Starved - Upstream,14.2
2026-10-12T18:05:13Z,Coating,COT02,Running,,0
2026-10-12T18:55:16Z,Coating,COT02,Down,Starved - Upstream,8.6
2026-10-12T19:03:53Z,Coating,COT02,Running,,0
2026-10-12T19:49:30Z,Coating,COT02,Down,Change Over - Line clearance,63.7
2026-10-12T20:53:14Z,Coating,COT02,Running,,0
2026-10-12T22:16:02Z,Coating,COT02,Down,Jam,20.7
2026-10-12T22:36:43Z,Coating,COT02,Running,,0
2026-10-13T00:04:08Z,Coating,COT02,Down,Change Over - Line clearance,89.0
2026-10-13T01:33:09Z,Coating,COT02,Running,,0
2026-10-13T02:20:53Z,Coating,COT02,Down,No Operator,21.6
2026-10-13T02:42:29Z,Coating,COT02,Running,,0
2026-10-13T03:00:00Z,Coating,COT02,Down,Outside production hours,0
2026-10-13T12:02:05Z,Coating,COT02,Down,Quality Hold,33.0
2026-10-13T12:35:06Z,Coating,COT02,Running,,0
2026-10-13T13:21:48Z,Coating,COT02,Down,Quality Hold,19.6
2026-10-13T13:41:24Z,Coating,COT02,Running,,0
2026-10-13T14:53:34Z,Coating,COT02,Down,Blocked - Downstream,7.8
2026-10-13T15:01:24Z,Coating,COT02,Running,,0
2026-10-13T16:35:28Z,Coating,COT02,Down,Jam,6.2
2026-10-13T16:41:38Z,Coating,COT02,Running,,0
2026-10-13T18:07:11Z,Coating,COT02,Down,Jam,20.5
2026-10-13T18:27:40Z,Coating,COT02,Running,,0
2026-10-13T19:40:14Z,Coating,COT02,Down,Blocked - Downstream,8.9
2026-10-13T19:49:06Z,Coating,COT02,Running,,0
2026-10-13T20:30:01Z,Coating,COT02,Down,Quality Hold,40.4
2026-10-13T21:10:26Z,Coating,COT02,Running,,0
2026-10-13T22:09:09Z,Coating,COT02,Down,Blocked - Downstream,14.2
2026-10-13T22:23:19Z,Coating,COT02,Running,,0
2026-10-13T23:14:07Z,Coating,COT02,Down,Starved - Upstream,14.5
2026-10-13T23:28:35Z,Coating,COT02,Running,,0
2026-10-14T00:48:14Z,Coating,COT02,Down,Change Over - Line clearance,84.2
2026-10-14T02:12:26Z,Coating,COT02,Running,,0
2026-10-14T02:59:35Z,Coating,COT02,Down,Scheduled Downtime,165.3
2026-10-14T03:00:00Z,Coating,COT02,Down,Outside production hours,0
2026-10-14T11:52:20Z,Coating,COT02,Running,,0
2026-10-14T12:31:23Z,Coating,COT02,Down,E-Stop,10.4
2026-10-14T12:41:49Z,Coating,COT02,Running,,0
2026-10-14T13:07:49Z,Coating,COT02,Down,Jam,20.1
2026-10-14T13:27:54Z,Coating,COT02,Running,,0
2026-10-14T14:03:59Z,Coating,COT02,Down,Starved - Upstream,7.1
2026-10-14T14:11:02Z,Coating,COT02,Running,,0
2026-10-14T15:19:41Z,Coating,COT02,Down,Starved - Upstream,5.2
2026-10-14T15:24:55Z,Coating,COT02,Running,,0
2026-10-14T16:46:34Z,Coating,COT02,Down,Jam,7.6
2026-10-14T16:54:13Z,Coating,COT02,Running,,0
2026-10-14T18:16:30Z,Coating,COT02,Down,Starved - Upstream,17.9
2026-10-14T18:34:27Z,Coating,COT02,Running,,0
2026-10-14T20:08:52Z,Coating,COT02,Down,Jam,10.3
2026-10-14T20:19:09Z,Coating,COT02,Running,,0
2026-10-14T20:59:11Z,Coating,COT02,Down,Jam,15.7
2026-10-14T21:14:52Z,Coating,COT02,Running,,0
2026-10-14T22:48:26Z,Coating,COT02,Down,Starved - Upstream,10.7
2026-10-14T22:59:08Z,Coating,COT02,Running,,0
2026-10-14T23:59:13Z,Coating,COT02,Down,E-Stop,8.6
2026-10-15T00:07:48Z,Coating,COT02,Running,,0
2026-10-15T01:01:57Z,Coating,COT02,Down,No Operator,12.3
2026-10-15T01:14:16Z,Coating,COT02,Running,,0
2026-10-15T01:56:01Z,Coating,COT02,Down,Jam,11.6
2026-10-15T02:07:38Z,Coating,COT02,Running,,0
2026-10-15T03:00:00Z,Coating,COT02,Down,Outside production hours,0
2026-10-15T11:38:34Z,Coating,COT02,Down,Change Over - Line clearance,72.8
2026-10-15T12:51:20Z,Coating,COT02,Running,,0
2026-10-15T13:38:51Z,Coating,COT02,Down,Starved - Upstream,11.6
2026-10-15T13:50:29Z,Coating,COT02,Running,,0
2026-10-15T14:45:48Z,Coating,COT02,Down,Jam,4.5
2026-10-15T14:50:16Z,Coating,COT02,Running,,0
2026-10-15T15:51:28Z,Coating,COT02,Down,Jam,11.9
2026-10-15T16:03:23Z,Coating,COT02,Running,,0
2026-10-15T16:43:50Z,Coating,COT02,Down,Change Over - Line clearance,34.9
2026-10-15T17:18:42Z,Coating,COT02,Running,,0
2026-10-15T17:45:26Z,Coating,COT02,Down,Change Over - Line clearance,40.2
2026-10-15T18:25:40Z,Coating,COT02,Running,,0
2026-10-15T19:49:54Z,Coating,COT02,Down,Quality Hold,31.6
2026-10-15T20:21:32Z,Coating,COT02,Running,,0
2026-10-15T20:56:15Z,Coating,COT02,Down,Scheduled Downtime,229.3
2026-10-16T00:45:30Z,Coating,COT02,Running,,0
2026-10-16T02:14:59Z,Coating,COT02,Down,No Operator,23.0
2026-10-16T02:37:58Z,Coating,COT02,Running,,0
2026-10-16T03:00:00Z,Coating,COT02,Down,Outside production hours,0
2026-09-25T11:26:44Z,Coating,COT03,Running,,0
2026-09-25T12:34:42Z,Coating,COT03,Down,Jam,15.6
2026-09-25T12:50:17Z,Coating,COT03,Running,,0
2026-09-25T13:52:41Z,Coating,COT03,Down,E-Stop,9.7
2026-09-25T14:02:20Z,Coating,COT03,Running,,0
2026-09-25T14:57:58Z,Coating,COT03,Down,Jam,10.5
2026-09-25T15:08:26Z,Coating,COT03,Running,,0
2026-09-25T16:29:56Z,Coating,COT03,Down,No Operator,10.0
2026-09-25T16:39:55Z,Coating,COT03,Running,,0
2026-09-25T17:51:53Z,Coating,COT03,Down,Quality Hold,25.6
2026-09-25T18:17:30Z,Coating,COT03,Running,,0
2026-09-25T19:43:41Z,Coating,COT03,Down,No Operator,13.5
2026-09-25T19:57:13Z,Coating,COT03,Running,,0
2026-09-25T20:44:49Z,Coating,COT03,Down,Jam,14.5
2026-09-25T20:59:19Z,Coating,COT03,Running,,0
2026-09-25T21:37:28Z,Coating,COT03,Down,Jam,8.7
2026-09-25T21:46:13Z,Coating,COT03,Running,,0
2026-09-25T22:31:47Z,Coating,COT03,Down,Quality Hold,21.9
2026-09-25T22:53:43Z,Coating,COT03,Running,,0
2026-09-25T23:52:26Z,Coating,COT03,Down,Change Over - Line clearance,66.0
2026-09-26T00:58:28Z,Coating,COT03,Running,,0
2026-09-26T02:30:53Z,Coating,COT03,Down,Jam,24.7
2026-09-26T02:55:33Z,Coating,COT03,Running,,0
2026-09-26T03:00:00Z,Coating,COT03,Down,Outside production hours,0
2026-09-26T11:13:43Z,Coating,COT03,Down,Jam,4.7
2026-09-26T11:18:25Z,Coating,COT03,Running,,0
2026-09-26T11:50:07Z,Coating,COT03,Down,Blocked - Downstream,8.4
2026-09-26T11:58:33Z,Coating,COT03,Running,,0
2026-09-26T13:25:29Z,Coating,COT03,Down,No Operator,19.3
2026-09-26T13:44:46Z,Coating,COT03,Running,,0
2026-09-26T15:06:55Z,Coating,COT03,Down,Jam,4.6
2026-09-26T15:11:30Z,Coating,COT03,Running,,0
2026-09-26T16:20:47Z,Coating,COT03,Down,Blocked - Downstream,6.5
2026-09-26T16:27:16Z,Coating,COT03,Running,,0
2026-09-26T17:33:21Z,Coating,COT03,Down,Change Over - Line clearance,68.8
2026-09-26T18:42:12Z,Coating,COT03,Running,,0
2026-09-26T20:10:45Z,Coating,COT03,Down,Scheduled Downtime,215.6
2026-09-26T23:46:22Z,Coating,COT03,Running,,0
2026-09-27T00:30:12Z,Coating,COT03,Down,Starved - Upstream,13.7
2026-09-27T00:43:56Z,Coating,COT03,Running,,0
2026-09-27T02:08:45Z,Coating,COT03,Down,Jam,22.9
2026-09-27T02:31:41Z,Coating,COT03,Running,,0
2026-09-27T03:00:00Z,Coating,COT03,Down,Outside production hours,0
2026-09-28T11:24:11Z,Coating,COT03,Down,No Operator,9.8
2026-09-28T11:33:59Z,Coating,COT03,Running,,0
2026-09-28T12:52:36Z,Coating,COT03,Down,E-Stop,9.3
2026-09-28T13:01:54Z,Coating,COT03,Running,,0
2026-09-28T14:03:12Z,Coating,COT03,Down,Change Over - Line clearance,81.9
2026-09-28T15:25:09Z,Coating,COT03,Running,,0
2026-09-28T16:42:55Z,Coating,COT03,Down,Blocked - Downstream,6.6
2026-09-28T16:49:30Z,Coating,COT03,Running,,0
2026-09-28T17:43:00Z,Coating,COT03,Down,E-Stop,7.6
2026-09-28T17:50:38Z,Coating,COT03,Running,,0
2026-09-28T18:31:01Z,Coating,COT03,Down,Jam,21.3
2026-09-28T18:52:17Z,Coating,COT03,Running,,0
2026-09-28T19:45:41Z,Coating,COT03,Down,Jam,7.2
2026-09-28T19:52:53Z,Coating,COT03,Running,,0
2026-09-28T21:03:00Z,Coating,COT03,Down,Jam,16.4
2026-09-28T21:19:27Z,Coating,COT03,Running,,0
2026-09-28T22:12:07Z,Coating,COT03,Down,Blocked - Downstream,8.2
2026-09-28T22:20:17Z,Coating,COT03,Running,,0
2026-09-28T22:59:41Z,Coating,COT03,Down,No Operator,8.8
2026-09-28T23:08:32Z,Coating,COT03,Running,,0
2026-09-29T00:43:02Z,Coating,COT03,Down,Blocked - Downstream,4.6
2026-09-29T00:47:39Z,Coating,COT03,Running,,0
2026-09-29T01:30:04Z,Coating,COT03,Down,Jam,16.8
2026-09-29T01:46:51Z,Coating,COT03,Running,,0
2026-09-29T02:54:16Z,Coating,COT03,Down,Change Over - Line clearance,25.4
2026-09-29T03:00:00Z,Coating,COT03,Down,Outside production hours,0
2026-09-29T11:45:38Z,Coating,COT03,Down,Change Over - Line clearance,26.1
2026-09-29T12:11:41Z,Coating,COT03,Running,,0
2026-09-29T13:31:30Z,Coating,COT03,Down,Jam,12.0
2026-09-29T13:43:30Z,Coating,COT03,Running,,0
2026-09-29T14:16:55Z,Coating,COT03,Down,Jam,18.1
2026-09-29T14:35:04Z,Coating,COT03,Running,,0
2026-09-29T15:53:11Z,Coating,COT03,Down,Blocked - Downstream,5.6
2026-09-29T15:58:50Z,Coating,COT03,Running,,0
2026-09-29T16:54:46Z,Coating,COT03,Down,Blocked - Downstream,8.5
2026-09-29T17:03:18Z,Coating,COT03,Running,,0
2026-09-29T18:25:46Z,Coating,COT03,Down,No Operator,25.0
2026-09-29T18:50:46Z,Coating,COT03,Running,,0
2026-09-29T19:17:09Z,Coating,COT03,Down,No Operator,17.8
2026-09-29T19:34:56Z,Coating,COT03,Running,,0
2026-09-29T20:26:04Z,Coating,COT03,Down,Jam,15.8
2026-09-29T20:41:51Z,Coating,COT03,Running,,0
2026-09-29T21:51:16Z,Coating,COT03,Down,Change Over - Line clearance,59.1
2026-09-29T22:50:20Z,Coating,COT03,Running,,0
2026-09-29T23:23:50Z,Coating,COT03,Down,Starved - Upstream,14.1
2026-09-29T23:37:59Z,Coating,COT03,Running,,0
2026-09-30T01:10:47Z,Coating,COT03,Down,E-Stop,3.9
2026-09-30T01:14:43Z,Coating,COT03,Running,,0
2026-09-30T02:30:27Z,Coating,COT03,Down,Scheduled Downtime,122.7
2026-09-30T03:00:00Z,Coating,COT03,Down,Outside production hours,0
2026-09-30T11:14:35Z,Coating,COT03,Down,Quality Hold,33.2
2026-09-30T11:47:44Z,Coating,COT03,Running,,0
2026-09-30T13:13:18Z,Coating,COT03,Down,Jam,4.7
2026-09-30T13:18:03Z,Coating,COT03,Running,,0
2026-09-30T14:08:00Z,Coating,COT03,Down,Starved - Upstream,12.5
2026-09-30T14:20:27Z,Coating,COT03,Running,,0
2026-09-30T15:23:09Z,Coating,COT03,Down,Jam,14.6
2026-09-30T15:37:44Z,Coating,COT03,Running,,0
2026-09-30T16:28:03Z,Coating,COT03,Down,Quality Hold,31.4
2026-09-30T16:59:25Z,Coating,COT03,Running,,0
2026-09-30T18:30:44Z,Coating,COT03,Down,No Operator,28.8
2026-09-30T18:59:33Z,Coating,COT03,Running,,0
2026-09-30T19:47:54Z,Coating,COT03,Down,Quality Hold,26.7
2026-09-30T20:14:37Z,Coating,COT03,Running,,0
2026-09-30T21:48:52Z,Coating,COT03,Down,Quality Hold,40.8
2026-09-30T22:29:40Z,Coating,COT03,Running,,0
2026-09-30T23:53:12Z,Coating,COT03,Down,Jam,24.6
2026-10-01T00:17:46Z,Coating,COT03,Running,,0
2026-10-01T00:50:24Z,Coating,COT03,Down,Jam,17.7
2026-10-01T01:08:06Z,Coating,COT03,Running,,0
2026-10-01T02:22:28Z,Coating,COT03,Down,Change Over - Line clearance,86.9
2026-10-01T03:00:00Z,Coating,COT03,Down,Outside production hours,0
2026-10-01T11:57:38Z,Coating,COT03,Down,Change Over - Line clearance,76.9
2026-10-01T13:14:32Z,Coating,COT03,Running,,0
2026-10-01T14:45:31Z,Coating,COT03,Down,No Operator,28.8
2026-10-01T15:14:22Z,Coating,COT03,Running,,0
2026-10-01T16:48:08Z,Coating,COT03,Down,Jam,5.1
2026-10-01T16:53:14Z,Coating,COT03,Running,,0
2026-10-01T18:21:17Z,Coating,COT03,Down,Blocked - Downstream,11.2
2026-10-01T18:32:32Z,Coating,COT03,Running,,0
2026-10-01T19:21:17Z,Coating,COT03,Down,Jam,6.4
2026-10-01T19:27:42Z,Coating,COT03,Running,,0
2026-10-01T19:57:58Z,Coating,COT03,Down,No Operator,9.7
2026-10-01T20:07:41Z,Coating,COT03,Running,,0
2026-10-01T20:43:45Z,Coating,COT03,Down,E-Stop,6.2
2026-10-01T20:49:54Z,Coating,COT03,Running,,0
2026-10-01T22:01:26Z,Coating,COT03,Down,Jam,15.3
2026-10-01T22:16:41Z,Coating,COT03,Running,,0
2026-10-01T23:14:21Z,Coating,COT03,Down,Jam,12.8
2026-10-01T23:27:12Z,Coating,COT03,Running,,0
2026-10-02T00:49:06Z,Coating,COT03,Down,Jam,5.1
2026-10-02T00:54:15Z,Coating,COT03,Running,,0
2026-10-02T02:10:08Z,Coating,COT03,Down,Starved - Upstream,17.4
2026-10-02T02:27:31Z,Coating,COT03,Running,,0
2026-10-02T03:00:00Z,Coating,COT03,Down,Outside production hours,0
2026-10-02T11:42:06Z,Coating,COT03,Down,Quality Hold,33.4
2026-10-02T12:15:29Z,Coating,COT03,Running,,0
2026-10-02T12:54:40Z,Coating,COT03,Down,Scheduled Downtime,124.3
2026-10-02T14:58:58Z,Coating,COT03,Running,,0
2026-10-02T15:44:17Z,Coating,COT03,Down,Change Over - Line clearance,66.3
2026-10-02T16:50:38Z,Coating,COT03,Running,,0
2026-10-02T18:19:21Z,Coating,COT03,Down,Blocked - Downstream,11.8
2026-10-02T18:31:08Z,Coating,COT03,Running,,0
2026-10-02T19:33:58Z,Coating,COT03,Down,E-Stop,10.7
2026-10-02T19:44:37Z,Coating,COT03,Running,,0
2026-10-02T21:09:08Z,Coating,COT03,Down,Blocked - Downstream,10.0
2026-10-02T21:19:06Z,Coating,COT03,Running,,0
2026-10-02T22:31:58Z,Coating,COT03,Down,No Operator,8.5
2026-10-02T22:40:25Z,Coating,COT03,Running,,0
2026-10-02T23:10:21Z,Coating,COT03,Down,Starved - Upstream,11.9
2026-10-02T23:22:14Z,Coating,COT03,Running,,0
2026-10-02T23:48:28Z,Coating,COT03,Down,Jam,22.7
2026-10-03T00:11:11Z,Coating,COT03,Running,,0
2026-10-03T00:36:16Z,Coating,COT03,Down,Blocked - Downstream,14.6
2026-10-03T00:50:50Z,Coating,COT03,Running,,0
2026-10-03T02:11:51Z,Coating,COT03,Down,Jam,8.2
2026-10-03T02:20:05Z,Coating,COT03,Running,,0
2026-10-03T03:00:00Z,Coating,COT03,Down,Outside production hours,0
2026-10-03T11:06:39Z,Coating,COT03,Down,Quality Hold,19.7
2026-10-03T11:26:23Z,Coating,COT03,Running,,0
2026-10-03T12:28:27Z,Coating,COT03,Down,Jam,20.8
2026-10-03T12:49:16Z,Coating,COT03,Running,,0
2026-10-03T13:50:19Z,Coating,COT03,Down,Starved - Upstream,9.5
2026-10-03T13:59:50Z,Coating,COT03,Running,,0
2026-10-03T14:51:32Z,Coating,COT03,Down,Scheduled Downtime,111.8
2026-10-03T16:43:19Z,Coating,COT03,Running,,0
2026-10-03T17:22:54Z,Coating,COT03,Down,Jam,10.1
2026-10-03T17:33:01Z,Coating,COT03,Running,,0
2026-10-03T18:06:14Z,Coating,COT03,Down,Quality Hold,38.6
2026-10-03T18:44:52Z,Coating,COT03,Running,,0
2026-10-03T19:31:49Z,Coating,COT03,Down,Jam,23.1
2026-10-03T19:54:56Z,Coating,COT03,Running,,0
2026-10-03T20:40:14Z,Coating,COT03,Down,Jam,14.0
2026-10-03T20:54:15Z,Coating,COT03,Running,,0
2026-10-03T22:07:35Z,Coating,COT03,Down,Starved - Upstream,12.2
2026-10-03T22:19:45Z,Coating,COT03,Running,,0
2026-10-03T23:33:57Z,Coating,COT03,Down,Starved - Upstream,7.2
2026-10-03T23:41:08Z,Coating,COT03,Running,,0
2026-10-04T00:28:33Z,Coating,COT03,Down,Blocked - Downstream,8.8
2026-10-04T00:37:21Z,Coating,COT03,Running,,0
2026-10-04T01:44:38Z,Coating,COT03,Down,Jam,18.1
2026-10-04T02:02:44Z,Coating,COT03,Running,,0
2026-10-04T02:53:22Z,Coating,COT03,Down,Jam,23.1
2026-10-04T03:00:00Z,Coating,COT03,Down,Outside production hours,0
2026-10-05T11:42:33Z,Coating,COT03,Down,Blocked - Downstream,6.7
2026-10-05T11:49:16Z,Coating,COT03,Running,,0
2026-10-05T13:10:29Z,Coating,COT03,Down,Jam,16.7
2026-10-05T13:27:14Z,Coating,COT03,Running,,0
2026-10-05T14:56:44Z,Coating,COT03,Down,Scheduled Downtime,122.7
2026-10-05T16:59:25Z,Coating,COT03,Running,,0
2026-10-05T18:12:32Z,Coating,COT03,Down,Blocked - Downstream,14.4
2026-10-05T18:26:59Z,Coating,COT03,Running,,0
2026-10-05T18:52:36Z,Coating,COT03,Down,Jam,20.6
2026-10-05T19:13:12Z,Coating,COT03,Running,,0
2026-10-05T20:34:33Z,Coating,COT03,Down,Change Over - Line clearance,71.7
2026-10-05T21:46:17Z,Coating,COT03,Running,,0
2026-10-05T22:11:48Z,Coating,COT03,Down,No Operator,25.9
2026-10-05T22:37:40Z,Coating,COT03,Running,,0
2026-10-05T23:42:27Z,Coating,COT03,Down,Starved - Upstream,18.4
2026-10-06T00:00:52Z,Coating,COT03,Running,,0
2026-10-06T01:08:47Z,Coating,COT03,Down,Scheduled Downtime,109.8
2026-10-06T02:58:36Z,Coating,COT03,Running,,0
2026-10-06T03:00:00Z,Coating,COT03,Down,Outside production hours,0
2026-10-06T12:29:53Z,Coating,COT03,Running,,0
2026-10-06T13:24:22Z,Coating,COT03,Down,Blocked - Downstream,14.3
2026-10-06T13:38:37Z,Coating,COT03,Running,,0
2026-10-06T14:34:27Z,Coating,COT03,Down,Quality Hold,42.8
2026-10-06T15:17:16Z,Coating,COT03,Running,,0
2026-10-06T15:49:30Z,Coating,COT03,Down,Jam,6.7
2026-10-06T15:56:12Z,Coating,COT03,Running,,0
2026-10-06T17:21:10Z,Coating,COT03,Down,E-Stop,9.8
2026-10-06T17:30:58Z,Coating,COT03,Running,,0
2026-10-06T18:23:56Z,Coating,COT03,Down,Starved - Upstream,8.6
2026-10-06T18:32:32Z,Coating,COT03,Running,,0
2026-10-06T19:42:17Z,Coating,COT03,Down,Starved - Upstream,11.0
2026-10-06T19:53:20Z,Coating,COT03,Running,,0
2026-10-06T21:22:21Z,Coating,COT03,Down,Blocked - Downstream,14.7
2026-10-06T21:37:04Z,Coating,COT03,Running,,0
2026-10-06T22:55:42Z,Coating,COT03,Down,Jam,10.5
2026-10-06T23:06:11Z,Coating,COT03,Running,,0
2026-10-06T23:31:56Z,Coating,COT03,Down,Jam,8.5
2026-10-06T23:40:27Z,Coating,COT03,Running,,0
2026-10-07T01:15:24Z,Coating,COT03,Down,Starved - Upstream,20.0
2026-10-07T01:35:23Z,Coating,COT03,Running,,0
2026-10-07T02:17:09Z,Coating,COT03,Down,Quality Hold,17.2
2026-10-07T02:34:22Z,Coating,COT03,Running,,0
2026-10-07T03:00:00Z,Coating,COT03,Down,Outside production hours,0
2026-10-07T11:08:28Z,Coating,COT03,Down,Scheduled Downtime,76.4
2026-10-07T12:24:51Z,Coating,COT03,Running,,0
2026-10-07T13:05:03Z,Coating,COT03,Down,Blocked - Downstream,11.5
2026-10-07T13:16:31Z,Coating,COT03,Running,,0
2026-10-07T13:59:58Z,Coating,COT03,Down,Jam,7.0
2026-10-07T14:07:00Z,Coating,COT03,Running,,0
2026-10-07T15:35:09Z,Coating,COT03,Down,Jam,23.7
2026-10-07T15:58:52Z,Coating,COT03,Running,,0
2026-10-07T16:38:49Z,Coating,COT03,Down,Blocked - Downstream,7.3
2026-10-07T16:46:06Z,Coating,COT03,Running,,0
2026-10-07T17:23:23Z,Coating,COT03,Down,Jam,11.1
2026-10-07T17:34:29Z,Coating,COT03,Running,,0
2026-10-07T19:02:33Z,Coating,COT03,Down,Starved - Upstream,19.4
2026-10-07T19:21:59Z,Coating,COT03,Running,,0
2026-10-07T19:56:11Z,Coating,COT03,Down,Starved - Upstream,15.6
2026-10-07T20:11:49Z,Coating,COT03,Running,,0
2026-10-07T21:00:17Z,Coating,COT03,Down,No Operator,10.8
2026-10-07T21:11:03Z,Coating,COT03,Running,,0
2026-10-07T21:43:28Z,Coating,COT03,Down,Change Over - Line clearance,43.6
2026-10-07T22:27:04Z,Coating,COT03,Running,,0
2026-10-07T23:23:42Z,Coating,COT03,Down,Starved - Upstream,11.6
2026-10-07T23:35:20Z,Coating,COT03,Running,,0
2026-10-08T00:47:13Z,Coating,COT03,Down,Jam,5.6
2026-10-08T00:52:50Z,Coating,COT03,Running,,0
2026-10-08T01:19:24Z,Coating,COT03,Down,No Operator,14.1
2026-10-08T01:33:30Z,Coating,COT03,Running,,0
2026-10-08T02:33:32Z,Coating,COT03,Down,Blocked - Downstream,5.3
2026-10-08T02:38:49Z,Coating,COT03,Running,,0
2026-10-08T03:00:00Z,Coating,COT03,Down,Outside production hours,0
2026-10-08T12:40:53Z,Coating,COT03,Running,,0
2026-10-08T13:08:40Z,Coating,COT03,Down,Blocked - Downstream,8.6
2026-10-08T13:17:13Z,Coating,COT03,Running,,0
2026-10-08T14:50:15Z,Coating,COT03,Down,Starved - Upstream,16.9
2026-10-08T15:07:07Z,Coating,COT03,Running,,0
2026-10-08T15:54:36Z,Coating,COT03,Down,Jam,20.7
2026-10-08T16:15:15Z,Coating,COT03,Running,,0
2026-10-08T17:26:42Z,Coating,COT03,Down,Starved - Upstream,16.8
2026-10-08T17:43:27Z,Coating,COT03,Running,,0
2026-10-08T18:26:02Z,Coating,COT03,Down,Jam,22.1
2026-10-08T18:48:09Z,Coating,COT03,Running,,0
2026-10-08T20:16:50Z,Coating,COT03,Down,Change Over - Line clearance,82.4
2026-10-08T21:39:12Z,Coating,COT03,Running,,0
2026-10-08T22:18:38Z,Coating,COT03,Down,Jam,21.9
2026-10-08T22:40:29Z,Coating,COT03,Running,,0
2026-10-08T23:32:28Z,Coating,COT03,Down,Quality Hold,42.8
2026-10-09T00:15:19Z,Coating,COT03,Running,,0
2026-10-09T01:06:17Z,Coating,COT03,Down,Quality Hold,23.5
2026-10-09T01:29:49Z,Coating,COT03,Running,,0
2026-10-09T02:32:36Z,Coating,COT03,Down,Quality Hold,43.2
2026-10-09T03:00:00Z,Coating,COT03,Down,Outside production hours,0
2026-10-09T12:04:07Z,Coating,COT03,Down,E-Stop,10.8
2026-10-09T12:14:57Z,Coating,COT03,Running,,0
2026-10-09T13:12:56Z,Coating,COT03,Down,Blocked - Downstream,11.2
2026-10-09T13:24:06Z,Coating,COT03,Running,,0
2026-10-09T14:44:23Z,Coating,COT03,Down,Scheduled Downtime,155.1
2026-10-09T17:19:32Z,Coating,COT03,Running,,0
2026-10-09T18:42:07Z,Coating,COT03,Down,Blocked - Downstream,13.7
2026-10-09T18:55:52Z,Coating,COT03,Running,,0
2026-10-09T20:28:21Z,Coating,COT03,Down,Change Over - Line clearance,75.8
2026-10-09T21:44:09Z,Coating,COT03,Running,,0
2026-10-09T22:57:01Z,Coating,COT03,Down,Blocked - Downstream,5.6
2026-10-09T23:02:35Z,Coating,COT03,Running,,0
2026-10-09T23:41:36Z,Coating,COT03,Down,Scheduled Downtime,146.3
2026-10-10T02:07:56Z,Coating,COT03,Running,,0
2026-10-10T02:33:37Z,Coating,COT03,Down,Starved - Upstream,8.8
2026-10-10T02:42:24Z,Coating,COT03,Running,,0
2026-10-10T03:00:00Z,Coating,COT03,Down,Outside production hours,0
2026-10-10T11:27:43Z,Coating,COT03,Down,Starved - Upstream,15.8
2026-10-10T11:43:30Z,Coating,COT03,Running,,0
2026-10-10T12:56:29Z,Coating,COT03,Down,Starved - Upstream,18.8
2026-10-10T13:15:20Z,Coating,COT03,Running,,0
2026-10-10T14:37:42Z,Coating,COT03,Down,Quality Hold,25.4
2026-10-10T15:03:05Z,Coating,COT03,Running,,0
2026-10-10T16:25:19Z,Coating,COT03,Down,Jam,13.9
2026-10-10T16:39:11Z,Coating,COT03,Running,,0
2026-10-10T18:02:09Z,Coating,COT03,Down,Scheduled Downtime,94.0
2026-10-10T19:36:11Z,Coating,COT03,Running,,0
2026-10-10T20:22:58Z,Coating,COT03,Down,Starved - Upstream,10.5
2026-10-10T20:33:26Z,Coating,COT03,Running,,0
2026-10-10T21:53:32Z,Coating,COT03,Down,E-Stop,5.3
2026-10-10T21:58:49Z,Coating,COT03,Running,,0
2026-10-10T23:10:42Z,Coating,COT03,Down,Jam,4.7
2026-10-10T23:15:21Z,Coating,COT03,Running,,0
2026-10-10T23:47:47Z,Coating,COT03,Down,Change Over - Line clearance,68.4
2026-10-11T00:56:09Z,Coating,COT03,Running,,0
2026-10-11T01:22:12Z,Coating,COT03,Down,Jam,22.9
2026-10-11T01:45:06Z,Coating,COT03,Running,,0
2026-10-11T02:21:37Z,Coating,COT03,Down,Blocked - Downstream,6.5
2026-10-11T02:28:04Z,Coating,COT03,Running,,0
2026-10-11T03:00:00Z,Coating,COT03,Down,Outside production hours,0
2026-10-12T11:04:11Z,Coating,COT03,Down,Starved - Upstream,17.7
2026-10-12T11:21:53Z,Coating,COT03,Running,,0
2026-10-12T12:56:32Z,Coating,COT03,Down,No Operator,23.1
2026-10-12T13:19:36Z,Coating,COT03,Running,,0
2026-10-12T14:35:15Z,Coating,COT03,Down,Starved - Upstream,6.5
2026-10-12T14:41:47Z,Coating,COT03,Running,,0
2026-10-12T15:47:38Z,Coating,COT03,Down,Jam,9.2
2026-10-12T15:56:51Z,Coating,COT03,Running,,0
2026-10-12T16:27:24Z,Coating,COT03,Down,No Operator,23.9
2026-10-12T16:51:15Z,Coating,COT03,Running,,0
2026-10-12T17:29:26Z,Coating,COT03,Down,Blocked - Downstream,5.5
2026-10-12T17:34:56Z,Coating,COT03,Running,,0
2026-10-12T18:30:04Z,Coating,COT03,Down,No Operator,23.2
2026-10-12T18:53:13Z,Coating,COT03,Running,,0
2026-10-12T19:25:12Z,Coating,COT03,Down,Change Over - Line clearance,64.7
2026-10-12T20:29:53Z,Coating,COT03,Running,,0
2026-10-12T21:51:08Z,Coating,COT03,Down,Scheduled Downtime,75.6
2026-10-12T23:06:45Z,Coating,COT03,Running,,0
2026-10-12T23:57:03Z,Coating,COT03,Down,Change Over - Line clearance,68.9
2026-10-13T01:05:56Z,Coating,COT03,Running,,0
2026-10-13T01:46:04Z,Coating,COT03,Down,Jam,7.3
2026-10-13T01:53:21Z,Coating,COT03,Running,,0
2026-10-13T02:38:39Z,Coating,COT03,Down,Change Over - Line clearance,56.3
2026-10-13T03:00:00Z,Coating,COT03,Down,Outside production hours,0
2026-10-13T11:02:26Z,Coating,COT03,Down,Blocked - Downstream,13.9
2026-10-13T11:16:19Z,Coating,COT03,Running,,0
2026-10-13T12:29:59Z,Coating,COT03,Down,Starved - Upstream,7.0
2026-10-13T12:36:58Z,Coating,COT03,Running,,0
2026-10-13T13:30:23Z,Coating,COT03,Down,No Operator,22.0
2026-10-13T13:52:22Z,Coating,COT03,Running,,0
2026-10-13T15:11:38Z,Coating,COT03,Down,Starved - Upstream,6.2
2026-10-13T15:17:53Z,Coating,COT03,Running,,0
2026-10-13T15:46:58Z,Coating,COT03,Down,Jam,9.6
2026-10-13T15:56:33Z,Coating,COT03,Running,,0
2026-10-13T16:48:09Z,Coating,COT03,Down,Change Over - Line clearance,65.7
2026-10-13T17:53:52Z,Coating,COT03,Running,,0
2026-10-13T18:32:17Z,Coating,COT03,Down,Blocked - Downstream,12.2
2026-10-13T18:44:26Z,Coating,COT03,Running,,0
2026-10-13T20:16:24Z,Coating,COT03,Down,Blocked - Downstream,13.9
2026-10-13T20:30:16Z,Coating,COT03,Running,,0
2026-10-13T21:22:07Z,Coating,COT03,Down,Jam,6.2
2026-10-13T21:28:20Z,Coating,COT03,Running,,0
2026-10-13T23:01:20Z,Coating,COT03,Down,Jam,5.3
2026-10-13T23:06:40Z,Coating,COT03,Running,,0
2026-10-14T00:03:10Z,Coating,COT03,Down,Jam,17.6
2026-10-14T00:20:48Z,Coating,COT03,Running,,0
2026-10-14T01:16:14Z,Coating,COT03,Down,Jam,12.5
2026-10-14T01:28:42Z,Coating,COT03,Running,,0
2026-10-14T02:23:21Z,Coating,COT03,Down,Jam,11.2
2026-10-14T02:34:30Z,Coating,COT03,Running,,0
2026-10-14T03:00:00Z,Coating,COT03,Down,Outside production hours,0
2026-10-14T11:15:14Z,Coating,COT03,Down,Change Over - Line clearance,70.7
2026-10-14T12:25:54Z,Coating,COT03,Running,,0
2026-10-14T13:43:31Z,Coating,COT03,Down,Jam,18.1
2026-10-14T14:01:37Z,Coating,COT03,Running,,0
2026-10-14T14:41:06Z,Coating,COT03,Down,Starved - Upstream,11.5
2026-10-14T14:52:38Z,Coating,COT03,Running,,0
2026-10-14T16:08:15Z,Coating,COT03,Down,Change Over - Line clearance,69.9
2026-10-14T17:18:10Z,Coating,COT03,Running,,0
2026-10-14T18:28:25Z,Coating,COT03,Down,Quality Hold,29.1
2026-10-14T18:57:30Z,Coating,COT03,Running,,0
2026-10-14T20:24:37Z,Coating,COT03,Down,Jam,19.4
2026-10-14T20:44:04Z,Coating,COT03,Running,,0
2026-10-14T21:14:37Z,Coating,COT03,Down,Quality Hold,16.8
2026-10-14T21:31:23Z,Coating,COT03,Running,,0
2026-10-14T22:16:11Z,Coating,COT03,Down,Jam,19.4
2026-10-14T22:35:38Z,Coating,COT03,Running,,0
2026-10-14T23:13:12Z,Coating,COT03,Down,Quality Hold,37.7
2026-10-14T23:50:54Z,Coating,COT03,Running,,0
2026-10-15T00:52:40Z,Coating,COT03,Down,Scheduled Downtime,147.0
2026-10-15T03:00:00Z,Coating,COT03,Down,Outside production hours,0
2026-10-15T12:05:41Z,Coating,COT03,Down,Starved - Upstream,17.6
2026-10-15T12:23:17Z,Coating,COT03,Running,,0
2026-10-15T13:56:11Z,Coating,COT03,Down,Starved - Upstream,5.1
2026-10-15T14:01:18Z,Coating,COT03,Running,,0
2026-10-15T14:43:10Z,Coating,COT03,Down,Jam,14.4
2026-10-15T14:57:35Z,Coating,COT03,Running,,0
2026-10-15T16:26:30Z,Coating,COT03,Down,Blocked - Downstream,10.4
2026-10-15T16:36:54Z,Coating,COT03,Running,,0
2026-10-15T17:30:44Z,Coating,COT03,Down,Jam,15.2
2026-10-15T17:45:56Z,Coating,COT03,Running,,0
2026-10-15T18:20:28Z,Coating,COT03,Down,Blocked - Downstream,12.6
2026-10-15T18:33:06Z,Coating,COT03,Running,,0
2026-10-15T19:42:55Z,Coating,COT03,Down,Change Over - Line clearance,70.2
2026-10-15T20:53:10Z,Coating,COT03,Running,,0
2026-10-15T22:13:22Z,Coating,COT03,Down,No Operator,16.4
2026-10-15T22:29:43Z,Coating,COT03,Running,,0
2026-10-15T23:18:43Z,Coating,COT03,Down,Quality Hold,34.7
2026-10-15T23:53:24Z,Coating,COT03,Running,,0
2026-10-16T01:27:10Z,Coating,COT03,Down,No Operator,27.4
2026-10-16T01:54:32Z,Coating,COT03,Running,,0
2026-10-16T03:00:00Z,Coating,COT03,Down,Outside production hours,0
2026-09-25T11:07:43Z,Packaging,PKG04,Down,Scheduled Downtime,202.3
2026-09-25T14:29:59Z,Packaging,PKG04,Running,,0
2026-09-25T15:58:03Z,Packaging,PKG04,Down,Scheduled Downtime,216.6
2026-09-25T19:34:40Z,Packaging,PKG04,Running,,0
2026-09-25T20:00:00Z,Packaging,PKG04,Down,E-Stop,9.3
2026-09-25T20:09:18Z,Packaging,PKG04,Running,,0
2026-09-25T20:57:37Z,Packaging,PKG04,Down,Starved - Upstream,13.2
2026-09-25T21:10:49Z,Packaging,PKG04,Running,,0
2026-09-25T22:42:21Z,Packaging,PKG04,Down,Jam,20.9
2026-09-25T23:03:13Z,Packaging,PKG04,Running,,0
2026-09-25T23:31:47Z,Packaging,PKG04,Down,E-Stop,8.0
2026-09-25T23:39:49Z,Packaging,PKG04,Running,,0
2026-09-26T00:05:14Z,Packaging,PKG04,Down,Change Over - Line clearance,70.4
2026-09-26T01:15:38Z,Packaging,PKG04,Running,,0
2026-09-26T02:23:09Z,Packaging,PKG04,Down,Blocked - Downstream,12.6
2026-09-26T02:35:43Z,Packaging,PKG04,Running,,0
2026-09-26T03:00:00Z,Packaging,PKG04,Down,Outside production hours,0
2026-09-26T12:05:53Z,Packaging,PKG04,Down,Jam,9.2
2026-09-26T12:15:07Z,Packaging,PKG04,Running,,0
2026-09-26T12:40:08Z,Packaging,PKG04,Down,Starved - Upstream,13.5
2026-09-26T12:53:41Z,Packaging,PKG04,Running,,0
2026-09-26T13:58:23Z,Packaging,PKG04,Down,Jam,15.4
2026-09-26T14:13:46Z,Packaging,PKG04,Running,,0
2026-09-26T15:26:37Z,Packaging,PKG04,Down,Starved - Upstream,12.5
2026-09-26T15:39:09Z,Packaging,PKG04,Running,,0
2026-09-26T16:49:16Z,Packaging,PKG04,Down,Scheduled Downtime,147.4
2026-09-26T19:16:42Z,Packaging,PKG04,Running,,0
2026-09-26T20:48:30Z,Packaging,PKG04,Down,Jam,19.6
2026-09-26T21:08:08Z,Packaging,PKG04,Running,,0
2026-09-26T22:33:26Z,Packaging,PKG04,Down,Quality Hold,22.8
2026-09-26T22:56:17Z,Packaging,PKG04,Running,,0
2026-09-27T00:15:00Z,Packaging,PKG04,Down,Change Over - Line clearance,85.9
2026-09-27T01:40:55Z,Packaging,PKG04,Running,,0
2026-09-27T03:00:00Z,Packaging,PKG04,Down,Outside production hours,0
2026-09-28T11:00:47Z,Packaging,PKG04,Down,Jam,18.7
2026-09-28T11:19:30Z,Packaging,PKG04,Running,,0
2026-09-28T11:59:05Z,Packaging,PKG04,Down,Quality Hold,41.3
2026-09-28T12:40:21Z,Packaging,PKG04,Running,,0
2026-09-28T13:25:48Z,Packaging,PKG04,Down,Blocked - Downstream,9.0
2026-09-28T13:34:48Z,Packaging,PKG04,Running,,0
2026-09-28T14:30:23Z,Packaging,PKG04,Down,Jam,8.6
2026-09-28T14:39:02Z,Packaging,PKG04,Running,,0
2026-09-28T15:52:15Z,Packaging,PKG04,Down,No Operator,21.2
2026-09-28T16:13:25Z,Packaging,PKG04,Running,,0
2026-09-28T17:11:32Z,Packaging,PKG04,Down,Jam,17.4
2026-09-28T17:28:57Z,Packaging,PKG04,Running,,0
2026-09-28T18:16:25Z,Packaging,PKG04,Down,Starved - Upstream,7.0
2026-09-28T18:23:26Z,Packaging,PKG04,Running,,0
2026-09-28T19:31:25Z,Packaging,PKG04,Down,No Operator,23.4
2026-09-28T19:54:49Z,Packaging,PKG04,Running,,0
2026-09-28T21:07:18Z,Packaging,PKG04,Down,No Operator,9.6
2026-09-28T21:16:51Z,Packaging,PKG04,Running,,0
2026-09-28T21:52:37Z,Packaging,PKG04,Down,Blocked - Downstream,11.1
2026-09-28T22:03:45Z,Packaging,PKG04,Running,,0
2026-09-28T23:12:06Z,Packaging,PKG04,Down,Blocked - Downstream,8.2
2026-09-28T23:20:18Z,Packaging,PKG04,Running,,0
2026-09-28T23:52:26Z,Packaging,PKG04,Down,E-Stop,8.6
2026-09-29T00:01:01Z,Packaging,PKG04,Running,,0
2026-09-29T00:38:36Z,Packaging,PKG04,Down,Blocked - Downstream,10.9
2026-09-29T00:49:31Z,Packaging,PKG04,Running,,0
2026-09-29T01:45:26Z,Packaging,PKG04,Down,Starved - Upstream,11.5
2026-09-29T01:56:54Z,Packaging,PKG04,Running,,0
2026-09-29T03:00:00Z,Packaging,PKG04,Down,Outside production hours,0
2026-09-29T11:33:46Z,Packaging,PKG04,Down,Blocked - Downstream,5.2
2026-09-29T11:38:58Z,Packaging,PKG04,Running,,0
2026-09-29T12:45:52Z,Packaging,PKG04,Down,E-Stop,11.3
2026-09-29T12:57:08Z,Packaging,PKG04,Running,,0
2026-09-29T13:43:49Z,Packaging,PKG04,Down,Starved - Upstream,12.8
2026-09-29T13:56:36Z,Packaging,PKG04,Running,,0
2026-09-29T14:37:21Z,Packaging,PKG04,Down,Blocked - Downstream,8.8
2026-09-29T14:46:11Z,Packaging,PKG04,Running,,0
2026-09-29T16:01:47Z,Packaging,PKG04,Down,Jam,12.3
2026-09-29T16:14:04Z,Packaging,PKG04,Running,,0
2026-09-29T17:33:01Z,Packaging,PKG04,Down,No Operator,22.6
2026-09-29T17:55:38Z,Packaging,PKG04,Running,,0
2026-09-29T19:07:55Z,Packaging,PKG04,Down,E-Stop,5.6
2026-09-29T19:13:29Z,Packaging,PKG04,Running,,0
2026-09-29T20:35:25Z,Packaging,PKG04,Down,Scheduled Downtime,132.2
2026-09-29T22:47:36Z,Packaging,PKG04,Running,,0
2026-09-29T23:42:29Z,Packaging,PKG04,Down,Jam,13.5
2026-09-29T23:55:57Z,Packaging,PKG04,Running,,0
2026-09-30T01:04:10Z,Packaging,PKG04,Down,Jam,4.2
2026-09-30T01:08:24Z,Packaging,PKG04,Running,,0
2026-09-30T02:36:58Z,Packaging,PKG04,Down,No Operator,15.5
2026-09-30T02:52:27Z,Packaging,PKG04,Running,,0
2026-09-30T03:00:00Z,Packaging,PKG04,Down,Outside production hours,0
2026-09-30T11:38:59Z,Packaging,PKG04,Down,Starved - Upstream,19.9
2026-09-30T11:58:56Z,Packaging,PKG04,Running,,0
2026-09-30T12:27:15Z,Packaging,PKG04,Down,Jam,7.7
2026-09-30T12:34:58Z,Packaging,PKG04,Running,,0
2026-09-30T13:41:35Z,Packaging,PKG04,Down,Blocked - Downstream,10.1
2026-09-30T13:51:42Z,Packaging,PKG04,Running,,0
2026-09-30T15:11:59Z,Packaging,PKG04,Down,Starved - Upstream,14.1
2026-09-30T15:26:03Z,Packaging,PKG04,Running,,0
2026-09-30T16:44:18Z,Packaging,PKG04,Down,Change Over - Line clearance,81.9
2026-09-30T18:06:09Z,Packaging,PKG04,Running,,0
2026-09-30T18:49:47Z,Packaging,PKG04,Down,Quality Hold,16.7
2026-09-30T19:06:29Z,Packaging,PKG04,Running,,0
2026-09-30T19:43:39Z,Packaging,PKG04,Down,Blocked - Downstream,10.3
2026-09-30T19:54:00Z,Packaging,PKG04,Running,,0
2026-09-30T21:27:27Z,Packaging,PKG04,Down,No Operator,11.3
2026-09-30T21:38:44Z,Packaging,PKG04,Running,,0
2026-09-30T22:25:38Z,Packaging,PKG04,Down,Change Over - Line clearance,56.8
2026-09-30T23:22:26Z,Packaging,PKG04,Running,,0
2026-10-01T00:38:26Z,Packaging,PKG04,Down,Jam,7.7
2026-10-01T00:46:08Z,Packaging,PKG04,Running,,0
2026-10-01T02:05:46Z,Packaging,PKG04,Down,Scheduled Downtime,138.3
2026-10-01T03:00:00Z,Packaging,PKG04,Down,Outside production hours,0
2026-10-01T12:01:01Z,Packaging,PKG04,Down,Starved - Upstream,12.5
2026-10-01T12:13:34Z,Packaging,PKG04,Running,,0
2026-10-01T12:48:05Z,Packaging,PKG04,Down,Blocked - Downstream,9.3
2026-10-01T12:57:23Z,Packaging,PKG04,Running,,0
2026-10-01T14:20:40Z,Packaging,PKG04,Down,Starved - Upstream,17.8
2026-10-01T14:38:28Z,Packaging,PKG04,Running,,0
2026-10-01T15:11:19Z,Packaging,PKG04,Down,No Operator,18.5
2026-10-01T15:29:51Z,Packaging,PKG04,Running,,0
2026-10-01T16:35:42Z,Packaging,PKG04,Down,Change Over - Line clearance,81.2
2026-10-01T17:56:54Z,Packaging,PKG04,Running,,0
2026-10-01T19:19:36Z,Packaging,PKG04,Down,Starved - Upstream,14.1
2026-10-01T19:33:42Z,Packaging,PKG04,Running,,0
2026-10-01T20:46:49Z,Packaging,PKG04,Down,Change Over - Line clearance,66.5
2026-10-01T21:53:22Z,Packaging,PKG04,Running,,0
2026-10-01T23:21:43Z,Packaging,PKG04,Down,Change Over - Line clearance,51.4
2026-10-02T00:13:08Z,Packaging,PKG04,Running,,0
2026-10-02T01:39:29Z,Packaging,PKG04,Down,Jam,23.5
2026-10-02T02:03:01Z,Packaging,PKG04,Running,,0
2026-10-02T02:31:07Z,Packaging,PKG04,Down,Blocked - Downstream,5.4
2026-10-02T02:36:29Z,Packaging,PKG04,Running,,0
2026-10-02T03:00:00Z,Packaging,PKG04,Down,Outside production hours,0
2026-10-02T11:04:07Z,Packaging,PKG04,Down,Jam,19.8
2026-10-02T11:23:52Z,Packaging,PKG04,Running,,0
2026-10-02T12:16:25Z,Packaging,PKG04,Down,Starved - Upstream,11.1
2026-10-02T12:27:31Z,Packaging,PKG04,Running,,0
2026-10-02T13:56:41Z,Packaging,PKG04,Down,Jam,5.6
2026-10-02T14:02:16Z,Packaging,PKG04,Running,,0
2026-10-02T15:16:39Z,Packaging,PKG04,Down,No Operator,11.0
2026-10-02T15:27:42Z,Packaging,PKG04,Running,,0
2026-10-02T16:21:52Z,Packaging,PKG04,Down,No Operator,10.1
2026-10-02T16:32:01Z,Packaging,PKG04,Running,,0
2026-10-02T18:02:37Z,Packaging,PKG04,Down,Change Over - Line clearance,51.8
2026-10-02T18:54:26Z,Packaging,PKG04,Running,,0
2026-10-02T19:29:39Z,Packaging,PKG04,Down,Quality Hold,30.5
2026-10-02T20:00:08Z,Packaging,PKG04,Running,,0
2026-10-02T21:32:59Z,Packaging,PKG04,Down,Blocked - Downstream,10.3
2026-10-02T21:43:15Z,Packaging,PKG04,Running,,0
2026-10-02T22:53:50Z,Packaging,PKG04,Down,Quality Hold,15.9
2026-10-02T23:09:43Z,Packaging,PKG04,Running,,0
2026-10-02T23:46:30Z,Packaging,PKG04,Down,Quality Hold,20.5
2026-10-03T00:06:57Z,Packaging,PKG04,Running,,0
2026-10-03T00:39:15Z,Packaging,PKG04,Down,Scheduled Downtime,70.8
2026-10-03T01:50:00Z,Packaging,PKG04,Running,,0
2026-10-03T02:19:47Z,Packaging,PKG04,Down,Scheduled Downtime,93.3
2026-10-03T03:00:00Z,Packaging,PKG04,Down,Outside production hours,0
2026-10-03T11:37:57Z,Packaging,PKG04,Down,Blocked - Downstream,8.3
2026-10-03T11:46:13Z,Packaging,PKG04,Running,,0
2026-10-03T12:42:16Z,Packaging,PKG04,Down,No Operator,22.1
2026-10-03T13:04:22Z,Packaging,PKG04,Running,,0
2026-10-03T13:29:41Z,Packaging,PKG04,Down,Quality Hold,36.2
2026-10-03T14:05:52Z,Packaging,PKG04,Running,,0
2026-10-03T15:40:43Z,Packaging,PKG04,Down,Jam,16.0
2026-10-03T15:56:45Z,Packaging,PKG04,Running,,0
2026-10-03T16:46:10Z,Packaging,PKG04,Down,Blocked - Downstream,8.0
2026-10-03T16:54:08Z,Packaging,PKG04,Running,,0
2026-10-03T17:23:07Z,Packaging,PKG04,Down,Starved - Upstream,7.5
2026-10-03T17:30:34Z,Packaging,PKG04,Running,,0
2026-10-03T18:14:18Z,Packaging,PKG04,Down,Scheduled Downtime,204.1
2026-10-03T21:38:24Z,Packaging,PKG04,Running,,0
2026-10-03T22:46:44Z,Packaging,PKG04,Down,Blocked - Downstream,7.1
2026-10-03T22:53:52Z,Packaging,PKG04,Running,,0
2026-10-03T23:54:31Z,Packaging,PKG04,Down,Blocked - Downstream,14.9
2026-10-04T00:09:25Z,Packaging,PKG04,Running,,0
2026-10-04T01:29:31Z,Packaging,PKG04,Down,Jam,6.6
2026-10-04T01:36:05Z,Packaging,PKG04,Running,,0
2026-10-04T02:51:30Z,Packaging,PKG04,Down,Blocked - Downstream,14.9
2026-10-04T03:00:00Z,Packaging,PKG04,Down,Outside production hours,0
2026-10-05T11:44:29Z,Packaging,PKG04,Down,Blocked - Downstream,5.3
2026-10-05T11:49:47Z,Packaging,PKG04,Running,,0
2026-10-05T12:28:00Z,Packaging,PKG04,Down,E-Stop,3.2
2026-10-05T12:31:12Z,Packaging,PKG04,Running,,0
2026-10-05T13:52:15Z,Packaging,PKG04,Down,Blocked - Downstream,6.4
2026-10-05T13:58:41Z,Packaging,PKG04,Running,,0
2026-10-05T14:34:19Z,Packaging,PKG04,Down,Starved - Upstream,5.8
2026-10-05T14:40:06Z,Packaging,PKG04,Running,,0
2026-10-05T15:21:35Z,Packaging,PKG04,Down,Jam,13.9
2026-10-05T15:35:27Z,Packaging,PKG04,Running,,0
2026-10-05T16:40:45Z,Packaging,PKG04,Down,Starved - Upstream,8.8
2026-10-05T16:49:32Z,Packaging,PKG04,Running,,0
2026-10-05T17:20:56Z,Packaging,PKG04,Down,Quality Hold,44.7
2026-10-05T18:05:37Z,Packaging,PKG04,Running,,0
2026-10-05T19:14:33Z,Packaging,PKG04,Down,E-Stop,3.6
2026-10-05T19:18:10Z,Packaging,PKG04,Running,,0
2026-10-05T20:23:23Z,Packaging,PKG04,Down,Quality Hold,36.2
2026-10-05T20:59:38Z,Packaging,PKG04,Running,,0
2026-10-05T21:38:57Z,Packaging,PKG04,Down,Blocked - Downstream,5.5
2026-10-05T21:44:24Z,Packaging,PKG04,Running,,0
2026-10-05T23:03:17Z,Packaging,PKG04,Down,Change Over - Line clearance,32.7
2026-10-05T23:35:56Z,Packaging,PKG04,Running,,0
2026-10-06T00:59:11Z,Packaging,PKG04,Down,No Operator,29.0
2026-10-06T01:28:11Z,Packaging,PKG04,Running,,0
2026-10-06T02:22:25Z,Packaging,PKG04,Down,Scheduled Downtime,106.6
2026-10-06T03:00:00Z,Packaging,PKG04,Down,Outside production hours,0
2026-10-06T11:05:50Z,Packaging,PKG04,Running,,0
2026-10-06T12:33:37Z,Packaging,PKG04,Down,Change Over - Line clearance,46.9
2026-10-06T13:20:30Z,Packaging,PKG04,Running,,0
2026-10-06T14:32:30Z,Packaging,PKG04,Down,Jam,23.9
2026-10-06T14:56:26Z,Packaging,PKG04,Running,,0
2026-10-06T15:35:26Z,Packaging,PKG04,Down,Starved - Upstream,14.4
2026-10-06T15:49:49Z,Packaging,PKG04,Running,,0
2026-10-06T17:09:18Z,Packaging,PKG04,Down,Change Over - Line clearance,33.3
2026-10-06T17:42:36Z,Packaging,PKG04,Running,,0
2026-10-06T18:30:11Z,Packaging,PKG04,Down,Quality Hold,28.8
2026-10-06T18:59:01Z,Packaging,PKG04,Running,,0
2026-10-06T20:03:02Z,Packaging,PKG04,Down,Jam,18.9
2026-10-06T20:21:56Z,Packaging,PKG04,Running,,0
2026-10-06T21:52:47Z,Packaging,PKG04,Down,Starved - Upstream,17.9
2026-10-06T22:10:40Z,Packaging,PKG04,Running,,0
2026-10-06T23:02:57Z,Packaging,PKG04,Down,Blocked - Downstream,12.1
2026-10-06T23:15:02Z,Packaging,PKG04,Running,,0
2026-10-07T00:25:45Z,Packaging,PKG04,Down,Scheduled Downtime,70.8
2026-10-07T01:36:33Z,Packaging,PKG04,Running,,0
2026-10-07T02:07:04Z,Packaging,PKG04,Down,Change Over - Line clearance,26.2
2026-10-07T02:33:13Z,Packaging,PKG04,Running,,0
2026-10-07T03:00:00Z,Packaging,PKG04,Down,Outside production hours,0
2026-10-07T11:18:53Z,Packaging,PKG04,Running,,0
2026-10-07T12:13:37Z,Packaging,PKG04,Down,Blocked - Downstream,6.2
2026-10-07T12:19:48Z,Packaging,PKG04,Running,,0
2026-10-07T13:29:30Z,Packaging,PKG04,Down,Quality Hold,33.3
2026-10-07T14:02:49Z,Packaging,PKG04,Running,,0
2026-10-07T15:06:57Z,Packaging,PKG04,Down,Starved - Upstream,14.8
2026-10-07T15:21:47Z,Packaging,PKG04,Running,,0
2026-10-07T16:53:54Z,Packaging,PKG04,Down,Change Over - Line clearance,70.8
2026-10-07T18:04:40Z,Packaging,PKG04,Running,,0
2026-10-07T19:32:04Z,Packaging,PKG04,Down,Change Over - Line clearance,81.8
2026-10-07T20:53:55Z,Packaging,PKG04,Running,,0
2026-10-07T21:50:55Z,Packaging,PKG04,Down,Quality Hold,15.1
2026-10-07T22:06:03Z,Packaging,PKG04,Running,,0
2026-10-07T22:41:32Z,Packaging,PKG04,Down,Blocked - Downstream,5.1
2026-10-07T22:46:36Z,Packaging,PKG04,Running,,0
2026-10-07T23:53:33Z,Packaging,PKG04,Down,Blocked - Downstream,6.6
2026-10-08T00:00:07Z,Packaging,PKG04,Running,,0
2026-10-08T01:33:35Z,Packaging,PKG04,Down,Blocked - Downstream,11.2
2026-10-08T01:44:50Z,Packaging,PKG04,Running,,0
2026-10-08T02:16:44Z,Packaging,PKG04,Down,Blocked - Downstream,9.4
2026-10-08T02:26:09Z,Packaging,PKG04,Running,,0
2026-10-08T03:00:00Z,Packaging,PKG04,Down,Outside production hours,0
2026-10-08T11:46:13Z,Packaging,PKG04,Down,E-Stop,10.5
2026-10-08T11:56:42Z,Packaging,PKG04,Running,,0
2026-10-08T13:24:39Z,Packaging,PKG04,Down,No Operator,24.1
2026-10-08T13:48:44Z,Packaging,PKG04,Running,,0
2026-10-08T14:36:43Z,Packaging,PKG04,Down,No Operator,26.0
2026-10-08T15:02:40Z,Packaging,PKG04,Running,,0
2026-10-08T16:18:15Z,Packaging,PKG04,Down,No Operator,29.9
2026-10-08T16:48:09Z,Packaging,PKG04,Running,,0
2026-10-08T17:34:10Z,Packaging,PKG04,Down,No Operator,25.8
2026-10-08T17:59:55Z,Packaging,PKG04,Running,,0
2026-10-08T18:51:55Z,Packaging,PKG04,Down,Change Over - Line clearance,63.0
2026-10-08T19:54:58Z,Packaging,PKG04,Running,,0
2026-10-08T20:42:48Z,Packaging,PKG04,Down,Change Over - Line clearance,30.2
2026-10-08T21:12:58Z,Packaging,PKG04,Running,,0
2026-10-08T22:41:37Z,Packaging,PKG04,Down,Blocked - Downstream,6.3
2026-10-08T22:47:55Z,Packaging,PKG04,Running,,0
2026-10-08T23:23:44Z,Packaging,PKG04,Down,Change Over - Line clearance,42.2
2026-10-09T00:05:57Z,Packaging,PKG04,Running,,0
2026-10-09T01:05:43Z,Packaging,PKG04,Down,Starved - Upstream,16.4
2026-10-09T01:22:07Z,Packaging,PKG04,Running,,0
2026-10-09T02:19:54Z,Packaging,PKG04,Down,Blocked - Downstream,9.1
2026-10-09T02:28:58Z,Packaging,PKG04,Running,,0
2026-10-09T02:57:48Z,Packaging,PKG04,Down,Quality Hold,39.2
2026-10-09T03:00:00Z,Packaging,PKG04,Down,Outside production hours,0
2026-10-09T11:49:06Z,Packaging,PKG04,Down,Blocked - Downstream,7.9
2026-10-09T11:57:03Z,Packaging,PKG04,Running,,0
2026-10-09T13:18:15Z,Packaging,PKG04,Down,Scheduled Downtime,219.2
2026-10-09T16:57:26Z,Packaging,PKG04,Running,,0
2026-10-09T17:22:55Z,Packaging,PKG04,Down,Starved - Upstream,6.2
2026-10-09T17:29:07Z,Packaging,PKG04,Running,,0
2026-10-09T19:02:24Z,Packaging,PKG04,Down,Starved - Upstream,7.0
2026-10-09T19:09:22Z,Packaging,PKG04,Running,,0
2026-10-09T20:22:57Z,Packaging,PKG04,Down,E-Stop,11.3
2026-10-09T20:34:13Z,Packaging,PKG04,Running,,0
2026-10-09T21:33:51Z,Packaging,PKG04,Down,Quality Hold,17.6
2026-10-09T21:51:24Z,Packaging,PKG04,Running,,0
2026-10-09T22:24:37Z,Packaging,PKG04,Down,Change Over - Line clearance,37.0
2026-10-09T23:01:37Z,Packaging,PKG04,Running,,0
2026-10-09T23:59:50Z,Packaging,PKG04,Down,Starved - Upstream,8.8
2026-10-10T00:08:36Z,Packaging,PKG04,Running,,0
2026-10-10T00:58:46Z,Packaging,PKG04,Down,Jam,7.9
2026-10-10T01:06:40Z,Packaging,PKG04,Running,,0
2026-10-10T02:17:57Z,Packaging,PKG04,Down,Jam,18.1
2026-10-10T02:36:00Z,Packaging,PKG04,Running,,0
2026-10-10T03:00:00Z,Packaging,PKG04,Down,Outside production hours,0
2026-10-10T11:48:40Z,Packaging,PKG04,Down,Change Over - Line clearance,40.8
2026-10-10T12:29:30Z,Packaging,PKG04,Running,,0
2026-10-10T13:36:30Z,Packaging,PKG04,Down,E-Stop,5.8
2026-10-10T13:42:16Z,Packaging,PKG04,Running,,0
2026-10-10T14:44:32Z,Packaging,PKG04,Down,Quality Hold,17.9
2026-10-10T15:02:24Z,Packaging,PKG04,Running,,0
2026-10-10T15:28:18Z,Packaging,PKG04,Down,Quality Hold,37.7
2026-10-10T16:06:02Z,Packaging,PKG04,Running,,0
2026-10-10T17:24:07Z,Packaging,PKG04,Down,Jam,11.5
2026-10-10T17:35:34Z,Packaging,PKG04,Running,,0
2026-10-10T18:05:40Z,Packaging,PKG04,Down,Jam,19.6
2026-10-10T18:25:17Z,Packaging,PKG04,Running,,0
2026-10-10T19:26:20Z,Packaging,PKG04,Down,Jam,22.0
2026-10-10T19:48:19Z,Packaging,PKG04,Running,,0
2026-10-10T21:15:29Z,Packaging,PKG04,Down,Jam,21.0
2026-10-10T21:36:27Z,Packaging,PKG04,Running,,0
2026-10-10T22:05:41Z,Packaging,PKG04,Down,Change Over - Line clearance,71.6
2026-10-10T23:17:15Z,Packaging,PKG04,Running,,0
2026-10-10T23:54:28Z,Packaging,PKG04,Down,Jam,19.2
2026-10-11T00:13:43Z,Packaging,PKG04,Running,,0
2026-10-11T01:11:57Z,Packaging,PKG04,Down,Change Over - Line clearance,49.6
2026-10-11T02:01:35Z,Packaging,PKG04,Running,,0
2026-10-11T02:55:47Z,Packaging,PKG04,Down,Jam,24.5
2026-10-11T03:00:00Z,Packaging,PKG04,Down,Outside production hours,0
2026-10-12T11:16:03Z,Packaging,PKG04,Running,,0
2026-10-12T12:30:25Z,Packaging,PKG04,Down,E-Stop,4.8
2026-10-12T12:35:10Z,Packaging,PKG04,Running,,0
2026-10-12T13:19:04Z,Packaging,PKG04,Down,Blocked - Downstream,8.2
2026-10-12T13:27:16Z,Packaging,PKG04,Running,,0
2026-10-12T14:07:25Z,Packaging,PKG04,Down,Quality Hold,15.7
2026-10-12T14:23:08Z,Packaging,PKG04,Running,,0
2026-10-12T15:03:43Z,Packaging,PKG04,Down,Jam,5.0
2026-10-12T15:08:42Z,Packaging,PKG04,Running,,0
2026-10-12T15:58:06Z,Packaging,PKG04,Down,Change Over - Line clearance,67.6
2026-10-12T17:05:42Z,Packaging,PKG04,Running,,0
2026-10-12T18:19:48Z,Packaging,PKG04,Down,No Operator,23.5
2026-10-12T18:43:16Z,Packaging,PKG04,Running,,0
2026-10-12T20:12:03Z,Packaging,PKG04,Down,Jam,10.8
2026-10-12T20:22:48Z,Packaging,PKG04,Running,,0
2026-10-12T21:42:08Z,Packaging,PKG04,Down,Starved - Upstream,13.0
2026-10-12T21:55:06Z,Packaging,PKG04,Running,,0
2026-10-12T22:21:30Z,Packaging,PKG04,Down,Starved - Upstream,7.9
2026-10-12T22:29:22Z,Packaging,PKG04,Running,,0
2026-10-12T23:53:02Z,Packaging,PKG04,Down,Jam,8.9
2026-10-13T00:01:58Z,Packaging,PKG04,Running,,0
2026-10-13T00:33:38Z,Packaging,PKG04,Down,Jam,4.5
2026-10-13T00:38:08Z,Packaging,PKG04,Running,,0
2026-10-13T01:42:50Z,Packaging,PKG04,Down,Starved - Upstream,9.7
2026-10-13T01:52:31Z,Packaging,PKG04,Running,,0
2026-10-13T02:52:32Z,Packaging,PKG04,Down,No Operator,24.9
2026-10-13T03:00:00Z,Packaging,PKG04,Down,Outside production hours,0
2026-10-13T11:00:42Z,Packaging,PKG04,Running,,0
2026-10-13T12:19:58Z,Packaging,PKG04,Down,Scheduled Downtime,144.2
2026-10-13T14:44:10Z,Packaging,PKG04,Running,,0
2026-10-13T16:12:12Z,Packaging,PKG04,Down,No Operator,29.4
2026-10-13T16:41:36Z,Packaging,PKG04,Running,,0
2026-10-13T17:22:05Z,Packaging,PKG04,Down,Blocked - Downstream,6.8
2026-10-13T17:28:54Z,Packaging,PKG04,Running,,0
2026-10-13T18:00:21Z,Packaging,PKG04,Down,Change Over - Line clearance,61.7
2026-10-13T19:02:04Z,Packaging,PKG04,Running,,0
2026-10-13T19:45:52Z,Packaging,PKG04,Down,Jam,7.8
2026-10-13T19:53:39Z,Packaging,PKG04,Running,,0
2026-10-13T20:58:33Z,Packaging,PKG04,Down,Jam,14.7
2026-10-13T21:13:18Z,Packaging,PKG04,Running,,0
2026-10-13T22:28:39Z,Packaging,PKG04,Down,Jam,4.4
2026-10-13T22:33:03Z,Packaging,PKG04,Running,,0
2026-10-14T00:08:00Z,Packaging,PKG04,Down,Jam,22.6
2026-10-14T00:30:35Z,Packaging,PKG04,Running,,0
2026-10-14T01:22:48Z,Packaging,PKG04,Down,Change Over - Line clearance,27.1
2026-10-14T01:49:56Z,Packaging,PKG04,Running,,0
2026-10-14T02:18:22Z,Packaging,PKG04,Down,Blocked - Downstream,8.0
2026-10-14T02:26:21Z,Packaging,PKG04,Running,,0
2026-10-14T03:00:00Z,Packaging,PKG04,Down,Outside production hours,0
2026-10-14T11:04:27Z,Packaging,PKG04,Running,,0
2026-10-14T12:39:06Z,Packaging,PKG04,Down,Starved - Upstream,8.0
2026-10-14T12:47:05Z,Packaging,PKG04,Running,,0
2026-10-14T13:36:34Z,Packaging,PKG04,Down,Jam,15.3
2026-10-14T13:51:53Z,Packaging,PKG04,Running,,0
2026-10-14T15:19:19Z,Packaging,PKG04,Down,Quality Hold,23.4
2026-10-14T15:42:45Z,Packaging,PKG04,Running,,0
2026-10-14T16:58:47Z,Packaging,PKG04,Down,Scheduled Downtime,188.1
2026-10-14T20:06:55Z,Packaging,PKG04,Running,,0
2026-10-14T20:43:44Z,Packaging,PKG04,Down,No Operator,21.0
2026-10-14T21:04:46Z,Packaging,PKG04,Running,,0
2026-10-14T21:39:27Z,Packaging,PKG04,Down,Quality Hold,42.8
2026-10-14T22:22:13Z,Packaging,PKG04,Running,,0
2026-10-14T23:05:29Z,Packaging,PKG04,Down,Starved - Upstream,11.3
2026-10-14T23:16:45Z,Packaging,PKG04,Running,,0
2026-10-15T00:32:46Z,Packaging,PKG04,Down,Blocked - Downstream,8.7
2026-10-15T00:41:26Z,Packaging,PKG04,Running,,0
2026-10-15T01:52:16Z,Packaging,PKG04,Down,Change Over - Line clearance,88.2
2026-10-15T03:00:00Z,Packaging,PKG04,Down,Outside production hours,0
2026-10-15T12:01:42Z,Packaging,PKG04,Down,Change Over - Line clearance,66.3
2026-10-15T13:08:01Z,Packaging,PKG04,Running,,0
2026-10-15T14:22:26Z,Packaging,PKG04,Down,Change Over - Line clearance,60.6
2026-10-15T15:23:01Z,Packaging,PKG04,Running,,0
2026-10-15T16:08:06Z,Packaging,PKG04,Down,E-Stop,7.8
2026-10-15T16:15:54Z,Packaging,PKG04,Running,,0
2026-10-15T16:56:31Z,Packaging,PKG04,Down,Quality Hold,31.7
2026-10-15T17:28:15Z,Packaging,PKG04,Running,,0
2026-10-15T18:34:28Z,Packaging,PKG04,Down,E-Stop,10.7
2026-10-15T18:45:10Z,Packaging,PKG04,Running,,0
2026-10-15T20:02:48Z,Packaging,PKG04,Down,Change Over - Line clearance,61.4
2026-10-15T21:04:10Z,Packaging,PKG04,Running,,0
2026-10-15T21:36:57Z,Packaging,PKG04,Down,Starved - Upstream,14.5
2026-10-15T21:51:29Z,Packaging,PKG04,Running,,0
2026-10-15T22:36:33Z,Packaging,PKG04,Down,Starved - Upstream,12.6
2026-10-15T22:49:08Z,Packaging,PKG04,Running,,0
2026-10-15T23:57:59Z,Packaging,PKG04,Down,Quality Hold,42.9
2026-10-16T00:40:53Z,Packaging,PKG04,Running,,0
2026-10-16T01:09:35Z,Packaging,PKG04,Down,Starved - Upstream,11.3
2026-10-16T01:20:55Z,Packaging,PKG04,Running,,0
2026-10-16T02:40:32Z,Packaging,PKG04,Down,Change Over - Line clearance,54.9
2026-10-16T03:00:00Z,Packaging,PKG04,Down,Outside production hours,0
2026-09-25T11:16:46Z,Packaging,PKG05,Running,,0
2026-09-25T12:22:06Z,Packaging,PKG05,Down,E-Stop,7.6
2026-09-25T12:29:40Z,Packaging,PKG05,Running,,0
2026-09-25T13:39:01Z,Packaging,PKG05,Down,Jam,12.2
2026-09-25T13:51:13Z,Packaging,PKG05,Running,,0
2026-09-25T15:21:35Z,Packaging,PKG05,Down,Jam,12.0
2026-09-25T15:33:36Z,Packaging,PKG05,Running,,0
2026-09-25T17:04:21Z,Packaging,PKG05,Down,Blocked - Downstream,4.8
2026-09-25T17:09:10Z,Packaging,PKG05,Running,,0
2026-09-25T18:38:26Z,Packaging,PKG05,Down,Jam,23.6
2026-09-25T19:02:01Z,Packaging,PKG05,Running,,0
2026-09-25T20:23:08Z,Packaging,PKG05,Down,Change Over - Line clearance,37.5
2026-09-25T21:00:39Z,Packaging,PKG05,Running,,0
2026-09-25T21:54:58Z,Packaging,PKG05,Down,No Operator,23.5
2026-09-25T22:18:30Z,Packaging,PKG05,Running,,0
2026-09-25T23:50:18Z,Packaging,PKG05,Down,Jam,4.6
2026-09-25T23:54:55Z,Packaging,PKG05,Running,,0
2026-09-26T01:09:38Z,Packaging,PKG05,Down,Change Over - Line clearance,79.4
2026-09-26T02:29:00Z,Packaging,PKG05,Running,,0
2026-09-26T03:00:00Z,Packaging,PKG05,Down,Outside production hours,0
2026-09-26T11:01:43Z,Packaging,PKG05,Running,,0
2026-09-26T11:41:03Z,Packaging,PKG05,Down,Jam,18.2
2026-09-26T11:59:17Z,Packaging,PKG05,Running,,0
2026-09-26T12:35:04Z,Packaging,PKG05,Down,Change Over - Line clearance,72.1
2026-09-26T13:47:10Z,Packaging,PKG05,Running,,0
2026-09-26T14:30:49Z,Packaging,PKG05,Down,Change Over - Line clearance,36.9
2026-09-26T15:07:42Z,Packaging,PKG05,Running,,0
2026-09-26T15:37:42Z,Packaging,PKG05,Down,Change Over - Line clearance,33.8
2026-09-26T16:11:28Z,Packaging,PKG05,Running,,0
2026-09-26T17:43:41Z,Packaging,PKG05,Down,Change Over - Line clearance,66.5
2026-09-26T18:50:08Z,Packaging,PKG05,Running,,0
2026-09-26T19:16:53Z,Packaging,PKG05,Down,E-Stop,3.9
2026-09-26T19:20:49Z,Packaging,PKG05,Running,,0
2026-09-26T20:39:19Z,Packaging,PKG05,Down,Jam,15.5
2026-09-26T20:54:49Z,Packaging,PKG05,Running,,0
2026-09-26T21:28:57Z,Packaging,PKG05,Down,Jam,5.9
2026-09-26T21:34:52Z,Packaging,PKG05,Running,,0
2026-09-26T22:33:27Z,Packaging,PKG05,Down,No Operator,25.4
2026-09-26T22:58:52Z,Packaging,PKG05,Running,,0
2026-09-27T00:01:18Z,Packaging,PKG05,Down,Starved - Upstream,16.4
2026-09-27T00:17:45Z,Packaging,PKG05,Running,,0
2026-09-27T01:49:14Z,Packaging,PKG05,Down,Change Over - Line clearance,35.4
2026-09-27T02:24:36Z,Packaging,PKG05,Running,,0
2026-09-27T03:00:00Z,Packaging,PKG05,Down,Outside production hours,0
2026-09-28T11:13:26Z,Packaging,PKG05,Running,,0
2026-09-28T11:47:29Z,Packaging,PKG05,Down,E-Stop,3.7
2026-09-28T11:51:11Z,Packaging,PKG05,Running,,0
2026-09-28T12:30:21Z,Packaging,PKG05,Down,Quality Hold,25.5
2026-09-28T12:55:50Z,Packaging,PKG05,Running,,0
2026-09-28T14:23:30Z,Packaging,PKG05,Down,Change Over - Line clearance,74.2
2026-09-28T15:37:43Z,Packaging,PKG05,Running,,0
2026-09-28T16:06:49Z,Packaging,PKG05,Down,Change Over - Line clearance,27.6
2026-09-28T16:34:27Z,Packaging,PKG05,Running,,0
2026-09-28T17:05:57Z,Packaging,PKG05,Down,Blocked - Downstream,6.0
2026-09-28T17:11:57Z,Packaging,PKG05,Running,,0
2026-09-28T18:44:19Z,Packaging,PKG05,Down,Change Over - Line clearance,36.0
2026-09-28T19:20:18Z,Packaging,PKG05,Running,,0
2026-09-28T20:05:35Z,Packaging,PKG05,Down,Change Over - Line clearance,69.3
2026-09-28T21:14:51Z,Packaging,PKG05,Running,,0
2026-09-28T22:46:46Z,Packaging,PKG05,Down,Starved - Upstream,19.6
2026-09-28T23:06:24Z,Packaging,PKG05,Running,,0
2026-09-29T00:26:05Z,Packaging,PKG05,Down,Jam,11.3
2026-09-29T00:37:20Z,Packaging,PKG05,Running,,0
2026-09-29T01:37:51Z,Packaging,PKG05,Down,Jam,20.1
2026-09-29T01:57:55Z,Packaging,PKG05,Running,,0
2026-09-29T02:41:28Z,Packaging,PKG05,Down,Scheduled Downtime,102.7
2026-09-29T03:00:00Z,Packaging,PKG05,Down,Outside production hours,0
2026-09-29T11:09:32Z,Packaging,PKG05,Down,Change Over - Line clearance,36.4
2026-09-29T11:45:57Z,Packaging,PKG05,Running,,0
2026-09-29T12:43:22Z,Packaging,PKG05,Down,E-Stop,8.0
2026-09-29T12:51:21Z,Packaging,PKG05,Running,,0
2026-09-29T13:49:45Z,Packaging,PKG05,Down,No Operator,13.5
2026-09-29T14:03:16Z,Packaging,PKG05,Running,,0
2026-09-29T15:01:43Z,Packaging,PKG05,Down,Starved - Upstream,19.7
2026-09-29T15:21:24Z,Packaging,PKG05,Running,,0
2026-09-29T16:02:41Z,Packaging,PKG05,Down,Change Over - Line clearance,41.8
2026-09-29T16:44:29Z,Packaging,PKG05,Running,,0
2026-09-29T17:30:36Z,Packaging,PKG05,Down,E-Stop,6.8
2026-09-29T17:37:26Z,Packaging,PKG05,Running,,0
2026-09-29T18:24:39Z,Packaging,PKG05,Down,Change Over - Line clearance,62.4
2026-09-29T19:27:03Z,Packaging,PKG05,Running,,0
2026-09-29T20:13:06Z,Packaging,PKG05,Down,Change Over - Line clearance,58.3
2026-09-29T21:11:26Z,Packaging,PKG05,Running,,0
2026-09-29T22:25:45Z,Packaging,PKG05,Down,Jam,16.0
2026-09-29T22:41:45Z,Packaging,PKG05,Running,,0
2026-09-29T23:07:11Z,Packaging,PKG05,Down,Blocked - Downstream,7.3
2026-09-29T23:14:28Z,Packaging,PKG05,Running,,0
2026-09-30T00:34:57Z,Packaging,PKG05,Down,Jam,7.5
2026-09-30T00:42:25Z,Packaging,PKG05,Running,,0
2026-09-30T01:40:06Z,Packaging,PKG05,Down,Change Over - Line clearance,46.5
2026-09-30T02:26:35Z,Packaging,PKG05,Running,,0
2026-09-30T02:58:45Z,Packaging,PKG05,Down,Change Over - Line clearance,70.0
2026-09-30T03:00:00Z,Packaging,PKG05,Down,Outside production hours,0
2026-09-30T11:19:44Z,Packaging,PKG05,Down,Starved - Upstream,19.5
2026-09-30T11:39:14Z,Packaging,PKG05,Running,,0
2026-09-30T12:50:10Z,Packaging,PKG05,Down,No Operator,21.3
2026-09-30T13:11:26Z,Packaging,PKG05,Running,,0
2026-09-30T14:03:14Z,Packaging,PKG05,Down,No Operator,9.9
2026-09-30T14:13:06Z,Packaging,PKG05,Running,,0
2026-09-30T14:47:38Z,Packaging,PKG05,Down,Change Over - Line clearance,52.3
2026-09-30T15:39:56Z,Packaging,PKG05,Running,,0
2026-09-30T16:58:37Z,Packaging,PKG05,Down,Scheduled Downtime,103.0
2026-09-30T18:41:36Z,Packaging,PKG05,Running,,0
2026-09-30T19:17:30Z,Packaging,PKG05,Down,Starved - Upstream,19.8
2026-09-30T19:37:17Z,Packaging,PKG05,Running,,0
2026-09-30T21:03:47Z,Packaging,PKG05,Down,Starved - Upstream,6.0
2026-09-30T21:09:47Z,Packaging,PKG05,Running,,0
2026-09-30T21:58:32Z,Packaging,PKG05,Down,No Operator,17.8
2026-09-30T22:16:21Z,Packaging,PKG05,Running,,0
2026-09-30T22:54:35Z,Packaging,PKG05,Down,Blocked - Downstream,14.7
2026-09-30T23:09:18Z,Packaging,PKG05,Running,,0
2026-10-01T00:26:17Z,Packaging,PKG05,Down,Blocked - Downstream,6.2
2026-10-01T00:32:29Z,Packaging,PKG05,Running,,0
2026-10-01T01:18:05Z,Packaging,PKG05,Down,No Operator,15.2
2026-10-01T01:33:14Z,Packaging,PKG05,Running,,0
2026-10-01T02:25:08Z,Packaging,PKG05,Down,Starved - Upstream,12.5
2026-10-01T02:37:38Z,Packaging,PKG05,Running,,0
2026-10-01T03:00:00Z,Packaging,PKG05,Down,Outside production hours,0
2026-10-01T11:22:55Z,Packaging,PKG05,Down,Change Over - Line clearance,38.4
2026-10-01T12:01:21Z,Packaging,PKG05,Running,,0
2026-10-01T12:39:13Z,Packaging,PKG05,Down,Change Over - Line clearance,47.5
2026-10-01T13:26:44Z,Packaging,PKG05,Running,,0
2026-10-01T14:35:57Z,Packaging,PKG05,Down,Change Over - Line clearance,87.4
2026-10-01T16:03:23Z,Packaging,PKG05,Running,,0
2026-10-01T17:35:58Z,Packaging,PKG05,Down,Change Over - Line clearance,41.4
2026-10-01T18:17:19Z,Packaging,PKG05,Running,,0
2026-10-01T19:19:39Z,Packaging,PKG05,Down,Jam,20.0
2026-10-01T19:39:42Z,Packaging,PKG05,Running,,0
2026-10-01T20:11:30Z,Packaging,PKG05,Down,No Operator,10.6
2026-10-01T20:22:03Z,Packaging,PKG05,Running,,0
2026-10-01T21:32:44Z,Packaging,PKG05,Down,Quality Hold,38.6
2026-10-01T22:11:21Z,Packaging,PKG05,Running,,0
2026-10-01T22:51:09Z,Packaging,PKG05,Down,Change Over - Line clearance,67.4
2026-10-01T23:58:36Z,Packaging,PKG05,Running,,0
2026-10-02T01:33:33Z,Packaging,PKG05,Down,Starved - Upstream,7.0
2026-10-02T01:40:34Z,Packaging,PKG05,Running,,0
2026-10-02T03:00:00Z,Packaging,PKG05,Down,Outside production hours,0
2026-10-02T13:00:20Z,Packaging,PKG05,Running,,0
2026-10-02T13:39:43Z,Packaging,PKG05,Down,Blocked - Downstream,14.5
2026-10-02T13:54:16Z,Packaging,PKG05,Running,,0
2026-10-02T15:12:04Z,Packaging,PKG05,Down,Change Over - Line clearance,84.0
2026-10-02T16:36:07Z,Packaging,PKG05,Running,,0
2026-10-02T17:07:05Z,Packaging,PKG05,Down,Change Over - Line clearance,73.1
2026-10-02T18:20:11Z,Packaging,PKG05,Running,,0
2026-10-02T19:12:19Z,Packaging,PKG05,Down,Blocked - Downstream,9.4
2026-10-02T19:21:42Z,Packaging,PKG05,Running,,0
2026-10-02T20:09:32Z,Packaging,PKG05,Down,Quality Hold,42.4
2026-10-02T20:51:56Z,Packaging,PKG05,Running,,0
2026-10-02T21:59:01Z,Packaging,PKG05,Down,Change Over - Line clearance,50.1
2026-10-02T22:49:09Z,Packaging,PKG05,Running,,0
2026-10-03T00:00:29Z,Packaging,PKG05,Down,Change Over - Line clearance,42.3
2026-10-03T00:42:45Z,Packaging,PKG05,Running,,0
2026-10-03T01:40:08Z,Packaging,PKG05,Down,No Operator,24.7
2026-10-03T02:04:47Z,Packaging,PKG05,Running,,0
2026-10-03T02:45:01Z,Packaging,PKG05,Down,Jam,4.8
2026-10-03T02:49:50Z,Packaging,PKG05,Running,,0
2026-10-03T03:00:00Z,Packaging,PKG05,Down,Outside production hours,0
2026-10-03T11:59:24Z,Packaging,PKG05,Down,Starved - Upstream,15.6
2026-10-03T12:14:57Z,Packaging,PKG05,Running,,0
2026-10-03T13:35:03Z,Packaging,PKG05,Down,Quality Hold,34.8
2026-10-03T14:09:54Z,Packaging,PKG05,Running,,0
2026-10-03T14:46:07Z,Packaging,PKG05,Down,Jam,7.8
2026-10-03T14:53:53Z,Packaging,PKG05,Running,,0
2026-10-03T15:28:27Z,Packaging,PKG05,Down,Change Over - Line clearance,48.1
2026-10-03T16:16:35Z,Packaging,PKG05,Running,,0
2026-10-03T17:27:23Z,Packaging,PKG05,Down,Change Over - Line clearance,38.6
2026-10-03T18:06:01Z,Packaging,PKG05,Running,,0
2026-10-03T18:42:32Z,Packaging,PKG05,Down,Change Over - Line clearance,26.5
2026-10-03T19:08:59Z,Packaging,PKG05,Running,,0
2026-10-03T20:17:52Z,Packaging,PKG05,Down,Starved - Upstream,9.0
2026-10-03T20:26:52Z,Packaging,PKG05,Running,,0
2026-10-03T20:55:26Z,Packaging,PKG05,Down,Blocked - Downstream,12.2
2026-10-03T21:07:39Z,Packaging,PKG05,Running,,0
2026-10-03T21:49:57Z,Packaging,PKG05,Down,No Operator,16.9
2026-10-03T22:06:49Z,Packaging,PKG05,Running,,0
2026-10-03T23:27:00Z,Packaging,PKG05,Down,Starved - Upstream,5.1
2026-10-03T23:32:06Z,Packaging,PKG05,Running,,0
2026-10-04T00:51:37Z,Packaging,PKG05,Down,Starved - Upstream,11.0
2026-10-04T01:02:37Z,Packaging,PKG05,Running,,0
2026-10-04T01:49:43Z,Packaging,PKG05,Down,Starved - Upstream,16.7
2026-10-04T02:06:23Z,Packaging,PKG05,Running,,0
2026-10-04T02:38:11Z,Packaging,PKG05,Down,E-Stop,3.1
2026-10-04T02:41:20Z,Packaging,PKG05,Running,,0
2026-10-04T03:00:00Z,Packaging,PKG05,Down,Outside production hours,0
2026-10-05T11:35:31Z,Packaging,PKG05,Down,Jam,7.9
2026-10-05T11:43:23Z,Packaging,PKG05,Running,,0
2026-10-05T13:09:30Z,Packaging,PKG05,Down,Jam,9.1
2026-10-05T13:18:37Z,Packaging,PKG05,Running,,0
2026-10-05T14:16:04Z,Packaging,PKG05,Down,No Operator,16.1
2026-10-05T14:32:08Z,Packaging,PKG05,Running,,0
2026-10-05T15:48:30Z,Packaging,PKG05,Down,Change Over - Line clearance,83.3
2026-10-05T17:11:48Z,Packaging,PKG05,Running,,0
2026-10-05T18:45:51Z,Packaging,PKG05,Down,Change Over - Line clearance,32.2
2026-10-05T19:18:05Z,Packaging,PKG05,Running,,0
2026-10-05T20:26:25Z,Packaging,PKG05,Down,Change Over - Line clearance,76.9
2026-10-05T21:43:19Z,Packaging,PKG05,Running,,0
2026-10-05T22:14:14Z,Packaging,PKG05,Down,Starved - Upstream,14.7
2026-10-05T22:28:55Z,Packaging,PKG05,Running,,0
2026-10-05T23:16:55Z,Packaging,PKG05,Down,Change Over - Line clearance,71.0
2026-10-06T00:27:54Z,Packaging,PKG05,Running,,0
2026-10-06T01:00:24Z,Packaging,PKG05,Down,Change Over - Line clearance,39.1
2026-10-06T01:39:28Z,Packaging,PKG05,Running,,0
2026-10-06T03:00:00Z,Packaging,PKG05,Down,Outside production hours,0
2026-10-06T11:54:34Z,Packaging,PKG05,Down,Starved - Upstream,14.9
2026-10-06T12:09:26Z,Packaging,PKG05,Running,,0
2026-10-06T13:06:45Z,Packaging,PKG05,Down,Jam,11.7
2026-10-06T13:18:28Z,Packaging,PKG05,Running,,0
2026-10-06T14:31:50Z,Packaging,PKG05,Down,Jam,15.1
2026-10-06T14:46:53Z,Packaging,PKG05,Running,,0
2026-10-06T15:30:43Z,Packaging,PKG05,Down,Jam,12.7
2026-10-06T15:43:26Z,Packaging,PKG05,Running,,0
2026-10-06T16:21:18Z,Packaging,PKG05,Down,Change Over - Line clearance,73.9
2026-10-06T17:35:10Z,Packaging,PKG05,Running,,0
2026-10-06T18:01:43Z,Packaging,PKG05,Down,Change Over - Line clearance,79.0
2026-10-06T19:20:45Z,Packaging,PKG05,Running,,0
2026-10-06T20:27:54Z,Packaging,PKG05,Down,Jam,24.3
2026-10-06T20:52:14Z,Packaging,PKG05,Running,,0
2026-10-06T22:23:51Z,Packaging,PKG05,Down,Blocked - Downstream,11.9
2026-10-06T22:35:44Z,Packaging,PKG05,Running,,0
2026-10-06T23:09:54Z,Packaging,PKG05,Down,Quality Hold,44.2
2026-10-06T23:54:09Z,Packaging,PKG05,Running,,0
2026-10-07T00:35:43Z,Packaging,PKG05,Down,Starved - Upstream,10.0
2026-10-07T00:45:43Z,Packaging,PKG05,Running,,0
2026-10-07T01:40:23Z,Packaging,PKG05,Down,Blocked - Downstream,9.7
2026-10-07T01:50:08Z,Packaging,PKG05,Running,,0
2026-10-07T03:00:00Z,Packaging,PKG05,Down,Outside production hours,0
2026-10-07T12:21:17Z,Packaging,PKG05,Down,Change Over - Line clearance,75.5
2026-10-07T13:36:46Z,Packaging,PKG05,Running,,0
2026-10-07T14:25:44Z,Packaging,PKG05,Down,Change Over - Line clearance,73.2
2026-10-07T15:38:55Z,Packaging,PKG05,Running,,0
2026-10-07T16:45:47Z,Packaging,PKG05,Down,Quality Hold,19.2
2026-10-07T17:05:02Z,Packaging,PKG05,Running,,0
2026-10-07T17:48:58Z,Packaging,PKG05,Down,Jam,21.1
2026-10-07T18:10:06Z,Packaging,PKG05,Running,,0
2026-10-07T19:25:34Z,Packaging,PKG05,Down,Blocked - Downstream,14.7
2026-10-07T19:40:16Z,Packaging,PKG05,Running,,0
2026-10-07T20:06:54Z,Packaging,PKG05,Down,E-Stop,7.5
2026-10-07T20:14:23Z,Packaging,PKG05,Running,,0
2026-10-07T21:15:37Z,Packaging,PKG05,Down,Change Over - Line clearance,29.6
2026-10-07T21:45:10Z,Packaging,PKG05,Running,,0
2026-10-07T22:27:49Z,Packaging,PKG05,Down,Quality Hold,20.3
2026-10-07T22:48:08Z,Packaging,PKG05,Running,,0
2026-10-08T00:02:49Z,Packaging,PKG05,Down,Change Over - Line clearance,53.6
2026-10-08T00:56:22Z,Packaging,PKG05,Running,,0
2026-10-08T01:59:19Z,Packaging,PKG05,Down,E-Stop,10.5
2026-10-08T02:09:51Z,Packaging,PKG05,Running,,0
2026-10-08T02:43:16Z,Packaging,PKG05,Down,Change Over - Line clearance,86.3
2026-10-08T03:00:00Z,Packaging,PKG05,Down,Outside production hours,0
2026-10-08T11:45:46Z,Packaging,PKG05,Down,Jam,13.2
2026-10-08T11:59:01Z,Packaging,PKG05,Running,,0
2026-10-08T13:15:13Z,Packaging,PKG05,Down,Jam,20.0
2026-10-08T13:35:14Z,Packaging,PKG05,Running,,0
2026-10-08T14:29:48Z,Packaging,PKG05,Down,Change Over - Line clearance,71.3
2026-10-08T15:41:07Z,Packaging,PKG05,Running,,0
2026-10-08T17:00:38Z,Packaging,PKG05,Down,Change Over - Line clearance,26.8
2026-10-08T17:27:24Z,Packaging,PKG05,Running,,0
2026-10-08T18:13:28Z,Packaging,PKG05,Down,Jam,14.6
2026-10-08T18:28:03Z,Packaging,PKG05,Running,,0
2026-10-08T19:29:56Z,Packaging,PKG05,Down,Change Over - Line clearance,67.7
2026-10-08T20:37:41Z,Packaging,PKG05,Running,,0
2026-10-08T21:39:19Z,Packaging,PKG05,Down,Jam,19.6
2026-10-08T21:58:56Z,Packaging,PKG05,Running,,0
2026-10-08T22:56:32Z,Packaging,PKG05,Down,E-Stop,9.1
2026-10-08T23:05:38Z,Packaging,PKG05,Running,,0
2026-10-08T23:42:23Z,Packaging,PKG05,Down,Blocked - Downstream,6.5
2026-10-08T23:48:53Z,Packaging,PKG05,Running,,0
2026-10-09T00:27:47Z,Packaging,PKG05,Down,No Operator,27.6
2026-10-09T00:55:23Z,Packaging,PKG05,Running,,0
2026-10-09T02:04:36Z,Packaging,PKG05,Down,Jam,16.0
2026-10-09T02:20:39Z,Packaging,PKG05,Running,,0
2026-10-09T03:00:00Z,Packaging,PKG05,Down,Outside production hours,0
2026-10-09T11:25:38Z,Packaging,PKG05,Down,Change Over - Line clearance,46.8
2026-10-09T12:12:25Z,Packaging,PKG05,Running,,0
2026-10-09T13:13:17Z,Packaging,PKG05,Down,Jam,15.3
2026-10-09T13:28:33Z,Packaging,PKG05,Running,,0
2026-10-09T14:33:24Z,Packaging,PKG05,Down,Starved - Upstream,7.8
2026-10-09T14:41:11Z,Packaging,PKG05,Running,,0
2026-10-09T15:35:19Z,Packaging,PKG05,Down,Blocked - Downstream,4.7
2026-10-09T15:40:01Z,Packaging,PKG05,Running,,0
2026-10-09T16:40:03Z,Packaging,PKG05,Down,Starved - Upstream,10.5
2026-10-09T16:50:30Z,Packaging,PKG05,Running,,0
2026-10-09T17:20:10Z,Packaging,PKG05,Down,Jam,9.1
2026-10-09T17:29:18Z,Packaging,PKG05,Running,,0
2026-10-09T18:38:45Z,Packaging,PKG05,Down,No Operator,19.6
2026-10-09T18:58:22Z,Packaging,PKG05,Running,,0
2026-10-09T19:27:52Z,Packaging,PKG05,Down,Blocked - Downstream,6.6
2026-10-09T19:34:27Z,Packaging,PKG05,Running,,0
2026-10-09T20:49:26Z,Packaging,PKG05,Down,Jam,22.2
2026-10-09T21:11:37Z,Packaging,PKG05,Running,,0
2026-10-09T22:43:48Z,Packaging,PKG05,Down,No Operator,26.2
2026-10-09T23:09:58Z,Packaging,PKG05,Running,,0
2026-10-10T00:09:43Z,Packaging,PKG05,Down,Change Over - Line clearance,54.8
2026-10-10T01:04:30Z,Packaging,PKG05,Running,,0
2026-10-10T01:42:47Z,Packaging,PKG05,Down,Jam,22.3
2026-10-10T02:05:06Z,Packaging,PKG05,Running,,0
2026-10-10T02:58:07Z,Packaging,PKG05,Down,Starved - Upstream,5.3
2026-10-10T03:00:00Z,Packaging,PKG05,Down,Outside production hours,0
2026-10-10T11:25:10Z,Packaging,PKG05,Down,Change Over - Line clearance,78.2
2026-10-10T12:43:21Z,Packaging,PKG05,Running,,0
2026-10-10T13:10:33Z,Packaging,PKG05,Down,Quality Hold,15.1
2026-10-10T13:25:38Z,Packaging,PKG05,Running,,0
2026-10-10T14:20:34Z,Packaging,PKG05,Down,E-Stop,8.7
2026-10-10T14:29:17Z,Packaging,PKG05,Running,,0
2026-10-10T14:58:47Z,Packaging,PKG05,Down,Blocked - Downstream,10.7
2026-10-10T15:09:27Z,Packaging,PKG05,Running,,0
2026-10-10T15:48:46Z,Packaging,PKG05,Down,Quality Hold,15.8
2026-10-10T16:04:31Z,Packaging,PKG05,Running,,0
2026-10-10T17:13:29Z,Packaging,PKG05,Down,Jam,18.8
2026-10-10T17:32:19Z,Packaging,PKG05,Running,,0
2026-10-10T18:43:36Z,Packaging,PKG05,Down,Change Over - Line clearance,30.9
2026-10-10T19:14:31Z,Packaging,PKG05,Running,,0
2026-10-10T20:37:36Z,Packaging,PKG05,Down,Change Over - Line clearance,37.7
2026-10-10T21:15:19Z,Packaging,PKG05,Running,,0
2026-10-10T22:42:11Z,Packaging,PKG05,Down,Change Over - Line clearance,63.4
2026-10-10T23:45:37Z,Packaging,PKG05,Running,,0
2026-10-11T01:06:26Z,Packaging,PKG05,Down,Change Over - Line clearance,64.9
2026-10-11T02:11:18Z,Packaging,PKG05,Running,,0
2026-10-11T02:54:45Z,Packaging,PKG05,Down,Jam,17.4
2026-10-11T03:00:00Z,Packaging,PKG05,Down,Outside production hours,0
2026-10-12T11:43:18Z,Packaging,PKG05,Down,Quality Hold,23.0
2026-10-12T12:06:20Z,Packaging,PKG05,Running,,0
2026-10-12T13:36:01Z,Packaging,PKG05,Down,Change Over - Line clearance,66.5
2026-10-12T14:42:31Z,Packaging,PKG05,Running,,0
2026-10-12T15:26:56Z,Packaging,PKG05,Down,Starved - Upstream,6.4
2026-10-12T15:33:21Z,Packaging,PKG05,Running,,0
2026-10-12T16:06:14Z,Packaging,PKG05,Down,Jam,9.2
2026-10-12T16:15:24Z,Packaging,PKG05,Running,,0
2026-10-12T17:39:58Z,Packaging,PKG05,Down,Change Over - Line clearance,29.4
2026-10-12T18:09:25Z,Packaging,PKG05,Running,,0
2026-10-12T18:51:51Z,Packaging,PKG05,Down,Change Over - Line clearance,72.1
2026-10-12T20:03:57Z,Packaging,PKG05,Running,,0
2026-10-12T21:31:17Z,Packaging,PKG05,Down,Jam,17.0
2026-10-12T21:48:18Z,Packaging,PKG05,Running,,0
2026-10-12T22:27:40Z,Packaging,PKG05,Down,Change Over - Line clearance,72.8
2026-10-12T23:40:30Z,Packaging,PKG05,Running,,0
2026-10-13T00:35:37Z,Packaging,PKG05,Down,Change Over - Line clearance,74.0
2026-10-13T01:49:38Z,Packaging,PKG05,Running,,0
2026-10-13T02:50:05Z,Packaging,PKG05,Down,Jam,23.6
2026-10-13T03:00:00Z,Packaging,PKG05,Down,Outside production hours,0
2026-10-13T11:19:05Z,Packaging,PKG05,Down,Jam,21.0
2026-10-13T11:40:06Z,Packaging,PKG05,Running,,0
2026-10-13T13:12:57Z,Packaging,PKG05,Down,No Operator,12.6
2026-10-13T13:25:34Z,Packaging,PKG05,Running,,0
2026-10-13T14:09:43Z,Packaging,PKG05,Down,Starved - Upstream,6.0
2026-10-13T14:15:41Z,Packaging,PKG05,Running,,0
2026-10-13T14:52:04Z,Packaging,PKG05,Down,Change Over - Line clearance,77.9
2026-10-13T16:09:57Z,Packaging,PKG05,Running,,0
2026-10-13T17:02:24Z,Packaging,PKG05,Down,E-Stop,5.4
2026-10-13T17:07:48Z,Packaging,PKG05,Running,,0
2026-10-13T18:06:09Z,Packaging,PKG05,Down,Change Over - Line clearance,67.0
2026-10-13T19:13:08Z,Packaging,PKG05,Running,,0
2026-10-13T20:06:42Z,Packaging,PKG05,Down,Starved - Upstream,18.2
2026-10-13T20:24:54Z,Packaging,PKG05,Running,,0
2026-10-13T21:49:32Z,Packaging,PKG05,Down,Change Over - Line clearance,27.6
2026-10-13T22:17:11Z,Packaging,PKG05,Running,,0
2026-10-13T23:34:05Z,Packaging,PKG05,Down,No Operator,22.4
2026-10-13T23:56:28Z,Packaging,PKG05,Running,,0
2026-10-14T00:23:13Z,Packaging,PKG05,Down,Jam,11.6
2026-10-14T00:34:48Z,Packaging,PKG05,Running,,0
2026-10-14T01:20:43Z,Packaging,PKG05,Down,Change Over - Line clearance,30.4
2026-10-14T01:51:07Z,Packaging,PKG05,Running,,0
2026-10-14T02:57:37Z,Packaging,PKG05,Down,Quality Hold,30.8
2026-10-14T03:00:00Z,Packaging,PKG05,Down,Outside production hours,0
2026-10-14T11:42:45Z,Packaging,PKG05,Down,Change Over - Line clearance,49.7
2026-10-14T12:32:29Z,Packaging,PKG05,Running,,0
2026-10-14T14:05:50Z,Packaging,PKG05,Down,Jam,23.1
2026-10-14T14:28:54Z,Packaging,PKG05,Running,,0
2026-10-14T15:36:27Z,Packaging,PKG05,Down,Blocked - Downstream,4.1
2026-10-14T15:40:35Z,Packaging,PKG05,Running,,0
2026-10-14T16:28:26Z,Packaging,PKG05,Down,Change Over - Line clearance,56.8
2026-10-14T17:25:12Z,Packaging,PKG05,Running,,0
2026-10-14T17:56:41Z,Packaging,PKG05,Down,Jam,5.0
2026-10-14T18:01:44Z,Packaging,PKG05,Running,,0
2026-10-14T18:50:34Z,Packaging,PKG05,Down,Change Over - Line clearance,53.4
2026-10-14T19:43:55Z,Packaging,PKG05,Running,,0
2026-10-14T20:14:00Z,Packaging,PKG05,Down,Starved - Upstream,7.0
2026-10-14T20:21:01Z,Packaging,PKG05,Running,,0
2026-10-14T21:48:09Z,Packaging,PKG05,Down,Quality Hold,20.7
2026-10-14T22:08:54Z,Packaging,PKG05,Running,,0
2026-10-14T22:56:07Z,Packaging,PKG05,Down,Change Over - Line clearance,47.0
2026-10-14T23:43:05Z,Packaging,PKG05,Running,,0
2026-10-15T01:15:55Z,Packaging,PKG05,Down,Change Over - Line clearance,63.4
2026-10-15T02:19:20Z,Packaging,PKG05,Running,,0
2026-10-15T03:00:00Z,Packaging,PKG05,Down,Outside production hours,0
2026-10-15T11:24:20Z,Packaging,PKG05,Running,,0
2026-10-15T12:51:31Z,Packaging,PKG05,Down,Jam,16.7
2026-10-15T13:08:13Z,Packaging,PKG05,Running,,0
2026-10-15T14:35:57Z,Packaging,PKG05,Down,Jam,11.0
2026-10-15T14:46:57Z,Packaging,PKG05,Running,,0
2026-10-15T15:43:22Z,Packaging,PKG05,Down,Blocked - Downstream,4.3
2026-10-15T15:47:39Z,Packaging,PKG05,Running,,0
2026-10-15T16:42:08Z,Packaging,PKG05,Down,Change Over - Line clearance,43.8
2026-10-15T17:25:56Z,Packaging,PKG05,Running,,0
2026-10-15T18:27:12Z,Packaging,PKG05,Down,Blocked - Downstream,13.0
2026-10-15T18:40:11Z,Packaging,PKG05,Running,,0
2026-10-15T19:50:23Z,Packaging,PKG05,Down,Jam,19.3
2026-10-15T20:09:42Z,Packaging,PKG05,Running,,0
2026-10-15T20:42:14Z,Packaging,PKG05,Down,Jam,23.4
2026-10-15T21:05:37Z,Packaging,PKG05,Running,,0
2026-10-15T22:20:15Z,Packaging,PKG05,Down,No Operator,28.4
2026-10-15T22:48:40Z,Packaging,PKG05,Running,,0
2026-10-15T23:53:43Z,Packaging,PKG05,Down,Change Over - Line clearance,53.6
2026-10-16T00:47:17Z,Packaging,PKG05,Running,,0
2026-10-16T01:33:49Z,Packaging,PKG05,Down,Quality Hold,41.8
2026-10-16T02:15:36Z,Packaging,PKG05,Running,,0
2026-10-16T02:48:05Z,Packaging,PKG05,Down,Change Over - Line clearance,52.4
2026-10-16T03:00:00Z,Packaging,PKG05,Down,Outside production hours,0
2026-09-25T11:15:54Z,Packaging,PKG06,Down,Jam,4.5
2026-09-25T11:20:21Z,Packaging,PKG06,Running,,0
2026-09-25T12:13:33Z,Packaging,PKG06,Down,Blocked - Downstream,7.4
2026-09-25T12:20:57Z,Packaging,PKG06,Running,,0
2026-09-25T13:20:26Z,Packaging,PKG06,Down,E-Stop,5.1
2026-09-25T13:25:30Z,Packaging,PKG06,Running,,0
2026-09-25T14:28:38Z,Packaging,PKG06,Down,No Operator,11.2
2026-09-25T14:39:48Z,Packaging,PKG06,Running,,0
2026-09-25T15:16:15Z,Packaging,PKG06,Down,No Operator,17.0
2026-09-25T15:33:16Z,Packaging,PKG06,Running,,0
2026-09-25T16:39:36Z,Packaging,PKG06,Down,Starved - Upstream,17.0
2026-09-25T16:56:35Z,Packaging,PKG06,Running,,0
2026-09-25T18:14:11Z,Packaging,PKG06,Down,Blocked - Downstream,11.6
2026-09-25T18:25:47Z,Packaging,PKG06,Running,,0
2026-09-25T19:33:36Z,Packaging,PKG06,Down,E-Stop,11.3
2026-09-25T19:44:57Z,Packaging,PKG06,Running,,0
2026-09-25T20:24:13Z,Packaging,PKG06,Down,Scheduled Downtime,162.5
2026-09-25T23:06:42Z,Packaging,PKG06,Running,,0
2026-09-25T23:34:41Z,Packaging,PKG06,Down,Jam,24.8
2026-09-25T23:59:32Z,Packaging,PKG06,Running,,0
2026-09-26T00:38:49Z,Packaging,PKG06,Down,Jam,23.8
2026-09-26T01:02:37Z,Packaging,PKG06,Running,,0
2026-09-26T01:34:40Z,Packaging,PKG06,Down,Starved - Upstream,18.8
2026-09-26T01:53:28Z,Packaging,PKG06,Running,,0
2026-09-26T03:00:00Z,Packaging,PKG06,Down,Outside production hours,0
2026-09-26T11:32:58Z,Packaging,PKG06,Down,Starved - Upstream,12.9
2026-09-26T11:45:51Z,Packaging,PKG06,Running,,0
2026-09-26T12:48:08Z,Packaging,PKG06,Down,Jam,19.7
2026-09-26T13:07:51Z,Packaging,PKG06,Running,,0
2026-09-26T14:10:47Z,Packaging,PKG06,Down,Change Over - Line clearance,70.8
2026-09-26T15:21:33Z,Packaging,PKG06,Running,,0
2026-09-26T16:47:35Z,Packaging,PKG06,Down,Starved - Upstream,19.9
2026-09-26T17:07:29Z,Packaging,PKG06,Running,,0
2026-09-26T18:38:34Z,Packaging,PKG06,Down,Blocked - Downstream,12.2
2026-09-26T18:50:45Z,Packaging,PKG06,Running,,0
2026-09-26T19:54:46Z,Packaging,PKG06,Down,Jam,5.9
2026-09-26T20:00:41Z,Packaging,PKG06,Running,,0
2026-09-26T21:29:00Z,Packaging,PKG06,Down,Change Over - Line clearance,26.9
2026-09-26T21:55:54Z,Packaging,PKG06,Running,,0
2026-09-26T22:44:57Z,Packaging,PKG06,Down,Jam,5.3
2026-09-26T22:50:13Z,Packaging,PKG06,Running,,0
2026-09-26T23:50:21Z,Packaging,PKG06,Down,Scheduled Downtime,153.2
2026-09-27T02:23:34Z,Packaging,PKG06,Running,,0
2026-09-27T03:00:00Z,Packaging,PKG06,Down,Outside production hours,0
2026-09-28T11:02:36Z,Packaging,PKG06,Running,,0
2026-09-28T12:24:51Z,Packaging,PKG06,Down,Blocked - Downstream,10.4
2026-09-28T12:35:15Z,Packaging,PKG06,Running,,0
2026-09-28T13:18:38Z,Packaging,PKG06,Down,Jam,21.1
2026-09-28T13:39:44Z,Packaging,PKG06,Running,,0
2026-09-28T14:07:05Z,Packaging,PKG06,Down,Change Over - Line clearance,86.3
2026-09-28T15:33:24Z,Packaging,PKG06,Running,,0
2026-09-28T16:12:42Z,Packaging,PKG06,Down,Jam,17.4
2026-09-28T16:30:06Z,Packaging,PKG06,Running,,0
2026-09-28T17:32:52Z,Packaging,PKG06,Down,Jam,9.5
2026-09-28T17:42:20Z,Packaging,PKG06,Running,,0
2026-09-28T18:39:25Z,Packaging,PKG06,Down,Change Over - Line clearance,84.0
2026-09-28T20:03:22Z,Packaging,PKG06,Running,,0
2026-09-28T21:11:44Z,Packaging,PKG06,Down,Jam,11.5
2026-09-28T21:23:12Z,Packaging,PKG06,Running,,0
2026-09-28T22:16:01Z,Packaging,PKG06,Down,Jam,10.5
2026-09-28T22:26:32Z,Packaging,PKG06,Running,,0
2026-09-28T23:54:37Z,Packaging,PKG06,Down,Jam,4.6
2026-09-28T23:59:12Z,Packaging,PKG06,Running,,0
2026-09-29T00:34:49Z,Packaging,PKG06,Down,Jam,14.4
2026-09-29T00:49:14Z,Packaging,PKG06,Running,,0
2026-09-29T02:16:08Z,Packaging,PKG06,Down,Starved - Upstream,6.7
2026-09-29T02:22:47Z,Packaging,PKG06,Running,,0
2026-09-29T03:00:00Z,Packaging,PKG06,Down,Outside production hours,0
2026-09-29T12:09:30Z,Packaging,PKG06,Down,Change Over - Line clearance,85.6
2026-09-29T13:35:06Z,Packaging,PKG06,Running,,0
2026-09-29T14:20:36Z,Packaging,PKG06,Down,Starved - Upstream,13.5
2026-09-29T14:34:06Z,Packaging,PKG06,Running,,0
2026-09-29T15:50:07Z,Packaging,PKG06,Down,Quality Hold,35.2
2026-09-29T16:25:22Z,Packaging,PKG06,Running,,0
2026-09-29T17:04:04Z,Packaging,PKG06,Down,E-Stop,3.1
2026-09-29T17:07:13Z,Packaging,PKG06,Running,,0
2026-09-29T18:40:41Z,Packaging,PKG06,Down,Quality Hold,22.2
2026-09-29T19:02:50Z,Packaging,PKG06,Running,,0
2026-09-29T20:21:42Z,Packaging,PKG06,Down,No Operator,14.5
2026-09-29T20:36:14Z,Packaging,PKG06,Running,,0
2026-09-29T21:45:04Z,Packaging,PKG06,Down,Change Over - Line clearance,83.9
2026-09-29T23:08:57Z,Packaging,PKG06,Running,,0
2026-09-30T00:26:02Z,Packaging,PKG06,Down,Blocked - Downstream,10.9
2026-09-30T00:36:53Z,Packaging,PKG06,Running,,0
2026-09-30T01:03:53Z,Packaging,PKG06,Down,Starved - Upstream,18.2
2026-09-30T01:22:04Z,Packaging,PKG06,Running,,0
2026-09-30T02:32:53Z,Packaging,PKG06,Down,Jam,8.8
2026-09-30T02:41:39Z,Packaging,PKG06,Running,,0
2026-09-30T03:00:00Z,Packaging,PKG06,Down,Outside production hours,0
2026-09-30T11:39:10Z,Packaging,PKG06,Down,Jam,6.4
2026-09-30T11:45:35Z,Packaging,PKG06,Running,,0
2026-09-30T13:09:44Z,Packaging,PKG06,Down,Change Over - Line clearance,87.7
2026-09-30T14:37:26Z,Packaging,PKG06,Running,,0
2026-09-30T15:55:57Z,Packaging,PKG06,Down,Jam,20.8
2026-09-30T16:16:45Z,Packaging,PKG06,Running,,0
2026-09-30T17:21:29Z,Packaging,PKG06,Down,Quality Hold,42.2
2026-09-30T18:03:39Z,Packaging,PKG06,Running,,0
2026-09-30T18:52:31Z,Packaging,PKG06,Down,E-Stop,5.8
2026-09-30T18:58:18Z,Packaging,PKG06,Running,,0
2026-09-30T19:58:20Z,Packaging,PKG06,Down,Jam,11.7
2026-09-30T20:10:01Z,Packaging,PKG06,Running,,0
2026-09-30T20:53:35Z,Packaging,PKG06,Down,Blocked - Downstream,4.2
2026-09-30T20:57:49Z,Packaging,PKG06,Running,,0
2026-09-30T22:20:19Z,Packaging,PKG06,Down,Starved - Upstream,17.2
2026-09-30T22:37:32Z,Packaging,PKG06,Running,,0
2026-09-30T23:06:01Z,Packaging,PKG06,Down,Change Over - Line clearance,83.4
2026-10-01T00:29:24Z,Packaging,PKG06,Running,,0
2026-10-01T01:09:35Z,Packaging,PKG06,Down,Blocked - Downstream,11.8
2026-10-01T01:21:22Z,Packaging,PKG06,Running,,0
2026-10-01T02:27:44Z,Packaging,PKG06,Down,Change Over - Line clearance,67.0
2026-10-01T03:00:00Z,Packaging,PKG06,Down,Outside production hours,0
2026-10-01T11:03:59Z,Packaging,PKG06,Running,,0
2026-10-01T12:37:06Z,Packaging,PKG06,Down,E-Stop,3.1
2026-10-01T12:40:13Z,Packaging,PKG06,Running,,0
2026-10-01T13:09:29Z,Packaging,PKG06,Down,Jam,17.8
2026-10-01T13:27:19Z,Packaging,PKG06,Running,,0
2026-10-01T14:15:44Z,Packaging,PKG06,Down,Change Over - Line clearance,54.1
2026-10-01T15:09:52Z,Packaging,PKG06,Running,,0
2026-10-01T15:55:23Z,Packaging,PKG06,Down,No Operator,12.5
2026-10-01T16:07:55Z,Packaging,PKG06,Running,,0
2026-10-01T17:15:57Z,Packaging,PKG06,Down,No Operator,22.4
2026-10-01T17:38:22Z,Packaging,PKG06,Running,,0
2026-10-01T18:52:09Z,Packaging,PKG06,Down,Starved - Upstream,9.5
2026-10-01T19:01:40Z,Packaging,PKG06,Running,,0
2026-10-01T19:52:37Z,Packaging,PKG06,Down,Quality Hold,43.4
2026-10-01T20:35:58Z,Packaging,PKG06,Running,,0
2026-10-01T21:24:00Z,Packaging,PKG06,Down,Jam,11.8
2026-10-01T21:35:45Z,Packaging,PKG06,Running,,0
2026-10-01T23:07:07Z,Packaging,PKG06,Down,Jam,18.4
2026-10-01T23:25:31Z,Packaging,PKG06,Running,,0
2026-10-02T00:41:24Z,Packaging,PKG06,Down,Jam,16.7
2026-10-02T00:58:07Z,Packaging,PKG06,Running,,0
2026-10-02T01:30:24Z,Packaging,PKG06,Down,Change Over - Line clearance,25.5
2026-10-02T01:55:51Z,Packaging,PKG06,Running,,0
2026-10-02T02:51:51Z,Packaging,PKG06,Down,Starved - Upstream,7.4
2026-10-02T02:59:17Z,Packaging,PKG06,Running,,0
2026-10-02T03:00:00Z,Packaging,PKG06,Down,Outside production hours,0
2026-10-02T11:10:33Z,Packaging,PKG06,Running,,0
2026-10-02T12:13:23Z,Packaging,PKG06,Down,Jam,15.7
2026-10-02T12:29:07Z,Packaging,PKG06,Running,,0
2026-10-02T13:37:47Z,Packaging,PKG06,Down,Jam,21.5
2026-10-02T13:59:14Z,Packaging,PKG06,Running,,0
2026-10-02T14:59:46Z,Packaging,PKG06,Down,Jam,10.6
2026-10-02T15:10:21Z,Packaging,PKG06,Running,,0
2026-10-02T16:02:27Z,Packaging,PKG06,Down,Change Over - Line clearance,43.7
2026-10-02T16:46:12Z,Packaging,PKG06,Running,,0
2026-10-02T18:11:58Z,Packaging,PKG06,Down,Starved - Upstream,19.9
2026-10-02T18:31:50Z,Packaging,PKG06,Running,,0
2026-10-02T19:51:08Z,Packaging,PKG06,Down,Jam,25.0
2026-10-02T20:16:07Z,Packaging,PKG06,Running,,0
2026-10-02T21:46:13Z,Packaging,PKG06,Down,Starved - Upstream,12.1
2026-10-02T21:58:21Z,Packaging,PKG06,Running,,0
2026-10-02T22:58:29Z,Packaging,PKG06,Down,Change Over - Line clearance,75.0
2026-10-03T00:13:29Z,Packaging,PKG06,Running,,0
2026-10-03T01:21:58Z,Packaging,PKG06,Down,Jam,20.4
2026-10-03T01:42:21Z,Packaging,PKG06,Running,,0
2026-10-03T02:24:12Z,Packaging,PKG06,Down,Jam,19.7
2026-10-03T02:43:54Z,Packaging,PKG06,Running,,0
2026-10-03T03:00:00Z,Packaging,PKG06,Down,Outside production hours,0
2026-10-03T11:32:30Z,Packaging,PKG06,Running,,0
2026-10-03T12:17:01Z,Packaging,PKG06,Down,Jam,5.8
2026-10-03T12:22:52Z,Packaging,PKG06,Running,,0
2026-10-03T12:48:16Z,Packaging,PKG06,Down,Starved - Upstream,14.2
2026-10-03T13:02:30Z,Packaging,PKG06,Running,,0
2026-10-03T13:44:59Z,Packaging,PKG06,Down,No Operator,20.4
2026-10-03T14:05:22Z,Packaging,PKG06,Running,,0
2026-10-03T14:32:26Z,Packaging,PKG06,Down,Jam,10.4
2026-10-03T14:42:51Z,Packaging,PKG06,Running,,0
2026-10-03T15:59:07Z,Packaging,PKG06,Down,Jam,4.3
2026-10-03T16:03:23Z,Packaging,PKG06,Running,,0
2026-10-03T17:25:37Z,Packaging,PKG06,Down,Change Over - Line clearance,71.1
2026-10-03T18:36:45Z,Packaging,PKG06,Running,,0
2026-10-03T20:09:28Z,Packaging,PKG06,Down,Blocked - Downstream,7.2
2026-10-03T20:16:38Z,Packaging,PKG06,Running,,0
2026-10-03T20:49:54Z,Packaging,PKG06,Down,Blocked - Downstream,4.2
2026-10-03T20:54:03Z,Packaging,PKG06,Running,,0
2026-10-03T22:07:42Z,Packaging,PKG06,Down,Blocked - Downstream,7.7
2026-10-03T22:15:23Z,Packaging,PKG06,Running,,0
2026-10-03T23:02:56Z,Packaging,PKG06,Down,Jam,24.5
2026-10-03T23:27:26Z,Packaging,PKG06,Running,,0
2026-10-04T00:13:18Z,Packaging,PKG06,Down,Jam,18.8
2026-10-04T00:32:09Z,Packaging,PKG06,Running,,0
2026-10-04T00:57:57Z,Packaging,PKG06,Down,Scheduled Downtime,146.3
2026-10-04T03:00:00Z,Packaging,PKG06,Down,Outside production hours,0
2026-10-05T12:27:04Z,Packaging,PKG06,Down,Change Over - Line clearance,80.4
2026-10-05T13:47:30Z,Packaging,PKG06,Running,,0
2026-10-05T14:31:19Z,Packaging,PKG06,Down,Change Over - Line clearance,79.5
2026-10-05T15:50:50Z,Packaging,PKG06,Running,,0
2026-10-05T16:59:25Z,Packaging,PKG06,Down,Change Over - Line clearance,85.2
2026-10-05T18:24:36Z,Packaging,PKG06,Running,,0
2026-10-05T19:24:46Z,Packaging,PKG06,Down,Starved - Upstream,19.1
2026-10-05T19:43:52Z,Packaging,PKG06,Running,,0
2026-10-05T21:02:42Z,Packaging,PKG06,Down,Change Over - Line clearance,36.8
2026-10-05T21:39:29Z,Packaging,PKG06,Running,,0
2026-10-05T23:02:12Z,Packaging,PKG06,Down,Jam,22.9
2026-10-05T23:25:07Z,Packaging,PKG06,Running,,0
2026-10-06T00:30:06Z,Packaging,PKG06,Down,Blocked - Downstream,11.1
2026-10-06T00:41:12Z,Packaging,PKG06,Running,,0
2026-10-06T01:34:26Z,Packaging,PKG06,Down,Starved - Upstream,17.5
2026-10-06T01:51:57Z,Packaging,PKG06,Running,,0
2026-10-06T03:00:00Z,Packaging,PKG06,Down,Outside production hours,0
2026-10-06T11:52:58Z,Packaging,PKG06,Down,Blocked - Downstream,13.8
2026-10-06T12:06:43Z,Packaging,PKG06,Running,,0
2026-10-06T13:05:59Z,Packaging,PKG06,Down,Starved - Upstream,16.6
2026-10-06T13:22:33Z,Packaging,PKG06,Running,,0
2026-10-06T14:55:30Z,Packaging,PKG06,Down,Jam,17.0
2026-10-06T15:12:30Z,Packaging,PKG06,Running,,0
2026-10-06T16:20:51Z,Packaging,PKG06,Down,Starved - Upstream,11.7
2026-10-06T16:32:35Z,Packaging,PKG06,Running,,0
2026-10-06T17:45:24Z,Packaging,PKG06,Down,Starved - Upstream,10.4
2026-10-06T17:55:49Z,Packaging,PKG06,Running,,0
2026-10-06T18:59:33Z,Packaging,PKG06,Down,Starved - Upstream,13.9
2026-10-06T19:13:29Z,Packaging,PKG06,Running,,0
2026-10-06T19:42:29Z,Packaging,PKG06,Down,Change Over - Line clearance,75.2
2026-10-06T20:57:40Z,Packaging,PKG06,Running,,0
2026-10-06T22:18:49Z,Packaging,PKG06,Down,Change Over - Line clearance,81.0
2026-10-06T23:39:47Z,Packaging,PKG06,Running,,0
2026-10-07T00:21:36Z,Packaging,PKG06,Down,Change Over - Line clearance,48.5
2026-10-07T01:10:06Z,Packaging,PKG06,Running,,0
2026-10-07T02:41:19Z,Packaging,PKG06,Down,Starved - Upstream,13.7
2026-10-07T02:55:01Z,Packaging,PKG06,Running,,0
2026-10-07T03:00:00Z,Packaging,PKG06,Down,Outside production hours,0
2026-10-07T11:01:42Z,Packaging,PKG06,Down,Jam,9.1
2026-10-07T11:10:45Z,Packaging,PKG06,Running,,0
2026-10-07T11:42:35Z,Packaging,PKG06,Down,Jam,6.1
2026-10-07T11:48:39Z,Packaging,PKG06,Running,,0
2026-10-07T12:30:37Z,Packaging,PKG06,Down,Change Over - Line clearance,57.2
2026-10-07T13:27:50Z,Packaging,PKG06,Running,,0
2026-10-07T14:52:03Z,Packaging,PKG06,Down,Jam,21.5
2026-10-07T15:13:35Z,Packaging,PKG06,Running,,0
2026-10-07T16:20:42Z,Packaging,PKG06,Down,No Operator,23.3
2026-10-07T16:43:57Z,Packaging,PKG06,Running,,0
2026-10-07T17:48:54Z,Packaging,PKG06,Down,Jam,14.9
2026-10-07T18:03:46Z,Packaging,PKG06,Running,,0
2026-10-07T18:41:29Z,Packaging,PKG06,Down,Blocked - Downstream,10.2
2026-10-07T18:51:38Z,Packaging,PKG06,Running,,0
2026-10-07T20:03:22Z,Packaging,PKG06,Down,Change Over - Line clearance,73.4
2026-10-07T21:16:49Z,Packaging,PKG06,Running,,0
2026-10-07T22:13:28Z,Packaging,PKG06,Down,Starved - Upstream,13.5
2026-10-07T22:27:00Z,Packaging,PKG06,Running,,0
2026-10-07T23:01:16Z,Packaging,PKG06,Down,Jam,20.1
2026-10-07T23:21:24Z,Packaging,PKG06,Running,,0
2026-10-07T23:53:21Z,Packaging,PKG06,Down,No Operator,15.6
2026-10-08T00:08:54Z,Packaging,PKG06,Running,,0
2026-10-08T01:08:54Z,Packaging,PKG06,Down,Jam,5.1
2026-10-08T01:13:59Z,Packaging,PKG06,Running,,0
2026-10-08T02:45:18Z,Packaging,PKG06,Down,Starved - Upstream,19.2
2026-10-08T03:00:00Z,Packaging,PKG06,Down,Outside production hours,0
2026-10-08T11:15:16Z,Packaging,PKG06,Down,No Operator,8.6
2026-10-08T11:23:50Z,Packaging,PKG06,Running,,0
2026-10-08T12:22:41Z,Packaging,PKG06,Down,Blocked - Downstream,5.8
2026-10-08T12:28:29Z,Packaging,PKG06,Running,,0
2026-10-08T13:01:45Z,Packaging,PKG06,Down,Quality Hold,22.9
2026-10-08T13:24:41Z,Packaging,PKG06,Running,,0
2026-10-08T14:41:40Z,Packaging,PKG06,Down,Jam,13.7
2026-10-08T14:55:25Z,Packaging,PKG06,Running,,0
2026-10-08T15:42:32Z,Packaging,PKG06,Down,Blocked - Downstream,12.3
2026-10-08T15:54:49Z,Packaging,PKG06,Running,,0
2026-10-08T16:45:21Z,Packaging,PKG06,Down,Blocked - Downstream,6.3
2026-10-08T16:51:39Z,Packaging,PKG06,Running,,0
2026-10-08T18:17:23Z,Packaging,PKG06,Down,Jam,7.3
2026-10-08T18:24:43Z,Packaging,PKG06,Running,,0
2026-10-08T19:54:47Z,Packaging,PKG06,Down,Jam,16.6
2026-10-08T20:11:22Z,Packaging,PKG06,Running,,0
2026-10-08T21:23:36Z,Packaging,PKG06,Down,Scheduled Downtime,232.2
2026-10-09T01:15:51Z,Packaging,PKG06,Running,,0
2026-10-09T02:34:19Z,Packaging,PKG06,Down,Starved - Upstream,13.5
2026-10-09T02:47:52Z,Packaging,PKG06,Running,,0
2026-10-09T03:00:00Z,Packaging,PKG06,Down,Outside production hours,0
2026-10-09T11:15:28Z,Packaging,PKG06,Down,Change Over - Line clearance,34.4
2026-10-09T11:49:49Z,Packaging,PKG06,Running,,0
2026-10-09T13:01:54Z,Packaging,PKG06,Down,Starved - Upstream,18.6
2026-10-09T13:20:30Z,Packaging,PKG06,Running,,0
2026-10-09T14:01:50Z,Packaging,PKG06,Down,Jam,24.3
2026-10-09T14:26:10Z,Packaging,PKG06,Running,,0
2026-10-09T15:31:25Z,Packaging,PKG06,Down,Jam,23.6
2026-10-09T15:54:59Z,Packaging,PKG06,Running,,0
2026-10-09T16:34:26Z,Packaging,PKG06,Down,Change Over - Line clearance,32.3
2026-10-09T17:06:43Z,Packaging,PKG06,Running,,0
2026-10-09T17:49:54Z,Packaging,PKG06,Down,E-Stop,9.4
2026-10-09T17:59:19Z,Packaging,PKG06,Running,,0
2026-10-09T18:49:03Z,Packaging,PKG06,Down,No Operator,23.5
2026-10-09T19:12:30Z,Packaging,PKG06,Running,,0
2026-10-09T20:47:12Z,Packaging,PKG06,Down,Starved - Upstream,5.6
2026-10-09T20:52:47Z,Packaging,PKG06,Running,,0
2026-10-09T21:56:53Z,Packaging,PKG06,Down,Jam,14.4
2026-10-09T22:11:19Z,Packaging,PKG06,Running,,0
2026-10-09T23:17:31Z,Packaging,PKG06,Down,Jam,24.8
2026-10-09T23:42:18Z,Packaging,PKG06,Running,,0
2026-10-10T00:28:16Z,Packaging,PKG06,Down,E-Stop,8.0
2026-10-10T00:36:18Z,Packaging,PKG06,Running,,0
2026-10-10T01:54:13Z,Packaging,PKG06,Down,Blocked - Downstream,7.4
2026-10-10T02:01:37Z,Packaging,PKG06,Running,,0
2026-10-10T02:54:20Z,Packaging,PKG06,Down,Starved - Upstream,18.7
2026-10-10T03:00:00Z,Packaging,PKG06,Down,Outside production hours,0
2026-10-10T11:26:47Z,Packaging,PKG06,Down,Blocked - Downstream,12.3
2026-10-10T11:39:08Z,Packaging,PKG06,Running,,0
2026-10-10T12:38:28Z,Packaging,PKG06,Down,Starved - Upstream,7.8
2026-10-10T12:46:17Z,Packaging,PKG06,Running,,0
2026-10-10T13:39:56Z,Packaging,PKG06,Down,Starved - Upstream,19.1
2026-10-10T13:59:01Z,Packaging,PKG06,Running,,0
2026-10-10T15:20:31Z,Packaging,PKG06,Down,Quality Hold,39.2
2026-10-10T15:59:44Z,Packaging,PKG06,Running,,0
2026-10-10T17:22:49Z,Packaging,PKG06,Down,Scheduled Downtime,204.9
2026-10-10T20:47:41Z,Packaging,PKG06,Running,,0
2026-10-10T21:30:25Z,Packaging,PKG06,Down,Jam,7.2
2026-10-10T21:37:36Z,Packaging,PKG06,Running,,0
2026-10-10T23:07:34Z,Packaging,PKG06,Down,Starved - Upstream,11.6
2026-10-10T23:19:08Z,Packaging,PKG06,Running,,0
2026-10-11T00:38:53Z,Packaging,PKG06,Down,Starved - Upstream,19.1
2026-10-11T00:58:01Z,Packaging,PKG06,Running,,0
2026-10-11T01:44:26Z,Packaging,PKG06,Down,Jam,10.0
2026-10-11T01:54:28Z,Packaging,PKG06,Running,,0
2026-10-11T02:41:36Z,Packaging,PKG06,Down,Scheduled Downtime,144.0
2026-10-11T03:00:00Z,Packaging,PKG06,Down,Outside production hours,0
2026-10-12T11:14:39Z,Packaging,PKG06,Running,,0
2026-10-12T12:17:36Z,Packaging,PKG06,Down,Change Over - Line clearance,73.1
2026-10-12T13:30:42Z,Packaging,PKG06,Running,,0
2026-10-12T15:04:20Z,Packaging,PKG06,Down,Starved - Upstream,19.0
2026-10-12T15:23:23Z,Packaging,PKG06,Running,,0
2026-10-12T15:50:24Z,Packaging,PKG06,Down,Scheduled Downtime,75.0
2026-10-12T17:05:22Z,Packaging,PKG06,Running,,0
2026-10-12T17:47:22Z,Packaging,PKG06,Down,No Operator,9.0
2026-10-12T17:56:23Z,Packaging,PKG06,Running,,0
2026-10-12T19:02:52Z,Packaging,PKG06,Down,Blocked - Downstream,8.2
2026-10-12T19:11:06Z,Packaging,PKG06,Running,,0
2026-10-12T19:38:46Z,Packaging,PKG06,Down,Blocked - Downstream,14.6
2026-10-12T19:53:21Z,Packaging,PKG06,Running,,0
2026-10-12T21:22:56Z,Packaging,PKG06,Down,Jam,8.3
2026-10-12T21:31:13Z,Packaging,PKG06,Running,,0
2026-10-12T22:22:27Z,Packaging,PKG06,Down,Change Over - Line clearance,67.5
2026-10-12T23:29:54Z,Packaging,PKG06,Running,,0
2026-10-13T00:04:51Z,Packaging,PKG06,Down,Starved - Upstream,14.8
2026-10-13T00:19:39Z,Packaging,PKG06,Running,,0
2026-10-13T01:11:30Z,Packaging,PKG06,Down,Quality Hold,27.3
2026-10-13T01:38:48Z,Packaging,PKG06,Running,,0
2026-10-13T02:26:12Z,Packaging,PKG06,Down,Starved - Upstream,9.2
2026-10-13T02:35:25Z,Packaging,PKG06,Running,,0
2026-10-13T03:00:00Z,Packaging,PKG06,Down,Outside production hours,0
2026-10-13T11:02:02Z,Packaging,PKG06,Down,Starved - Upstream,12.4
2026-10-13T11:14:24Z,Packaging,PKG06,Running,,0
2026-10-13T12:23:49Z,Packaging,PKG06,Down,Scheduled Downtime,194.7
2026-10-13T15:38:31Z,Packaging,PKG06,Running,,0
2026-10-13T16:05:36Z,Packaging,PKG06,Down,Quality Hold,33.9
2026-10-13T16:39:30Z,Packaging,PKG06,Running,,0
2026-10-13T17:34:49Z,Packaging,PKG06,Down,Jam,6.6
2026-10-13T17:41:27Z,Packaging,PKG06,Running,,0
2026-10-13T18:19:52Z,Packaging,PKG06,Down,Starved - Upstream,19.8
2026-10-13T18:39:39Z,Packaging,PKG06,Running,,0
2026-10-13T19:06:15Z,Packaging,PKG06,Down,Jam,8.6
2026-10-13T19:14:52Z,Packaging,PKG06,Running,,0
2026-10-13T20:37:06Z,Packaging,PKG06,Down,E-Stop,8.1
2026-10-13T20:45:12Z,Packaging,PKG06,Running,,0
2026-10-13T21:18:43Z,Packaging,PKG06,Down,Jam,7.7
2026-10-13T21:26:26Z,Packaging,PKG06,Running,,0
2026-10-13T22:24:15Z,Packaging,PKG06,Down,Jam,4.6
2026-10-13T22:28:49Z,Packaging,PKG06,Running,,0
2026-10-13T23:43:24Z,Packaging,PKG06,Down,Starved - Upstream,14.8
2026-10-13T23:58:10Z,Packaging,PKG06,Running,,0
2026-10-14T00:30:04Z,Packaging,PKG06,Down,Jam,5.9
2026-10-14T00:35:55Z,Packaging,PKG06,Running,,0
2026-10-14T01:35:22Z,Packaging,PKG06,Down,Blocked - Downstream,10.6
2026-10-14T01:46:00Z,Packaging,PKG06,Running,,0
2026-10-14T02:16:30Z,Packaging,PKG06,Down,Blocked - Downstream,10.1
2026-10-14T02:26:37Z,Packaging,PKG06,Running,,0
2026-10-14T02:58:44Z,Packaging,PKG06,Down,Change Over - Line clearance,67.0
2026-10-14T03:00:00Z,Packaging,PKG06,Down,Outside production hours,0
2026-10-14T14:01:59Z,Packaging,PKG06,Running,,0
2026-10-14T15:02:55Z,Packaging,PKG06,Down,No Operator,12.3
2026-10-14T15:15:13Z,Packaging,PKG06,Running,,0
2026-10-14T16:17:39Z,Packaging,PKG06,Down,Jam,14.4
2026-10-14T16:32:03Z,Packaging,PKG06,Running,,0
2026-10-14T17:24:36Z,Packaging,PKG06,Down,Starved - Upstream,15.8
2026-10-14T17:40:21Z,Packaging,PKG06,Running,,0
2026-10-14T18:37:12Z,Packaging,PKG06,Down,Scheduled Downtime,235.7
2026-10-14T22:32:55Z,Packaging,PKG06,Running,,0
2026-10-15T00:05:11Z,Packaging,PKG06,Down,Quality Hold,15.9
2026-10-15T00:21:02Z,Packaging,PKG06,Running,,0
2026-10-15T00:56:58Z,Packaging,PKG06,Down,Starved - Upstream,7.6
2026-10-15T01:04:33Z,Packaging,PKG06,Running,,0
2026-10-15T01:36:24Z,Packaging,PKG06,Down,Starved - Upstream,8.6
2026-10-15T01:44:59Z,Packaging,PKG06,Running,,0
2026-10-15T03:00:00Z,Packaging,PKG06,Down,Outside production hours,0
2026-10-15T14:05:06Z,Packaging,PKG06,Running,,0
2026-10-15T15:10:42Z,Packaging,PKG06,Down,Jam,16.8
2026-10-15T15:27:29Z,Packaging,PKG06,Running,,0
2026-10-15T16:22:52Z,Packaging,PKG06,Down,Jam,15.1
2026-10-15T16:37:56Z,Packaging,PKG06,Running,,0
2026-10-15T17:24:29Z,Packaging,PKG06,Down,Quality Hold,39.0
2026-10-15T18:03:28Z,Packaging,PKG06,Running,,0
2026-10-15T18:30:18Z,Packaging,PKG06,Down,Blocked - Downstream,6.3
2026-10-15T18:36:36Z,Packaging,PKG06,Running,,0
2026-10-15T19:47:32Z,Packaging,PKG06,Down,Change Over - Line clearance,49.2
2026-10-15T20:36:45Z,Packaging,PKG06,Running,,0
2026-10-15T21:38:06Z,Packaging,PKG06,Down,Starved - Upstream,8.0
2026-10-15T21:46:04Z,Packaging,PKG06,Running,,0
2026-10-15T22:28:10Z,Packaging,PKG06,Down,Change Over - Line clearance,28.5
2026-10-15T22:56:40Z,Packaging,PKG06,Running,,0
2026-10-15T23:55:13Z,Packaging,PKG06,Down,Starved - Upstream,17.4
2026-10-16T00:12:39Z,Packaging,PKG06,Running,,0
2026-10-16T00:59:30Z,Packaging,PKG06,Down,E-Stop,9.3
2026-10-16T01:08:46Z,Packaging,PKG06,Running,,0
2026-10-16T02:37:11Z,Packaging,PKG06,Down,Jam,19.3
2026-10-16T02:56:28Z,Packaging,PKG06,Running,,0
2026-10-16T03:00:00Z,Packaging,PKG06,Down,Outside production hours,0
2026-09-25T11:01:51Z,Packaging,PKG07,Down,Scheduled Downtime,73.6
2026-09-25T12:15:27Z,Packaging,PKG07,Running,,0
2026-09-25T13:15:24Z,Packaging,PKG07,Down,Change Over - Line clearance,79.1
2026-09-25T14:34:29Z,Packaging,PKG07,Running,,0
2026-09-25T15:24:52Z,Packaging,PKG07,Down,Change Over - Line clearance,39.9
2026-09-25T16:04:47Z,Packaging,PKG07,Running,,0
2026-09-25T17:06:28Z,Packaging,PKG07,Down,Starved - Upstream,13.8
2026-09-25T17:20:14Z,Packaging,PKG07,Running,,0
2026-09-25T18:05:58Z,Packaging,PKG07,Down,Jam,12.9
2026-09-25T18:18:54Z,Packaging,PKG07,Running,,0
2026-09-25T19:27:29Z,Packaging,PKG07,Down,No Operator,23.4
2026-09-25T19:50:52Z,Packaging,PKG07,Running,,0
2026-09-25T20:26:35Z,Packaging,PKG07,Down,Jam,6.9
2026-09-25T20:33:27Z,Packaging,PKG07,Running,,0
2026-09-25T21:25:32Z,Packaging,PKG07,Down,Jam,13.5
2026-09-25T21:38:59Z,Packaging,PKG07,Running,,0
2026-09-25T22:42:26Z,Packaging,PKG07,Down,Jam,11.7
2026-09-25T22:54:08Z,Packaging,PKG07,Running,,0
2026-09-26T00:24:50Z,Packaging,PKG07,Down,Scheduled Downtime,128.9
2026-09-26T02:33:45Z,Packaging,PKG07,Running,,0
2026-09-26T03:00:00Z,Packaging,PKG07,Down,Outside production hours,0
2026-09-26T11:28:56Z,Packaging,PKG07,Running,,0
2026-09-26T12:34:30Z,Packaging,PKG07,Down,Change Over - Line clearance,57.6
2026-09-26T13:32:09Z,Packaging,PKG07,Running,,0
2026-09-26T14:47:54Z,Packaging,PKG07,Down,Blocked - Downstream,11.7
2026-09-26T14:59:33Z,Packaging,PKG07,Running,,0
2026-09-26T15:24:48Z,Packaging,PKG07,Down,Quality Hold,23.3
2026-09-26T15:48:05Z,Packaging,PKG07,Running,,0
2026-09-26T16:55:58Z,Packaging,PKG07,Down,Quality Hold,36.6
2026-09-26T17:32:34Z,Packaging,PKG07,Running,,0
2026-09-26T18:45:43Z,Packaging,PKG07,Down,Jam,15.7
2026-09-26T19:01:26Z,Packaging,PKG07,Running,,0
2026-09-26T19:30:52Z,Packaging,PKG07,Down,Jam,14.8
2026-09-26T19:45:37Z,Packaging,PKG07,Running,,0
2026-09-26T21:10:29Z,Packaging,PKG07,Down,Blocked - Downstream,9.6
2026-09-26T21:20:03Z,Packaging,PKG07,Running,,0
2026-09-26T21:57:46Z,Packaging,PKG07,Down,No Operator,20.3
2026-09-26T22:18:03Z,Packaging,PKG07,Running,,0
2026-09-26T23:22:18Z,Packaging,PKG07,Down,Change Over - Line clearance,36.4
2026-09-26T23:58:44Z,Packaging,PKG07,Running,,0
2026-09-27T00:41:05Z,Packaging,PKG07,Down,Jam,19.0
2026-09-27T01:00:04Z,Packaging,PKG07,Running,,0
2026-09-27T01:56:55Z,Packaging,PKG07,Down,Blocked - Downstream,14.1
2026-09-27T02:11:03Z,Packaging,PKG07,Running,,0
2026-09-27T03:00:00Z,Packaging,PKG07,Down,Outside production hours,0
2026-09-28T11:23:33Z,Packaging,PKG07,Running,,0
2026-09-28T12:41:37Z,Packaging,PKG07,Down,Jam,24.7
2026-09-28T13:06:18Z,Packaging,PKG07,Running,,0
2026-09-28T13:49:38Z,Packaging,PKG07,Down,Jam,18.5
2026-09-28T14:08:06Z,Packaging,PKG07,Running,,0
2026-09-28T14:42:24Z,Packaging,PKG07,Down,Jam,6.4
2026-09-28T14:48:46Z,Packaging,PKG07,Running,,0
2026-09-28T15:36:27Z,Packaging,PKG07,Down,Starved - Upstream,13.9
2026-09-28T15:50:22Z,Packaging,PKG07,Running,,0
2026-09-28T16:44:10Z,Packaging,PKG07,Down,Jam,15.5
2026-09-28T16:59:38Z,Packaging,PKG07,Running,,0
2026-09-28T17:50:16Z,Packaging,PKG07,Down,Jam,18.6
2026-09-28T18:08:54Z,Packaging,PKG07,Running,,0
2026-09-28T19:19:09Z,Packaging,PKG07,Down,Scheduled Downtime,214.7
2026-09-28T22:53:49Z,Packaging,PKG07,Running,,0
2026-09-29T00:10:59Z,Packaging,PKG07,Down,Jam,24.1
2026-09-29T00:35:04Z,Packaging,PKG07,Running,,0
2026-09-29T01:39:15Z,Packaging,PKG07,Down,Starved - Upstream,16.5
2026-09-29T01:55:47Z,Packaging,PKG07,Running,,0
2026-09-29T02:30:52Z,Packaging,PKG07,Down,Starved - Upstream,10.8
2026-09-29T02:41:43Z,Packaging,PKG07,Running,,0
2026-09-29T03:00:00Z,Packaging,PKG07,Down,Outside production hours,0
2026-09-29T11:25:22Z,Packaging,PKG07,Down,Jam,22.9
2026-09-29T11:48:15Z,Packaging,PKG07,Running,,0
2026-09-29T12:53:08Z,Packaging,PKG07,Down,No Operator,11.0
2026-09-29T13:04:07Z,Packaging,PKG07,Running,,0
2026-09-29T14:37:32Z,Packaging,PKG07,Down,Change Over - Line clearance,86.6
2026-09-29T16:04:09Z,Packaging,PKG07,Running,,0
2026-09-29T16:46:06Z,Packaging,PKG07,Down,Scheduled Downtime,61.1
2026-09-29T17:47:09Z,Packaging,PKG07,Running,,0
2026-09-29T18:47:18Z,Packaging,PKG07,Down,Starved - Upstream,14.0
2026-09-29T19:01:18Z,Packaging,PKG07,Running,,0
2026-09-29T20:14:57Z,Packaging,PKG07,Down,E-Stop,7.2
2026-09-29T20:22:08Z,Packaging,PKG07,Running,,0
2026-09-29T21:46:23Z,Packaging,PKG07,Down,Jam,12.6
2026-09-29T21:59:01Z,Packaging,PKG07,Running,,0
2026-09-29T23:14:45Z,Packaging,PKG07,Down,Jam,9.2
2026-09-29T23:23:58Z,Packaging,PKG07,Running,,0
2026-09-30T00:43:16Z,Packaging,PKG07,Down,Jam,20.3
2026-09-30T01:03:36Z,Packaging,PKG07,Running,,0
2026-09-30T02:27:40Z,Packaging,PKG07,Down,Blocked - Downstream,14.3
2026-09-30T02:41:58Z,Packaging,PKG07,Running,,0
2026-09-30T03:00:00Z,Packaging,PKG07,Down,Outside production hours,0
2026-09-30T11:47:26Z,Packaging,PKG07,Down,Jam,14.4
2026-09-30T12:01:50Z,Packaging,PKG07,Running,,0
2026-09-30T13:02:29Z,Packaging,PKG07,Down,Change Over - Line clearance,55.6
2026-09-30T13:58:07Z,Packaging,PKG07,Running,,0
2026-09-30T15:03:56Z,Packaging,PKG07,Down,Starved - Upstream,18.4
2026-09-30T15:22:17Z,Packaging,PKG07,Running,,0
2026-09-30T16:36:02Z,Packaging,PKG07,Down,Change Over - Line clearance,44.4
2026-09-30T17:20:26Z,Packaging,PKG07,Running,,0
2026-09-30T18:02:33Z,Packaging,PKG07,Down,Blocked - Downstream,11.0
2026-09-30T18:13:35Z,Packaging,PKG07,Running,,0
2026-09-30T19:42:38Z,Packaging,PKG07,Down,Jam,22.8
2026-09-30T20:05:29Z,Packaging,PKG07,Running,,0
2026-09-30T21:09:08Z,Packaging,PKG07,Down,Jam,23.3
2026-09-30T21:32:25Z,Packaging,PKG07,Running,,0
2026-09-30T22:48:43Z,Packaging,PKG07,Down,Blocked - Downstream,5.1
2026-09-30T22:53:51Z,Packaging,PKG07,Running,,0
2026-10-01T00:18:18Z,Packaging,PKG07,Down,Change Over - Line clearance,71.4
2026-10-01T01:29:43Z,Packaging,PKG07,Running,,0
2026-10-01T02:09:46Z,Packaging,PKG07,Down,E-Stop,10.0
2026-10-01T02:19:46Z,Packaging,PKG07,Running,,0
2026-10-01T03:00:00Z,Packaging,PKG07,Down,Outside production hours,0
2026-10-01T11:01:12Z,Packaging,PKG07,Down,Jam,4.4
2026-10-01T11:05:36Z,Packaging,PKG07,Running,,0
2026-10-01T12:05:10Z,Packaging,PKG07,Down,Change Over - Line clearance,46.6
2026-10-01T12:51:45Z,Packaging,PKG07,Running,,0
2026-10-01T13:42:10Z,Packaging,PKG07,Down,Jam,13.1
2026-10-01T13:55:17Z,Packaging,PKG07,Running,,0
2026-10-01T15:29:02Z,Packaging,PKG07,Down,Jam,15.5
2026-10-01T15:44:31Z,Packaging,PKG07,Running,,0
2026-10-01T17:08:46Z,Packaging,PKG07,Down,Starved - Upstream,8.5
2026-10-01T17:17:15Z,Packaging,PKG07,Running,,0
2026-10-01T18:05:32Z,Packaging,PKG07,Down,E-Stop,3.2
2026-10-01T18:08:43Z,Packaging,PKG07,Running,,0
2026-10-01T19:25:34Z,Packaging,PKG07,Down,Blocked - Downstream,11.0
2026-10-01T19:36:33Z,Packaging,PKG07,Running,,0
2026-10-01T20:49:45Z,Packaging,PKG07,Down,Blocked - Downstream,14.0
2026-10-01T21:03:47Z,Packaging,PKG07,Running,,0
2026-10-01T22:36:11Z,Packaging,PKG07,Down,Blocked - Downstream,12.3
2026-10-01T22:48:26Z,Packaging,PKG07,Running,,0
2026-10-02T00:11:15Z,Packaging,PKG07,Down,Change Over - Line clearance,40.3
2026-10-02T00:51:31Z,Packaging,PKG07,Running,,0
2026-10-02T01:50:40Z,Packaging,PKG07,Down,Jam,19.8
2026-10-02T02:10:27Z,Packaging,PKG07,Running,,0
2026-10-02T03:00:00Z,Packaging,PKG07,Down,Outside production hours,0
2026-10-02T11:13:39Z,Packaging,PKG07,Running,,0
2026-10-02T12:29:16Z,Packaging,PKG07,Down,No Operator,25.9
2026-10-02T12:55:10Z,Packaging,PKG07,Running,,0
2026-10-02T14:28:01Z,Packaging,PKG07,Down,Starved - Upstream,8.2
2026-10-02T14:36:11Z,Packaging,PKG07,Running,,0
2026-10-02T15:58:39Z,Packaging,PKG07,Down,E-Stop,4.4
2026-10-02T16:03:03Z,Packaging,PKG07,Running,,0
2026-10-02T17:05:27Z,Packaging,PKG07,Down,Jam,8.2
2026-10-02T17:13:39Z,Packaging,PKG07,Running,,0
2026-10-02T18:40:51Z,Packaging,PKG07,Down,Change Over - Line clearance,49.1
2026-10-02T19:29:59Z,Packaging,PKG07,Running,,0
2026-10-02T20:09:41Z,Packaging,PKG07,Down,Scheduled Downtime,205.1
2026-10-02T23:34:45Z,Packaging,PKG07,Running,,0
2026-10-03T00:34:38Z,Packaging,PKG07,Down,Scheduled Downtime,117.7
2026-10-03T02:32:23Z,Packaging,PKG07,Running,,0
2026-10-03T03:00:00Z,Packaging,PKG07,Down,Outside production hours,0
2026-10-03T11:22:16Z,Packaging,PKG07,Down,Starved - Upstream,18.5
2026-10-03T11:40:44Z,Packaging,PKG07,Running,,0
2026-10-03T12:10:27Z,Packaging,PKG07,Down,Blocked - Downstream,12.5
2026-10-03T12:22:57Z,Packaging,PKG07,Running,,0
2026-10-03T13:47:11Z,Packaging,PKG07,Down,Jam,18.4
2026-10-03T14:05:37Z,Packaging,PKG07,Running,,0
2026-10-03T15:14:30Z,Packaging,PKG07,Down,No Operator,16.1
2026-10-03T15:30:38Z,Packaging,PKG07,Running,,0
2026-10-03T16:31:58Z,Packaging,PKG07,Down,Jam,12.0
2026-10-03T16:44:01Z,Packaging,PKG07,Running,,0
2026-10-03T17:54:42Z,Packaging,PKG07,Down,Jam,4.2
2026-10-03T17:58:55Z,Packaging,PKG07,Running,,0
2026-10-03T18:56:20Z,Packaging,PKG07,Down,Starved - Upstream,10.2
2026-10-03T19:06:30Z,Packaging,PKG07,Running,,0
2026-10-03T19:31:54Z,Packaging,PKG07,Down,No Operator,24.4
2026-10-03T19:56:17Z,Packaging,PKG07,Running,,0
2026-10-03T21:17:26Z,Packaging,PKG07,Down,Starved - Upstream,7.0
2026-10-03T21:24:25Z,Packaging,PKG07,Running,,0
2026-10-03T22:27:24Z,Packaging,PKG07,Down,E-Stop,7.3
2026-10-03T22:34:39Z,Packaging,PKG07,Running,,0
2026-10-04T00:05:10Z,Packaging,PKG07,Down,Jam,10.5
2026-10-04T00:15:40Z,Packaging,PKG07,Running,,0
2026-10-04T01:13:36Z,Packaging,PKG07,Down,Jam,10.8
2026-10-04T01:24:23Z,Packaging,PKG07,Running,,0
2026-10-04T02:10:09Z,Packaging,PKG07,Down,Jam,13.4
2026-10-04T02:23:34Z,Packaging,PKG07,Running,,0
2026-10-04T02:51:11Z,Packaging,PKG07,Down,No Operator,28.7
2026-10-04T03:00:00Z,Packaging,PKG07,Down,Outside production hours,0
2026-10-05T11:05:23Z,Packaging,PKG07,Down,Blocked - Downstream,11.6
2026-10-05T11:16:59Z,Packaging,PKG07,Running,,0
2026-10-05T12:16:30Z,Packaging,PKG07,Down,Jam,5.9
2026-10-05T12:22:25Z,Packaging,PKG07,Running,,0
2026-10-05T13:47:50Z,Packaging,PKG07,Down,E-Stop,7.6
2026-10-05T13:55:27Z,Packaging,PKG07,Running,,0
2026-10-05T14:41:10Z,Packaging,PKG07,Down,Jam,15.0
2026-10-05T14:56:09Z,Packaging,PKG07,Running,,0
2026-10-05T16:01:03Z,Packaging,PKG07,Down,Starved - Upstream,8.1
2026-10-05T16:09:07Z,Packaging,PKG07,Running,,0
2026-10-05T16:51:31Z,Packaging,PKG07,Down,Blocked - Downstream,14.3
2026-10-05T17:05:51Z,Packaging,PKG07,Running,,0
2026-10-05T18:30:00Z,Packaging,PKG07,Down,Change Over - Line clearance,25.7
2026-10-05T18:55:41Z,Packaging,PKG07,Running,,0
2026-10-05T19:34:14Z,Packaging,PKG07,Down,Starved - Upstream,7.9
2026-10-05T19:42:08Z,Packaging,PKG07,Running,,0
2026-10-05T20:07:09Z,Packaging,PKG07,Down,No Operator,27.7
2026-10-05T20:34:50Z,Packaging,PKG07,Running,,0
2026-10-05T22:01:42Z,Packaging,PKG07,Down,No Operator,11.4
2026-10-05T22:13:07Z,Packaging,PKG07,Running,,0
2026-10-05T22:57:13Z,Packaging,PKG07,Down,Jam,21.0
2026-10-05T23:18:12Z,Packaging,PKG07,Running,,0
2026-10-06T00:00:49Z,Packaging,PKG07,Down,E-Stop,6.9
2026-10-06T00:07:43Z,Packaging,PKG07,Running,,0
2026-10-06T01:40:10Z,Packaging,PKG07,Down,Blocked - Downstream,5.5
2026-10-06T01:45:38Z,Packaging,PKG07,Running,,0
2026-10-06T03:00:00Z,Packaging,PKG07,Down,Outside production hours,0
2026-10-06T11:26:34Z,Packaging,PKG07,Running,,0
2026-10-06T11:56:01Z,Packaging,PKG07,Down,Scheduled Downtime,121.5
2026-10-06T13:57:30Z,Packaging,PKG07,Running,,0
2026-10-06T14:32:37Z,Packaging,PKG07,Down,Jam,18.7
2026-10-06T14:51:21Z,Packaging,PKG07,Running,,0
2026-10-06T15:46:50Z,Packaging,PKG07,Down,Jam,21.5
2026-10-06T16:08:21Z,Packaging,PKG07,Running,,0
2026-10-06T17:30:50Z,Packaging,PKG07,Down,Change Over - Line clearance,76.3
2026-10-06T18:47:06Z,Packaging,PKG07,Running,,0
2026-10-06T19:58:00Z,Packaging,PKG07,Down,Blocked - Downstream,11.7
2026-10-06T20:09:45Z,Packaging,PKG07,Running,,0
2026-10-06T21:21:53Z,Packaging,PKG07,Down,Quality Hold,38.3
2026-10-06T22:00:10Z,Packaging,PKG07,Running,,0
2026-10-06T23:10:32Z,Packaging,PKG07,Down,Quality Hold,38.2
2026-10-06T23:48:43Z,Packaging,PKG07,Running,,0
2026-10-07T00:49:31Z,Packaging,PKG07,Down,Starved - Upstream,16.5
2026-10-07T01:06:00Z,Packaging,PKG07,Running,,0
2026-10-07T02:02:13Z,Packaging,PKG07,Down,Jam,23.7
2026-10-07T02:25:58Z,Packaging,PKG07,Running,,0
2026-10-07T03:00:00Z,Packaging,PKG07,Down,Outside production hours,0
2026-10-07T11:00:20Z,Packaging,PKG07,Running,,0
2026-10-07T11:45:44Z,Packaging,PKG07,Down,E-Stop,8.8
2026-10-07T11:54:34Z,Packaging,PKG07,Running,,0
2026-10-07T13:25:33Z,Packaging,PKG07,Down,Blocked - Downstream,4.5
2026-10-07T13:30:00Z,Packaging,PKG07,Running,,0
2026-10-07T14:33:34Z,Packaging,PKG07,Down,Scheduled Downtime,75.9
2026-10-07T15:49:30Z,Packaging,PKG07,Running,,0
2026-10-07T16:17:28Z,Packaging,PKG07,Down,No Operator,20.0
2026-10-07T16:37:28Z,Packaging,PKG07,Running,,0
2026-10-07T17:10:48Z,Packaging,PKG07,Down,Jam,24.9
2026-10-07T17:35:41Z,Packaging,PKG07,Running,,0
2026-10-07T19:03:02Z,Packaging,PKG07,Down,Starved - Upstream,18.9
2026-10-07T19:21:54Z,Packaging,PKG07,Running,,0
2026-10-07T20:15:37Z,Packaging,PKG07,Down,Starved - Upstream,9.1
2026-10-07T20:24:43Z,Packaging,PKG07,Running,,0
2026-10-07T21:01:31Z,Packaging,PKG07,Down,Jam,12.9
2026-10-07T21:14:23Z,Packaging,PKG07,Running,,0
2026-10-07T22:09:43Z,Packaging,PKG07,Down,Change Over - Line clearance,67.6
2026-10-07T23:17:17Z,Packaging,PKG07,Running,,0
2026-10-08T00:17:25Z,Packaging,PKG07,Down,Change Over - Line clearance,27.0
2026-10-08T00:44:22Z,Packaging,PKG07,Running,,0
2026-10-08T01:24:39Z,Packaging,PKG07,Down,Starved - Upstream,6.1
2026-10-08T01:30:45Z,Packaging,PKG07,Running,,0
2026-10-08T02:51:49Z,Packaging,PKG07,Down,Quality Hold,26.8
2026-10-08T03:00:00Z,Packaging,PKG07,Down,Outside production hours,0
2026-10-08T11:14:50Z,Packaging,PKG07,Down,Change Over - Line clearance,29.7
2026-10-08T11:44:32Z,Packaging,PKG07,Running,,0
2026-10-08T12:35:32Z,Packaging,PKG07,Down,Scheduled Downtime,107.7
2026-10-08T14:23:15Z,Packaging,PKG07,Running,,0
2026-10-08T15:58:06Z,Packaging,PKG07,Down,Change Over - Line clearance,83.1
2026-10-08T17:21:11Z,Packaging,PKG07,Running,,0
2026-10-08T18:56:08Z,Packaging,PKG07,Down,Blocked - Downstream,14.5
2026-10-08T19:10:41Z,Packaging,PKG07,Running,,0
2026-10-08T19:45:43Z,Packaging,PKG07,Down,Quality Hold,27.8
2026-10-08T20:13:31Z,Packaging,PKG07,Running,,0
2026-10-08T20:51:59Z,Packaging,PKG07,Down,Starved - Upstream,11.8
2026-10-08T21:03:49Z,Packaging,PKG07,Running,,0
2026-10-08T21:59:15Z,Packaging,PKG07,Down,Blocked - Downstream,7.2
2026-10-08T22:06:28Z,Packaging,PKG07,Running,,0
2026-10-08T23:00:41Z,Packaging,PKG07,Down,Scheduled Downtime,99.5
2026-10-09T00:40:11Z,Packaging,PKG07,Running,,0
2026-10-09T01:10:33Z,Packaging,PKG07,Down,Change Over - Line clearance,72.5
2026-10-09T02:23:05Z,Packaging,PKG07,Running,,0
2026-10-09T02:58:42Z,Packaging,PKG07,Down,Jam,23.0
2026-10-09T03:00:00Z,Packaging,PKG07,Down,Outside production hours,0
2026-10-09T11:10:07Z,Packaging,PKG07,Running,,0
2026-10-09T11:42:14Z,Packaging,PKG07,Down,No Operator,22.4
2026-10-09T12:04:40Z,Packaging,PKG07,Running,,0
2026-10-09T12:35:40Z,Packaging,PKG07,Down,Jam,5.7
2026-10-09T12:41:22Z,Packaging,PKG07,Running,,0
2026-10-09T14:01:30Z,Packaging,PKG07,Down,Change Over - Line clearance,83.6
2026-10-09T15:25:05Z,Packaging,PKG07,Running,,0
2026-10-09T16:00:05Z,Packaging,PKG07,Down,Jam,10.5
2026-10-09T16:10:37Z,Packaging,PKG07,Running,,0
2026-10-09T17:08:51Z,Packaging,PKG07,Down,Blocked - Downstream,6.4
2026-10-09T17:15:17Z,Packaging,PKG07,Running,,0
2026-10-09T18:01:26Z,Packaging,PKG07,Down,Scheduled Downtime,157.0
2026-10-09T20:38:28Z,Packaging,PKG07,Running,,0
2026-10-09T21:07:20Z,Packaging,PKG07,Down,Change Over - Line clearance,26.5
2026-10-09T21:33:47Z,Packaging,PKG07,Running,,0
2026-10-09T22:39:40Z,Packaging,PKG07,Down,Starved - Upstream,19.6
2026-10-09T22:59:15Z,Packaging,PKG07,Running,,0
2026-10-09T23:24:37Z,Packaging,PKG07,Down,Jam,23.2
2026-10-09T23:47:47Z,Packaging,PKG07,Running,,0
2026-10-10T00:54:34Z,Packaging,PKG07,Down,Starved - Upstream,11.5
2026-10-10T01:06:03Z,Packaging,PKG07,Running,,0
2026-10-10T01:40:24Z,Packaging,PKG07,Down,Starved - Upstream,18.0
2026-10-10T01:58:24Z,Packaging,PKG07,Running,,0
2026-10-10T02:35:39Z,Packaging,PKG07,Down,Quality Hold,23.7
2026-10-10T02:59:20Z,Packaging,PKG07,Running,,0
2026-10-10T03:00:00Z,Packaging,PKG07,Down,Outside production hours,0
2026-10-10T12:05:50Z,Packaging,PKG07,Down,Jam,23.4
2026-10-10T12:29:16Z,Packaging,PKG07,Running,,0
2026-10-10T13:10:46Z,Packaging,PKG07,Down,Jam,9.8
2026-10-10T13:20:34Z,Packaging,PKG07,Running,,0
2026-10-10T14:42:47Z,Packaging,PKG07,Down,No Operator,28.3
2026-10-10T15:11:03Z,Packaging,PKG07,Running,,0
2026-10-10T16:08:55Z,Packaging,PKG07,Down,Jam,20.6
2026-10-10T16:29:29Z,Packaging,PKG07,Running,,0
2026-10-10T17:54:36Z,Packaging,PKG07,Down,Quality Hold,30.4
2026-10-10T18:24:57Z,Packaging,PKG07,Running,,0
2026-10-10T19:31:50Z,Packaging,PKG07,Down,Quality Hold,17.2
2026-10-10T19:49:00Z,Packaging,PKG07,Running,,0
2026-10-10T21:23:44Z,Packaging,PKG07,Down,Blocked - Downstream,8.5
2026-10-10T21:32:16Z,Packaging,PKG07,Running,,0
2026-10-10T22:15:56Z,Packaging,PKG07,Down,Change Over - Line clearance,62.2
2026-10-10T23:18:09Z,Packaging,PKG07,Running,,0
2026-10-10T23:53:51Z,Packaging,PKG07,Down,Blocked - Downstream,7.7
2026-10-11T00:01:34Z,Packaging,PKG07,Running,,0
2026-10-11T01:36:29Z,Packaging,PKG07,Down,Starved - Upstream,16.6
2026-10-11T01:53:03Z,Packaging,PKG07,Running,,0
2026-10-11T02:25:30Z,Packaging,PKG07,Down,No Operator,10.8
2026-10-11T02:36:20Z,Packaging,PKG07,Running,,0
2026-10-11T03:00:00Z,Packaging,PKG07,Down,Outside production hours,0
2026-10-12T11:09:19Z,Packaging,PKG07,Down,Change Over - Line clearance,35.4
2026-10-12T11:44:46Z,Packaging,PKG07,Running,,0
2026-10-12T13:03:54Z,Packaging,PKG07,Down,Starved - Upstream,13.8
2026-10-12T13:17:42Z,Packaging,PKG07,Running,,0
2026-10-12T14:48:22Z,Packaging,PKG07,Down,No Operator,23.8
2026-10-12T15:12:09Z,Packaging,PKG07,Running,,0
2026-10-12T15:49:08Z,Packaging,PKG07,Down,Change Over - Line clearance,78.3
2026-10-12T17:07:23Z,Packaging,PKG07,Running,,0
2026-10-12T18:12:20Z,Packaging,PKG07,Down,No Operator,21.3
2026-10-12T18:33:37Z,Packaging,PKG07,Running,,0
2026-10-12T19:05:34Z,Packaging,PKG07,Down,Scheduled Downtime,194.1
2026-10-12T22:19:39Z,Packaging,PKG07,Running,,0
2026-10-12T23:07:44Z,Packaging,PKG07,Down,Jam,5.5
2026-10-12T23:13:17Z,Packaging,PKG07,Running,,0
2026-10-12T23:43:04Z,Packaging,PKG07,Down,Blocked - Downstream,8.5
2026-10-12T23:51:32Z,Packaging,PKG07,Running,,0
2026-10-13T01:24:28Z,Packaging,PKG07,Down,Jam,8.2
2026-10-13T01:32:39Z,Packaging,PKG07,Running,,0
2026-10-13T02:03:04Z,Packaging,PKG07,Down,Change Over - Line clearance,59.2
2026-10-13T03:00:00Z,Packaging,PKG07,Down,Outside production hours,0
2026-10-13T11:52:33Z,Packaging,PKG07,Down,Blocked - Downstream,10.4
2026-10-13T12:02:57Z,Packaging,PKG07,Running,,0
2026-10-13T12:31:09Z,Packaging,PKG07,Down,Starved - Upstream,19.6
2026-10-13T12:50:46Z,Packaging,PKG07,Running,,0
2026-10-13T13:29:30Z,Packaging,PKG07,Down,Jam,8.7
2026-10-13T13:38:10Z,Packaging,PKG07,Running,,0
2026-10-13T14:07:11Z,Packaging,PKG07,Down,Starved - Upstream,9.9
2026-10-13T14:17:03Z,Packaging,PKG07,Running,,0
2026-10-13T15:20:44Z,Packaging,PKG07,Down,Starved - Upstream,10.8
2026-10-13T15:31:33Z,Packaging,PKG07,Running,,0
2026-10-13T16:36:40Z,Packaging,PKG07,Down,Blocked - Downstream,13.7
2026-10-13T16:50:22Z,Packaging,PKG07,Running,,0
2026-10-13T17:58:09Z,Packaging,PKG07,Down,E-Stop,5.5
2026-10-13T18:03:36Z,Packaging,PKG07,Running,,0
2026-10-13T19:16:32Z,Packaging,PKG07,Down,Starved - Upstream,5.4
2026-10-13T19:21:53Z,Packaging,PKG07,Running,,0
2026-10-13T20:19:35Z,Packaging,PKG07,Down,Starved - Upstream,5.4
2026-10-13T20:25:00Z,Packaging,PKG07,Running,,0
2026-10-13T21:47:13Z,Packaging,PKG07,Down,Quality Hold,16.3
2026-10-13T22:03:28Z,Packaging,PKG07,Running,,0
2026-10-13T22:34:32Z,Packaging,PKG07,Down,No Operator,26.6
2026-10-13T23:01:08Z,Packaging,PKG07,Running,,0
2026-10-13T23:35:42Z,Packaging,PKG07,Down,Starved - Upstream,13.0
2026-10-13T23:48:43Z,Packaging,PKG07,Running,,0
2026-10-14T00:42:31Z,Packaging,PKG07,Down,Starved - Upstream,7.9
2026-10-14T00:50:22Z,Packaging,PKG07,Running,,0
2026-10-14T01:18:25Z,Packaging,PKG07,Down,Change Over - Line clearance,53.4
2026-10-14T02:11:49Z,Packaging,PKG07,Running,,0
2026-10-14T03:00:00Z,Packaging,PKG07,Down,Outside production hours,0
2026-10-14T11:37:45Z,Packaging,PKG07,Down,Starved - Upstream,11.7
2026-10-14T11:49:24Z,Packaging,PKG07,Running,,0
2026-10-14T12:48:36Z,Packaging,PKG07,Down,Jam,5.2
2026-10-14T12:53:50Z,Packaging,PKG07,Running,,0
2026-10-14T13:41:04Z,Packaging,PKG07,Down,Jam,8.3
2026-10-14T13:49:24Z,Packaging,PKG07,Running,,0
2026-10-14T14:53:27Z,Packaging,PKG07,Down,Jam,16.8
2026-10-14T15:10:16Z,Packaging,PKG07,Running,,0
2026-10-14T16:39:12Z,Packaging,PKG07,Down,No Operator,12.1
2026-10-14T16:51:16Z,Packaging,PKG07,Running,,0
2026-10-14T18:10:35Z,Packaging,PKG07,Down,Change Over - Line clearance,60.9
2026-10-14T19:11:27Z,Packaging,PKG07,Running,,0
2026-10-14T20:18:03Z,Packaging,PKG07,Down,Jam,10.5
2026-10-14T20:28:30Z,Packaging,PKG07,Running,,0
2026-10-14T21:36:25Z,Packaging,PKG07,Down,Change Over - Line clearance,40.3
2026-10-14T22:16:40Z,Packaging,PKG07,Running,,0
2026-10-14T22:54:57Z,Packaging,PKG07,Down,Blocked - Downstream,7.2
2026-10-14T23:02:06Z,Packaging,PKG07,Running,,0
2026-10-14T23:27:17Z,Packaging,PKG07,Down,Starved - Upstream,19.7
2026-10-14T23:46:59Z,Packaging,PKG07,Running,,0
2026-10-15T01:16:52Z,Packaging,PKG07,Down,Blocked - Downstream,10.1
2026-10-15T01:27:00Z,Packaging,PKG07,Running,,0
2026-10-15T02:48:41Z,Packaging,PKG07,Down,Quality Hold,29.5
2026-10-15T03:00:00Z,Packaging,PKG07,Down,Outside production hours,0
2026-10-15T13:35:22Z,Packaging,PKG07,Running,,0
2026-10-15T14:12:33Z,Packaging,PKG07,Down,Starved - Upstream,9.7
2026-10-15T14:22:17Z,Packaging,PKG07,Running,,0
2026-10-15T15:21:52Z,Packaging,PKG07,Down,Blocked - Downstream,5.6
2026-10-15T15:27:29Z,Packaging,PKG07,Running,,0
2026-10-15T16:55:53Z,Packaging,PKG07,Down,Blocked - Downstream,5.7
2026-10-15T17:01:33Z,Packaging,PKG07,Running,,0
2026-10-15T17:43:06Z,Packaging,PKG07,Down,Jam,8.6
2026-10-15T17:51:39Z,Packaging,PKG07,Running,,0
2026-10-15T18:23:26Z,Packaging,PKG07,Down,Starved - Upstream,8.2
2026-10-15T18:31:35Z,Packaging,PKG07,Running,,0
2026-10-15T19:28:35Z,Packaging,PKG07,Down,No Operator,14.2
2026-10-15T19:42:50Z,Packaging,PKG07,Running,,0
2026-10-15T21:12:51Z,Packaging,PKG07,Down,No Operator,26.1
2026-10-15T21:38:56Z,Packaging,PKG07,Running,,0
2026-10-15T22:07:08Z,Packaging,PKG07,Down,E-Stop,4.6
2026-10-15T22:11:45Z,Packaging,PKG07,Running,,0
2026-10-15T23:01:17Z,Packaging,PKG07,Down,No Operator,28.2
2026-10-15T23:29:28Z,Packaging,PKG07,Running,,0
2026-10-16T00:11:42Z,Packaging,PKG07,Down,Quality Hold,43.6
2026-10-16T00:55:19Z,Packaging,PKG07,Running,,0
2026-10-16T01:50:36Z,Packaging,PKG07,Down,Change Over - Line clearance,37.0
2026-10-16T02:27:38Z,Packaging,PKG07,Running,,0
2026-10-16T03:00:00Z,Packaging,PKG07,Down,Outside production hours,0
2026-09-25T11:42:38Z,Packaging,PKG08,Down,Starved - Upstream,12.2
2026-09-25T11:54:51Z,Packaging,PKG08,Running,,0
2026-09-25T12:54:53Z,Packaging,PKG08,Down,No Operator,26.4
2026-09-25T13:21:19Z,Packaging,PKG08,Running,,0
2026-09-25T14:07:28Z,Packaging,PKG08,Down,Jam,14.7
2026-09-25T14:22:13Z,Packaging,PKG08,Running,,0
2026-09-25T15:04:03Z,Packaging,PKG08,Down,Jam,17.9
2026-09-25T15:21:54Z,Packaging,PKG08,Running,,0
2026-09-25T15:47:45Z,Packaging,PKG08,Down,Jam,12.8
2026-09-25T16:00:36Z,Packaging,PKG08,Running,,0
2026-09-25T17:17:45Z,Packaging,PKG08,Down,Blocked - Downstream,6.9
2026-09-25T17:24:37Z,Packaging,PKG08,Running,,0
2026-09-25T18:31:37Z,Packaging,PKG08,Down,Quality Hold,16.7
2026-09-25T18:48:21Z,Packaging,PKG08,Running,,0
2026-09-25T20:04:29Z,Packaging,PKG08,Down,Starved - Upstream,10.5
2026-09-25T20:14:56Z,Packaging,PKG08,Running,,0
2026-09-25T21:33:21Z,Packaging,PKG08,Down,Change Over - Line clearance,25.9
2026-09-25T21:59:13Z,Packaging,PKG08,Running,,0
2026-09-25T23:30:56Z,Packaging,PKG08,Down,No Operator,21.4
2026-09-25T23:52:18Z,Packaging,PKG08,Running,,0
2026-09-26T01:16:46Z,Packaging,PKG08,Down,Jam,23.7
2026-09-26T01:40:26Z,Packaging,PKG08,Running,,0
2026-09-26T02:56:20Z,Packaging,PKG08,Down,Starved - Upstream,7.0
2026-09-26T03:00:00Z,Packaging,PKG08,Down,Outside production hours,0
2026-09-26T11:22:26Z,Packaging,PKG08,Running,,0
2026-09-26T11:55:04Z,Packaging,PKG08,Down,Jam,22.1
2026-09-26T12:17:07Z,Packaging,PKG08,Running,,0
2026-09-26T13:34:53Z,Packaging,PKG08,Down,Blocked - Downstream,5.2
2026-09-26T13:40:05Z,Packaging,PKG08,Running,,0
2026-09-26T14:51:40Z,Packaging,PKG08,Down,Jam,24.2
2026-09-26T15:15:54Z,Packaging,PKG08,Running,,0
2026-09-26T15:42:11Z,Packaging,PKG08,Down,E-Stop,8.4
2026-09-26T15:50:34Z,Packaging,PKG08,Running,,0
2026-09-26T16:25:55Z,Packaging,PKG08,Down,Starved - Upstream,18.5
2026-09-26T16:44:27Z,Packaging,PKG08,Running,,0
2026-09-26T18:16:00Z,Packaging,PKG08,Down,Starved - Upstream,12.4
2026-09-26T18:28:23Z,Packaging,PKG08,Running,,0
2026-09-26T19:58:37Z,Packaging,PKG08,Down,Quality Hold,36.2
2026-09-26T20:34:51Z,Packaging,PKG08,Running,,0
2026-09-26T21:38:10Z,Packaging,PKG08,Down,Change Over - Line clearance,45.2
2026-09-26T22:23:24Z,Packaging,PKG08,Running,,0
2026-09-26T23:57:27Z,Packaging,PKG08,Down,Jam,4.5
2026-09-27T00:01:57Z,Packaging,PKG08,Running,,0
2026-09-27T00:35:12Z,Packaging,PKG08,Down,Change Over - Line clearance,35.3
2026-09-27T01:10:30Z,Packaging,PKG08,Running,,0
2026-09-27T01:40:23Z,Packaging,PKG08,Down,E-Stop,8.9
2026-09-27T01:49:16Z,Packaging,PKG08,Running,,0
2026-09-27T02:17:36Z,Packaging,PKG08,Down,Starved - Upstream,6.5
2026-09-27T02:24:05Z,Packaging,PKG08,Running,,0
2026-09-27T03:00:00Z,Packaging,PKG08,Down,Outside production hours,0
2026-09-28T12:00:18Z,Packaging,PKG08,Down,Jam,24.4
2026-09-28T12:24:41Z,Packaging,PKG08,Running,,0
2026-09-28T13:28:54Z,Packaging,PKG08,Down,Jam,24.6
2026-09-28T13:53:29Z,Packaging,PKG08,Running,,0
2026-09-28T15:22:41Z,Packaging,PKG08,Down,Blocked - Downstream,6.6
2026-09-28T15:29:14Z,Packaging,PKG08,Running,,0
2026-09-28T17:00:39Z,Packaging,PKG08,Down,Change Over - Line clearance,82.0
2026-09-28T18:22:42Z,Packaging,PKG08,Running,,0
2026-09-28T19:50:51Z,Packaging,PKG08,Down,Blocked - Downstream,14.2
2026-09-28T20:05:02Z,Packaging,PKG08,Running,,0
2026-09-28T20:59:41Z,Packaging,PKG08,Down,Jam,6.0
2026-09-28T21:05:38Z,Packaging,PKG08,Running,,0
2026-09-28T21:33:51Z,Packaging,PKG08,Down,Scheduled Downtime,233.4
2026-09-29T01:27:14Z,Packaging,PKG08,Running,,0
2026-09-29T02:26:32Z,Packaging,PKG08,Down,Starved - Upstream,9.3
2026-09-29T02:35:52Z,Packaging,PKG08,Running,,0
2026-09-29T03:00:00Z,Packaging,PKG08,Down,Outside production hours,0
2026-09-29T12:19:40Z,Packaging,PKG08,Down,E-Stop,6.7
2026-09-29T12:26:20Z,Packaging,PKG08,Running,,0
2026-09-29T13:45:52Z,Packaging,PKG08,Down,Starved - Upstream,10.0
2026-09-29T13:55:55Z,Packaging,PKG08,Running,,0
2026-09-29T14:50:48Z,Packaging,PKG08,Down,Blocked - Downstream,6.1
2026-09-29T14:56:52Z,Packaging,PKG08,Running,,0
2026-09-29T16:07:58Z,Packaging,PKG08,Down,No Operator,25.6
2026-09-29T16:33:33Z,Packaging,PKG08,Running,,0
2026-09-29T17:18:07Z,Packaging,PKG08,Down,E-Stop,8.9
2026-09-29T17:27:01Z,Packaging,PKG08,Running,,0
2026-09-29T18:06:05Z,Packaging,PKG08,Down,Change Over - Line clearance,50.2
2026-09-29T18:56:15Z,Packaging,PKG08,Running,,0
2026-09-29T19:51:21Z,Packaging,PKG08,Down,E-Stop,3.8
2026-09-29T19:55:07Z,Packaging,PKG08,Running,,0
2026-09-29T20:40:11Z,Packaging,PKG08,Down,Jam,11.5
2026-09-29T20:51:39Z,Packaging,PKG08,Running,,0
2026-09-29T22:18:48Z,Packaging,PKG08,Down,Change Over - Line clearance,39.6
2026-09-29T22:58:22Z,Packaging,PKG08,Running,,0
2026-09-29T23:49:28Z,Packaging,PKG08,Down,Starved - Upstream,9.7
2026-09-29T23:59:10Z,Packaging,PKG08,Running,,0
2026-09-30T01:14:49Z,Packaging,PKG08,Down,Starved - Upstream,16.4
2026-09-30T01:31:15Z,Packaging,PKG08,Running,,0
2026-09-30T02:22:01Z,Packaging,PKG08,Down,E-Stop,7.0
2026-09-30T02:28:58Z,Packaging,PKG08,Running,,0
2026-09-30T02:54:11Z,Packaging,PKG08,Down,Change Over - Line clearance,47.5
2026-09-30T03:00:00Z,Packaging,PKG08,Down,Outside production hours,0
2026-09-30T11:11:08Z,Packaging,PKG08,Down,Jam,11.3
2026-09-30T11:22:26Z,Packaging,PKG08,Running,,0
2026-09-30T12:40:24Z,Packaging,PKG08,Down,Starved - Upstream,14.7
2026-09-30T12:55:08Z,Packaging,PKG08,Running,,0
2026-09-30T13:46:02Z,Packaging,PKG08,Down,No Operator,10.6
2026-09-30T13:56:36Z,Packaging,PKG08,Running,,0
2026-09-30T15:29:52Z,Packaging,PKG08,Down,Jam,7.5
2026-09-30T15:37:21Z,Packaging,PKG08,Running,,0
2026-09-30T16:47:08Z,Packaging,PKG08,Down,Starved - Upstream,13.0
2026-09-30T17:00:10Z,Packaging,PKG08,Running,,0
2026-09-30T18:24:58Z,Packaging,PKG08,Down,Starved - Upstream,18.8
2026-09-30T18:43:44Z,Packaging,PKG08,Running,,0
2026-09-30T20:11:57Z,Packaging,PKG08,Down,Starved - Upstream,17.3
2026-09-30T20:29:13Z,Packaging,PKG08,Running,,0
2026-09-30T21:32:37Z,Packaging,PKG08,Down,Starved - Upstream,9.7
2026-09-30T21:42:22Z,Packaging,PKG08,Running,,0
2026-09-30T22:39:37Z,Packaging,PKG08,Down,Blocked - Downstream,9.7
2026-09-30T22:49:22Z,Packaging,PKG08,Running,,0
2026-09-30T23:16:29Z,Packaging,PKG08,Down,Starved - Upstream,10.1
2026-09-30T23:26:36Z,Packaging,PKG08,Running,,0
2026-10-01T00:10:57Z,Packaging,PKG08,Down,Change Over - Line clearance,27.9
2026-10-01T00:38:49Z,Packaging,PKG08,Running,,0
2026-10-01T02:01:45Z,Packaging,PKG08,Down,Change Over - Line clearance,71.4
2026-10-01T03:00:00Z,Packaging,PKG08,Down,Outside production hours,0
2026-10-01T11:17:47Z,Packaging,PKG08,Running,,0
2026-10-01T12:00:47Z,Packaging,PKG08,Down,Starved - Upstream,10.6
2026-10-01T12:11:25Z,Packaging,PKG08,Running,,0
2026-10-01T12:42:19Z,Packaging,PKG08,Down,Jam,12.5
2026-10-01T12:54:47Z,Packaging,PKG08,Running,,0
2026-10-01T13:24:33Z,Packaging,PKG08,Down,Jam,22.9
2026-10-01T13:47:29Z,Packaging,PKG08,Running,,0
2026-10-01T14:28:43Z,Packaging,PKG08,Down,E-Stop,9.8
2026-10-01T14:38:33Z,Packaging,PKG08,Running,,0
2026-10-01T15:55:05Z,Packaging,PKG08,Down,Starved - Upstream,13.8
2026-10-01T16:08:51Z,Packaging,PKG08,Running,,0
2026-10-01T17:22:02Z,Packaging,PKG08,Down,Blocked - Downstream,9.0
2026-10-01T17:31:04Z,Packaging,PKG08,Running,,0
2026-10-01T19:02:13Z,Packaging,PKG08,Down,Change Over - Line clearance,74.1
2026-10-01T20:16:18Z,Packaging,PKG08,Running,,0
2026-10-01T21:37:41Z,Packaging,PKG08,Down,Jam,18.7
2026-10-01T21:56:22Z,Packaging,PKG08,Running,,0
2026-10-01T23:17:12Z,Packaging,PKG08,Down,Blocked - Downstream,14.8
2026-10-01T23:31:57Z,Packaging,PKG08,Running,,0
2026-10-02T00:51:18Z,Packaging,PKG08,Down,Jam,11.1
2026-10-02T01:02:21Z,Packaging,PKG08,Running,,0
2026-10-02T02:05:18Z,Packaging,PKG08,Down,Change Over - Line clearance,29.9
2026-10-02T02:35:14Z,Packaging,PKG08,Running,,0
2026-10-02T03:00:00Z,Packaging,PKG08,Down,Outside production hours,0
2026-10-02T11:20:23Z,Packaging,PKG08,Running,,0
2026-10-02T12:54:43Z,Packaging,PKG08,Down,Change Over - Line clearance,29.0
2026-10-02T13:23:45Z,Packaging,PKG08,Running,,0
2026-10-02T14:58:20Z,Packaging,PKG08,Down,Starved - Upstream,7.8
2026-10-02T15:06:05Z,Packaging,PKG08,Running,,0
2026-10-02T15:56:42Z,Packaging,PKG08,Down,Change Over - Line clearance,83.7
2026-10-02T17:20:26Z,Packaging,PKG08,Running,,0
2026-10-02T18:30:06Z,Packaging,PKG08,Down,Jam,17.7
2026-10-02T18:47:49Z,Packaging,PKG08,Running,,0
2026-10-02T19:16:52Z,Packaging,PKG08,Down,Jam,19.9
2026-10-02T19:36:43Z,Packaging,PKG08,Running,,0
2026-10-02T20:04:09Z,Packaging,PKG08,Down,Jam,15.2
2026-10-02T20:19:23Z,Packaging,PKG08,Running,,0
2026-10-02T21:40:00Z,Packaging,PKG08,Down,Starved - Upstream,6.6
2026-10-02T21:46:36Z,Packaging,PKG08,Running,,0
2026-10-02T22:33:45Z,Packaging,PKG08,Down,Change Over - Line clearance,61.3
2026-10-02T23:35:01Z,Packaging,PKG08,Running,,0
2026-10-03T01:05:29Z,Packaging,PKG08,Down,Change Over - Line clearance,84.5
2026-10-03T02:29:58Z,Packaging,PKG08,Running,,0
2026-10-03T03:00:00Z,Packaging,PKG08,Down,Outside production hours,0
2026-10-03T11:08:21Z,Packaging,PKG08,Down,Starved - Upstream,15.9
2026-10-03T11:24:14Z,Packaging,PKG08,Running,,0
2026-10-03T12:39:18Z,Packaging,PKG08,Down,Scheduled Downtime,187.2
2026-10-03T15:46:32Z,Packaging,PKG08,Running,,0
2026-10-03T16:31:22Z,Packaging,PKG08,Down,Starved - Upstream,7.9
2026-10-03T16:39:15Z,Packaging,PKG08,Running,,0
2026-10-03T18:05:04Z,Packaging,PKG08,Down,Quality Hold,35.8
2026-10-03T18:40:54Z,Packaging,PKG08,Running,,0
2026-10-03T19:54:31Z,Packaging,PKG08,Down,Blocked - Downstream,7.2
2026-10-03T20:01:41Z,Packaging,PKG08,Running,,0
2026-10-03T20:28:59Z,Packaging,PKG08,Down,Jam,17.2
2026-10-03T20:46:14Z,Packaging,PKG08,Running,,0
2026-10-03T22:15:30Z,Packaging,PKG08,Down,Blocked - Downstream,5.1
2026-10-03T22:20:37Z,Packaging,PKG08,Running,,0
2026-10-03T23:24:06Z,Packaging,PKG08,Down,No Operator,15.8
2026-10-03T23:39:55Z,Packaging,PKG08,Running,,0
2026-10-04T00:43:23Z,Packaging,PKG08,Down,Jam,10.4
2026-10-04T00:53:46Z,Packaging,PKG08,Running,,0
2026-10-04T02:24:19Z,Packaging,PKG08,Down,Starved - Upstream,5.9
2026-10-04T02:30:11Z,Packaging,PKG08,Running,,0
2026-10-04T03:00:00Z,Packaging,PKG08,Down,Outside production hours,0
2026-10-05T11:01:19Z,Packaging,PKG08,Down,E-Stop,10.4
2026-10-05T11:11:45Z,Packaging,PKG08,Running,,0
2026-10-05T12:43:42Z,Packaging,PKG08,Down,Blocked - Downstream,14.2
2026-10-05T12:57:52Z,Packaging,PKG08,Running,,0
2026-10-05T14:03:28Z,Packaging,PKG08,Down,Starved - Upstream,13.4
2026-10-05T14:16:55Z,Packaging,PKG08,Running,,0
2026-10-05T15:41:56Z,Packaging,PKG08,Down,Change Over - Line clearance,37.4
2026-10-05T16:19:20Z,Packaging,PKG08,Running,,0
2026-10-05T16:51:30Z,Packaging,PKG08,Down,Starved - Upstream,11.6
2026-10-05T17:03:05Z,Packaging,PKG08,Running,,0
2026-10-05T18:04:40Z,Packaging,PKG08,Down,Starved - Upstream,13.0
2026-10-05T18:17:38Z,Packaging,PKG08,Running,,0
2026-10-05T19:40:16Z,Packaging,PKG08,Down,Jam,15.3
2026-10-05T19:55:37Z,Packaging,PKG08,Running,,0
2026-10-05T20:48:51Z,Packaging,PKG08,Down,Starved - Upstream,8.0
2026-10-05T20:56:52Z,Packaging,PKG08,Running,,0
2026-10-05T22:10:28Z,Packaging,PKG08,Down,Blocked - Downstream,5.2
2026-10-05T22:15:42Z,Packaging,PKG08,Running,,0
2026-10-05T23:08:05Z,Packaging,PKG08,Down,Jam,7.1
2026-10-05T23:15:09Z,Packaging,PKG08,Running,,0
2026-10-06T00:32:54Z,Packaging,PKG08,Down,Jam,4.3
2026-10-06T00:37:10Z,Packaging,PKG08,Running,,0
2026-10-06T01:30:54Z,Packaging,PKG08,Down,Jam,24.0
2026-10-06T01:54:55Z,Packaging,PKG08,Running,,0
2026-10-06T02:59:00Z,Packaging,PKG08,Down,Starved - Upstream,17.1
2026-10-06T03:00:00Z,Packaging,PKG08,Down,Outside production hours,0
2026-10-06T11:04:35Z,Packaging,PKG08,Down,Starved - Upstream,15.1
2026-10-06T11:19:39Z,Packaging,PKG08,Running,,0
2026-10-06T12:05:27Z,Packaging,PKG08,Down,Change Over - Line clearance,76.0
2026-10-06T13:21:26Z,Packaging,PKG08,Running,,0
2026-10-06T13:47:02Z,Packaging,PKG08,Down,Quality Hold,29.6
2026-10-06T14:16:37Z,Packaging,PKG08,Running,,0
2026-10-06T15:32:18Z,Packaging,PKG08,Down,Starved - Upstream,11.8
2026-10-06T15:44:05Z,Packaging,PKG08,Running,,0
2026-10-06T16:13:02Z,Packaging,PKG08,Down,Scheduled Downtime,145.9
2026-10-06T18:38:57Z,Packaging,PKG08,Running,,0
2026-10-06T20:07:04Z,Packaging,PKG08,Down,No Operator,18.7
2026-10-06T20:25:46Z,Packaging,PKG08,Running,,0
2026-10-06T21:35:52Z,Packaging,PKG08,Down,Starved - Upstream,14.3
2026-10-06T21:50:12Z,Packaging,PKG08,Running,,0
2026-10-06T23:23:31Z,Packaging,PKG08,Down,No Operator,14.2
2026-10-06T23:37:41Z,Packaging,PKG08,Running,,0
2026-10-07T00:41:07Z,Packaging,PKG08,Down,Jam,9.4
2026-10-07T00:50:30Z,Packaging,PKG08,Running,,0
2026-10-07T01:55:23Z,Packaging,PKG08,Down,Jam,7.8
2026-10-07T02:03:09Z,Packaging,PKG08,Running,,0
2026-10-07T02:52:25Z,Packaging,PKG08,Down,Starved - Upstream,13.6
2026-10-07T03:00:00Z,Packaging,PKG08,Down,Outside production hours,0
2026-10-07T12:29:09Z,Packaging,PKG08,Down,Change Over - Line clearance,51.8
2026-10-07T13:21:00Z,Packaging,PKG08,Running,,0
2026-10-07T14:46:33Z,Packaging,PKG08,Down,Blocked - Downstream,7.7
2026-10-07T14:54:18Z,Packaging,PKG08,Running,,0
2026-10-07T15:25:20Z,Packaging,PKG08,Down,Starved - Upstream,18.8
2026-10-07T15:44:10Z,Packaging,PKG08,Running,,0
2026-10-07T16:40:57Z,Packaging,PKG08,Down,Jam,6.8
2026-10-07T16:47:42Z,Packaging,PKG08,Running,,0
2026-10-07T18:13:58Z,Packaging,PKG08,Down,Scheduled Downtime,125.5
2026-10-07T20:19:26Z,Packaging,PKG08,Running,,0
2026-10-07T21:39:34Z,Packaging,PKG08,Down,Change Over - Line clearance,51.5
2026-10-07T22:31:02Z,Packaging,PKG08,Running,,0
2026-10-07T23:30:40Z,Packaging,PKG08,Down,Blocked - Downstream,12.5
2026-10-07T23:43:09Z,Packaging,PKG08,Running,,0
2026-10-08T01:07:32Z,Packaging,PKG08,Down,Jam,10.8
2026-10-08T01:18:17Z,Packaging,PKG08,Running,,0
2026-10-08T02:23:22Z,Packaging,PKG08,Down,Starved - Upstream,11.9
2026-10-08T02:35:18Z,Packaging,PKG08,Running,,0
2026-10-08T03:00:00Z,Packaging,PKG08,Down,Outside production hours,0
2026-10-08T11:32:39Z,Packaging,PKG08,Running,,0
2026-10-08T13:06:00Z,Packaging,PKG08,Down,Blocked - Downstream,11.5
2026-10-08T13:17:31Z,Packaging,PKG08,Running,,0
2026-10-08T14:28:36Z,Packaging,PKG08,Down,Jam,23.6
2026-10-08T14:52:15Z,Packaging,PKG08,Running,,0
2026-10-08T15:35:22Z,Packaging,PKG08,Down,Jam,11.2
2026-10-08T15:46:34Z,Packaging,PKG08,Running,,0
2026-10-08T16:23:50Z,Packaging,PKG08,Down,No Operator,14.4
2026-10-08T16:38:14Z,Packaging,PKG08,Running,,0
2026-10-08T17:58:14Z,Packaging,PKG08,Down,Blocked - Downstream,11.2
2026-10-08T18:09:28Z,Packaging,PKG08,Running,,0
2026-10-08T19:23:40Z,Packaging,PKG08,Down,Starved - Upstream,8.9
2026-10-08T19:32:34Z,Packaging,PKG08,Running,,0
2026-10-08T20:13:04Z,Packaging,PKG08,Down,E-Stop,6.0
2026-10-08T20:19:05Z,Packaging,PKG08,Running,,0
2026-10-08T21:20:30Z,Packaging,PKG08,Down,Change Over - Line clearance,59.4
2026-10-08T22:19:52Z,Packaging,PKG08,Running,,0
2026-10-08T22:51:59Z,Packaging,PKG08,Down,Jam,21.3
2026-10-08T23:13:18Z,Packaging,PKG08,Running,,0
2026-10-09T00:22:44Z,Packaging,PKG08,Down,Jam,5.9
2026-10-09T00:28:39Z,Packaging,PKG08,Running,,0
2026-10-09T01:28:33Z,Packaging,PKG08,Down,Quality Hold,25.1
2026-10-09T01:53:38Z,Packaging,PKG08,Running,,0
2026-10-09T03:00:00Z,Packaging,PKG08,Down,Outside production hours,0
2026-10-09T12:15:31Z,Packaging,PKG08,Down,Jam,23.4
2026-10-09T12:38:54Z,Packaging,PKG08,Running,,0
2026-10-09T13:17:47Z,Packaging,PKG08,Down,Blocked - Downstream,7.4
2026-10-09T13:25:10Z,Packaging,PKG08,Running,,0
2026-10-09T14:51:32Z,Packaging,PKG08,Down,Change Over - Line clearance,71.9
2026-10-09T16:03:23Z,Packaging,PKG08,Running,,0
2026-10-09T17:09:57Z,Packaging,PKG08,Down,E-Stop,5.7
2026-10-09T17:15:39Z,Packaging,PKG08,Running,,0
2026-10-09T18:21:48Z,Packaging,PKG08,Down,Jam,23.5
2026-10-09T18:45:17Z,Packaging,PKG08,Running,,0
2026-10-09T19:24:57Z,Packaging,PKG08,Down,Jam,23.6
2026-10-09T19:48:35Z,Packaging,PKG08,Running,,0
2026-10-09T20:53:13Z,Packaging,PKG08,Down,Jam,5.0
2026-10-09T20:58:16Z,Packaging,PKG08,Running,,0
2026-10-09T22:32:04Z,Packaging,PKG08,Down,Quality Hold,35.9
2026-10-09T23:08:01Z,Packaging,PKG08,Running,,0
2026-10-10T00:35:26Z,Packaging,PKG08,Down,Jam,14.8
2026-10-10T00:50:14Z,Packaging,PKG08,Running,,0
2026-10-10T02:15:44Z,Packaging,PKG08,Down,No Operator,10.5
2026-10-10T02:26:16Z,Packaging,PKG08,Running,,0
2026-10-10T03:00:00Z,Packaging,PKG08,Down,Outside production hours,0
2026-10-10T11:41:28Z,Packaging,PKG08,Down,Starved - Upstream,6.2
2026-10-10T11:47:40Z,Packaging,PKG08,Running,,0
2026-10-10T12:29:25Z,Packaging,PKG08,Down,E-Stop,11.6
2026-10-10T12:41:02Z,Packaging,PKG08,Running,,0
2026-10-10T13:07:31Z,Packaging,PKG08,Down,Jam,10.7
2026-10-10T13:18:12Z,Packaging,PKG08,Running,,0
2026-10-10T14:06:08Z,Packaging,PKG08,Down,Jam,12.0
2026-10-10T14:18:09Z,Packaging,PKG08,Running,,0
2026-10-10T15:15:22Z,Packaging,PKG08,Down,Jam,23.8
2026-10-10T15:39:13Z,Packaging,PKG08,Running,,0
2026-10-10T16:35:37Z,Packaging,PKG08,Down,Change Over - Line clearance,55.9
2026-10-10T17:31:33Z,Packaging,PKG08,Running,,0
2026-10-10T18:25:16Z,Packaging,PKG08,Down,Quality Hold,34.0
2026-10-10T18:59:14Z,Packaging,PKG08,Running,,0
2026-10-10T19:46:43Z,Packaging,PKG08,Down,Starved - Upstream,14.4
2026-10-10T20:01:05Z,Packaging,PKG08,Running,,0
2026-10-10T21:08:52Z,Packaging,PKG08,Down,Jam,12.0
2026-10-10T21:20:53Z,Packaging,PKG08,Running,,0
2026-10-10T22:09:36Z,Packaging,PKG08,Down,Jam,7.4
2026-10-10T22:16:59Z,Packaging,PKG08,Running,,0
2026-10-10T23:44:41Z,Packaging,PKG08,Down,Starved - Upstream,6.5
2026-10-10T23:51:10Z,Packaging,PKG08,Running,,0
2026-10-11T00:47:11Z,Packaging,PKG08,Down,Blocked - Downstream,6.8
2026-10-11T00:53:58Z,Packaging,PKG08,Running,,0
2026-10-11T02:18:47Z,Packaging,PKG08,Down,No Operator,17.6
2026-10-11T02:36:25Z,Packaging,PKG08,Running,,0
2026-10-11T03:00:00Z,Packaging,PKG08,Down,Outside production hours,0
2026-10-12T11:29:23Z,Packaging,PKG08,Down,Starved - Upstream,10.2
2026-10-12T11:39:34Z,Packaging,PKG08,Running,,0
2026-10-12T13:05:13Z,Packaging,PKG08,Down,Blocked - Downstream,14.2
2026-10-12T13:19:23Z,Packaging,PKG08,Running,,0
2026-10-12T13:56:29Z,Packaging,PKG08,Down,E-Stop,6.4
2026-10-12T14:02:55Z,Packaging,PKG08,Running,,0
2026-10-12T15:13:37Z,Packaging,PKG08,Down,Blocked - Downstream,6.8
2026-10-12T15:20:22Z,Packaging,PKG08,Running,,0
2026-10-12T16:48:02Z,Packaging,PKG08,Down,Jam,17.5
2026-10-12T17:05:29Z,Packaging,PKG08,Running,,0
2026-10-12T17:36:25Z,Packaging,PKG08,Down,Starved - Upstream,12.9
2026-10-12T17:49:21Z,Packaging,PKG08,Running,,0
2026-10-12T18:47:43Z,Packaging,PKG08,Down,Blocked - Downstream,8.3
2026-10-12T18:56:04Z,Packaging,PKG08,Running,,0
2026-10-12T20:17:39Z,Packaging,PKG08,Down,Scheduled Downtime,101.9
2026-10-12T21:59:33Z,Packaging,PKG08,Running,,0
2026-10-12T22:53:17Z,Packaging,PKG08,Down,Change Over - Line clearance,37.2
2026-10-12T23:30:27Z,Packaging,PKG08,Running,,0
2026-10-13T00:55:40Z,Packaging,PKG08,Down,Jam,21.8
2026-10-13T01:17:30Z,Packaging,PKG08,Running,,0
2026-10-13T02:20:56Z,Packaging,PKG08,Down,Blocked - Downstream,11.0
2026-10-13T02:31:54Z,Packaging,PKG08,Running,,0
2026-10-13T03:00:00Z,Packaging,PKG08,Down,Outside production hours,0
2026-10-13T11:53:06Z,Packaging,PKG08,Running,,0
2026-10-13T12:27:20Z,Packaging,PKG08,Down,E-Stop,9.2
2026-10-13T12:36:31Z,Packaging,PKG08,Running,,0
2026-10-13T14:09:28Z,Packaging,PKG08,Down,Blocked - Downstream,6.6
2026-10-13T14:16:01Z,Packaging,PKG08,Running,,0
2026-10-13T15:37:35Z,Packaging,PKG08,Down,No Operator,10.2
2026-10-13T15:47:46Z,Packaging,PKG08,Running,,0
2026-10-13T17:11:52Z,Packaging,PKG08,Down,Starved - Upstream,18.5
2026-10-13T17:30:23Z,Packaging,PKG08,Running,,0
2026-10-13T17:59:21Z,Packaging,PKG08,Down,Blocked - Downstream,4.4
2026-10-13T18:03:44Z,Packaging,PKG08,Running,,0
2026-10-13T18:54:33Z,Packaging,PKG08,Down,Jam,10.6
2026-10-13T19:05:10Z,Packaging,PKG08,Running,,0
2026-10-13T20:26:41Z,Packaging,PKG08,Down,Jam,15.6
2026-10-13T20:42:18Z,Packaging,PKG08,Running,,0
2026-10-13T21:59:41Z,Packaging,PKG08,Down,Blocked - Downstream,5.5
2026-10-13T22:05:11Z,Packaging,PKG08,Running,,0
2026-10-13T22:46:44Z,Packaging,PKG08,Down,Starved - Upstream,10.5
2026-10-13T22:57:14Z,Packaging,PKG08,Running,,0
2026-10-13T23:58:01Z,Packaging,PKG08,Down,Jam,14.8
2026-10-14T00:12:48Z,Packaging,PKG08,Running,,0
2026-10-14T01:07:37Z,Packaging,PKG08,Down,Blocked - Downstream,4.2
2026-10-14T01:11:47Z,Packaging,PKG08,Running,,0
2026-10-14T02:26:54Z,Packaging,PKG08,Down,No Operator,13.6
2026-10-14T02:40:28Z,Packaging,PKG08,Running,,0
2026-10-14T03:00:00Z,Packaging,PKG08,Down,Outside production hours,0
2026-10-14T11:20:07Z,Packaging,PKG08,Down,Starved - Upstream,19.1
2026-10-14T11:39:15Z,Packaging,PKG08,Running,,0
2026-10-14T12:46:05Z,Packaging,PKG08,Down,Blocked - Downstream,4.1
2026-10-14T12:50:09Z,Packaging,PKG08,Running,,0
2026-10-14T13:36:28Z,Packaging,PKG08,Down,Jam,15.5
2026-10-14T13:51:56Z,Packaging,PKG08,Running,,0
2026-10-14T15:08:40Z,Packaging,PKG08,Down,Quality Hold,43.7
2026-10-14T15:52:24Z,Packaging,PKG08,Running,,0
2026-10-14T17:11:07Z,Packaging,PKG08,Down,E-Stop,9.2
2026-10-14T17:20:19Z,Packaging,PKG08,Running,,0
2026-10-14T18:48:33Z,Packaging,PKG08,Down,Change Over - Line clearance,88.4
2026-10-14T20:16:56Z,Packaging,PKG08,Running,,0
2026-10-14T20:52:14Z,Packaging,PKG08,Down,Jam,10.4
2026-10-14T21:02:41Z,Packaging,PKG08,Running,,0
2026-10-14T22:11:19Z,Packaging,PKG08,Down,Blocked - Downstream,5.2
2026-10-14T22:16:32Z,Packaging,PKG08,Running,,0
2026-10-14T23:03:45Z,Packaging,PKG08,Down,Change Over - Line clearance,44.0
2026-10-14T23:47:45Z,Packaging,PKG08,Running,,0
2026-10-15T00:30:12Z,Packaging,PKG08,Down,Starved - Upstream,9.3
2026-10-15T00:39:30Z,Packaging,PKG08,Running,,0
2026-10-15T01:24:13Z,Packaging,PKG08,Down,Starved - Upstream,16.2
2026-10-15T01:40:26Z,Packaging,PKG08,Running,,0
2026-10-15T02:49:33Z,Packaging,PKG08,Down,Jam,11.8
2026-10-15T03:00:00Z,Packaging,PKG08,Down,Outside production hours,0
2026-10-15T12:00:34Z,Packaging,PKG08,Down,Starved - Upstream,10.9
2026-10-15T12:11:30Z,Packaging,PKG08,Running,,0
2026-10-15T12:50:40Z,Packaging,PKG08,Down,No Operator,11.2
2026-10-15T13:01:50Z,Packaging,PKG08,Running,,0
2026-10-15T14:03:21Z,Packaging,PKG08,Down,Jam,7.0
2026-10-15T14:10:21Z,Packaging,PKG08,Running,,0
2026-10-15T15:02:26Z,Packaging,PKG08,Down,Change Over - Line clearance,81.2
2026-10-15T16:23:36Z,Packaging,PKG08,Running,,0
2026-10-15T17:10:12Z,Packaging,PKG08,Down,Jam,5.9
2026-10-15T17:16:06Z,Packaging,PKG08,Running,,0
2026-10-15T18:15:54Z,Packaging,PKG08,Down,Jam,9.4
2026-10-15T18:25:19Z,Packaging,PKG08,Running,,0
2026-10-15T19:12:06Z,Packaging,PKG08,Down,Starved - Upstream,14.6
2026-10-15T19:26:44Z,Packaging,PKG08,Running,,0
2026-10-15T20:37:43Z,Packaging,PKG08,Down,Blocked - Downstream,5.7
2026-10-15T20:43:23Z,Packaging,PKG08,Running,,0
2026-10-15T21:33:54Z,Packaging,PKG08,Down,Change Over - Line clearance,27.5
2026-10-15T22:01:21Z,Packaging,PKG08,Running,,0
2026-10-15T23:02:49Z,Packaging,PKG08,Down,Jam,21.0
2026-10-15T23:23:47Z,Packaging,PKG08,Running,,0
2026-10-15T23:54:50Z,Packaging,PKG08,Down,Scheduled Downtime,70.2
2026-10-16T01:05:00Z,Packaging,PKG08,Running,,0
2026-10-16T02:22:50Z,Packaging,PKG08,Down,E-Stop,3.7
2026-10-16T02:26:34Z,Packaging,PKG08,Running,,0
2026-10-16T03:00:00Z,Packaging,PKG08,Down,Outside production hours,0
2026-09-25T11:01:17Z,Kitting,KIT03,Running,,0
2026-09-25T12:26:28Z,Kitting,KIT03,Down,Quality Hold,25.9
2026-09-25T12:52:19Z,Kitting,KIT03,Running,,0
2026-09-25T13:20:45Z,Kitting,KIT03,Down,No Operator,13.6
2026-09-25T13:34:20Z,Kitting,KIT03,Running,,0
2026-09-25T14:28:52Z,Kitting,KIT03,Down,Jam,5.2
2026-09-25T14:34:02Z,Kitting,KIT03,Running,,0
2026-09-25T15:12:21Z,Kitting,KIT03,Down,Quality Hold,30.6
2026-09-25T15:42:54Z,Kitting,KIT03,Running,,0
2026-09-25T16:31:15Z,Kitting,KIT03,Down,Quality Hold,35.7
2026-09-25T17:06:57Z,Kitting,KIT03,Running,,0
2026-09-25T17:36:46Z,Kitting,KIT03,Down,Blocked - Downstream,14.8
2026-09-25T17:51:32Z,Kitting,KIT03,Running,,0
2026-09-25T18:44:45Z,Kitting,KIT03,Down,Quality Hold,15.6
2026-09-25T19:00:21Z,Kitting,KIT03,Running,,0
2026-09-25T20:04:14Z,Kitting,KIT03,Down,Starved - Upstream,11.1
2026-09-25T20:15:20Z,Kitting,KIT03,Running,,0
2026-09-25T20:45:42Z,Kitting,KIT03,Down,Starved - Upstream,7.9
2026-09-25T20:53:36Z,Kitting,KIT03,Running,,0
2026-09-25T21:57:10Z,Kitting,KIT03,Down,Blocked - Downstream,13.6
2026-09-25T22:10:47Z,Kitting,KIT03,Running,,0
2026-09-25T22:47:16Z,Kitting,KIT03,Down,Change Over - Line clearance,68.7
2026-09-25T23:55:59Z,Kitting,KIT03,Running,,0
2026-09-26T00:50:32Z,Kitting,KIT03,Down,Change Over - Line clearance,43.6
2026-09-26T01:34:06Z,Kitting,KIT03,Running,,0
2026-09-26T03:00:00Z,Kitting,KIT03,Down,Outside production hours,0
2026-09-26T11:01:44Z,Kitting,KIT03,Down,Blocked - Downstream,13.7
2026-09-26T11:15:26Z,Kitting,KIT03,Running,,0
2026-09-26T12:41:18Z,Kitting,KIT03,Down,Blocked - Downstream,4.0
2026-09-26T12:45:21Z,Kitting,KIT03,Running,,0
2026-09-26T13:15:47Z,Kitting,KIT03,Down,No Operator,8.9
2026-09-26T13:24:42Z,Kitting,KIT03,Running,,0
2026-09-26T14:30:51Z,Kitting,KIT03,Down,E-Stop,12.0
2026-09-26T14:42:51Z,Kitting,KIT03,Running,,0
2026-09-26T15:28:14Z,Kitting,KIT03,Down,Change Over - Line clearance,45.7
2026-09-26T16:13:53Z,Kitting,KIT03,Running,,0
2026-09-26T17:16:40Z,Kitting,KIT03,Down,Scheduled Downtime,157.9
2026-09-26T19:54:34Z,Kitting,KIT03,Running,,0
2026-09-26T20:45:46Z,Kitting,KIT03,Down,Starved - Upstream,11.7
2026-09-26T20:57:28Z,Kitting,KIT03,Running,,0
2026-09-26T22:31:44Z,Kitting,KIT03,Down,Jam,18.0
2026-09-26T22:49:46Z,Kitting,KIT03,Running,,0
2026-09-27T00:11:39Z,Kitting,KIT03,Down,Blocked - Downstream,10.5
2026-09-27T00:22:11Z,Kitting,KIT03,Running,,0
2026-09-27T01:28:13Z,Kitting,KIT03,Down,Blocked - Downstream,10.2
2026-09-27T01:38:26Z,Kitting,KIT03,Running,,0
2026-09-27T02:18:37Z,Kitting,KIT03,Down,Starved - Upstream,12.3
2026-09-27T02:30:56Z,Kitting,KIT03,Running,,0
2026-09-27T03:00:00Z,Kitting,KIT03,Down,Outside production hours,0
2026-09-28T11:41:34Z,Kitting,KIT03,Down,Jam,22.5
2026-09-28T12:04:07Z,Kitting,KIT03,Running,,0
2026-09-28T13:23:01Z,Kitting,KIT03,Down,Starved - Upstream,8.5
2026-09-28T13:31:29Z,Kitting,KIT03,Running,,0
2026-09-28T14:40:36Z,Kitting,KIT03,Down,Blocked - Downstream,10.5
2026-09-28T14:51:03Z,Kitting,KIT03,Running,,0
2026-09-28T16:12:05Z,Kitting,KIT03,Down,Quality Hold,28.8
2026-09-28T16:40:55Z,Kitting,KIT03,Running,,0
2026-09-28T17:49:53Z,Kitting,KIT03,Down,Change Over - Line clearance,52.6
2026-09-28T18:42:28Z,Kitting,KIT03,Running,,0
2026-09-28T19:23:41Z,Kitting,KIT03,Down,Jam,24.6
2026-09-28T19:48:17Z,Kitting,KIT03,Running,,0
2026-09-28T21:04:00Z,Kitting,KIT03,Down,Change Over - Line clearance,69.8
2026-09-28T22:13:49Z,Kitting,KIT03,Running,,0
2026-09-28T22:56:40Z,Kitting,KIT03,Down,Scheduled Downtime,188.7
2026-09-29T02:05:23Z,Kitting,KIT03,Running,,0
2026-09-29T03:00:00Z,Kitting,KIT03,Down,Outside production hours,0
2026-09-29T11:03:42Z,Kitting,KIT03,Down,Jam,13.3
2026-09-29T11:17:03Z,Kitting,KIT03,Running,,0
2026-09-29T12:15:05Z,Kitting,KIT03,Down,Scheduled Downtime,149.8
2026-09-29T14:44:53Z,Kitting,KIT03,Running,,0
2026-09-29T15:27:35Z,Kitting,KIT03,Down,Starved - Upstream,17.4
2026-09-29T15:45:01Z,Kitting,KIT03,Running,,0
2026-09-29T16:12:07Z,Kitting,KIT03,Down,Change Over - Line clearance,84.9
2026-09-29T17:37:04Z,Kitting,KIT03,Running,,0
2026-09-29T18:19:32Z,Kitting,KIT03,Down,Jam,22.2
2026-09-29T18:41:43Z,Kitting,KIT03,Running,,0
2026-09-29T19:15:13Z,Kitting,KIT03,Down,Starved - Upstream,6.7
2026-09-29T19:21:56Z,Kitting,KIT03,Running,,0
2026-09-29T19:47:27Z,Kitting,KIT03,Down,Jam,5.2
2026-09-29T19:52:40Z,Kitting,KIT03,Running,,0
2026-09-29T21:01:41Z,Kitting,KIT03,Down,Scheduled Downtime,224.8
2026-09-30T00:46:28Z,Kitting,KIT03,Running,,0
2026-09-30T02:05:26Z,Kitting,KIT03,Down,No Operator,28.2
2026-09-30T02:33:39Z,Kitting,KIT03,Running,,0
2026-09-30T03:00:00Z,Kitting,KIT03,Down,Outside production hours,0
2026-09-30T11:05:01Z,Kitting,KIT03,Running,,0
2026-09-30T11:31:28Z,Kitting,KIT03,Down,Starved - Upstream,5.4
2026-09-30T11:36:49Z,Kitting,KIT03,Running,,0
2026-09-30T12:59:52Z,Kitting,KIT03,Down,Scheduled Downtime,103.5
2026-09-30T14:43:21Z,Kitting,KIT03,Running,,0
2026-09-30T16:09:48Z,Kitting,KIT03,Down,Jam,22.0
2026-09-30T16:31:50Z,Kitting,KIT03,Running,,0
2026-09-30T18:06:13Z,Kitting,KIT03,Down,Jam,20.3
2026-09-30T18:26:31Z,Kitting,KIT03,Running,,0
2026-09-30T19:22:39Z,Kitting,KIT03,Down,Blocked - Downstream,13.6
2026-09-30T19:36:12Z,Kitting,KIT03,Running,,0
2026-09-30T21:06:54Z,Kitting,KIT03,Down,Blocked - Downstream,14.8
2026-09-30T21:21:44Z,Kitting,KIT03,Running,,0
2026-09-30T22:31:50Z,Kitting,KIT03,Down,Starved - Upstream,7.6
2026-09-30T22:39:23Z,Kitting,KIT03,Running,,0
2026-09-30T23:49:16Z,Kitting,KIT03,Down,Blocked - Downstream,11.9
2026-10-01T00:01:09Z,Kitting,KIT03,Running,,0
2026-10-01T01:17:20Z,Kitting,KIT03,Down,Blocked - Downstream,4.5
2026-10-01T01:21:53Z,Kitting,KIT03,Running,,0
2026-10-01T01:53:50Z,Kitting,KIT03,Down,Starved - Upstream,14.2
2026-10-01T02:08:03Z,Kitting,KIT03,Running,,0
2026-10-01T03:00:00Z,Kitting,KIT03,Down,Outside production hours,0
2026-10-01T11:27:42Z,Kitting,KIT03,Running,,0
2026-10-01T11:59:30Z,Kitting,KIT03,Down,No Operator,11.1
2026-10-01T12:10:33Z,Kitting,KIT03,Running,,0
2026-10-01T13:32:28Z,Kitting,KIT03,Down,Blocked - Downstream,10.1
2026-10-01T13:42:37Z,Kitting,KIT03,Running,,0
2026-10-01T14:12:07Z,Kitting,KIT03,Down,No Operator,22.6
2026-10-01T14:34:42Z,Kitting,KIT03,Running,,0
2026-10-01T15:59:57Z,Kitting,KIT03,Down,Jam,23.9
2026-10-01T16:23:51Z,Kitting,KIT03,Running,,0
2026-10-01T17:58:06Z,Kitting,KIT03,Down,Quality Hold,42.5
2026-10-01T18:40:34Z,Kitting,KIT03,Running,,0
2026-10-01T19:14:22Z,Kitting,KIT03,Down,Jam,15.6
2026-10-01T19:29:58Z,Kitting,KIT03,Running,,0
2026-10-01T20:57:07Z,Kitting,KIT03,Down,Blocked - Downstream,13.0
2026-10-01T21:10:10Z,Kitting,KIT03,Running,,0
2026-10-01T22:25:09Z,Kitting,KIT03,Down,Starved - Upstream,5.1
2026-10-01T22:30:15Z,Kitting,KIT03,Running,,0
2026-10-01T23:06:14Z,Kitting,KIT03,Down,Blocked - Downstream,7.2
2026-10-01T23:13:28Z,Kitting,KIT03,Running,,0
2026-10-01T23:58:45Z,Kitting,KIT03,Down,Quality Hold,32.9
2026-10-02T00:31:40Z,Kitting,KIT03,Running,,0
2026-10-02T01:16:51Z,Kitting,KIT03,Down,Change Over - Line clearance,78.4
2026-10-02T02:35:14Z,Kitting,KIT03,Running,,0
2026-10-02T03:00:00Z,Kitting,KIT03,Down,Outside production hours,0
2026-10-02T12:01:52Z,Kitting,KIT03,Running,,0
2026-10-02T13:04:35Z,Kitting,KIT03,Down,Starved - Upstream,5.3
2026-10-02T13:09:53Z,Kitting,KIT03,Running,,0
2026-10-02T13:52:00Z,Kitting,KIT03,Down,Jam,9.1
2026-10-02T14:01:06Z,Kitting,KIT03,Running,,0
2026-10-02T15:25:12Z,Kitting,KIT03,Down,Starved - Upstream,15.0
2026-10-02T15:40:12Z,Kitting,KIT03,Running,,0
2026-10-02T16:23:30Z,Kitting,KIT03,Down,Scheduled Downtime,112.9
2026-10-02T18:16:23Z,Kitting,KIT03,Running,,0
2026-10-02T19:36:48Z,Kitting,KIT03,Down,Jam,23.0
2026-10-02T19:59:48Z,Kitting,KIT03,Running,,0
2026-10-02T20:35:45Z,Kitting,KIT03,Down,Quality Hold,39.2
2026-10-02T21:14:59Z,Kitting,KIT03,Running,,0
2026-10-02T22:18:12Z,Kitting,KIT03,Down,Starved - Upstream,18.2
2026-10-02T22:36:22Z,Kitting,KIT03,Running,,0
2026-10-02T23:51:47Z,Kitting,KIT03,Down,Blocked - Downstream,7.2
2026-10-02T23:59:00Z,Kitting,KIT03,Running,,0
2026-10-03T01:12:44Z,Kitting,KIT03,Down,No Operator,21.5
2026-10-03T01:34:14Z,Kitting,KIT03,Running,,0
2026-10-03T02:15:26Z,Kitting,KIT03,Down,Change Over - Line clearance,64.7
2026-10-03T03:00:00Z,Kitting,KIT03,Down,Outside production hours,0
2026-10-03T11:05:32Z,Kitting,KIT03,Running,,0
2026-10-03T12:20:03Z,Kitting,KIT03,Down,Starved - Upstream,5.7
2026-10-03T12:25:43Z,Kitting,KIT03,Running,,0
2026-10-03T13:26:02Z,Kitting,KIT03,Down,Jam,5.6
2026-10-03T13:31:40Z,Kitting,KIT03,Running,,0
2026-10-03T14:39:37Z,Kitting,KIT03,Down,Jam,13.5
2026-10-03T14:53:06Z,Kitting,KIT03,Running,,0
2026-10-03T16:03:07Z,Kitting,KIT03,Down,Blocked - Downstream,7.4
2026-10-03T16:10:29Z,Kitting,KIT03,Running,,0
2026-10-03T17:13:14Z,Kitting,KIT03,Down,Change Over - Line clearance,72.9
2026-10-03T18:26:10Z,Kitting,KIT03,Running,,0
2026-10-03T19:50:43Z,Kitting,KIT03,Down,Starved - Upstream,16.4
2026-10-03T20:07:08Z,Kitting,KIT03,Running,,0
2026-10-03T21:28:43Z,Kitting,KIT03,Down,E-Stop,9.5
2026-10-03T21:38:14Z,Kitting,KIT03,Running,,0
2026-10-03T22:55:04Z,Kitting,KIT03,Down,Jam,25.0
2026-10-03T23:20:04Z,Kitting,KIT03,Running,,0
2026-10-04T00:28:02Z,Kitting,KIT03,Down,Jam,7.3
2026-10-04T00:35:17Z,Kitting,KIT03,Running,,0
2026-10-04T01:21:24Z,Kitting,KIT03,Down,Change Over - Line clearance,64.2
2026-10-04T02:25:33Z,Kitting,KIT03,Running,,0
2026-10-04T03:00:00Z,Kitting,KIT03,Down,Outside production hours,0
2026-10-05T11:31:06Z,Kitting,KIT03,Down,Change Over - Line clearance,26.5
2026-10-05T11:57:35Z,Kitting,KIT03,Running,,0
2026-10-05T12:41:26Z,Kitting,KIT03,Down,Quality Hold,19.7
2026-10-05T13:01:08Z,Kitting,KIT03,Running,,0
2026-10-05T13:59:41Z,Kitting,KIT03,Down,Jam,17.2
2026-10-05T14:16:55Z,Kitting,KIT03,Running,,0
2026-10-05T15:01:36Z,Kitting,KIT03,Down,Quality Hold,43.9
2026-10-05T15:45:29Z,Kitting,KIT03,Running,,0
2026-10-05T17:13:09Z,Kitting,KIT03,Down,No Operator,21.1
2026-10-05T17:34:15Z,Kitting,KIT03,Running,,0
2026-10-05T18:16:33Z,Kitting,KIT03,Down,Starved - Upstream,9.6
2026-10-05T18:26:10Z,Kitting,KIT03,Running,,0
2026-10-05T18:52:35Z,Kitting,KIT03,Down,Scheduled Downtime,219.3
2026-10-05T22:31:53Z,Kitting,KIT03,Running,,0
2026-10-05T23:28:14Z,Kitting,KIT03,Down,Jam,16.1
2026-10-05T23:44:18Z,Kitting,KIT03,Running,,0
2026-10-06T01:13:28Z,Kitting,KIT03,Down,Starved - Upstream,9.0
2026-10-06T01:22:29Z,Kitting,KIT03,Running,,0
2026-10-06T02:37:50Z,Kitting,KIT03,Down,Jam,5.5
2026-10-06T02:43:21Z,Kitting,KIT03,Running,,0
2026-10-06T03:00:00Z,Kitting,KIT03,Down,Outside production hours,0
2026-10-06T11:59:06Z,Kitting,KIT03,Down,Change Over - Line clearance,59.8
2026-10-06T12:58:56Z,Kitting,KIT03,Running,,0
2026-10-06T14:14:56Z,Kitting,KIT03,Down,Change Over - Line clearance,51.5
2026-10-06T15:06:26Z,Kitting,KIT03,Running,,0
2026-10-06T15:53:10Z,Kitting,KIT03,Down,Jam,22.1
2026-10-06T16:15:15Z,Kitting,KIT03,Running,,0
2026-10-06T17:27:57Z,Kitting,KIT03,Down,Change Over - Line clearance,65.3
2026-10-06T18:33:15Z,Kitting,KIT03,Running,,0
2026-10-06T19:58:56Z,Kitting,KIT03,Down,Jam,18.0
2026-10-06T20:16:58Z,Kitting,KIT03,Running,,0
2026-10-06T21:25:02Z,Kitting,KIT03,Down,Jam,16.9
2026-10-06T21:41:56Z,Kitting,KIT03,Running,,0
2026-10-06T22:26:05Z,Kitting,KIT03,Down,Change Over - Line clearance,55.4
2026-10-06T23:21:30Z,Kitting,KIT03,Running,,0
2026-10-07T00:52:03Z,Kitting,KIT03,Down,Jam,8.7
2026-10-07T01:00:43Z,Kitting,KIT03,Running,,0
2026-10-07T02:09:35Z,Kitting,KIT03,Down,Blocked - Downstream,5.1
2026-10-07T02:14:38Z,Kitting,KIT03,Running,,0
2026-10-07T02:47:55Z,Kitting,KIT03,Down,Jam,6.7
2026-10-07T02:54:38Z,Kitting,KIT03,Running,,0
2026-10-07T03:00:00Z,Kitting,KIT03,Down,Outside production hours,0
2026-10-07T12:04:36Z,Kitting,KIT03,Running,,0
2026-10-07T12:31:51Z,Kitting,KIT03,Down,Starved - Upstream,11.9
2026-10-07T12:43:47Z,Kitting,KIT03,Running,,0
2026-10-07T13:21:38Z,Kitting,KIT03,Down,Starved - Upstream,10.2
2026-10-07T13:31:50Z,Kitting,KIT03,Running,,0
2026-10-07T14:50:51Z,Kitting,KIT03,Down,Blocked - Downstream,5.9
2026-10-07T14:56:45Z,Kitting,KIT03,Running,,0
2026-10-07T16:08:00Z,Kitting,KIT03,Down,Jam,7.3
2026-10-07T16:15:18Z,Kitting,KIT03,Running,,0
2026-10-07T17:20:42Z,Kitting,KIT03,Down,Starved - Upstream,10.0
2026-10-07T17:30:43Z,Kitting,KIT03,Running,,0
2026-10-07T18:16:21Z,Kitting,KIT03,Down,Change Over - Line clearance,68.4
2026-10-07T19:24:46Z,Kitting,KIT03,Running,,0
2026-10-07T19:59:41Z,Kitting,KIT03,Down,Blocked - Downstream,11.6
2026-10-07T20:11:15Z,Kitting,KIT03,Running,,0
2026-10-07T20:49:52Z,Kitting,KIT03,Down,Jam,14.8
2026-10-07T21:04:42Z,Kitting,KIT03,Running,,0
2026-10-07T21:46:06Z,Kitting,KIT03,Down,Change Over - Line clearance,47.9
2026-10-07T22:33:57Z,Kitting,KIT03,Running,,0
2026-10-07T23:41:01Z,Kitting,KIT03,Down,Jam,20.8
2026-10-08T00:01:50Z,Kitting,KIT03,Running,,0
2026-10-08T01:06:15Z,Kitting,KIT03,Down,Starved - Upstream,19.2
2026-10-08T01:25:29Z,Kitting,KIT03,Running,,0
2026-10-08T02:32:02Z,Kitting,KIT03,Down,Starved - Upstream,13.5
2026-10-08T02:45:30Z,Kitting,KIT03,Running,,0
2026-10-08T03:00:00Z,Kitting,KIT03,Down,Outside production hours,0
2026-10-08T11:12:11Z,Kitting,KIT03,Running,,0
2026-10-08T12:13:46Z,Kitting,KIT03,Down,Jam,5.0
2026-10-08T12:18:45Z,Kitting,KIT03,Running,,0
2026-10-08T13:20:58Z,Kitting,KIT03,Down,No Operator,17.1
2026-10-08T13:38:03Z,Kitting,KIT03,Running,,0
2026-10-08T14:51:07Z,Kitting,KIT03,Down,Starved - Upstream,10.5
2026-10-08T15:01:39Z,Kitting,KIT03,Running,,0
2026-10-08T16:20:23Z,Kitting,KIT03,Down,Blocked - Downstream,4.8
2026-10-08T16:25:12Z,Kitting,KIT03,Running,,0
2026-10-08T17:39:06Z,Kitting,KIT03,Down,Jam,20.3
2026-10-08T17:59:22Z,Kitting,KIT03,Running,,0
2026-10-08T19:12:00Z,Kitting,KIT03,Down,Blocked - Downstream,8.4
2026-10-08T19:20:23Z,Kitting,KIT03,Running,,0
2026-10-08T20:22:33Z,Kitting,KIT03,Down,Starved - Upstream,16.1
2026-10-08T20:38:41Z,Kitting,KIT03,Running,,0
2026-10-08T22:00:51Z,Kitting,KIT03,Down,Blocked - Downstream,14.3
2026-10-08T22:15:07Z,Kitting,KIT03,Running,,0
2026-10-08T23:03:45Z,Kitting,KIT03,Down,Quality Hold,37.5
2026-10-08T23:41:15Z,Kitting,KIT03,Running,,0
2026-10-09T00:48:13Z,Kitting,KIT03,Down,Blocked - Downstream,11.6
2026-10-09T00:59:50Z,Kitting,KIT03,Running,,0
2026-10-09T02:06:16Z,Kitting,KIT03,Down,Starved - Upstream,12.0
2026-10-09T02:18:19Z,Kitting,KIT03,Running,,0
2026-10-09T03:00:00Z,Kitting,KIT03,Down,Outside production hours,0
2026-10-09T11:18:33Z,Kitting,KIT03,Running,,0
2026-10-09T12:50:23Z,Kitting,KIT03,Down,Jam,23.9
2026-10-09T13:14:19Z,Kitting,KIT03,Running,,0
2026-10-09T13:45:23Z,Kitting,KIT03,Down,Jam,16.9
2026-10-09T14:02:16Z,Kitting,KIT03,Running,,0
2026-10-09T15:07:21Z,Kitting,KIT03,Down,Blocked - Downstream,9.7
2026-10-09T15:17:03Z,Kitting,KIT03,Running,,0
2026-10-09T16:41:39Z,Kitting,KIT03,Down,Quality Hold,19.2
2026-10-09T17:00:50Z,Kitting,KIT03,Running,,0
2026-10-09T17:38:31Z,Kitting,KIT03,Down,E-Stop,7.4
2026-10-09T17:45:52Z,Kitting,KIT03,Running,,0
2026-10-09T18:27:56Z,Kitting,KIT03,Down,Jam,10.6
2026-10-09T18:38:31Z,Kitting,KIT03,Running,,0
2026-10-09T19:22:50Z,Kitting,KIT03,Down,Quality Hold,24.7
2026-10-09T19:47:31Z,Kitting,KIT03,Running,,0
2026-10-09T21:09:36Z,Kitting,KIT03,Down,Quality Hold,24.5
2026-10-09T21:34:09Z,Kitting,KIT03,Running,,0
2026-10-09T22:47:33Z,Kitting,KIT03,Down,Jam,23.3
2026-10-09T23:10:53Z,Kitting,KIT03,Running,,0
2026-10-09T23:58:59Z,Kitting,KIT03,Down,Jam,4.8
2026-10-10T00:03:47Z,Kitting,KIT03,Running,,0
2026-10-10T00:38:59Z,Kitting,KIT03,Down,E-Stop,9.5
2026-10-10T00:48:27Z,Kitting,KIT03,Running,,0
2026-10-10T02:20:20Z,Kitting,KIT03,Down,Starved - Upstream,13.0
2026-10-10T02:33:19Z,Kitting,KIT03,Running,,0
2026-10-10T03:00:00Z,Kitting,KIT03,Down,Outside production hours,0
2026-10-10T11:15:51Z,Kitting,KIT03,Down,Blocked - Downstream,12.7
2026-10-10T11:28:36Z,Kitting,KIT03,Running,,0
2026-10-10T12:49:12Z,Kitting,KIT03,Down,Jam,12.1
2026-10-10T13:01:16Z,Kitting,KIT03,Running,,0
2026-10-10T13:38:29Z,Kitting,KIT03,Down,Jam,4.1
2026-10-10T13:42:33Z,Kitting,KIT03,Running,,0
2026-10-10T14:28:38Z,Kitting,KIT03,Down,Blocked - Downstream,4.4
2026-10-10T14:33:00Z,Kitting,KIT03,Running,,0
2026-10-10T15:28:29Z,Kitting,KIT03,Down,Change Over - Line clearance,56.3
2026-10-10T16:24:47Z,Kitting,KIT03,Running,,0
2026-10-10T17:20:42Z,Kitting,KIT03,Down,No Operator,14.0
2026-10-10T17:34:41Z,Kitting,KIT03,Running,,0
2026-10-10T18:55:04Z,Kitting,KIT03,Down,Blocked - Downstream,5.4
2026-10-10T19:00:29Z,Kitting,KIT03,Running,,0
2026-10-10T19:38:19Z,Kitting,KIT03,Down,Jam,19.2
2026-10-10T19:57:29Z,Kitting,KIT03,Running,,0
2026-10-10T21:04:23Z,Kitting,KIT03,Down,Starved - Upstream,14.3
2026-10-10T21:18:43Z,Kitting,KIT03,Running,,0
2026-10-10T22:11:45Z,Kitting,KIT03,Down,Starved - Upstream,15.1
2026-10-10T22:26:52Z,Kitting,KIT03,Running,,0
2026-10-10T23:23:59Z,Kitting,KIT03,Down,No Operator,17.5
2026-10-10T23:41:29Z,Kitting,KIT03,Running,,0
2026-10-11T00:31:39Z,Kitting,KIT03,Down,Blocked - Downstream,5.9
2026-10-11T00:37:33Z,Kitting,KIT03,Running,,0
2026-10-11T01:23:06Z,Kitting,KIT03,Down,Scheduled Downtime,216.3
2026-10-11T03:00:00Z,Kitting,KIT03,Down,Outside production hours,0
2026-10-12T11:35:50Z,Kitting,KIT03,Down,Starved - Upstream,10.7
2026-10-12T11:46:30Z,Kitting,KIT03,Running,,0
2026-10-12T12:15:44Z,Kitting,KIT03,Down,Change Over - Line clearance,40.4
2026-10-12T12:56:07Z,Kitting,KIT03,Running,,0
2026-10-12T14:10:33Z,Kitting,KIT03,Down,Starved - Upstream,10.8
2026-10-12T14:21:21Z,Kitting,KIT03,Running,,0
2026-10-12T15:41:47Z,Kitting,KIT03,Down,Jam,17.0
2026-10-12T15:58:49Z,Kitting,KIT03,Running,,0
2026-10-12T16:49:24Z,Kitting,KIT03,Down,Jam,22.5
2026-10-12T17:11:55Z,Kitting,KIT03,Running,,0
2026-10-12T18:34:39Z,Kitting,KIT03,Down,Change Over - Line clearance,52.9
2026-10-12T19:27:32Z,Kitting,KIT03,Running,,0
2026-10-12T20:46:23Z,Kitting,KIT03,Down,Quality Hold,43.2
2026-10-12T21:29:37Z,Kitting,KIT03,Running,,0
2026-10-12T22:10:34Z,Kitting,KIT03,Down,Starved - Upstream,6.3
2026-10-12T22:16:52Z,Kitting,KIT03,Running,,0
2026-10-12T23:42:05Z,Kitting,KIT03,Down,No Operator,21.1
2026-10-13T00:03:14Z,Kitting,KIT03,Running,,0
2026-10-13T00:44:17Z,Kitting,KIT03,Down,Starved - Upstream,16.0
2026-10-13T01:00:18Z,Kitting,KIT03,Running,,0
2026-10-13T01:55:12Z,Kitting,KIT03,Down,Change Over - Line clearance,53.4
2026-10-13T02:48:39Z,Kitting,KIT03,Running,,0
2026-10-13T03:00:00Z,Kitting,KIT03,Down,Outside production hours,0
2026-10-13T11:38:40Z,Kitting,KIT03,Down,Blocked - Downstream,7.7
2026-10-13T11:46:21Z,Kitting,KIT03,Running,,0
2026-10-13T12:42:54Z,Kitting,KIT03,Down,Jam,21.9
2026-10-13T13:04:50Z,Kitting,KIT03,Running,,0
2026-10-13T14:10:19Z,Kitting,KIT03,Down,Starved - Upstream,9.7
2026-10-13T14:19:59Z,Kitting,KIT03,Running,,0
2026-10-13T15:32:55Z,Kitting,KIT03,Down,Change Over - Line clearance,52.4
2026-10-13T16:25:21Z,Kitting,KIT03,Running,,0
2026-10-13T17:33:58Z,Kitting,KIT03,Down,Change Over - Line clearance,69.2
2026-10-13T18:43:09Z,Kitting,KIT03,Running,,0
2026-10-13T20:08:12Z,Kitting,KIT03,Down,Change Over - Line clearance,69.0
2026-10-13T21:17:10Z,Kitting,KIT03,Running,,0
2026-10-13T21:54:09Z,Kitting,KIT03,Down,Starved - Upstream,16.7
2026-10-13T22:10:48Z,Kitting,KIT03,Running,,0
2026-10-13T22:50:36Z,Kitting,KIT03,Down,Jam,10.0
2026-10-13T23:00:36Z,Kitting,KIT03,Running,,0
2026-10-13T23:58:58Z,Kitting,KIT03,Down,No Operator,11.6
2026-10-14T00:10:32Z,Kitting,KIT03,Running,,0
2026-10-14T00:50:11Z,Kitting,KIT03,Down,Quality Hold,26.8
2026-10-14T01:16:57Z,Kitting,KIT03,Running,,0
2026-10-14T02:15:22Z,Kitting,KIT03,Down,Jam,8.1
2026-10-14T02:23:25Z,Kitting,KIT03,Running,,0
2026-10-14T02:55:13Z,Kitting,KIT03,Down,Change Over - Line clearance,49.8
2026-10-14T03:00:00Z,Kitting,KIT03,Down,Outside production hours,0
2026-10-14T12:17:20Z,Kitting,KIT03,Running,,0
2026-10-14T12:58:00Z,Kitting,KIT03,Down,Jam,18.9
2026-10-14T13:16:56Z,Kitting,KIT03,Running,,0
2026-10-14T14:03:57Z,Kitting,KIT03,Down,Starved - Upstream,16.7
2026-10-14T14:20:38Z,Kitting,KIT03,Running,,0
2026-10-14T15:29:26Z,Kitting,KIT03,Down,Starved - Upstream,16.4
2026-10-14T15:45:48Z,Kitting,KIT03,Running,,0
2026-10-14T16:53:52Z,Kitting,KIT03,Down,No Operator,8.8
2026-10-14T17:02:40Z,Kitting,KIT03,Running,,0
2026-10-14T17:31:55Z,Kitting,KIT03,Down,Starved - Upstream,7.5
2026-10-14T17:39:27Z,Kitting,KIT03,Running,,0
2026-10-14T18:05:33Z,Kitting,KIT03,Down,Blocked - Downstream,12.8
2026-10-14T18:18:23Z,Kitting,KIT03,Running,,0
2026-10-14T19:38:02Z,Kitting,KIT03,Down,E-Stop,8.1
2026-10-14T19:46:07Z,Kitting,KIT03,Running,,0
2026-10-14T20:23:49Z,Kitting,KIT03,Down,Jam,7.1
2026-10-14T20:30:56Z,Kitting,KIT03,Running,,0
2026-10-14T22:05:09Z,Kitting,KIT03,Down,E-Stop,6.2
2026-10-14T22:11:22Z,Kitting,KIT03,Running,,0
2026-10-14T22:37:00Z,Kitting,KIT03,Down,Jam,17.0
2026-10-14T22:53:57Z,Kitting,KIT03,Running,,0
2026-10-14T23:26:23Z,Kitting,KIT03,Down,Scheduled Downtime,200.0
2026-10-15T02:46:20Z,Kitting,KIT03,Running,,0
2026-10-15T03:00:00Z,Kitting,KIT03,Down,Outside production hours,0
2026-10-15T12:06:53Z,Kitting,KIT03,Down,No Operator,13.3
2026-10-15T12:20:12Z,Kitting,KIT03,Running,,0
2026-10-15T13:44:38Z,Kitting,KIT03,Down,Change Over - Line clearance,73.4
2026-10-15T14:58:05Z,Kitting,KIT03,Running,,0
2026-10-15T15:46:19Z,Kitting,KIT03,Down,Blocked - Downstream,10.2
2026-10-15T15:56:32Z,Kitting,KIT03,Running,,0
2026-10-15T17:22:23Z,Kitting,KIT03,Down,Jam,18.6
2026-10-15T17:41:01Z,Kitting,KIT03,Running,,0
2026-10-15T18:22:52Z,Kitting,KIT03,Down,Change Over - Line clearance,38.5
2026-10-15T19:01:21Z,Kitting,KIT03,Running,,0
2026-10-15T20:02:43Z,Kitting,KIT03,Down,Scheduled Downtime,142.0
2026-10-15T22:24:42Z,Kitting,KIT03,Running,,0
2026-10-15T23:25:29Z,Kitting,KIT03,Down,Quality Hold,19.9
2026-10-15T23:45:25Z,Kitting,KIT03,Running,,0
2026-10-16T01:07:20Z,Kitting,KIT03,Down,Jam,10.8
2026-10-16T01:18:06Z,Kitting,KIT03,Running,,0
2026-10-16T01:50:58Z,Kitting,KIT03,Down,Blocked - Downstream,8.7
2026-10-16T01:59:39Z,Kitting,KIT03,Running,,0
2026-10-16T03:00:00Z,Kitting,KIT03,Down,Outside production hours,0
2026-09-25T11:03:27Z,Kitting,KIT04,Running,,0
2026-09-25T11:47:04Z,Kitting,KIT04,Down,Jam,13.0
2026-09-25T12:00:03Z,Kitting,KIT04,Running,,0
2026-09-25T12:41:32Z,Kitting,KIT04,Down,No Operator,28.9
2026-09-25T13:10:27Z,Kitting,KIT04,Running,,0
2026-09-25T13:56:30Z,Kitting,KIT04,Down,Jam,20.8
2026-09-25T14:17:16Z,Kitting,KIT04,Running,,0
2026-09-25T15:21:35Z,Kitting,KIT04,Down,Blocked - Downstream,8.9
2026-09-25T15:30:28Z,Kitting,KIT04,Running,,0
2026-09-25T16:51:17Z,Kitting,KIT04,Down,Jam,20.2
2026-09-25T17:11:31Z,Kitting,KIT04,Running,,0
2026-09-25T17:36:45Z,Kitting,KIT04,Down,No Operator,20.4
2026-09-25T17:57:07Z,Kitting,KIT04,Running,,0
2026-09-25T18:26:31Z,Kitting,KIT04,Down,Blocked - Downstream,5.5
2026-09-25T18:32:03Z,Kitting,KIT04,Running,,0
2026-09-25T19:03:39Z,Kitting,KIT04,Down,E-Stop,9.8
2026-09-25T19:13:26Z,Kitting,KIT04,Running,,0
2026-09-25T19:44:18Z,Kitting,KIT04,Down,Jam,18.7
2026-09-25T20:02:59Z,Kitting,KIT04,Running,,0
2026-09-25T20:52:04Z,Kitting,KIT04,Down,Jam,21.1
2026-09-25T21:13:10Z,Kitting,KIT04,Running,,0
2026-09-25T22:47:33Z,Kitting,KIT04,Down,Starved - Upstream,11.2
2026-09-25T22:58:45Z,Kitting,KIT04,Running,,0
2026-09-25T23:48:08Z,Kitting,KIT04,Down,Jam,22.8
2026-09-26T00:10:54Z,Kitting,KIT04,Running,,0
2026-09-26T01:21:20Z,Kitting,KIT04,Down,Blocked - Downstream,8.0
2026-09-26T01:29:20Z,Kitting,KIT04,Running,,0
2026-09-26T02:06:03Z,Kitting,KIT04,Down,Starved - Upstream,17.2
2026-09-26T02:23:12Z,Kitting,KIT04,Running,,0
2026-09-26T03:00:00Z,Kitting,KIT04,Down,Outside production hours,0
2026-09-26T11:14:37Z,Kitting,KIT04,Down,Starved - Upstream,8.0
2026-09-26T11:22:38Z,Kitting,KIT04,Running,,0
2026-09-26T11:50:08Z,Kitting,KIT04,Down,Jam,17.8
2026-09-26T12:07:56Z,Kitting,KIT04,Running,,0
2026-09-26T12:44:50Z,Kitting,KIT04,Down,Scheduled Downtime,96.7
2026-09-26T14:21:34Z,Kitting,KIT04,Running,,0
2026-09-26T15:38:29Z,Kitting,KIT04,Down,Starved - Upstream,6.9
2026-09-26T15:45:23Z,Kitting,KIT04,Running,,0
2026-09-26T17:12:13Z,Kitting,KIT04,Down,Starved - Upstream,14.7
2026-09-26T17:26:56Z,Kitting,KIT04,Running,,0
2026-09-26T18:02:46Z,Kitting,KIT04,Down,Jam,19.3
2026-09-26T18:22:02Z,Kitting,KIT04,Running,,0
2026-09-26T19:39:35Z,Kitting,KIT04,Down,Quality Hold,27.1
2026-09-26T20:06:43Z,Kitting,KIT04,Running,,0
2026-09-26T21:11:44Z,Kitting,KIT04,Down,Quality Hold,23.1
2026-09-26T21:34:47Z,Kitting,KIT04,Running,,0
2026-09-26T22:11:39Z,Kitting,KIT04,Down,Jam,21.3
2026-09-26T22:32:59Z,Kitting,KIT04,Running,,0
2026-09-26T23:24:40Z,Kitting,KIT04,Down,Starved - Upstream,18.3
2026-09-26T23:42:57Z,Kitting,KIT04,Running,,0
2026-09-27T00:59:53Z,Kitting,KIT04,Down,Change Over - Line clearance,38.6
2026-09-27T01:38:27Z,Kitting,KIT04,Running,,0
2026-09-27T02:39:00Z,Kitting,KIT04,Down,Starved - Upstream,13.1
2026-09-27T02:52:09Z,Kitting,KIT04,Running,,0
2026-09-27T03:00:00Z,Kitting,KIT04,Down,Outside production hours,0
2026-09-28T11:44:24Z,Kitting,KIT04,Down,Quality Hold,34.2
2026-09-28T12:18:37Z,Kitting,KIT04,Running,,0
2026-09-28T13:23:06Z,Kitting,KIT04,Down,Jam,7.1
2026-09-28T13:30:13Z,Kitting,KIT04,Running,,0
2026-09-28T13:56:16Z,Kitting,KIT04,Down,Starved - Upstream,16.9
2026-09-28T14:13:09Z,Kitting,KIT04,Running,,0
2026-09-28T14:51:00Z,Kitting,KIT04,Down,Jam,7.1
2026-09-28T14:58:04Z,Kitting,KIT04,Running,,0
2026-09-28T15:35:34Z,Kitting,KIT04,Down,Jam,14.9
2026-09-28T15:50:26Z,Kitting,KIT04,Running,,0
2026-09-28T17:23:38Z,Kitting,KIT04,Down,E-Stop,3.3
2026-09-28T17:26:54Z,Kitting,KIT04,Running,,0
2026-09-28T18:39:41Z,Kitting,KIT04,Down,Jam,5.8
2026-09-28T18:45:28Z,Kitting,KIT04,Running,,0
2026-09-28T19:59:58Z,Kitting,KIT04,Down,Change Over - Line clearance,63.3
2026-09-28T21:03:16Z,Kitting,KIT04,Running,,0
2026-09-28T22:17:52Z,Kitting,KIT04,Down,No Operator,14.2
2026-09-28T22:32:06Z,Kitting,KIT04,Running,,0
2026-09-28T23:08:31Z,Kitting,KIT04,Down,Jam,22.6
2026-09-28T23:31:07Z,Kitting,KIT04,Running,,0
2026-09-29T00:16:39Z,Kitting,KIT04,Down,E-Stop,9.5
2026-09-29T00:26:11Z,Kitting,KIT04,Running,,0
2026-09-29T01:20:26Z,Kitting,KIT04,Down,Jam,23.0
2026-09-29T01:43:26Z,Kitting,KIT04,Running,,0
2026-09-29T02:51:17Z,Kitting,KIT04,Down,Quality Hold,21.4
2026-09-29T03:00:00Z,Kitting,KIT04,Down,Outside production hours,0
2026-09-29T11:17:27Z,Kitting,KIT04,Running,,0
2026-09-29T11:46:27Z,Kitting,KIT04,Down,Starved - Upstream,18.0
2026-09-29T12:04:26Z,Kitting,KIT04,Running,,0
2026-09-29T13:19:58Z,Kitting,KIT04,Down,Jam,4.9
2026-09-29T13:24:53Z,Kitting,KIT04,Running,,0
2026-09-29T14:18:25Z,Kitting,KIT04,Down,Blocked - Downstream,12.3
2026-09-29T14:30:42Z,Kitting,KIT04,Running,,0
2026-09-29T15:33:50Z,Kitting,KIT04,Down,Jam,11.6
2026-09-29T15:45:28Z,Kitting,KIT04,Running,,0
2026-09-29T17:10:48Z,Kitting,KIT04,Down,Starved - Upstream,7.5
2026-09-29T17:18:20Z,Kitting,KIT04,Running,,0
2026-09-29T18:42:36Z,Kitting,KIT04,Down,No Operator,24.9
2026-09-29T19:07:29Z,Kitting,KIT04,Running,,0
2026-09-29T20:23:40Z,Kitting,KIT04,Down,E-Stop,8.0
2026-09-29T20:31:41Z,Kitting,KIT04,Running,,0
2026-09-29T21:53:09Z,Kitting,KIT04,Down,Blocked - Downstream,11.1
2026-09-29T22:04:15Z,Kitting,KIT04,Running,,0
2026-09-29T22:46:35Z,Kitting,KIT04,Down,Starved - Upstream,7.6
2026-09-29T22:54:14Z,Kitting,KIT04,Running,,0
2026-09-29T23:24:44Z,Kitting,KIT04,Down,Change Over - Line clearance,66.0
2026-09-30T00:30:44Z,Kitting,KIT04,Running,,0
2026-09-30T01:06:53Z,Kitting,KIT04,Down,No Operator,11.6
2026-09-30T01:18:29Z,Kitting,KIT04,Running,,0
2026-09-30T02:35:10Z,Kitting,KIT04,Down,Jam,8.3
2026-09-30T02:43:25Z,Kitting,KIT04,Running,,0
2026-09-30T03:00:00Z,Kitting,KIT04,Down,Outside production hours,0
2026-09-30T11:41:20Z,Kitting,KIT04,Running,,0
2026-09-30T12:33:16Z,Kitting,KIT04,Down,Jam,6.6
2026-09-30T12:39:50Z,Kitting,KIT04,Running,,0
2026-09-30T13:50:43Z,Kitting,KIT04,Down,Jam,4.5
2026-09-30T13:55:12Z,Kitting,KIT04,Running,,0
2026-09-30T15:11:30Z,Kitting,KIT04,Down,Jam,12.7
2026-09-30T15:24:11Z,Kitting,KIT04,Running,,0
2026-09-30T15:53:56Z,Kitting,KIT04,Down,Change Over - Line clearance,73.8
2026-09-30T17:07:46Z,Kitting,KIT04,Running,,0
2026-09-30T18:36:33Z,Kitting,KIT04,Down,Quality Hold,22.1
2026-09-30T18:58:36Z,Kitting,KIT04,Running,,0
2026-09-30T20:13:17Z,Kitting,KIT04,Down,Starved - Upstream,15.0
2026-09-30T20:28:18Z,Kitting,KIT04,Running,,0
2026-09-30T21:46:51Z,Kitting,KIT04,Down,Jam,4.6
2026-09-30T21:51:28Z,Kitting,KIT04,Running,,0
2026-09-30T23:06:46Z,Kitting,KIT04,Down,Blocked - Downstream,6.6
2026-09-30T23:13:23Z,Kitting,KIT04,Running,,0
2026-09-30T23:50:35Z,Kitting,KIT04,Down,Blocked - Downstream,8.8
2026-09-30T23:59:21Z,Kitting,KIT04,Running,,0
2026-10-01T00:55:53Z,Kitting,KIT04,Down,Starved - Upstream,13.6
2026-10-01T01:09:27Z,Kitting,KIT04,Running,,0
2026-10-01T02:20:27Z,Kitting,KIT04,Down,No Operator,26.0
2026-10-01T02:46:28Z,Kitting,KIT04,Running,,0
2026-10-01T03:00:00Z,Kitting,KIT04,Down,Outside production hours,0
2026-10-01T11:23:44Z,Kitting,KIT04,Down,Jam,13.7
2026-10-01T11:37:25Z,Kitting,KIT04,Running,,0
2026-10-01T12:47:10Z,Kitting,KIT04,Down,Change Over - Line clearance,56.3
2026-10-01T13:43:29Z,Kitting,KIT04,Running,,0
2026-10-01T14:35:42Z,Kitting,KIT04,Down,No Operator,9.8
2026-10-01T14:45:29Z,Kitting,KIT04,Running,,0
2026-10-01T15:52:03Z,Kitting,KIT04,Down,Quality Hold,15.5
2026-10-01T16:07:30Z,Kitting,KIT04,Running,,0
2026-10-01T17:15:04Z,Kitting,KIT04,Down,No Operator,27.9
2026-10-01T17:43:00Z,Kitting,KIT04,Running,,0
2026-10-01T19:11:23Z,Kitting,KIT04,Down,No Operator,24.3
2026-10-01T19:35:39Z,Kitting,KIT04,Running,,0
2026-10-01T20:44:02Z,Kitting,KIT04,Down,Blocked - Downstream,11.6
2026-10-01T20:55:41Z,Kitting,KIT04,Running,,0
2026-10-01T21:50:23Z,Kitting,KIT04,Down,No Operator,26.7
2026-10-01T22:17:07Z,Kitting,KIT04,Running,,0
2026-10-01T23:46:39Z,Kitting,KIT04,Down,Jam,20.4
2026-10-02T00:07:00Z,Kitting,KIT04,Running,,0
2026-10-02T00:39:29Z,Kitting,KIT04,Down,Jam,5.6
2026-10-02T00:45:05Z,Kitting,KIT04,Running,,0
2026-10-02T02:13:53Z,Kitting,KIT04,Down,Starved - Upstream,19.5
2026-10-02T02:33:22Z,Kitting,KIT04,Running,,0
2026-10-02T03:00:00Z,Kitting,KIT04,Down,Outside production hours,0
2026-10-02T11:38:52Z,Kitting,KIT04,Down,Blocked - Downstream,8.4
2026-10-02T11:47:18Z,Kitting,KIT04,Running,,0
2026-10-02T12:34:30Z,Kitting,KIT04,Down,Scheduled Downtime,113.2
2026-10-02T14:27:43Z,Kitting,KIT04,Running,,0
2026-10-02T15:33:57Z,Kitting,KIT04,Down,Blocked - Downstream,4.4
2026-10-02T15:38:23Z,Kitting,KIT04,Running,,0
2026-10-02T16:36:32Z,Kitting,KIT04,Down,Quality Hold,25.0
2026-10-02T17:01:34Z,Kitting,KIT04,Running,,0
2026-10-02T18:28:35Z,Kitting,KIT04,Down,Jam,4.1
2026-10-02T18:32:39Z,Kitting,KIT04,Running,,0
2026-10-02T19:07:22Z,Kitting,KIT04,Down,Change Over - Line clearance,80.1
2026-10-02T20:27:29Z,Kitting,KIT04,Running,,0
2026-10-02T21:50:56Z,Kitting,KIT04,Down,Jam,12.5
2026-10-02T22:03:23Z,Kitting,KIT04,Running,,0
2026-10-02T23:37:20Z,Kitting,KIT04,Down,No Operator,8.1
2026-10-02T23:45:29Z,Kitting,KIT04,Running,,0
2026-10-03T01:02:53Z,Kitting,KIT04,Down,Starved - Upstream,18.4
2026-10-03T01:21:18Z,Kitting,KIT04,Running,,0
2026-10-03T02:45:34Z,Kitting,KIT04,Down,Starved - Upstream,13.4
2026-10-03T02:58:56Z,Kitting,KIT04,Running,,0
2026-10-03T03:00:00Z,Kitting,KIT04,Down,Outside production hours,0
2026-10-03T11:00:39Z,Kitting,KIT04,Down,Blocked - Downstream,10.3
2026-10-03T11:10:56Z,Kitting,KIT04,Running,,0
2026-10-03T12:45:49Z,Kitting,KIT04,Down,Scheduled Downtime,208.8
2026-10-03T16:14:36Z,Kitting,KIT04,Running,,0
2026-10-03T17:28:19Z,Kitting,KIT04,Down,Jam,18.9
2026-10-03T17:47:10Z,Kitting,KIT04,Running,,0
2026-10-03T18:18:24Z,Kitting,KIT04,Down,Blocked - Downstream,7.6
2026-10-03T18:25:59Z,Kitting,KIT04,Running,,0
2026-10-03T19:23:48Z,Kitting,KIT04,Down,Scheduled Downtime,83.0
2026-10-03T20:46:51Z,Kitting,KIT04,Running,,0
2026-10-03T21:19:18Z,Kitting,KIT04,Down,Starved - Upstream,18.5
2026-10-03T21:37:50Z,Kitting,KIT04,Running,,0
2026-10-03T22:21:00Z,Kitting,KIT04,Down,Jam,11.0
2026-10-03T22:32:00Z,Kitting,KIT04,Running,,0
2026-10-03T23:07:49Z,Kitting,KIT04,Down,Jam,20.9
2026-10-03T23:28:46Z,Kitting,KIT04,Running,,0
2026-10-04T00:32:51Z,Kitting,KIT04,Down,Change Over - Line clearance,78.2
2026-10-04T01:51:03Z,Kitting,KIT04,Running,,0
2026-10-04T02:25:35Z,Kitting,KIT04,Down,Change Over - Line clearance,57.0
2026-10-04T03:00:00Z,Kitting,KIT04,Down,Outside production hours,0
2026-10-05T12:11:59Z,Kitting,KIT04,Down,Scheduled Downtime,188.3
2026-10-05T15:20:14Z,Kitting,KIT04,Running,,0
2026-10-05T16:16:43Z,Kitting,KIT04,Down,E-Stop,4.2
2026-10-05T16:20:53Z,Kitting,KIT04,Running,,0
2026-10-05T17:18:49Z,Kitting,KIT04,Down,E-Stop,10.3
2026-10-05T17:29:05Z,Kitting,KIT04,Running,,0
2026-10-05T18:12:22Z,Kitting,KIT04,Down,Jam,22.1
2026-10-05T18:34:28Z,Kitting,KIT04,Running,,0
2026-10-05T19:59:15Z,Kitting,KIT04,Down,Change Over - Line clearance,69.6
2026-10-05T21:08:49Z,Kitting,KIT04,Running,,0
2026-10-05T22:08:01Z,Kitting,KIT04,Down,Change Over - Line clearance,84.6
2026-10-05T23:32:34Z,Kitting,KIT04,Running,,0
2026-10-06T00:41:19Z,Kitting,KIT04,Down,Starved - Upstream,7.9
2026-10-06T00:49:15Z,Kitting,KIT04,Running,,0
2026-10-06T02:02:00Z,Kitting,KIT04,Down,Quality Hold,32.8
2026-10-06T02:34:45Z,Kitting,KIT04,Running,,0
2026-10-06T03:00:00Z,Kitting,KIT04,Down,Outside production hours,0
2026-10-06T11:31:30Z,Kitting,KIT04,Down,Starved - Upstream,12.9
2026-10-06T11:44:25Z,Kitting,KIT04,Running,,0
2026-10-06T12:27:07Z,Kitting,KIT04,Down,Jam,22.9
2026-10-06T12:49:59Z,Kitting,KIT04,Running,,0
2026-10-06T13:59:47Z,Kitting,KIT04,Down,Change Over - Line clearance,75.4
2026-10-06T15:15:11Z,Kitting,KIT04,Running,,0
2026-10-06T15:44:21Z,Kitting,KIT04,Down,Quality Hold,23.9
2026-10-06T16:08:13Z,Kitting,KIT04,Running,,0
2026-10-06T16:59:45Z,Kitting,KIT04,Down,Jam,13.0
2026-10-06T17:12:44Z,Kitting,KIT04,Running,,0
2026-10-06T18:23:44Z,Kitting,KIT04,Down,Jam,14.3
2026-10-06T18:38:03Z,Kitting,KIT04,Running,,0
2026-10-06T19:26:24Z,Kitting,KIT04,Down,No Operator,12.3
2026-10-06T19:38:45Z,Kitting,KIT04,Running,,0
2026-10-06T20:10:38Z,Kitting,KIT04,Down,Blocked - Downstream,7.8
2026-10-06T20:18:27Z,Kitting,KIT04,Running,,0
2026-10-06T21:09:58Z,Kitting,KIT04,Down,Blocked - Downstream,10.5
2026-10-06T21:20:27Z,Kitting,KIT04,Running,,0
2026-10-06T22:04:40Z,Kitting,KIT04,Down,E-Stop,9.1
2026-10-06T22:13:44Z,Kitting,KIT04,Running,,0
2026-10-06T23:04:18Z,Kitting,KIT04,Down,Blocked - Downstream,11.0
2026-10-06T23:15:21Z,Kitting,KIT04,Running,,0
2026-10-07T00:27:40Z,Kitting,KIT04,Down,Starved - Upstream,14.4
2026-10-07T00:42:06Z,Kitting,KIT04,Running,,0
2026-10-07T01:36:47Z,Kitting,KIT04,Down,No Operator,19.1
2026-10-07T01:55:52Z,Kitting,KIT04,Running,,0
2026-10-07T03:00:00Z,Kitting,KIT04,Down,Outside production hours,0
2026-10-07T12:22:30Z,Kitting,KIT04,Down,No Operator,8.2
2026-10-07T12:30:44Z,Kitting,KIT04,Running,,0
2026-10-07T13:05:26Z,Kitting,KIT04,Down,Scheduled Downtime,78.5
2026-10-07T14:23:56Z,Kitting,KIT04,Running,,0
2026-10-07T14:57:59Z,Kitting,KIT04,Down,Jam,9.7
2026-10-07T15:07:43Z,Kitting,KIT04,Running,,0
2026-10-07T16:03:57Z,Kitting,KIT04,Down,Blocked - Downstream,8.8
2026-10-07T16:12:46Z,Kitting,KIT04,Running,,0
2026-10-07T17:41:00Z,Kitting,KIT04,Down,Blocked - Downstream,13.1
2026-10-07T17:54:05Z,Kitting,KIT04,Running,,0
2026-10-07T18:41:25Z,Kitting,KIT04,Down,Jam,4.2
2026-10-07T18:45:35Z,Kitting,KIT04,Running,,0
2026-10-07T19:25:11Z,Kitting,KIT04,Down,Jam,12.6
2026-10-07T19:37:47Z,Kitting,KIT04,Running,,0
2026-10-07T20:12:32Z,Kitting,KIT04,Down,Jam,12.5
2026-10-07T20:25:05Z,Kitting,KIT04,Running,,0
2026-10-07T21:03:08Z,Kitting,KIT04,Down,Blocked - Downstream,12.0
2026-10-07T21:15:08Z,Kitting,KIT04,Running,,0
2026-10-07T22:20:18Z,Kitting,KIT04,Down,Blocked - Downstream,7.2
2026-10-07T22:27:30Z,Kitting,KIT04,Running,,0
2026-10-07T23:47:31Z,Kitting,KIT04,Down,Quality Hold,37.0
2026-10-08T00:24:33Z,Kitting,KIT04,Running,,0
2026-10-08T01:12:00Z,Kitting,KIT04,Down,Starved - Upstream,12.3
2026-10-08T01:24:17Z,Kitting,KIT04,Running,,0
2026-10-08T02:07:44Z,Kitting,KIT04,Down,Scheduled Downtime,131.3
2026-10-08T03:00:00Z,Kitting,KIT04,Down,Outside production hours,0
2026-10-08T11:06:18Z,Kitting,KIT04,Running,,0
2026-10-08T12:14:11Z,Kitting,KIT04,Down,Blocked - Downstream,8.1
2026-10-08T12:22:16Z,Kitting,KIT04,Running,,0
2026-10-08T12:47:48Z,Kitting,KIT04,Down,E-Stop,9.2
2026-10-08T12:56:59Z,Kitting,KIT04,Running,,0
2026-10-08T14:23:26Z,Kitting,KIT04,Down,Starved - Upstream,16.1
2026-10-08T14:39:35Z,Kitting,KIT04,Running,,0
2026-10-08T15:18:50Z,Kitting,KIT04,Down,Blocked - Downstream,12.2
2026-10-08T15:31:04Z,Kitting,KIT04,Running,,0
2026-10-08T16:04:36Z,Kitting,KIT04,Down,Starved - Upstream,13.6
2026-10-08T16:18:15Z,Kitting,KIT04,Running,,0
2026-10-08T17:52:37Z,Kitting,KIT04,Down,Starved - Upstream,5.5
2026-10-08T17:58:08Z,Kitting,KIT04,Running,,0
2026-10-08T18:58:52Z,Kitting,KIT04,Down,Blocked - Downstream,10.0
2026-10-08T19:08:51Z,Kitting,KIT04,Running,,0
2026-10-08T20:25:05Z,Kitting,KIT04,Down,Blocked - Downstream,13.0
2026-10-08T20:38:06Z,Kitting,KIT04,Running,,0
2026-10-08T21:05:58Z,Kitting,KIT04,Down,Starved - Upstream,18.2
2026-10-08T21:24:11Z,Kitting,KIT04,Running,,0
2026-10-08T22:15:47Z,Kitting,KIT04,Down,Jam,7.1
2026-10-08T22:22:51Z,Kitting,KIT04,Running,,0
2026-10-08T23:40:19Z,Kitting,KIT04,Down,Blocked - Downstream,8.6
2026-10-08T23:48:54Z,Kitting,KIT04,Running,,0
2026-10-09T00:23:54Z,Kitting,KIT04,Down,Scheduled Downtime,127.0
2026-10-09T02:30:56Z,Kitting,KIT04,Running,,0
2026-10-09T03:00:00Z,Kitting,KIT04,Down,Outside production hours,0
2026-10-09T11:33:31Z,Kitting,KIT04,Down,Scheduled Downtime,85.5
2026-10-09T12:59:01Z,Kitting,KIT04,Running,,0
2026-10-09T14:26:10Z,Kitting,KIT04,Down,Blocked - Downstream,14.6
2026-10-09T14:40:44Z,Kitting,KIT04,Running,,0
2026-10-09T15:40:25Z,Kitting,KIT04,Down,Jam,16.9
2026-10-09T15:57:20Z,Kitting,KIT04,Running,,0
2026-10-09T17:27:02Z,Kitting,KIT04,Down,No Operator,18.9
2026-10-09T17:45:54Z,Kitting,KIT04,Running,,0
2026-10-09T18:59:37Z,Kitting,KIT04,Down,Jam,13.3
2026-10-09T19:12:54Z,Kitting,KIT04,Running,,0
2026-10-09T20:08:47Z,Kitting,KIT04,Down,Starved - Upstream,19.8
2026-10-09T20:28:36Z,Kitting,KIT04,Running,,0
2026-10-09T21:33:48Z,Kitting,KIT04,Down,Change Over - Line clearance,60.8
2026-10-09T22:34:38Z,Kitting,KIT04,Running,,0
2026-10-09T23:01:57Z,Kitting,KIT04,Down,Starved - Upstream,11.3
2026-10-09T23:13:17Z,Kitting,KIT04,Running,,0
2026-10-10T00:29:08Z,Kitting,KIT04,Down,Change Over - Line clearance,89.7
2026-10-10T01:58:47Z,Kitting,KIT04,Running,,0
2026-10-10T02:34:58Z,Kitting,KIT04,Down,Jam,19.4
2026-10-10T02:54:22Z,Kitting,KIT04,Running,,0
2026-10-10T03:00:00Z,Kitting,KIT04,Down,Outside production hours,0
2026-10-10T12:27:44Z,Kitting,KIT04,Down,E-Stop,5.3
2026-10-10T12:33:04Z,Kitting,KIT04,Running,,0
2026-10-10T13:01:26Z,Kitting,KIT04,Down,Jam,15.6
2026-10-10T13:17:03Z,Kitting,KIT04,Running,,0
2026-10-10T14:00:37Z,Kitting,KIT04,Down,Change Over - Line clearance,62.8
2026-10-10T15:03:23Z,Kitting,KIT04,Running,,0
2026-10-10T15:32:26Z,Kitting,KIT04,Down,Jam,7.9
2026-10-10T15:40:18Z,Kitting,KIT04,Running,,0
2026-10-10T17:11:45Z,Kitting,KIT04,Down,Change Over - Line clearance,39.6
2026-10-10T17:51:23Z,Kitting,KIT04,Running,,0
2026-10-10T18:39:55Z,Kitting,KIT04,Down,Change Over - Line clearance,45.4
2026-10-10T19:25:16Z,Kitting,KIT04,Running,,0
2026-10-10T20:52:44Z,Kitting,KIT04,Down,Jam,7.8
2026-10-10T21:00:29Z,Kitting,KIT04,Running,,0
2026-10-10T21:54:52Z,Kitting,KIT04,Down,Change Over - Line clearance,43.0
2026-10-10T22:37:50Z,Kitting,KIT04,Running,,0
2026-10-10T23:08:57Z,Kitting,KIT04,Down,Jam,13.4
2026-10-10T23:22:21Z,Kitting,KIT04,Running,,0
2026-10-10T23:50:41Z,Kitting,KIT04,Down,Change Over - Line clearance,79.0
2026-10-11T01:09:43Z,Kitting,KIT04,Running,,0
2026-10-11T01:55:06Z,Kitting,KIT04,Down,Jam,18.4
2026-10-11T02:13:29Z,Kitting,KIT04,Running,,0
2026-10-11T03:00:00Z,Kitting,KIT04,Down,Outside production hours,0
2026-10-12T11:06:41Z,Kitting,KIT04,Down,Jam,13.9
2026-10-12T11:20:37Z,Kitting,KIT04,Running,,0
2026-10-12T12:07:28Z,Kitting,KIT04,Down,Jam,22.8
2026-10-12T12:30:14Z,Kitting,KIT04,Running,,0
2026-10-12T13:09:16Z,Kitting,KIT04,Down,Jam,22.6
2026-10-12T13:31:51Z,Kitting,KIT04,Running,,0
2026-10-12T14:26:05Z,Kitting,KIT04,Down,Starved - Upstream,9.0
2026-10-12T14:35:04Z,Kitting,KIT04,Running,,0
2026-10-12T15:16:58Z,Kitting,KIT04,Down,No Operator,24.7
2026-10-12T15:41:39Z,Kitting,KIT04,Running,,0
2026-10-12T16:34:21Z,Kitting,KIT04,Down,Jam,22.0
2026-10-12T16:56:21Z,Kitting,KIT04,Running,,0
2026-10-12T17:46:54Z,Kitting,KIT04,Down,Starved - Upstream,8.8
2026-10-12T17:55:44Z,Kitting,KIT04,Running,,0
2026-10-12T19:27:21Z,Kitting,KIT04,Down,Change Over - Line clearance,73.7
2026-10-12T20:41:06Z,Kitting,KIT04,Running,,0
2026-10-12T21:24:54Z,Kitting,KIT04,Down,Quality Hold,41.9
2026-10-12T22:06:50Z,Kitting,KIT04,Running,,0
2026-10-12T22:35:55Z,Kitting,KIT04,Down,Jam,21.4
2026-10-12T22:57:20Z,Kitting,KIT04,Running,,0
2026-10-13T00:14:49Z,Kitting,KIT04,Down,Jam,19.9
2026-10-13T00:34:44Z,Kitting,KIT04,Running,,0
2026-10-13T01:47:13Z,Kitting,KIT04,Down,Starved - Upstream,11.4
2026-10-13T01:58:36Z,Kitting,KIT04,Running,,0
2026-10-13T03:00:00Z,Kitting,KIT04,Down,Outside production hours,0
2026-10-13T11:11:04Z,Kitting,KIT04,Down,Jam,21.6
2026-10-13T11:32:40Z,Kitting,KIT04,Running,,0
2026-10-13T12:21:20Z,Kitting,KIT04,Down,Blocked - Downstream,12.9
2026-10-13T12:34:16Z,Kitting,KIT04,Running,,0
2026-10-13T13:28:14Z,Kitting,KIT04,Down,Blocked - Downstream,7.7
2026-10-13T13:35:56Z,Kitting,KIT04,Running,,0
2026-10-13T14:27:05Z,Kitting,KIT04,Down,Change Over - Line clearance,73.7
2026-10-13T15:40:49Z,Kitting,KIT04,Running,,0
2026-10-13T17:01:56Z,Kitting,KIT04,Down,Change Over - Line clearance,87.1
2026-10-13T18:28:59Z,Kitting,KIT04,Running,,0
2026-10-13T19:21:25Z,Kitting,KIT04,Down,No Operator,8.7
2026-10-13T19:30:10Z,Kitting,KIT04,Running,,0
2026-10-13T20:14:26Z,Kitting,KIT04,Down,Jam,21.4
2026-10-13T20:35:47Z,Kitting,KIT04,Running,,0
2026-10-13T21:27:07Z,Kitting,KIT04,Down,No Operator,20.6
2026-10-13T21:47:41Z,Kitting,KIT04,Running,,0
2026-10-13T22:28:37Z,Kitting,KIT04,Down,Starved - Upstream,15.7
2026-10-13T22:44:16Z,Kitting,KIT04,Running,,0
2026-10-14T00:13:13Z,Kitting,KIT04,Down,Starved - Upstream,10.9
2026-10-14T00:24:08Z,Kitting,KIT04,Running,,0
2026-10-14T01:44:27Z,Kitting,KIT04,Down,Change Over - Line clearance,85.7
2026-10-14T03:00:00Z,Kitting,KIT04,Down,Outside production hours,0
2026-10-14T12:05:43Z,Kitting,KIT04,Down,Quality Hold,35.0
2026-10-14T12:40:45Z,Kitting,KIT04,Running,,0
2026-10-14T13:26:44Z,Kitting,KIT04,Down,Jam,13.3
2026-10-14T13:40:01Z,Kitting,KIT04,Running,,0
2026-10-14T14:30:40Z,Kitting,KIT04,Down,Blocked - Downstream,11.1
2026-10-14T14:41:47Z,Kitting,KIT04,Running,,0
2026-10-14T15:42:58Z,Kitting,KIT04,Down,Scheduled Downtime,233.8
2026-10-14T19:36:45Z,Kitting,KIT04,Running,,0
2026-10-14T20:59:10Z,Kitting,KIT04,Down,Quality Hold,29.5
2026-10-14T21:28:40Z,Kitting,KIT04,Running,,0
2026-10-14T22:43:32Z,Kitting,KIT04,Down,Jam,9.7
2026-10-14T22:53:17Z,Kitting,KIT04,Running,,0
2026-10-15T00:09:57Z,Kitting,KIT04,Down,Jam,12.4
2026-10-15T00:22:21Z,Kitting,KIT04,Running,,0
2026-10-15T00:53:05Z,Kitting,KIT04,Down,Jam,12.9
2026-10-15T01:05:57Z,Kitting,KIT04,Running,,0
2026-10-15T01:41:13Z,Kitting,KIT04,Down,Jam,7.6
2026-10-15T01:48:50Z,Kitting,KIT04,Running,,0
2026-10-15T03:00:00Z,Kitting,KIT04,Down,Outside production hours,0
2026-10-15T11:09:40Z,Kitting,KIT04,Running,,0
2026-10-15T12:28:28Z,Kitting,KIT04,Down,Starved - Upstream,7.5
2026-10-15T12:35:56Z,Kitting,KIT04,Running,,0
2026-10-15T13:11:23Z,Kitting,KIT04,Down,Blocked - Downstream,9.6
2026-10-15T13:20:59Z,Kitting,KIT04,Running,,0
2026-10-15T14:04:56Z,Kitting,KIT04,Down,Starved - Upstream,10.8
2026-10-15T14:15:44Z,Kitting,KIT04,Running,,0
2026-10-15T15:10:09Z,Kitting,KIT04,Down,E-Stop,6.0
2026-10-15T15:16:06Z,Kitting,KIT04,Running,,0
2026-10-15T16:13:09Z,Kitting,KIT04,Down,Blocked - Downstream,6.6
2026-10-15T16:19:42Z,Kitting,KIT04,Running,,0
2026-10-15T17:10:13Z,Kitting,KIT04,Down,Starved - Upstream,9.4
2026-10-15T17:19:36Z,Kitting,KIT04,Running,,0
2026-10-15T17:59:09Z,Kitting,KIT04,Down,Quality Hold,42.3
2026-10-15T18:41:25Z,Kitting,KIT04,Running,,0
2026-10-15T19:42:05Z,Kitting,KIT04,Down,Change Over - Line clearance,31.4
2026-10-15T20:13:32Z,Kitting,KIT04,Running,,0
2026-10-15T21:03:28Z,Kitting,KIT04,Down,Jam,22.9
2026-10-15T21:26:22Z,Kitting,KIT04,Running,,0
2026-10-15T22:02:32Z,Kitting,KIT04,Down,Change Over - Line clearance,37.9
2026-10-15T22:40:27Z,Kitting,KIT04,Running,,0
2026-10-15T23:15:03Z,Kitting,KIT04,Down,Change Over - Line clearance,28.7
2026-10-15T23:43:42Z,Kitting,KIT04,Running,,0
2026-10-16T01:10:07Z,Kitting,KIT04,Down,Jam,13.7
2026-10-16T01:23:48Z,Kitting,KIT04,Running,,0
2026-10-16T02:20:23Z,Kitting,KIT04,Down,Starved - Upstream,18.4
2026-10-16T02:38:47Z,Kitting,KIT04,Running,,0
2026-10-16T03:00:00Z,Kitting,KIT04,Down,Outside production hours,0
2026-09-25T11:07:51Z,Kitting,KIT05,Running,,0
2026-09-25T12:24:25Z,Kitting,KIT05,Down,Blocked - Downstream,13.8
2026-09-25T12:38:15Z,Kitting,KIT05,Running,,0
2026-09-25T13:19:16Z,Kitting,KIT05,Down,Jam,10.7
2026-09-25T13:29:58Z,Kitting,KIT05,Running,,0
2026-09-25T14:06:19Z,Kitting,KIT05,Down,Quality Hold,28.4
2026-09-25T14:34:45Z,Kitting,KIT05,Running,,0
2026-09-25T15:01:47Z,Kitting,KIT05,Down,Blocked - Downstream,9.7
2026-09-25T15:11:31Z,Kitting,KIT05,Running,,0
2026-09-25T16:44:15Z,Kitting,KIT05,Down,Starved - Upstream,8.4
2026-09-25T16:52:37Z,Kitting,KIT05,Running,,0
2026-09-25T17:21:50Z,Kitting,KIT05,Down,Blocked - Downstream,10.0
2026-09-25T17:31:49Z,Kitting,KIT05,Running,,0
2026-09-25T19:02:22Z,Kitting,KIT05,Down,No Operator,20.4
2026-09-25T19:22:47Z,Kitting,KIT05,Running,,0
2026-09-25T20:23:51Z,Kitting,KIT05,Down,No Operator,15.1
2026-09-25T20:38:55Z,Kitting,KIT05,Running,,0
2026-09-25T22:07:47Z,Kitting,KIT05,Down,No Operator,22.8
2026-09-25T22:30:36Z,Kitting,KIT05,Running,,0
2026-09-25T23:32:10Z,Kitting,KIT05,Down,Blocked - Downstream,13.0
2026-09-25T23:45:08Z,Kitting,KIT05,Running,,0
2026-09-26T01:02:38Z,Kitting,KIT05,Down,No Operator,9.4
2026-09-26T01:12:01Z,Kitting,KIT05,Running,,0
2026-09-26T02:07:47Z,Kitting,KIT05,Down,Blocked - Downstream,10.2
2026-09-26T02:17:58Z,Kitting,KIT05,Running,,0
2026-09-26T03:00:00Z,Kitting,KIT05,Down,Outside production hours,0
2026-09-26T12:04:05Z,Kitting,KIT05,Down,Jam,9.7
2026-09-26T12:13:45Z,Kitting,KIT05,Running,,0
2026-09-26T13:12:42Z,Kitting,KIT05,Down,Jam,22.9
2026-09-26T13:35:34Z,Kitting,KIT05,Running,,0
2026-09-26T14:22:37Z,Kitting,KIT05,Down,Jam,11.9
2026-09-26T14:34:33Z,Kitting,KIT05,Running,,0
2026-09-26T15:55:33Z,Kitting,KIT05,Down,Change Over - Line clearance,34.2
2026-09-26T16:29:46Z,Kitting,KIT05,Running,,0
2026-09-26T17:11:45Z,Kitting,KIT05,Down,Change Over - Line clearance,81.6
2026-09-26T18:33:21Z,Kitting,KIT05,Running,,0
2026-09-26T20:02:24Z,Kitting,KIT05,Down,Starved - Upstream,18.2
2026-09-26T20:20:34Z,Kitting,KIT05,Running,,0
2026-09-26T20:59:27Z,Kitting,KIT05,Down,Change Over - Line clearance,27.0
2026-09-26T21:26:29Z,Kitting,KIT05,Running,,0
2026-09-26T22:57:59Z,Kitting,KIT05,Down,Change Over - Line clearance,57.6
2026-09-26T23:55:33Z,Kitting,KIT05,Running,,0
2026-09-27T01:24:46Z,Kitting,KIT05,Down,Change Over - Line clearance,71.9
2026-09-27T02:36:38Z,Kitting,KIT05,Running,,0
2026-09-27T03:00:00Z,Kitting,KIT05,Down,Outside production hours,0
2026-09-28T11:09:00Z,Kitting,KIT05,Running,,0
2026-09-28T12:27:52Z,Kitting,KIT05,Down,No Operator,28.0
2026-09-28T12:55:51Z,Kitting,KIT05,Running,,0
2026-09-28T13:46:42Z,Kitting,KIT05,Down,Quality Hold,33.4
2026-09-28T14:20:05Z,Kitting,KIT05,Running,,0
2026-09-28T14:56:28Z,Kitting,KIT05,Down,Jam,15.5
2026-09-28T15:11:58Z,Kitting,KIT05,Running,,0
2026-09-28T16:43:48Z,Kitting,KIT05,Down,Scheduled Downtime,82.0
2026-09-28T18:05:50Z,Kitting,KIT05,Running,,0
2026-09-28T18:43:12Z,Kitting,KIT05,Down,Jam,9.8
2026-09-28T18:52:57Z,Kitting,KIT05,Running,,0
2026-09-28T19:51:58Z,Kitting,KIT05,Down,Quality Hold,38.9
2026-09-28T20:30:51Z,Kitting,KIT05,Running,,0
2026-09-28T21:51:29Z,Kitting,KIT05,Down,Quality Hold,41.4
2026-09-28T22:32:53Z,Kitting,KIT05,Running,,0
2026-09-28T23:50:00Z,Kitting,KIT05,Down,Jam,24.9
2026-09-29T00:14:53Z,Kitting,KIT05,Running,,0
2026-09-29T01:16:07Z,Kitting,KIT05,Down,Jam,7.4
2026-09-29T01:23:31Z,Kitting,KIT05,Running,,0
2026-09-29T02:25:57Z,Kitting,KIT05,Down,Change Over - Line clearance,82.1
2026-09-29T03:00:00Z,Kitting,KIT05,Down,Outside production hours,0
2026-09-29T11:28:52Z,Kitting,KIT05,Down,E-Stop,9.3
2026-09-29T11:38:12Z,Kitting,KIT05,Running,,0
2026-09-29T12:29:04Z,Kitting,KIT05,Down,Starved - Upstream,14.5
2026-09-29T12:43:36Z,Kitting,KIT05,Running,,0
2026-09-29T13:55:33Z,Kitting,KIT05,Down,Change Over - Line clearance,64.2
2026-09-29T14:59:46Z,Kitting,KIT05,Running,,0
2026-09-29T15:49:12Z,Kitting,KIT05,Down,Blocked - Downstream,5.2
2026-09-29T15:54:25Z,Kitting,KIT05,Running,,0
2026-09-29T16:21:07Z,Kitting,KIT05,Down,No Operator,17.1
2026-09-29T16:38:12Z,Kitting,KIT05,Running,,0
2026-09-29T17:11:00Z,Kitting,KIT05,Down,No Operator,27.3
2026-09-29T17:38:19Z,Kitting,KIT05,Running,,0
2026-09-29T19:02:29Z,Kitting,KIT05,Down,Change Over - Line clearance,60.4
2026-09-29T20:02:54Z,Kitting,KIT05,Running,,0
2026-09-29T20:46:51Z,Kitting,KIT05,Down,Scheduled Downtime,130.1
2026-09-29T22:56:55Z,Kitting,KIT05,Running,,0
2026-09-29T23:27:24Z,Kitting,KIT05,Down,Starved - Upstream,12.1
2026-09-29T23:39:28Z,Kitting,KIT05,Running,,0
2026-09-30T01:02:35Z,Kitting,KIT05,Down,Jam,8.9
2026-09-30T01:11:30Z,Kitting,KIT05,Running,,0
2026-09-30T01:42:21Z,Kitting,KIT05,Down,Starved - Upstream,14.4
2026-09-30T01:56:47Z,Kitting,KIT05,Running,,0
2026-09-30T02:35:12Z,Kitting,KIT05,Down,Jam,16.7
2026-09-30T02:51:56Z,Kitting,KIT05,Running,,0
2026-09-30T03:00:00Z,Kitting,KIT05,Down,Outside production hours,0
2026-09-30T11:28:54Z,Kitting,KIT05,Down,Change Over - Line clearance,56.2
2026-09-30T12:25:07Z,Kitting,KIT05,Running,,0
2026-09-30T13:07:30Z,Kitting,KIT05,Down,Blocked - Downstream,12.3
2026-09-30T13:19:46Z,Kitting,KIT05,Running,,0
2026-09-30T14:15:22Z,Kitting,KIT05,Down,Blocked - Downstream,9.6
2026-09-30T14:24:58Z,Kitting,KIT05,Running,,0
2026-09-30T15:02:03Z,Kitting,KIT05,Down,Quality Hold,20.5
2026-09-30T15:22:34Z,Kitting,KIT05,Running,,0
2026-09-30T16:08:21Z,Kitting,KIT05,Down,Jam,10.3
2026-09-30T16:18:40Z,Kitting,KIT05,Running,,0
2026-09-30T17:21:31Z,Kitting,KIT05,Down,E-Stop,8.0
2026-09-30T17:29:29Z,Kitting,KIT05,Running,,0
2026-09-30T18:35:00Z,Kitting,KIT05,Down,No Operator,20.7
2026-09-30T18:55:44Z,Kitting,KIT05,Running,,0
2026-09-30T19:36:10Z,Kitting,KIT05,Down,Quality Hold,25.9
2026-09-30T20:02:02Z,Kitting,KIT05,Running,,0
2026-09-30T20:44:40Z,Kitting,KIT05,Down,Jam,6.7
2026-09-30T20:51:25Z,Kitting,KIT05,Running,,0
2026-09-30T22:04:37Z,Kitting,KIT05,Down,Change Over - Line clearance,43.8
2026-09-30T22:48:25Z,Kitting,KIT05,Running,,0
2026-10-01T00:17:59Z,Kitting,KIT05,Down,Jam,23.8
2026-10-01T00:41:45Z,Kitting,KIT05,Running,,0
2026-10-01T01:15:16Z,Kitting,KIT05,Down,Jam,16.0
2026-10-01T01:31:16Z,Kitting,KIT05,Running,,0
2026-10-01T02:52:18Z,Kitting,KIT05,Down,Change Over - Line clearance,46.4
2026-10-01T03:00:00Z,Kitting,KIT05,Down,Outside production hours,0
2026-10-01T11:03:56Z,Kitting,KIT05,Down,Starved - Upstream,10.4
2026-10-01T11:14:22Z,Kitting,KIT05,Running,,0
2026-10-01T12:08:20Z,Kitting,KIT05,Down,Jam,7.2
2026-10-01T12:15:30Z,Kitting,KIT05,Running,,0
2026-10-01T13:48:20Z,Kitting,KIT05,Down,Change Over - Line clearance,76.0
2026-10-01T15:04:22Z,Kitting,KIT05,Running,,0
2026-10-01T15:55:16Z,Kitting,KIT05,Down,Jam,8.9
2026-10-01T16:04:12Z,Kitting,KIT05,Running,,0
2026-10-01T16:56:29Z,Kitting,KIT05,Down,Quality Hold,37.2
2026-10-01T17:33:38Z,Kitting,KIT05,Running,,0
2026-10-01T18:47:17Z,Kitting,KIT05,Down,Jam,19.4
2026-10-01T19:06:44Z,Kitting,KIT05,Running,,0
2026-10-01T20:36:21Z,Kitting,KIT05,Down,Jam,23.6
2026-10-01T20:59:54Z,Kitting,KIT05,Running,,0
2026-10-01T22:24:01Z,Kitting,KIT05,Down,Jam,16.5
2026-10-01T22:40:31Z,Kitting,KIT05,Running,,0
2026-10-02T00:06:54Z,Kitting,KIT05,Down,Jam,19.0
2026-10-02T00:25:51Z,Kitting,KIT05,Running,,0
2026-10-02T01:39:52Z,Kitting,KIT05,Down,Jam,5.7
2026-10-02T01:45:33Z,Kitting,KIT05,Running,,0
2026-10-02T03:00:00Z,Kitting,KIT05,Down,Outside production hours,0
2026-10-02T11:11:29Z,Kitting,KIT05,Down,Blocked - Downstream,6.9
2026-10-02T11:18:21Z,Kitting,KIT05,Running,,0
2026-10-02T12:35:16Z,Kitting,KIT05,Down,No Operator,13.7
2026-10-02T12:49:01Z,Kitting,KIT05,Running,,0
2026-10-02T13:48:47Z,Kitting,KIT05,Down,Quality Hold,28.5
2026-10-02T14:17:16Z,Kitting,KIT05,Running,,0
2026-10-02T15:01:50Z,Kitting,KIT05,Down,Jam,16.8
2026-10-02T15:18:39Z,Kitting,KIT05,Running,,0
2026-10-02T16:10:03Z,Kitting,KIT05,Down,Scheduled Downtime,197.0
2026-10-02T19:27:03Z,Kitting,KIT05,Running,,0
2026-10-02T20:29:17Z,Kitting,KIT05,Down,Change Over - Line clearance,74.9
2026-10-02T21:44:11Z,Kitting,KIT05,Running,,0
2026-10-02T23:17:08Z,Kitting,KIT05,Down,Quality Hold,30.9
2026-10-02T23:48:04Z,Kitting,KIT05,Running,,0
2026-10-03T00:31:31Z,Kitting,KIT05,Down,Starved - Upstream,8.5
2026-10-03T00:40:00Z,Kitting,KIT05,Running,,0
2026-10-03T01:05:26Z,Kitting,KIT05,Down,Starved - Upstream,5.1
2026-10-03T01:10:34Z,Kitting,KIT05,Running,,0
2026-10-03T02:30:31Z,Kitting,KIT05,Down,Blocked - Downstream,4.1
2026-10-03T02:34:34Z,Kitting,KIT05,Running,,0
2026-10-03T03:00:00Z,Kitting,KIT05,Down,Outside production hours,0
2026-10-03T11:33:52Z,Kitting,KIT05,Down,Blocked - Downstream,12.5
2026-10-03T11:46:22Z,Kitting,KIT05,Running,,0
2026-10-03T12:43:29Z,Kitting,KIT05,Down,Starved - Upstream,7.9
2026-10-03T12:51:23Z,Kitting,KIT05,Running,,0
2026-10-03T13:26:39Z,Kitting,KIT05,Down,No Operator,11.9
2026-10-03T13:38:36Z,Kitting,KIT05,Running,,0
2026-10-03T14:40:03Z,Kitting,KIT05,Down,Jam,13.6
2026-10-03T14:53:38Z,Kitting,KIT05,Running,,0
2026-10-03T15:55:45Z,Kitting,KIT05,Down,Starved - Upstream,11.3
2026-10-03T16:07:02Z,Kitting,KIT05,Running,,0
2026-10-03T17:21:58Z,Kitting,KIT05,Down,Scheduled Downtime,165.6
2026-10-03T20:07:34Z,Kitting,KIT05,Running,,0
2026-10-03T21:06:36Z,Kitting,KIT05,Down,Quality Hold,29.3
2026-10-03T21:35:52Z,Kitting,KIT05,Running,,0
2026-10-03T22:53:40Z,Kitting,KIT05,Down,Blocked - Downstream,8.7
2026-10-03T23:02:24Z,Kitting,KIT05,Running,,0
2026-10-03T23:43:43Z,Kitting,KIT05,Down,Starved - Upstream,8.9
2026-10-03T23:52:37Z,Kitting,KIT05,Running,,0
2026-10-04T00:37:10Z,Kitting,KIT05,Down,Quality Hold,34.8
2026-10-04T01:11:55Z,Kitting,KIT05,Running,,0
2026-10-04T01:56:04Z,Kitting,KIT05,Down,Starved - Upstream,18.9
2026-10-04T02:15:00Z,Kitting,KIT05,Running,,0
2026-10-04T02:54:36Z,Kitting,KIT05,Down,Quality Hold,40.9
2026-10-04T03:00:00Z,Kitting,KIT05,Down,Outside production hours,0
2026-10-05T11:56:30Z,Kitting,KIT05,Down,Starved - Upstream,15.6
2026-10-05T12:12:04Z,Kitting,KIT05,Running,,0
2026-10-05T13:11:42Z,Kitting,KIT05,Down,Blocked - Downstream,10.1
2026-10-05T13:21:46Z,Kitting,KIT05,Running,,0
2026-10-05T14:56:12Z,Kitting,KIT05,Down,Blocked - Downstream,10.0
2026-10-05T15:06:14Z,Kitting,KIT05,Running,,0
2026-10-05T15:54:37Z,Kitting,KIT05,Down,No Operator,18.0
2026-10-05T16:12:34Z,Kitting,KIT05,Running,,0
2026-10-05T16:53:30Z,Kitting,KIT05,Down,Jam,11.3
2026-10-05T17:04:50Z,Kitting,KIT05,Running,,0
2026-10-05T18:31:28Z,Kitting,KIT05,Down,Starved - Upstream,13.6
2026-10-05T18:45:06Z,Kitting,KIT05,Running,,0
2026-10-05T19:28:13Z,Kitting,KIT05,Down,Starved - Upstream,12.1
2026-10-05T19:40:22Z,Kitting,KIT05,Running,,0
2026-10-05T21:14:48Z,Kitting,KIT05,Down,Starved - Upstream,9.0
2026-10-05T21:23:46Z,Kitting,KIT05,Running,,0
2026-10-05T22:47:11Z,Kitting,KIT05,Down,Jam,10.7
2026-10-05T22:57:51Z,Kitting,KIT05,Running,,0
2026-10-05T23:57:25Z,Kitting,KIT05,Down,Jam,8.5
2026-10-06T00:05:55Z,Kitting,KIT05,Running,,0
2026-10-06T01:13:57Z,Kitting,KIT05,Down,Change Over - Line clearance,29.2
2026-10-06T01:43:10Z,Kitting,KIT05,Running,,0
2026-10-06T02:30:51Z,Kitting,KIT05,Down,Blocked - Downstream,6.3
2026-10-06T02:37:07Z,Kitting,KIT05,Running,,0
2026-10-06T03:00:00Z,Kitting,KIT05,Down,Outside production hours,0
2026-10-06T11:50:44Z,Kitting,KIT05,Down,Starved - Upstream,9.7
2026-10-06T12:00:28Z,Kitting,KIT05,Running,,0
2026-10-06T12:59:13Z,Kitting,KIT05,Down,Starved - Upstream,8.9
2026-10-06T13:08:06Z,Kitting,KIT05,Running,,0
2026-10-06T14:18:45Z,Kitting,KIT05,Down,Blocked - Downstream,13.5
2026-10-06T14:32:15Z,Kitting,KIT05,Running,,0
2026-10-06T15:30:51Z,Kitting,KIT05,Down,Jam,19.0
2026-10-06T15:49:51Z,Kitting,KIT05,Running,,0
2026-10-06T17:14:18Z,Kitting,KIT05,Down,Starved - Upstream,15.5
2026-10-06T17:29:47Z,Kitting,KIT05,Running,,0
2026-10-06T18:55:02Z,Kitting,KIT05,Down,Starved - Upstream,10.4
2026-10-06T19:05:27Z,Kitting,KIT05,Running,,0
2026-10-06T20:07:55Z,Kitting,KIT05,Down,Jam,19.1
2026-10-06T20:26:59Z,Kitting,KIT05,Running,,0
2026-10-06T21:30:48Z,Kitting,KIT05,Down,Jam,6.1
2026-10-06T21:36:53Z,Kitting,KIT05,Running,,0
2026-10-06T22:27:07Z,Kitting,KIT05,Down,Blocked - Downstream,10.8
2026-10-06T22:37:57Z,Kitting,KIT05,Running,,0
2026-10-06T23:46:41Z,Kitting,KIT05,Down,Change Over - Line clearance,65.5
2026-10-07T00:52:13Z,Kitting,KIT05,Running,,0
2026-10-07T01:51:09Z,Kitting,KIT05,Down,Blocked - Downstream,11.3
2026-10-07T02:02:28Z,Kitting,KIT05,Running,,0
2026-10-07T02:33:03Z,Kitting,KIT05,Down,Jam,10.7
2026-10-07T02:43:43Z,Kitting,KIT05,Running,,0
2026-10-07T03:00:00Z,Kitting,KIT05,Down,Outside production hours,0
2026-10-07T11:02:29Z,Kitting,KIT05,Down,Blocked - Downstream,10.9
2026-10-07T11:13:21Z,Kitting,KIT05,Running,,0
2026-10-07T12:30:56Z,Kitting,KIT05,Down,Blocked - Downstream,5.6
2026-10-07T12:36:30Z,Kitting,KIT05,Running,,0
2026-10-07T13:09:48Z,Kitting,KIT05,Down,No Operator,23.1
2026-10-07T13:32:55Z,Kitting,KIT05,Running,,0
2026-10-07T14:47:05Z,Kitting,KIT05,Down,Jam,5.7
2026-10-07T14:52:49Z,Kitting,KIT05,Running,,0
2026-10-07T15:38:57Z,Kitting,KIT05,Down,Quality Hold,27.9
2026-10-07T16:06:53Z,Kitting,KIT05,Running,,0
2026-10-07T17:38:22Z,Kitting,KIT05,Down,Scheduled Downtime,135.7
2026-10-07T19:54:06Z,Kitting,KIT05,Running,,0
2026-10-07T20:47:32Z,Kitting,KIT05,Down,Jam,8.8
2026-10-07T20:56:18Z,Kitting,KIT05,Running,,0
2026-10-07T22:02:51Z,Kitting,KIT05,Down,Change Over - Line clearance,63.0
2026-10-07T23:05:53Z,Kitting,KIT05,Running,,0
2026-10-08T00:11:21Z,Kitting,KIT05,Down,Quality Hold,28.0
2026-10-08T00:39:21Z,Kitting,KIT05,Running,,0
2026-10-08T01:22:28Z,Kitting,KIT05,Down,E-Stop,6.5
2026-10-08T01:28:58Z,Kitting,KIT05,Running,,0
2026-10-08T01:55:15Z,Kitting,KIT05,Down,Starved - Upstream,8.4
2026-10-08T02:03:40Z,Kitting,KIT05,Running,,0
2026-10-08T03:00:00Z,Kitting,KIT05,Down,Outside production hours,0
2026-10-08T11:39:00Z,Kitting,KIT05,Down,Jam,14.8
2026-10-08T11:53:49Z,Kitting,KIT05,Running,,0
2026-10-08T12:38:53Z,Kitting,KIT05,Down,Starved - Upstream,11.7
2026-10-08T12:50:37Z,Kitting,KIT05,Running,,0
2026-10-08T13:36:43Z,Kitting,KIT05,Down,Quality Hold,19.7
2026-10-08T13:56:24Z,Kitting,KIT05,Running,,0
2026-10-08T14:33:48Z,Kitting,KIT05,Down,Starved - Upstream,18.6
2026-10-08T14:52:23Z,Kitting,KIT05,Running,,0
2026-10-08T15:52:10Z,Kitting,KIT05,Down,Jam,14.1
2026-10-08T16:06:14Z,Kitting,KIT05,Running,,0
2026-10-08T17:41:10Z,Kitting,KIT05,Down,Quality Hold,44.0
2026-10-08T18:25:11Z,Kitting,KIT05,Running,,0
2026-10-08T19:04:42Z,Kitting,KIT05,Down,Starved - Upstream,5.3
2026-10-08T19:09:58Z,Kitting,KIT05,Running,,0
2026-10-08T19:44:16Z,Kitting,KIT05,Down,E-Stop,5.9
2026-10-08T19:50:09Z,Kitting,KIT05,Running,,0
2026-10-08T20:50:42Z,Kitting,KIT05,Down,Starved - Upstream,10.8
2026-10-08T21:01:33Z,Kitting,KIT05,Running,,0
2026-10-08T22:34:40Z,Kitting,KIT05,Down,Jam,7.5
2026-10-08T22:42:10Z,Kitting,KIT05,Running,,0
2026-10-08T23:15:07Z,Kitting,KIT05,Down,Change Over - Line clearance,75.5
2026-10-09T00:30:35Z,Kitting,KIT05,Running,,0
2026-10-09T01:03:02Z,Kitting,KIT05,Down,Jam,6.4
2026-10-09T01:09:26Z,Kitting,KIT05,Running,,0
2026-10-09T02:34:46Z,Kitting,KIT05,Down,Change Over - Line clearance,73.4
2026-10-09T03:00:00Z,Kitting,KIT05,Down,Outside production hours,0
2026-10-09T11:57:40Z,Kitting,KIT05,Down,Quality Hold,28.0
2026-10-09T12:25:38Z,Kitting,KIT05,Running,,0
2026-10-09T13:50:26Z,Kitting,KIT05,Down,Blocked - Downstream,10.7
2026-10-09T14:01:08Z,Kitting,KIT05,Running,,0
2026-10-09T14:48:21Z,Kitting,KIT05,Down,Starved - Upstream,15.4
2026-10-09T15:03:45Z,Kitting,KIT05,Running,,0
2026-10-09T16:34:01Z,Kitting,KIT05,Down,Starved - Upstream,10.7
2026-10-09T16:44:42Z,Kitting,KIT05,Running,,0
2026-10-09T18:11:22Z,Kitting,KIT05,Down,Jam,24.1
2026-10-09T18:35:28Z,Kitting,KIT05,Running,,0
2026-10-09T19:18:35Z,Kitting,KIT05,Down,Change Over - Line clearance,49.8
2026-10-09T20:08:22Z,Kitting,KIT05,Running,,0
2026-10-09T20:40:54Z,Kitting,KIT05,Down,Blocked - Downstream,5.3
2026-10-09T20:46:12Z,Kitting,KIT05,Running,,0
2026-10-09T22:04:56Z,Kitting,KIT05,Down,Blocked - Downstream,5.4
2026-10-09T22:10:20Z,Kitting,KIT05,Running,,0
2026-10-09T23:12:46Z,Kitting,KIT05,Down,Starved - Upstream,15.7
2026-10-09T23:28:30Z,Kitting,KIT05,Running,,0
2026-10-10T00:52:51Z,Kitting,KIT05,Down,Jam,16.8
2026-10-10T01:09:37Z,Kitting,KIT05,Running,,0
2026-10-10T02:32:31Z,Kitting,KIT05,Down,Starved - Upstream,15.7
2026-10-10T02:48:12Z,Kitting,KIT05,Running,,0
2026-10-10T03:00:00Z,Kitting,KIT05,Down,Outside production hours,0
2026-10-10T11:15:26Z,Kitting,KIT05,Down,Scheduled Downtime,133.0
2026-10-10T13:28:28Z,Kitting,KIT05,Running,,0
2026-10-10T14:40:38Z,Kitting,KIT05,Down,Blocked - Downstream,6.2
2026-10-10T14:46:51Z,Kitting,KIT05,Running,,0
2026-10-10T15:38:49Z,Kitting,KIT05,Down,Jam,18.2
2026-10-10T15:57:02Z,Kitting,KIT05,Running,,0
2026-10-10T17:02:53Z,Kitting,KIT05,Down,Quality Hold,31.3
2026-10-10T17:34:12Z,Kitting,KIT05,Running,,0
2026-10-10T18:36:07Z,Kitting,KIT05,Down,Jam,8.7
2026-10-10T18:44:48Z,Kitting,KIT05,Running,,0
2026-10-10T19:59:59Z,Kitting,KIT05,Down,Blocked - Downstream,11.8
2026-10-10T20:11:48Z,Kitting,KIT05,Running,,0
2026-10-10T20:53:43Z,Kitting,KIT05,Down,Quality Hold,16.9
2026-10-10T21:10:37Z,Kitting,KIT05,Running,,0
2026-10-10T22:32:58Z,Kitting,KIT05,Down,No Operator,15.1
2026-10-10T22:48:02Z,Kitting,KIT05,Running,,0
2026-10-11T00:17:08Z,Kitting,KIT05,Down,Starved - Upstream,18.1
2026-10-11T00:35:16Z,Kitting,KIT05,Running,,0
2026-10-11T01:02:38Z,Kitting,KIT05,Down,Blocked - Downstream,5.6
2026-10-11T01:08:12Z,Kitting,KIT05,Running,,0
2026-10-11T01:44:42Z,Kitting,KIT05,Down,Blocked - Downstream,12.4
2026-10-11T01:57:04Z,Kitting,KIT05,Running,,0
2026-10-11T03:00:00Z,Kitting,KIT05,Down,Outside production hours,0
2026-10-12T12:07:41Z,Kitting,KIT05,Down,Jam,18.7
2026-10-12T12:26:23Z,Kitting,KIT05,Running,,0
2026-10-12T13:55:06Z,Kitting,KIT05,Down,Change Over - Line clearance,31.7
2026-10-12T14:26:46Z,Kitting,KIT05,Running,,0
2026-10-12T14:59:30Z,Kitting,KIT05,Down,Jam,14.2
2026-10-12T15:13:42Z,Kitting,KIT05,Running,,0
2026-10-12T16:41:11Z,Kitting,KIT05,Down,Jam,14.2
2026-10-12T16:55:25Z,Kitting,KIT05,Running,,0
2026-10-12T18:04:27Z,Kitting,KIT05,Down,Quality Hold,23.6
2026-10-12T18:28:02Z,Kitting,KIT05,Running,,0
2026-10-12T19:09:39Z,Kitting,KIT05,Down,Quality Hold,39.8
2026-10-12T19:49:29Z,Kitting,KIT05,Running,,0
2026-10-12T21:16:44Z,Kitting,KIT05,Down,Jam,11.6
2026-10-12T21:28:21Z,Kitting,KIT05,Running,,0
2026-10-12T22:27:22Z,Kitting,KIT05,Down,Change Over - Line clearance,57.1
2026-10-12T23:24:25Z,Kitting,KIT05,Running,,0
2026-10-12T23:59:08Z,Kitting,KIT05,Down,Change Over - Line clearance,58.0
2026-10-13T00:57:10Z,Kitting,KIT05,Running,,0
2026-10-13T02:32:05Z,Kitting,KIT05,Down,Starved - Upstream,10.2
2026-10-13T02:42:17Z,Kitting,KIT05,Running,,0
2026-10-13T03:00:00Z,Kitting,KIT05,Down,Outside production hours,0
2026-10-13T11:54:14Z,Kitting,KIT05,Running,,0
2026-10-13T12:41:14Z,Kitting,KIT05,Down,Starved - Upstream,14.1
2026-10-13T12:55:18Z,Kitting,KIT05,Running,,0
2026-10-13T13:41:58Z,Kitting,KIT05,Down,Scheduled Downtime,190.1
2026-10-13T16:52:03Z,Kitting,KIT05,Running,,0
2026-10-13T17:23:54Z,Kitting,KIT05,Down,No Operator,24.2
2026-10-13T17:48:08Z,Kitting,KIT05,Running,,0
2026-10-13T18:14:00Z,Kitting,KIT05,Down,Change Over - Line clearance,83.6
2026-10-13T19:37:38Z,Kitting,KIT05,Running,,0
2026-10-13T21:04:47Z,Kitting,KIT05,Down,E-Stop,9.8
2026-10-13T21:14:36Z,Kitting,KIT05,Running,,0
2026-10-13T22:35:43Z,Kitting,KIT05,Down,E-Stop,7.1
2026-10-13T22:42:47Z,Kitting,KIT05,Running,,0
2026-10-13T23:25:05Z,Kitting,KIT05,Down,No Operator,21.7
2026-10-13T23:46:48Z,Kitting,KIT05,Running,,0
2026-10-14T00:37:55Z,Kitting,KIT05,Down,Starved - Upstream,16.7
2026-10-14T00:54:37Z,Kitting,KIT05,Running,,0
2026-10-14T02:21:00Z,Kitting,KIT05,Down,Jam,10.4
2026-10-14T02:31:25Z,Kitting,KIT05,Running,,0
2026-10-14T03:00:00Z,Kitting,KIT05,Down,Outside production hours,0
2026-10-14T11:22:49Z,Kitting,KIT05,Running,,0
2026-10-14T12:20:38Z,Kitting,KIT05,Down,Jam,22.4
2026-10-14T12:43:04Z,Kitting,KIT05,Running,,0
2026-10-14T13:13:43Z,Kitting,KIT05,Down,No Operator,25.1
2026-10-14T13:38:51Z,Kitting,KIT05,Running,,0
2026-10-14T14:41:32Z,Kitting,KIT05,Down,Jam,8.0
2026-10-14T14:49:33Z,Kitting,KIT05,Running,,0
2026-10-14T15:59:28Z,Kitting,KIT05,Down,Starved - Upstream,16.9
2026-10-14T16:16:19Z,Kitting,KIT05,Running,,0
2026-10-14T17:05:17Z,Kitting,KIT05,Down,Change Over - Line clearance,70.0
2026-10-14T18:15:17Z,Kitting,KIT05,Running,,0
2026-10-14T19:39:50Z,Kitting,KIT05,Down,Change Over - Line clearance,67.9
2026-10-14T20:47:45Z,Kitting,KIT05,Running,,0
2026-10-14T22:08:04Z,Kitting,KIT05,Down,Starved - Upstream,10.4
2026-10-14T22:18:30Z,Kitting,KIT05,Running,,0
2026-10-14T23:19:33Z,Kitting,KIT05,Down,Jam,7.5
2026-10-14T23:27:03Z,Kitting,KIT05,Running,,0
2026-10-15T00:02:13Z,Kitting,KIT05,Down,E-Stop,9.8
2026-10-15T00:12:01Z,Kitting,KIT05,Running,,0
2026-10-15T01:14:03Z,Kitting,KIT05,Down,Starved - Upstream,16.8
2026-10-15T01:30:51Z,Kitting,KIT05,Running,,0
2026-10-15T02:39:24Z,Kitting,KIT05,Down,Blocked - Downstream,5.7
2026-10-15T02:45:05Z,Kitting,KIT05,Running,,0
2026-10-15T03:00:00Z,Kitting,KIT05,Down,Outside production hours,0
2026-10-15T11:10:32Z,Kitting,KIT05,Running,,0
2026-10-15T11:56:23Z,Kitting,KIT05,Down,Jam,20.8
2026-10-15T12:17:13Z,Kitting,KIT05,Running,,0
2026-10-15T13:20:37Z,Kitting,KIT05,Down,No Operator,27.8
2026-10-15T13:48:22Z,Kitting,KIT05,Running,,0
2026-10-15T14:56:16Z,Kitting,KIT05,Down,Starved - Upstream,12.4
2026-10-15T15:08:39Z,Kitting,KIT05,Running,,0
2026-10-15T16:05:56Z,Kitting,KIT05,Down,Starved - Upstream,16.4
2026-10-15T16:22:19Z,Kitting,KIT05,Running,,0
2026-10-15T17:28:46Z,Kitting,KIT05,Down,Jam,19.8
2026-10-15T17:48:35Z,Kitting,KIT05,Running,,0
2026-10-15T19:07:17Z,Kitting,KIT05,Down,Quality Hold,38.3
2026-10-15T19:45:33Z,Kitting,KIT05,Running,,0
2026-10-15T20:34:51Z,Kitting,KIT05,Down,Jam,12.5
2026-10-15T20:47:23Z,Kitting,KIT05,Running,,0
2026-10-15T21:37:46Z,Kitting,KIT05,Down,No Operator,27.4
2026-10-15T22:05:11Z,Kitting,KIT05,Running,,0
2026-10-15T23:02:38Z,Kitting,KIT05,Down,Starved - Upstream,7.4
2026-10-15T23:10:00Z,Kitting,KIT05,Running,,0
2026-10-15T23:48:05Z,Kitting,KIT05,Down,Jam,11.7
2026-10-15T23:59:46Z,Kitting,KIT05,Running,,0
2026-10-16T00:31:17Z,Kitting,KIT05,Down,Jam,18.9
2026-10-16T00:50:14Z,Kitting,KIT05,Running,,0
2026-10-16T02:09:56Z,Kitting,KIT05,Down,No Operator,16.3
2026-10-16T02:26:12Z,Kitting,KIT05,Running,,0
2026-10-16T03:00:00Z,Kitting,KIT05,Down,Outside production hours,0
2026-09-25T11:00:50Z,Kitting,KIT07,Running,,0
2026-09-25T11:51:31Z,Kitting,KIT07,Down,Starved - Upstream,19.5
2026-09-25T12:11:03Z,Kitting,KIT07,Running,,0
2026-09-25T13:03:14Z,Kitting,KIT07,Down,Starved - Upstream,9.6
2026-09-25T13:12:49Z,Kitting,KIT07,Running,,0
2026-09-25T13:47:05Z,Kitting,KIT07,Down,Scheduled Downtime,166.1
2026-09-25T16:33:11Z,Kitting,KIT07,Running,,0
2026-09-25T17:55:16Z,Kitting,KIT07,Down,Scheduled Downtime,79.5
2026-09-25T19:14:44Z,Kitting,KIT07,Running,,0
2026-09-25T20:48:39Z,Kitting,KIT07,Down,No Operator,18.2
2026-09-25T21:06:54Z,Kitting,KIT07,Running,,0
2026-09-25T22:08:35Z,Kitting,KIT07,Down,E-Stop,10.2
2026-09-25T22:18:46Z,Kitting,KIT07,Running,,0
2026-09-25T22:45:19Z,Kitting,KIT07,Down,Starved - Upstream,5.5
2026-09-25T22:50:50Z,Kitting,KIT07,Running,,0
2026-09-26T00:10:18Z,Kitting,KIT07,Down,Jam,14.9
2026-09-26T00:25:11Z,Kitting,KIT07,Running,,0
2026-09-26T01:40:04Z,Kitting,KIT07,Down,Change Over - Line clearance,42.8
2026-09-26T02:22:51Z,Kitting,KIT07,Running,,0
2026-09-26T03:00:00Z,Kitting,KIT07,Down,Outside production hours,0
2026-09-26T11:05:40Z,Kitting,KIT07,Down,Blocked - Downstream,14.9
2026-09-26T11:20:37Z,Kitting,KIT07,Running,,0
2026-09-26T12:26:30Z,Kitting,KIT07,Down,Blocked - Downstream,7.3
2026-09-26T12:33:48Z,Kitting,KIT07,Running,,0
2026-09-26T14:04:12Z,Kitting,KIT07,Down,No Operator,25.4
2026-09-26T14:29:39Z,Kitting,KIT07,Running,,0
2026-09-26T15:48:11Z,Kitting,KIT07,Down,Jam,17.0
2026-09-26T16:05:11Z,Kitting,KIT07,Running,,0
2026-09-26T17:28:32Z,Kitting,KIT07,Down,No Operator,9.4
2026-09-26T17:37:59Z,Kitting,KIT07,Running,,0
2026-09-26T18:52:57Z,Kitting,KIT07,Down,Change Over - Line clearance,61.2
2026-09-26T19:54:11Z,Kitting,KIT07,Running,,0
2026-09-26T21:25:50Z,Kitting,KIT07,Down,Scheduled Downtime,209.5
2026-09-27T00:55:20Z,Kitting,KIT07,Running,,0
2026-09-27T02:20:13Z,Kitting,KIT07,Down,Quality Hold,27.6
2026-09-27T02:47:48Z,Kitting,KIT07,Running,,0
2026-09-27T03:00:00Z,Kitting,KIT07,Down,Outside production hours,0
2026-09-28T11:08:28Z,Kitting,KIT07,Running,,0
2026-09-28T12:12:52Z,Kitting,KIT07,Down,Change Over - Line clearance,36.5
2026-09-28T12:49:21Z,Kitting,KIT07,Running,,0
2026-09-28T14:08:19Z,Kitting,KIT07,Down,Change Over - Line clearance,86.4
2026-09-28T15:34:45Z,Kitting,KIT07,Running,,0
2026-09-28T16:58:00Z,Kitting,KIT07,Down,Change Over - Line clearance,80.6
2026-09-28T18:18:36Z,Kitting,KIT07,Running,,0
2026-09-28T19:00:06Z,Kitting,KIT07,Down,Jam,12.6
2026-09-28T19:12:39Z,Kitting,KIT07,Running,,0
2026-09-28T20:22:44Z,Kitting,KIT07,Down,Starved - Upstream,12.4
2026-09-28T20:35:06Z,Kitting,KIT07,Running,,0
2026-09-28T21:05:36Z,Kitting,KIT07,Down,Blocked - Downstream,5.3
2026-09-28T21:10:53Z,Kitting,KIT07,Running,,0
2026-09-28T22:02:25Z,Kitting,KIT07,Down,Starved - Upstream,17.5
2026-09-28T22:19:57Z,Kitting,KIT07,Running,,0
2026-09-28T23:32:14Z,Kitting,KIT07,Down,Blocked - Downstream,14.9
2026-09-28T23:47:10Z,Kitting,KIT07,Running,,0
2026-09-29T01:07:19Z,Kitting,KIT07,Down,Starved - Upstream,15.6
2026-09-29T01:22:54Z,Kitting,KIT07,Running,,0
2026-09-29T02:19:45Z,Kitting,KIT07,Down,Jam,12.0
2026-09-29T02:31:46Z,Kitting,KIT07,Running,,0
2026-09-29T03:00:00Z,Kitting,KIT07,Down,Outside production hours,0
2026-09-29T11:34:18Z,Kitting,KIT07,Down,Change Over - Line clearance,49.9
2026-09-29T12:24:13Z,Kitting,KIT07,Running,,0
2026-09-29T12:59:16Z,Kitting,KIT07,Down,Starved - Upstream,15.9
2026-09-29T13:15:12Z,Kitting,KIT07,Running,,0
2026-09-29T14:45:59Z,Kitting,KIT07,Down,E-Stop,8.2
2026-09-29T14:54:12Z,Kitting,KIT07,Running,,0
2026-09-29T16:17:43Z,Kitting,KIT07,Down,Starved - Upstream,17.5
2026-09-29T16:35:12Z,Kitting,KIT07,Running,,0
2026-09-29T17:16:58Z,Kitting,KIT07,Down,Starved - Upstream,6.1
2026-09-29T17:23:05Z,Kitting,KIT07,Running,,0
2026-09-29T18:28:20Z,Kitting,KIT07,Down,Blocked - Downstream,12.3
2026-09-29T18:40:38Z,Kitting,KIT07,Running,,0
2026-09-29T19:26:12Z,Kitting,KIT07,Down,Jam,4.0
2026-09-29T19:30:14Z,Kitting,KIT07,Running,,0
2026-09-29T20:24:26Z,Kitting,KIT07,Down,Starved - Upstream,9.7
2026-09-29T20:34:08Z,Kitting,KIT07,Running,,0
2026-09-29T21:34:09Z,Kitting,KIT07,Down,Scheduled Downtime,234.9
2026-09-30T01:29:04Z,Kitting,KIT07,Running,,0
2026-09-30T02:40:18Z,Kitting,KIT07,Down,Starved - Upstream,5.6
2026-09-30T02:45:55Z,Kitting,KIT07,Running,,0
2026-09-30T03:00:00Z,Kitting,KIT07,Down,Outside production hours,0
2026-09-30T11:23:59Z,Kitting,KIT07,Down,Starved - Upstream,13.4
2026-09-30T11:37:23Z,Kitting,KIT07,Running,,0
2026-09-30T13:00:27Z,Kitting,KIT07,Down,Quality Hold,23.8
2026-09-30T13:24:12Z,Kitting,KIT07,Running,,0
2026-09-30T14:08:28Z,Kitting,KIT07,Down,Scheduled Downtime,219.1
2026-09-30T17:47:36Z,Kitting,KIT07,Running,,0
2026-09-30T19:16:14Z,Kitting,KIT07,Down,Blocked - Downstream,13.4
2026-09-30T19:29:35Z,Kitting,KIT07,Running,,0
2026-09-30T20:34:17Z,Kitting,KIT07,Down,Blocked - Downstream,10.4
2026-09-30T20:44:38Z,Kitting,KIT07,Running,,0
2026-09-30T21:42:36Z,Kitting,KIT07,Down,Scheduled Downtime,216.9
2026-10-01T01:19:31Z,Kitting,KIT07,Running,,0
2026-10-01T02:11:37Z,Kitting,KIT07,Down,Change Over - Line clearance,32.0
2026-10-01T02:43:37Z,Kitting,KIT07,Running,,0
2026-10-01T03:00:00Z,Kitting,KIT07,Down,Outside production hours,0
2026-10-01T11:25:57Z,Kitting,KIT07,Running,,0
2026-10-01T12:29:38Z,Kitting,KIT07,Down,E-Stop,4.1
2026-10-01T12:33:44Z,Kitting,KIT07,Running,,0
2026-10-01T13:20:05Z,Kitting,KIT07,Down,E-Stop,9.6
2026-10-01T13:29:39Z,Kitting,KIT07,Running,,0
2026-10-01T15:02:08Z,Kitting,KIT07,Down,Jam,14.3
2026-10-01T15:16:27Z,Kitting,KIT07,Running,,0
2026-10-01T16:03:36Z,Kitting,KIT07,Down,Scheduled Downtime,141.6
2026-10-01T18:25:14Z,Kitting,KIT07,Running,,0
2026-10-01T19:31:25Z,Kitting,KIT07,Down,Jam,5.4
2026-10-01T19:36:46Z,Kitting,KIT07,Running,,0
2026-10-01T20:58:44Z,Kitting,KIT07,Down,Blocked - Downstream,9.2
2026-10-01T21:07:53Z,Kitting,KIT07,Running,,0
2026-10-01T21:44:15Z,Kitting,KIT07,Down,Jam,16.1
2026-10-01T22:00:20Z,Kitting,KIT07,Running,,0
2026-10-01T23:32:23Z,Kitting,KIT07,Down,E-Stop,3.5
2026-10-01T23:35:55Z,Kitting,KIT07,Running,,0
2026-10-02T00:11:20Z,Kitting,KIT07,Down,Change Over - Line clearance,35.9
2026-10-02T00:47:12Z,Kitting,KIT07,Running,,0
2026-10-02T01:29:34Z,Kitting,KIT07,Down,Jam,11.9
2026-10-02T01:41:26Z,Kitting,KIT07,Running,,0
2026-10-02T02:19:25Z,Kitting,KIT07,Down,Blocked - Downstream,5.2
2026-10-02T02:24:36Z,Kitting,KIT07,Running,,0
2026-10-02T03:00:00Z,Kitting,KIT07,Down,Outside production hours,0
2026-10-02T12:26:04Z,Kitting,KIT07,Running,,0
2026-10-02T13:38:43Z,Kitting,KIT07,Down,Scheduled Downtime,64.6
2026-10-02T14:43:20Z,Kitting,KIT07,Running,,0
2026-10-02T15:28:55Z,Kitting,KIT07,Down,No Operator,15.6
2026-10-02T15:44:32Z,Kitting,KIT07,Running,,0
2026-10-02T17:18:54Z,Kitting,KIT07,Down,E-Stop,4.0
2026-10-02T17:22:54Z,Kitting,KIT07,Running,,0
2026-10-02T18:08:29Z,Kitting,KIT07,Down,Change Over - Line clearance,27.6
2026-10-02T18:36:04Z,Kitting,KIT07,Running,,0
2026-10-02T19:34:43Z,Kitting,KIT07,Down,Quality Hold,21.0
2026-10-02T19:55:41Z,Kitting,KIT07,Running,,0
2026-10-02T21:13:16Z,Kitting,KIT07,Down,Starved - Upstream,5.4
2026-10-02T21:18:41Z,Kitting,KIT07,Running,,0
2026-10-02T22:10:26Z,Kitting,KIT07,Down,Change Over - Line clearance,61.1
2026-10-02T23:11:30Z,Kitting,KIT07,Running,,0
2026-10-03T00:28:23Z,Kitting,KIT07,Down,Blocked - Downstream,13.6
2026-10-03T00:41:58Z,Kitting,KIT07,Running,,0
2026-10-03T01:23:08Z,Kitting,KIT07,Down,Jam,21.4
2026-10-03T01:44:34Z,Kitting,KIT07,Running,,0
2026-10-03T03:00:00Z,Kitting,KIT07,Down,Outside production hours,0
2026-10-03T11:01:10Z,Kitting,KIT07,Running,,0
2026-10-03T11:43:14Z,Kitting,KIT07,Down,Jam,21.3
2026-10-03T12:04:32Z,Kitting,KIT07,Running,,0
2026-10-03T12:59:32Z,Kitting,KIT07,Down,Jam,16.5
2026-10-03T13:16:02Z,Kitting,KIT07,Running,,0
2026-10-03T14:02:07Z,Kitting,KIT07,Down,Jam,21.0
2026-10-03T14:23:06Z,Kitting,KIT07,Running,,0
2026-10-03T15:40:22Z,Kitting,KIT07,Down,Jam,19.8
2026-10-03T16:00:08Z,Kitting,KIT07,Running,,0
2026-10-03T17:12:02Z,Kitting,KIT07,Down,No Operator,21.8
2026-10-03T17:33:51Z,Kitting,KIT07,Running,,0
2026-10-03T18:02:59Z,Kitting,KIT07,Down,Jam,22.6
2026-10-03T18:25:38Z,Kitting,KIT07,Running,,0
2026-10-03T19:09:18Z,Kitting,KIT07,Down,Jam,7.8
2026-10-03T19:17:04Z,Kitting,KIT07,Running,,0
2026-10-03T20:20:15Z,Kitting,KIT07,Down,Jam,8.5
2026-10-03T20:28:48Z,Kitting,KIT07,Running,,0
2026-10-03T21:48:56Z,Kitting,KIT07,Down,Change Over - Line clearance,49.8
2026-10-03T22:38:47Z,Kitting,KIT07,Running,,0
2026-10-03T23:47:32Z,Kitting,KIT07,Down,Jam,24.4
2026-10-04T00:11:57Z,Kitting,KIT07,Running,,0
2026-10-04T01:38:29Z,Kitting,KIT07,Down,Jam,12.0
2026-10-04T01:50:29Z,Kitting,KIT07,Running,,0
2026-10-04T02:53:47Z,Kitting,KIT07,Down,Jam,5.2
2026-10-04T02:58:57Z,Kitting,KIT07,Running,,0
2026-10-04T03:00:00Z,Kitting,KIT07,Down,Outside production hours,0
2026-10-05T11:08:15Z,Kitting,KIT07,Running,,0
2026-10-05T11:44:42Z,Kitting,KIT07,Down,Starved - Upstream,14.5
2026-10-05T11:59:11Z,Kitting,KIT07,Running,,0
2026-10-05T12:50:22Z,Kitting,KIT07,Down,Change Over - Line clearance,66.9
2026-10-05T13:57:17Z,Kitting,KIT07,Running,,0
2026-10-05T15:25:01Z,Kitting,KIT07,Down,Starved - Upstream,15.3
2026-10-05T15:40:17Z,Kitting,KIT07,Running,,0
2026-10-05T16:35:14Z,Kitting,KIT07,Down,Scheduled Downtime,127.5
2026-10-05T18:42:46Z,Kitting,KIT07,Running,,0
2026-10-05T19:48:51Z,Kitting,KIT07,Down,Starved - Upstream,5.6
2026-10-05T19:54:24Z,Kitting,KIT07,Running,,0
2026-10-05T20:31:10Z,Kitting,KIT07,Down,Blocked - Downstream,14.8
2026-10-05T20:45:59Z,Kitting,KIT07,Running,,0
2026-10-05T21:46:50Z,Kitting,KIT07,Down,Starved - Upstream,6.7
2026-10-05T21:53:32Z,Kitting,KIT07,Running,,0
2026-10-05T22:30:12Z,Kitting,KIT07,Down,Change Over - Line clearance,63.4
2026-10-05T23:33:37Z,Kitting,KIT07,Running,,0
2026-10-06T00:45:07Z,Kitting,KIT07,Down,No Operator,22.1
2026-10-06T01:07:11Z,Kitting,KIT07,Running,,0
2026-10-06T01:44:20Z,Kitting,KIT07,Down,Jam,19.1
2026-10-06T02:03:25Z,Kitting,KIT07,Running,,0
2026-10-06T02:33:37Z,Kitting,KIT07,Down,Blocked - Downstream,14.4
2026-10-06T02:48:03Z,Kitting,KIT07,Running,,0
2026-10-06T03:00:00Z,Kitting,KIT07,Down,Outside production hours,0
2026-10-06T12:03:38Z,Kitting,KIT07,Down,Blocked - Downstream,6.4
2026-10-06T12:10:05Z,Kitting,KIT07,Running,,0
2026-10-06T13:30:42Z,Kitting,KIT07,Down,Quality Hold,26.7
2026-10-06T13:57:22Z,Kitting,KIT07,Running,,0
2026-10-06T14:30:34Z,Kitting,KIT07,Down,Quality Hold,29.1
2026-10-06T14:59:39Z,Kitting,KIT07,Running,,0
2026-10-06T15:58:14Z,Kitting,KIT07,Down,Change Over - Line clearance,62.1
2026-10-06T17:00:20Z,Kitting,KIT07,Running,,0
2026-10-06T18:15:52Z,Kitting,KIT07,Down,Quality Hold,38.7
2026-10-06T18:54:35Z,Kitting,KIT07,Running,,0
2026-10-06T20:09:23Z,Kitting,KIT07,Down,Quality Hold,43.5
2026-10-06T20:52:55Z,Kitting,KIT07,Running,,0
2026-10-06T21:33:46Z,Kitting,KIT07,Down,Quality Hold,44.1
2026-10-06T22:17:51Z,Kitting,KIT07,Running,,0
2026-10-06T23:13:26Z,Kitting,KIT07,Down,Scheduled Downtime,120.2
2026-10-07T01:13:38Z,Kitting,KIT07,Running,,0
2026-10-07T02:42:18Z,Kitting,KIT07,Down,Blocked - Downstream,13.8
2026-10-07T02:56:07Z,Kitting,KIT07,Running,,0
2026-10-07T03:00:00Z,Kitting,KIT07,Down,Outside production hours,0
2026-10-07T11:05:36Z,Kitting,KIT07,Down,Change Over - Line clearance,71.4
2026-10-07T12:17:00Z,Kitting,KIT07,Running,,0
2026-10-07T13:17:06Z,Kitting,KIT07,Down,Scheduled Downtime,150.4
2026-10-07T15:47:32Z,Kitting,KIT07,Running,,0
2026-10-07T16:48:22Z,Kitting,KIT07,Down,Blocked - Downstream,13.2
2026-10-07T17:01:34Z,Kitting,KIT07,Running,,0
2026-10-07T18:32:40Z,Kitting,KIT07,Down,Jam,14.2
2026-10-07T18:46:51Z,Kitting,KIT07,Running,,0
2026-10-07T19:51:06Z,Kitting,KIT07,Down,Jam,14.3
2026-10-07T20:05:25Z,Kitting,KIT07,Running,,0
2026-10-07T20:35:05Z,Kitting,KIT07,Down,Jam,11.1
2026-10-07T20:46:13Z,Kitting,KIT07,Running,,0
2026-10-07T22:10:38Z,Kitting,KIT07,Down,Blocked - Downstream,6.3
2026-10-07T22:16:57Z,Kitting,KIT07,Running,,0
2026-10-07T23:03:42Z,Kitting,KIT07,Down,No Operator,24.1
2026-10-07T23:27:50Z,Kitting,KIT07,Running,,0
2026-10-08T00:31:44Z,Kitting,KIT07,Down,Starved - Upstream,11.8
2026-10-08T00:43:33Z,Kitting,KIT07,Running,,0
2026-10-08T01:34:37Z,Kitting,KIT07,Down,Jam,7.7
2026-10-08T01:42:20Z,Kitting,KIT07,Running,,0
2026-10-08T03:00:00Z,Kitting,KIT07,Down,Outside production hours,0
2026-10-08T11:50:18Z,Kitting,KIT07,Down,Jam,20.1
2026-10-08T12:10:23Z,Kitting,KIT07,Running,,0
2026-10-08T13:05:03Z,Kitting,KIT07,Down,No Operator,22.2
2026-10-08T13:27:14Z,Kitting,KIT07,Running,,0
2026-10-08T14:01:48Z,Kitting,KIT07,Down,No Operator,27.6
2026-10-08T14:29:22Z,Kitting,KIT07,Running,,0
2026-10-08T15:09:09Z,Kitting,KIT07,Down,Jam,21.4
2026-10-08T15:30:35Z,Kitting,KIT07,Running,,0
2026-10-08T16:34:34Z,Kitting,KIT07,Down,Starved - Upstream,17.9
2026-10-08T16:52:26Z,Kitting,KIT07,Running,,0
2026-10-08T18:21:21Z,Kitting,KIT07,Down,No Operator,16.8
2026-10-08T18:38:10Z,Kitting,KIT07,Running,,0
2026-10-08T19:14:53Z,Kitting,KIT07,Down,Jam,18.7
2026-10-08T19:33:36Z,Kitting,KIT07,Running,,0
2026-10-08T20:57:37Z,Kitting,KIT07,Down,Starved - Upstream,9.0
2026-10-08T21:06:36Z,Kitting,KIT07,Running,,0
2026-10-08T22:13:32Z,Kitting,KIT07,Down,Change Over - Line clearance,63.1
2026-10-08T23:16:37Z,Kitting,KIT07,Running,,0
2026-10-08T23:42:46Z,Kitting,KIT07,Down,Change Over - Line clearance,59.5
2026-10-09T00:42:19Z,Kitting,KIT07,Running,,0
2026-10-09T02:05:11Z,Kitting,KIT07,Down,Blocked - Downstream,4.1
2026-10-09T02:09:18Z,Kitting,KIT07,Running,,0
2026-10-09T03:00:00Z,Kitting,KIT07,Down,Outside production hours,0
2026-10-09T11:24:02Z,Kitting,KIT07,Down,Change Over - Line clearance,30.2
2026-10-09T11:54:16Z,Kitting,KIT07,Running,,0
2026-10-09T13:16:25Z,Kitting,KIT07,Down,Change Over - Line clearance,38.6
2026-10-09T13:55:02Z,Kitting,KIT07,Running,,0
2026-10-09T15:24:58Z,Kitting,KIT07,Down,Blocked - Downstream,9.0
2026-10-09T15:33:59Z,Kitting,KIT07,Running,,0
2026-10-09T16:34:38Z,Kitting,KIT07,Down,Starved - Upstream,11.0
2026-10-09T16:45:39Z,Kitting,KIT07,Running,,0
2026-10-09T18:05:49Z,Kitting,KIT07,Down,Change Over - Line clearance,86.1
2026-10-09T19:31:53Z,Kitting,KIT07,Running,,0
2026-10-09T20:01:52Z,Kitting,KIT07,Down,Blocked - Downstream,7.3
2026-10-09T20:09:12Z,Kitting,KIT07,Running,,0
2026-10-09T21:01:57Z,Kitting,KIT07,Down,No Operator,8.1
2026-10-09T21:10:04Z,Kitting,KIT07,Running,,0
2026-10-09T22:34:34Z,Kitting,KIT07,Down,Quality Hold,33.7
2026-10-09T23:08:14Z,Kitting,KIT07,Running,,0
2026-10-10T00:38:21Z,Kitting,KIT07,Down,Blocked - Downstream,13.3
2026-10-10T00:51:39Z,Kitting,KIT07,Running,,0
2026-10-10T01:38:54Z,Kitting,KIT07,Down,Blocked - Downstream,12.9
2026-10-10T01:51:49Z,Kitting,KIT07,Running,,0
2026-10-10T02:45:28Z,Kitting,KIT07,Down,Jam,9.7
2026-10-10T02:55:11Z,Kitting,KIT07,Running,,0
2026-10-10T03:00:00Z,Kitting,KIT07,Down,Outside production hours,0
2026-10-10T11:05:05Z,Kitting,KIT07,Running,,0
2026-10-10T11:42:39Z,Kitting,KIT07,Down,No Operator,27.8
2026-10-10T12:10:25Z,Kitting,KIT07,Running,,0
2026-10-10T12:50:38Z,Kitting,KIT07,Down,Quality Hold,26.1
2026-10-10T13:16:42Z,Kitting,KIT07,Running,,0
2026-10-10T14:30:51Z,Kitting,KIT07,Down,Starved - Upstream,7.0
2026-10-10T14:37:51Z,Kitting,KIT07,Running,,0
2026-10-10T15:04:08Z,Kitting,KIT07,Down,No Operator,17.9
2026-10-10T15:22:00Z,Kitting,KIT07,Running,,0
2026-10-10T16:46:14Z,Kitting,KIT07,Down,Blocked - Downstream,4.9
2026-10-10T16:51:08Z,Kitting,KIT07,Running,,0
2026-10-10T17:35:34Z,Kitting,KIT07,Down,Starved - Upstream,18.8
2026-10-10T17:54:22Z,Kitting,KIT07,Running,,0
2026-10-10T18:21:46Z,Kitting,KIT07,Down,E-Stop,4.6
2026-10-10T18:26:25Z,Kitting,KIT07,Running,,0
2026-10-10T19:00:00Z,Kitting,KIT07,Down,Jam,6.2
2026-10-10T19:06:12Z,Kitting,KIT07,Running,,0
2026-10-10T20:16:57Z,Kitting,KIT07,Down,Change Over - Line clearance,58.2
2026-10-10T21:15:10Z,Kitting,KIT07,Running,,0
2026-10-10T22:42:42Z,Kitting,KIT07,Down,Jam,13.3
2026-10-10T22:55:59Z,Kitting,KIT07,Running,,0
2026-10-10T23:55:21Z,Kitting,KIT07,Down,Blocked - Downstream,4.0
2026-10-10T23:59:22Z,Kitting,KIT07,Running,,0
2026-10-11T01:33:00Z,Kitting,KIT07,Down,Jam,6.7
2026-10-11T01:39:42Z,Kitting,KIT07,Running,,0
2026-10-11T02:59:23Z,Kitting,KIT07,Down,Quality Hold,41.8
2026-10-11T03:00:00Z,Kitting,KIT07,Down,Outside production hours,0
2026-10-12T11:44:11Z,Kitting,KIT07,Down,E-Stop,3.5
2026-10-12T11:47:43Z,Kitting,KIT07,Running,,0
2026-10-12T12:38:58Z,Kitting,KIT07,Down,E-Stop,8.9
2026-10-12T12:47:51Z,Kitting,KIT07,Running,,0
2026-10-12T13:51:37Z,Kitting,KIT07,Down,No Operator,26.4
2026-10-12T14:18:02Z,Kitting,KIT07,Running,,0
2026-10-12T15:11:27Z,Kitting,KIT07,Down,Jam,5.3
2026-10-12T15:16:45Z,Kitting,KIT07,Running,,0
2026-10-12T15:43:27Z,Kitting,KIT07,Down,Quality Hold,22.1
2026-10-12T16:05:34Z,Kitting,KIT07,Running,,0
2026-10-12T17:24:35Z,Kitting,KIT07,Down,Jam,9.3
2026-10-12T17:33:55Z,Kitting,KIT07,Running,,0
2026-10-12T18:47:32Z,Kitting,KIT07,Down,Quality Hold,34.3
2026-10-12T19:21:49Z,Kitting,KIT07,Running,,0
2026-10-12T20:56:33Z,Kitting,KIT07,Down,Jam,18.3
2026-10-12T21:14:50Z,Kitting,KIT07,Running,,0
2026-10-12T22:34:29Z,Kitting,KIT07,Down,Starved - Upstream,6.4
2026-10-12T22:40:52Z,Kitting,KIT07,Running,,0
2026-10-12T23:52:02Z,Kitting,KIT07,Down,Quality Hold,29.4
2026-10-13T00:21:25Z,Kitting,KIT07,Running,,0
2026-10-13T01:02:45Z,Kitting,KIT07,Down,Starved - Upstream,19.0
2026-10-13T01:21:46Z,Kitting,KIT07,Running,,0
2026-10-13T01:55:15Z,Kitting,KIT07,Down,Jam,4.5
2026-10-13T01:59:42Z,Kitting,KIT07,Running,,0
2026-10-13T02:29:42Z,Kitting,KIT07,Down,Starved - Upstream,10.5
2026-10-13T02:40:13Z,Kitting,KIT07,Running,,0
2026-10-13T03:00:00Z,Kitting,KIT07,Down,Outside production hours,0
2026-10-13T12:06:38Z,Kitting,KIT07,Down,Blocked - Downstream,11.2
2026-10-13T12:17:50Z,Kitting,KIT07,Running,,0
2026-10-13T12:44:57Z,Kitting,KIT07,Down,Jam,14.7
2026-10-13T12:59:36Z,Kitting,KIT07,Running,,0
2026-10-13T14:10:28Z,Kitting,KIT07,Down,Quality Hold,26.3
2026-10-13T14:36:44Z,Kitting,KIT07,Running,,0
2026-10-13T15:05:35Z,Kitting,KIT07,Down,Jam,21.9
2026-10-13T15:27:30Z,Kitting,KIT07,Running,,0
2026-10-13T15:57:11Z,Kitting,KIT07,Down,Jam,19.3
2026-10-13T16:16:28Z,Kitting,KIT07,Running,,0
2026-10-13T17:10:46Z,Kitting,KIT07,Down,Starved - Upstream,10.7
2026-10-13T17:21:28Z,Kitting,KIT07,Running,,0
2026-10-13T18:46:42Z,Kitting,KIT07,Down,Blocked - Downstream,13.2
2026-10-13T18:59:57Z,Kitting,KIT07,Running,,0
2026-10-13T20:08:47Z,Kitting,KIT07,Down,Change Over - Line clearance,52.6
2026-10-13T21:01:20Z,Kitting,KIT07,Running,,0
2026-10-13T21:45:37Z,Kitting,KIT07,Down,Starved - Upstream,7.9
2026-10-13T21:53:30Z,Kitting,KIT07,Running,,0
2026-10-13T23:02:45Z,Kitting,KIT07,Down,Starved - Upstream,14.9
2026-10-13T23:17:40Z,Kitting,KIT07,Running,,0
2026-10-14T00:50:33Z,Kitting,KIT07,Down,No Operator,10.6
2026-10-14T01:01:12Z,Kitting,KIT07,Running,,0
2026-10-14T01:42:38Z,Kitting,KIT07,Down,Jam,17.0
2026-10-14T01:59:40Z,Kitting,KIT07,Running,,0
2026-10-14T02:33:21Z,Kitting,KIT07,Down,Jam,5.0
2026-10-14T02:38:23Z,Kitting,KIT07,Running,,0
2026-10-14T03:00:00Z,Kitting,KIT07,Down,Outside production hours,0
2026-10-14T12:17:12Z,Kitting,KIT07,Running,,0
2026-10-14T13:45:57Z,Kitting,KIT07,Down,Blocked - Downstream,10.3
2026-10-14T13:56:16Z,Kitting,KIT07,Running,,0
2026-10-14T15:07:26Z,Kitting,KIT07,Down,Change Over - Line clearance,35.8
2026-10-14T15:43:15Z,Kitting,KIT07,Running,,0
2026-10-14T16:12:32Z,Kitting,KIT07,Down,No Operator,13.9
2026-10-14T16:26:28Z,Kitting,KIT07,Running,,0
2026-10-14T17:31:53Z,Kitting,KIT07,Down,Change Over - Line clearance,56.7
2026-10-14T18:28:35Z,Kitting,KIT07,Running,,0
2026-10-14T19:25:20Z,Kitting,KIT07,Down,Jam,22.2
2026-10-14T19:47:31Z,Kitting,KIT07,Running,,0
2026-10-14T20:16:26Z,Kitting,KIT07,Down,Quality Hold,44.0
2026-10-14T21:00:28Z,Kitting,KIT07,Running,,0
2026-10-14T21:55:02Z,Kitting,KIT07,Down,Jam,16.8
2026-10-14T22:11:53Z,Kitting,KIT07,Running,,0
2026-10-14T22:53:55Z,Kitting,KIT07,Down,Blocked - Downstream,14.5
2026-10-14T23:08:25Z,Kitting,KIT07,Running,,0
2026-10-15T00:38:28Z,Kitting,KIT07,Down,Jam,13.9
2026-10-15T00:52:21Z,Kitting,KIT07,Running,,0
2026-10-15T01:56:02Z,Kitting,KIT07,Down,E-Stop,5.9
2026-10-15T02:01:54Z,Kitting,KIT07,Running,,0
2026-10-15T02:53:34Z,Kitting,KIT07,Down,Starved - Upstream,7.3
2026-10-15T03:00:00Z,Kitting,KIT07,Down,Outside production hours,0
2026-10-15T11:01:15Z,Kitting,KIT07,Running,,0
2026-10-15T11:42:12Z,Kitting,KIT07,Down,Jam,18.6
2026-10-15T12:00:46Z,Kitting,KIT07,Running,,0
2026-10-15T12:30:02Z,Kitting,KIT07,Down,Jam,12.0
2026-10-15T12:42:02Z,Kitting,KIT07,Running,,0
2026-10-15T13:52:30Z,Kitting,KIT07,Down,Scheduled Downtime,168.0
2026-10-15T16:40:30Z,Kitting,KIT07,Running,,0
2026-10-15T17:53:19Z,Kitting,KIT07,Down,Jam,4.5
2026-10-15T17:57:52Z,Kitting,KIT07,Running,,0
2026-10-15T18:54:57Z,Kitting,KIT07,Down,Blocked - Downstream,8.8
2026-10-15T19:03:45Z,Kitting,KIT07,Running,,0
2026-10-15T20:33:59Z,Kitting,KIT07,Down,E-Stop,5.2
2026-10-15T20:39:12Z,Kitting,KIT07,Running,,0
2026-10-15T21:42:18Z,Kitting,KIT07,Down,Starved - Upstream,18.4
2026-10-15T22:00:40Z,Kitting,KIT07,Running,,0
2026-10-15T23:02:05Z,Kitting,KIT07,Down,Scheduled Downtime,188.6
2026-10-16T02:10:42Z,Kitting,KIT07,Running,,0
2026-10-16T02:35:56Z,Kitting,KIT07,Down,Change Over - Line clearance,53.2
2026-10-16T03:00:00Z,Kitting,KIT07,Down,Outside production hours,0
2026-09-25T12:04:51Z,Kitting,KIT08,Down,Change Over - Line clearance,57.0
2026-09-25T13:01:54Z,Kitting,KIT08,Running,,0
2026-09-25T14:12:35Z,Kitting,KIT08,Down,Change Over - Line clearance,30.9
2026-09-25T14:43:29Z,Kitting,KIT08,Running,,0
2026-09-25T15:42:13Z,Kitting,KIT08,Down,Quality Hold,26.5
2026-09-25T16:08:42Z,Kitting,KIT08,Running,,0
2026-09-25T17:17:16Z,Kitting,KIT08,Down,Jam,7.6
2026-09-25T17:24:55Z,Kitting,KIT08,Running,,0
2026-09-25T18:15:19Z,Kitting,KIT08,Down,Starved - Upstream,7.7
2026-09-25T18:23:00Z,Kitting,KIT08,Running,,0
2026-09-25T18:58:30Z,Kitting,KIT08,Down,Jam,24.3
2026-09-25T19:22:48Z,Kitting,KIT08,Running,,0
2026-09-25T19:48:45Z,Kitting,KIT08,Down,Blocked - Downstream,7.6
2026-09-25T19:56:22Z,Kitting,KIT08,Running,,0
2026-09-25T20:50:17Z,Kitting,KIT08,Down,Change Over - Line clearance,37.0
2026-09-25T21:27:14Z,Kitting,KIT08,Running,,0
2026-09-25T22:11:17Z,Kitting,KIT08,Down,Change Over - Line clearance,38.1
2026-09-25T22:49:22Z,Kitting,KIT08,Running,,0
2026-09-25T23:39:55Z,Kitting,KIT08,Down,Change Over - Line clearance,80.5
2026-09-26T01:00:28Z,Kitting,KIT08,Running,,0
2026-09-26T02:20:15Z,Kitting,KIT08,Down,Jam,21.9
2026-09-26T02:42:08Z,Kitting,KIT08,Running,,0
2026-09-26T03:00:00Z,Kitting,KIT08,Down,Outside production hours,0
2026-09-26T11:22:41Z,Kitting,KIT08,Running,,0
2026-09-26T12:44:57Z,Kitting,KIT08,Down,Quality Hold,28.0
2026-09-26T13:12:54Z,Kitting,KIT08,Running,,0
2026-09-26T14:13:35Z,Kitting,KIT08,Down,Starved - Upstream,13.3
2026-09-26T14:26:53Z,Kitting,KIT08,Running,,0
2026-09-26T15:58:35Z,Kitting,KIT08,Down,Blocked - Downstream,8.2
2026-09-26T16:06:45Z,Kitting,KIT08,Running,,0
2026-09-26T17:22:42Z,Kitting,KIT08,Down,Jam,20.0
2026-09-26T17:42:43Z,Kitting,KIT08,Running,,0
2026-09-26T18:40:13Z,Kitting,KIT08,Down,Starved - Upstream,20.0
2026-09-26T19:00:12Z,Kitting,KIT08,Running,,0
2026-09-26T19:53:41Z,Kitting,KIT08,Down,Starved - Upstream,19.2
2026-09-26T20:12:53Z,Kitting,KIT08,Running,,0
2026-09-26T21:32:25Z,Kitting,KIT08,Down,Change Over - Line clearance,46.4
2026-09-26T22:18:50Z,Kitting,KIT08,Running,,0
2026-09-26T22:45:02Z,Kitting,KIT08,Down,Blocked - Downstream,12.6
2026-09-26T22:57:37Z,Kitting,KIT08,Running,,0
2026-09-27T00:23:59Z,Kitting,KIT08,Down,Scheduled Downtime,128.9
2026-09-27T02:32:55Z,Kitting,KIT08,Running,,0
2026-09-27T03:00:00Z,Kitting,KIT08,Down,Outside production hours,0
2026-09-28T11:22:18Z,Kitting,KIT08,Running,,0
2026-09-28T12:33:02Z,Kitting,KIT08,Down,Jam,7.2
2026-09-28T12:40:15Z,Kitting,KIT08,Running,,0
2026-09-28T13:08:04Z,Kitting,KIT08,Down,No Operator,18.0
2026-09-28T13:26:02Z,Kitting,KIT08,Running,,0
2026-09-28T13:56:37Z,Kitting,KIT08,Down,No Operator,8.5
2026-09-28T14:05:09Z,Kitting,KIT08,Running,,0
2026-09-28T15:20:39Z,Kitting,KIT08,Down,Blocked - Downstream,9.7
2026-09-28T15:30:24Z,Kitting,KIT08,Running,,0
2026-09-28T16:34:00Z,Kitting,KIT08,Down,Change Over - Line clearance,33.2
2026-09-28T17:07:14Z,Kitting,KIT08,Running,,0
2026-09-28T18:18:23Z,Kitting,KIT08,Down,Change Over - Line clearance,53.6
2026-09-28T19:11:59Z,Kitting,KIT08,Running,,0
2026-09-28T20:37:05Z,Kitting,KIT08,Down,No Operator,21.3
2026-09-28T20:58:22Z,Kitting,KIT08,Running,,0
2026-09-28T21:43:13Z,Kitting,KIT08,Down,Starved - Upstream,15.8
2026-09-28T21:58:58Z,Kitting,KIT08,Running,,0
2026-09-28T22:29:57Z,Kitting,KIT08,Down,Blocked - Downstream,6.9
2026-09-28T22:36:52Z,Kitting,KIT08,Running,,0
2026-09-28T23:10:46Z,Kitting,KIT08,Down,Jam,16.4
2026-09-28T23:27:12Z,Kitting,KIT08,Running,,0
2026-09-29T00:58:15Z,Kitting,KIT08,Down,Change Over - Line clearance,32.0
2026-09-29T01:30:16Z,Kitting,KIT08,Running,,0
2026-09-29T02:42:49Z,Kitting,KIT08,Down,Starved - Upstream,12.9
2026-09-29T02:55:45Z,Kitting,KIT08,Running,,0
2026-09-29T03:00:00Z,Kitting,KIT08,Down,Outside production hours,0
2026-09-29T11:56:31Z,Kitting,KIT08,Down,E-Stop,11.4
2026-09-29T12:07:54Z,Kitting,KIT08,Running,,0
2026-09-29T13:00:28Z,Kitting,KIT08,Down,Starved - Upstream,15.2
2026-09-29T13:15:40Z,Kitting,KIT08,Running,,0
2026-09-29T14:03:01Z,Kitting,KIT08,Down,E-Stop,6.8
2026-09-29T14:09:50Z,Kitting,KIT08,Running,,0
2026-09-29T15:11:26Z,Kitting,KIT08,Down,Starved - Upstream,18.5
2026-09-29T15:29:59Z,Kitting,KIT08,Running,,0
2026-09-29T16:05:36Z,Kitting,KIT08,Down,Starved - Upstream,12.4
2026-09-29T16:17:59Z,Kitting,KIT08,Running,,0
2026-09-29T17:06:08Z,Kitting,KIT08,Down,Quality Hold,26.5
2026-09-29T17:32:38Z,Kitting,KIT08,Running,,0
2026-09-29T18:46:52Z,Kitting,KIT08,Down,Starved - Upstream,11.2
2026-09-29T18:58:03Z,Kitting,KIT08,Running,,0
2026-09-29T19:29:51Z,Kitting,KIT08,Down,Change Over - Line clearance,52.6
2026-09-29T20:22:28Z,Kitting,KIT08,Running,,0
2026-09-29T21:55:35Z,Kitting,KIT08,Down,Blocked - Downstream,12.6
2026-09-29T22:08:09Z,Kitting,KIT08,Running,,0
2026-09-29T23:21:58Z,Kitting,KIT08,Down,Change Over - Line clearance,44.7
2026-09-30T00:06:38Z,Kitting,KIT08,Running,,0
2026-09-30T01:28:21Z,Kitting,KIT08,Down,Quality Hold,28.8
2026-09-30T01:57:12Z,Kitting,KIT08,Running,,0
2026-09-30T02:32:36Z,Kitting,KIT08,Down,Jam,17.2
2026-09-30T02:49:47Z,Kitting,KIT08,Running,,0
2026-09-30T03:00:00Z,Kitting,KIT08,Down,Outside production hours,0
2026-09-30T11:06:09Z,Kitting,KIT08,Down,Scheduled Downtime,120.3
2026-09-30T13:06:27Z,Kitting,KIT08,Running,,0
2026-09-30T14:22:18Z,Kitting,KIT08,Down,Jam,8.6
2026-09-30T14:30:54Z,Kitting,KIT08,Running,,0
2026-09-30T15:38:09Z,Kitting,KIT08,Down,Starved - Upstream,5.4
2026-09-30T15:43:35Z,Kitting,KIT08,Running,,0
2026-09-30T17:02:40Z,Kitting,KIT08,Down,E-Stop,7.2
2026-09-30T17:09:54Z,Kitting,KIT08,Running,,0
2026-09-30T18:00:36Z,Kitting,KIT08,Down,Starved - Upstream,7.0
2026-09-30T18:07:37Z,Kitting,KIT08,Running,,0
2026-09-30T19:38:36Z,Kitting,KIT08,Down,Jam,11.0
2026-09-30T19:49:37Z,Kitting,KIT08,Running,,0
2026-09-30T20:57:22Z,Kitting,KIT08,Down,No Operator,9.3
2026-09-30T21:06:39Z,Kitting,KIT08,Running,,0
2026-09-30T22:35:10Z,Kitting,KIT08,Down,Jam,16.9
2026-09-30T22:52:02Z,Kitting,KIT08,Running,,0
2026-09-30T23:33:44Z,Kitting,KIT08,Down,Jam,14.9
2026-09-30T23:48:39Z,Kitting,KIT08,Running,,0
2026-10-01T00:54:21Z,Kitting,KIT08,Down,Starved - Upstream,10.6
2026-10-01T01:04:57Z,Kitting,KIT08,Running,,0
2026-10-01T01:59:56Z,Kitting,KIT08,Down,Scheduled Downtime,212.4
2026-10-01T03:00:00Z,Kitting,KIT08,Down,Outside production hours,0
2026-10-01T11:44:20Z,Kitting,KIT08,Down,Blocked - Downstream,5.3
2026-10-01T11:49:39Z,Kitting,KIT08,Running,,0
2026-10-01T12:50:00Z,Kitting,KIT08,Down,Change Over - Line clearance,64.1
2026-10-01T13:54:03Z,Kitting,KIT08,Running,,0
2026-10-01T14:45:53Z,Kitting,KIT08,Down,No Operator,12.7
2026-10-01T14:58:32Z,Kitting,KIT08,Running,,0
2026-10-01T16:30:49Z,Kitting,KIT08,Down,Blocked - Downstream,11.5
2026-10-01T16:42:18Z,Kitting,KIT08,Running,,0
2026-10-01T18:01:37Z,Kitting,KIT08,Down,Change Over - Line clearance,52.1
2026-10-01T18:53:43Z,Kitting,KIT08,Running,,0
2026-10-01T20:06:29Z,Kitting,KIT08,Down,Change Over - Line clearance,50.4
2026-10-01T20:56:53Z,Kitting,KIT08,Running,,0
2026-10-01T21:27:15Z,Kitting,KIT08,Down,Quality Hold,33.7
2026-10-01T22:00:57Z,Kitting,KIT08,Running,,0
2026-10-01T22:54:42Z,Kitting,KIT08,Down,Starved - Upstream,9.0
2026-10-01T23:03:40Z,Kitting,KIT08,Running,,0
2026-10-02T00:16:40Z,Kitting,KIT08,Down,Blocked - Downstream,11.6
2026-10-02T00:28:16Z,Kitting,KIT08,Running,,0
2026-10-02T01:21:06Z,Kitting,KIT08,Down,No Operator,16.1
2026-10-02T01:37:11Z,Kitting,KIT08,Running,,0
2026-10-02T03:00:00Z,Kitting,KIT08,Down,Outside production hours,0
2026-10-02T11:26:46Z,Kitting,KIT08,Down,Jam,6.3
2026-10-02T11:33:07Z,Kitting,KIT08,Running,,0
2026-10-02T12:45:50Z,Kitting,KIT08,Down,Jam,21.3
2026-10-02T13:07:10Z,Kitting,KIT08,Running,,0
2026-10-02T14:12:46Z,Kitting,KIT08,Down,Starved - Upstream,18.4
2026-10-02T14:31:08Z,Kitting,KIT08,Running,,0
2026-10-02T15:36:31Z,Kitting,KIT08,Down,No Operator,13.3
2026-10-02T15:49:51Z,Kitting,KIT08,Running,,0
2026-10-02T16:16:56Z,Kitting,KIT08,Down,Jam,22.1
2026-10-02T16:39:05Z,Kitting,KIT08,Running,,0
2026-10-02T18:12:41Z,Kitting,KIT08,Down,Starved - Upstream,14.7
2026-10-02T18:27:26Z,Kitting,KIT08,Running,,0
2026-10-02T19:03:54Z,Kitting,KIT08,Down,E-Stop,11.8
2026-10-02T19:15:40Z,Kitting,KIT08,Running,,0
2026-10-02T19:52:38Z,Kitting,KIT08,Down,E-Stop,8.9
2026-10-02T20:01:30Z,Kitting,KIT08,Running,,0
2026-10-02T21:13:05Z,Kitting,KIT08,Down,Change Over - Line clearance,26.8
2026-10-02T21:39:50Z,Kitting,KIT08,Running,,0
2026-10-02T22:34:44Z,Kitting,KIT08,Down,No Operator,24.7
2026-10-02T22:59:29Z,Kitting,KIT08,Running,,0
2026-10-03T00:08:46Z,Kitting,KIT08,Down,Starved - Upstream,8.7
2026-10-03T00:17:25Z,Kitting,KIT08,Running,,0
2026-10-03T01:29:18Z,Kitting,KIT08,Down,Jam,21.1
2026-10-03T01:50:26Z,Kitting,KIT08,Running,,0
2026-10-03T02:52:59Z,Kitting,KIT08,Down,Blocked - Downstream,11.2
2026-10-03T03:00:00Z,Kitting,KIT08,Down,Outside production hours,0
2026-10-03T11:40:52Z,Kitting,KIT08,Down,Jam,7.3
2026-10-03T11:48:10Z,Kitting,KIT08,Running,,0
2026-10-03T13:09:15Z,Kitting,KIT08,Down,Blocked - Downstream,9.6
2026-10-03T13:18:50Z,Kitting,KIT08,Running,,0
2026-10-03T14:42:58Z,Kitting,KIT08,Down,E-Stop,10.4
2026-10-03T14:53:20Z,Kitting,KIT08,Running,,0
2026-10-03T15:55:08Z,Kitting,KIT08,Down,Quality Hold,25.7
2026-10-03T16:20:48Z,Kitting,KIT08,Running,,0
2026-10-03T17:37:25Z,Kitting,KIT08,Down,E-Stop,5.7
2026-10-03T17:43:09Z,Kitting,KIT08,Running,,0
2026-10-03T19:00:43Z,Kitting,KIT08,Down,Jam,24.7
2026-10-03T19:25:24Z,Kitting,KIT08,Running,,0
2026-10-03T20:09:53Z,Kitting,KIT08,Down,No Operator,19.3
2026-10-03T20:29:12Z,Kitting,KIT08,Running,,0
2026-10-03T22:02:16Z,Kitting,KIT08,Down,Jam,16.9
2026-10-03T22:19:07Z,Kitting,KIT08,Running,,0
2026-10-03T23:22:41Z,Kitting,KIT08,Down,Change Over - Line clearance,64.5
2026-10-04T00:27:09Z,Kitting,KIT08,Running,,0
2026-10-04T00:59:32Z,Kitting,KIT08,Down,Scheduled Downtime,65.7
2026-10-04T02:05:16Z,Kitting,KIT08,Running,,0
2026-10-04T03:00:00Z,Kitting,KIT08,Down,Outside production hours,0
2026-10-05T11:35:47Z,Kitting,KIT08,Down,Blocked - Downstream,14.0
2026-10-05T11:49:45Z,Kitting,KIT08,Running,,0
2026-10-05T12:16:55Z,Kitting,KIT08,Down,Jam,18.1
2026-10-05T12:35:02Z,Kitting,KIT08,Running,,0
2026-10-05T13:57:30Z,Kitting,KIT08,Down,Jam,4.1
2026-10-05T14:01:37Z,Kitting,KIT08,Running,,0
2026-10-05T15:36:11Z,Kitting,KIT08,Down,Quality Hold,40.3
2026-10-05T16:16:30Z,Kitting,KIT08,Running,,0
2026-10-05T17:27:09Z,Kitting,KIT08,Down,Scheduled Downtime,155.9
2026-10-05T20:03:04Z,Kitting,KIT08,Running,,0
2026-10-05T20:35:51Z,Kitting,KIT08,Down,Jam,7.0
2026-10-05T20:42:51Z,Kitting,KIT08,Running,,0
2026-10-05T22:16:36Z,Kitting,KIT08,Down,Quality Hold,15.3
2026-10-05T22:31:55Z,Kitting,KIT08,Running,,0
2026-10-05T23:36:28Z,Kitting,KIT08,Down,No Operator,21.7
2026-10-05T23:58:11Z,Kitting,KIT08,Running,,0
2026-10-06T01:24:54Z,Kitting,KIT08,Down,No Operator,17.1
2026-10-06T01:41:57Z,Kitting,KIT08,Running,,0
2026-10-06T03:00:00Z,Kitting,KIT08,Down,Outside production hours,0
2026-10-06T11:04:25Z,Kitting,KIT08,Down,Jam,24.9
2026-10-06T11:29:19Z,Kitting,KIT08,Running,,0
2026-10-06T12:50:13Z,Kitting,KIT08,Down,E-Stop,4.3
2026-10-06T12:54:33Z,Kitting,KIT08,Running,,0
2026-10-06T13:58:32Z,Kitting,KIT08,Down,Change Over - Line clearance,43.1
2026-10-06T14:41:36Z,Kitting,KIT08,Running,,0
2026-10-06T15:15:53Z,Kitting,KIT08,Down,Change Over - Line clearance,47.6
2026-10-06T16:03:27Z,Kitting,KIT08,Running,,0
2026-10-06T16:43:44Z,Kitting,KIT08,Down,Jam,9.9
2026-10-06T16:53:38Z,Kitting,KIT08,Running,,0
2026-10-06T17:21:46Z,Kitting,KIT08,Down,Jam,17.7
2026-10-06T17:39:26Z,Kitting,KIT08,Running,,0
2026-10-06T19:11:00Z,Kitting,KIT08,Down,Quality Hold,34.0
2026-10-06T19:44:59Z,Kitting,KIT08,Running,,0
2026-10-06T20:47:06Z,Kitting,KIT08,Down,Blocked - Downstream,6.2
2026-10-06T20:53:17Z,Kitting,KIT08,Running,,0
2026-10-06T22:08:14Z,Kitting,KIT08,Down,Starved - Upstream,6.7
2026-10-06T22:14:56Z,Kitting,KIT08,Running,,0
2026-10-06T22:49:36Z,Kitting,KIT08,Down,Jam,19.3
2026-10-06T23:08:52Z,Kitting,KIT08,Running,,0
2026-10-06T23:43:28Z,Kitting,KIT08,Down,Starved - Upstream,7.4
2026-10-06T23:50:54Z,Kitting,KIT08,Running,,0
2026-10-07T01:18:49Z,Kitting,KIT08,Down,Blocked - Downstream,14.2
2026-10-07T01:32:59Z,Kitting,KIT08,Running,,0
2026-10-07T02:39:23Z,Kitting,KIT08,Down,Quality Hold,28.1
2026-10-07T03:00:00Z,Kitting,KIT08,Down,Outside production hours,0
2026-10-07T11:19:36Z,Kitting,KIT08,Down,E-Stop,3.6
2026-10-07T11:23:09Z,Kitting,KIT08,Running,,0
2026-10-07T12:38:34Z,Kitting,KIT08,Down,Change Over - Line clearance,36.4
2026-10-07T13:14:55Z,Kitting,KIT08,Running,,0
2026-10-07T14:49:37Z,Kitting,KIT08,Down,Quality Hold,43.9
2026-10-07T15:33:32Z,Kitting,KIT08,Running,,0
2026-10-07T16:15:32Z,Kitting,KIT08,Down,Jam,23.0
2026-10-07T16:38:34Z,Kitting,KIT08,Running,,0
2026-10-07T17:20:50Z,Kitting,KIT08,Down,Scheduled Downtime,162.2
2026-10-07T20:03:00Z,Kitting,KIT08,Running,,0
2026-10-07T20:43:30Z,Kitting,KIT08,Down,Jam,21.4
2026-10-07T21:04:54Z,Kitting,KIT08,Running,,0
2026-10-07T22:06:37Z,Kitting,KIT08,Down,E-Stop,9.6
2026-10-07T22:16:13Z,Kitting,KIT08,Running,,0
2026-10-07T23:19:40Z,Kitting,KIT08,Down,Starved - Upstream,12.4
2026-10-07T23:32:07Z,Kitting,KIT08,Running,,0
2026-10-08T00:24:55Z,Kitting,KIT08,Down,E-Stop,9.1
2026-10-08T00:33:59Z,Kitting,KIT08,Running,,0
2026-10-08T01:11:39Z,Kitting,KIT08,Down,Change Over - Line clearance,56.5
2026-10-08T02:08:08Z,Kitting,KIT08,Running,,0
2026-10-08T02:59:31Z,Kitting,KIT08,Down,Blocked - Downstream,10.4
2026-10-08T03:00:00Z,Kitting,KIT08,Down,Outside production hours,0
2026-10-08T11:27:37Z,Kitting,KIT08,Running,,0
2026-10-08T12:43:38Z,Kitting,KIT08,Down,Starved - Upstream,9.0
2026-10-08T12:52:36Z,Kitting,KIT08,Running,,0
2026-10-08T14:01:09Z,Kitting,KIT08,Down,Change Over - Line clearance,52.4
2026-10-08T14:53:30Z,Kitting,KIT08,Running,,0
2026-10-08T15:23:40Z,Kitting,KIT08,Down,Quality Hold,32.1
2026-10-08T15:55:49Z,Kitting,KIT08,Running,,0
2026-10-08T16:46:23Z,Kitting,KIT08,Down,Change Over - Line clearance,74.9
2026-10-08T18:01:15Z,Kitting,KIT08,Running,,0
2026-10-08T18:46:00Z,Kitting,KIT08,Down,Jam,9.3
2026-10-08T18:55:19Z,Kitting,KIT08,Running,,0
2026-10-08T20:15:22Z,Kitting,KIT08,Down,Blocked - Downstream,13.6
2026-10-08T20:28:57Z,Kitting,KIT08,Running,,0
2026-10-08T21:04:26Z,Kitting,KIT08,Down,No Operator,24.0
2026-10-08T21:28:25Z,Kitting,KIT08,Running,,0
2026-10-08T22:54:36Z,Kitting,KIT08,Down,Jam,23.5
2026-10-08T23:18:08Z,Kitting,KIT08,Running,,0
2026-10-08T23:53:26Z,Kitting,KIT08,Down,Change Over - Line clearance,41.8
2026-10-09T00:35:11Z,Kitting,KIT08,Running,,0
2026-10-09T01:56:52Z,Kitting,KIT08,Down,Jam,13.9
2026-10-09T02:10:48Z,Kitting,KIT08,Running,,0
2026-10-09T03:00:00Z,Kitting,KIT08,Down,Outside production hours,0
2026-10-09T11:17:39Z,Kitting,KIT08,Down,Quality Hold,30.2
2026-10-09T11:47:53Z,Kitting,KIT08,Running,,0
2026-10-09T13:01:47Z,Kitting,KIT08,Down,Scheduled Downtime,116.1
2026-10-09T14:57:56Z,Kitting,KIT08,Running,,0
2026-10-09T16:10:48Z,Kitting,KIT08,Down,Jam,14.9
2026-10-09T16:25:43Z,Kitting,KIT08,Running,,0
2026-10-09T17:01:00Z,Kitting,KIT08,Down,Jam,14.6
2026-10-09T17:15:35Z,Kitting,KIT08,Running,,0
2026-10-09T18:40:20Z,Kitting,KIT08,Down,Starved - Upstream,19.6
2026-10-09T18:59:56Z,Kitting,KIT08,Running,,0
2026-10-09T20:32:40Z,Kitting,KIT08,Down,E-Stop,4.3
2026-10-09T20:36:59Z,Kitting,KIT08,Running,,0
2026-10-09T21:34:34Z,Kitting,KIT08,Down,No Operator,20.8
2026-10-09T21:55:22Z,Kitting,KIT08,Running,,0
2026-10-09T22:53:43Z,Kitting,KIT08,Down,Starved - Upstream,16.9
2026-10-09T23:10:37Z,Kitting,KIT08,Running,,0
2026-10-10T00:35:02Z,Kitting,KIT08,Down,Change Over - Line clearance,36.1
2026-10-10T01:11:11Z,Kitting,KIT08,Running,,0
2026-10-10T02:05:22Z,Kitting,KIT08,Down,Blocked - Downstream,14.7
2026-10-10T02:20:03Z,Kitting,KIT08,Running,,0
2026-10-10T02:51:03Z,Kitting,KIT08,Down,Starved - Upstream,17.3
2026-10-10T03:00:00Z,Kitting,KIT08,Down,Outside production hours,0
2026-10-10T12:19:45Z,Kitting,KIT08,Down,Scheduled Downtime,239.1
2026-10-10T16:18:50Z,Kitting,KIT08,Running,,0
2026-10-10T17:44:19Z,Kitting,KIT08,Down,Jam,9.4
2026-10-10T17:53:45Z,Kitting,KIT08,Running,,0
2026-10-10T19:11:58Z,Kitting,KIT08,Down,Jam,18.6
2026-10-10T19:30:33Z,Kitting,KIT08,Running,,0
2026-10-10T20:05:47Z,Kitting,KIT08,Down,Jam,7.1
2026-10-10T20:12:50Z,Kitting,KIT08,Running,,0
2026-10-10T21:29:21Z,Kitting,KIT08,Down,Jam,14.4
2026-10-10T21:43:46Z,Kitting,KIT08,Running,,0
2026-10-10T23:03:58Z,Kitting,KIT08,Down,Quality Hold,35.7
2026-10-10T23:39:40Z,Kitting,KIT08,Running,,0
2026-10-11T00:56:37Z,Kitting,KIT08,Down,Blocked - Downstream,13.4
2026-10-11T01:10:00Z,Kitting,KIT08,Running,,0
2026-10-11T02:18:38Z,Kitting,KIT08,Down,No Operator,15.5
2026-10-11T02:34:09Z,Kitting,KIT08,Running,,0
2026-10-11T03:00:00Z,Kitting,KIT08,Down,Outside production hours,0
2026-10-12T11:08:19Z,Kitting,KIT08,Down,E-Stop,8.2
2026-10-12T11:16:32Z,Kitting,KIT08,Running,,0
2026-10-12T11:48:35Z,Kitting,KIT08,Down,Quality Hold,30.8
2026-10-12T12:19:21Z,Kitting,KIT08,Running,,0
2026-10-12T12:55:03Z,Kitting,KIT08,Down,Blocked - Downstream,7.7
2026-10-12T13:02:44Z,Kitting,KIT08,Running,,0
2026-10-12T13:51:25Z,Kitting,KIT08,Down,E-Stop,9.8
2026-10-12T14:01:11Z,Kitting,KIT08,Running,,0
2026-10-12T15:02:22Z,Kitting,KIT08,Down,Blocked - Downstream,12.0
2026-10-12T15:14:25Z,Kitting,KIT08,Running,,0
2026-10-12T16:30:26Z,Kitting,KIT08,Down,Scheduled Downtime,95.7
2026-10-12T18:06:10Z,Kitting,KIT08,Running,,0
2026-10-12T18:55:14Z,Kitting,KIT08,Down,Starved - Upstream,12.7
2026-10-12T19:07:55Z,Kitting,KIT08,Running,,0
2026-10-12T20:04:07Z,Kitting,KIT08,Down,Starved - Upstream,7.3
2026-10-12T20:11:26Z,Kitting,KIT08,Running,,0
2026-10-12T21:36:46Z,Kitting,KIT08,Down,Blocked - Downstream,7.1
2026-10-12T21:43:53Z,Kitting,KIT08,Running,,0
2026-10-12T22:40:05Z,Kitting,KIT08,Down,Change Over - Line clearance,47.4
2026-10-12T23:27:26Z,Kitting,KIT08,Running,,0
2026-10-13T00:02:33Z,Kitting,KIT08,Down,No Operator,11.4
2026-10-13T00:13:56Z,Kitting,KIT08,Running,,0
2026-10-13T01:06:15Z,Kitting,KIT08,Down,Change Over - Line clearance,54.7
2026-10-13T02:00:55Z,Kitting,KIT08,Running,,0
2026-10-13T02:57:48Z,Kitting,KIT08,Down,Jam,19.6
2026-10-13T03:00:00Z,Kitting,KIT08,Down,Outside production hours,0
2026-10-13T11:25:01Z,Kitting,KIT08,Down,Starved - Upstream,18.2
2026-10-13T11:43:12Z,Kitting,KIT08,Running,,0
2026-10-13T12:32:46Z,Kitting,KIT08,Down,Quality Hold,29.5
2026-10-13T13:02:17Z,Kitting,KIT08,Running,,0
2026-10-13T14:25:53Z,Kitting,KIT08,Down,Blocked - Downstream,8.5
2026-10-13T14:34:25Z,Kitting,KIT08,Running,,0
2026-10-13T15:35:52Z,Kitting,KIT08,Down,Starved - Upstream,7.6
2026-10-13T15:43:28Z,Kitting,KIT08,Running,,0
2026-10-13T16:25:53Z,Kitting,KIT08,Down,Change Over - Line clearance,66.8
2026-10-13T17:32:43Z,Kitting,KIT08,Running,,0
2026-10-13T18:26:34Z,Kitting,KIT08,Down,Starved - Upstream,15.0
2026-10-13T18:41:36Z,Kitting,KIT08,Running,,0
2026-10-13T19:51:48Z,Kitting,KIT08,Down,E-Stop,5.0
2026-10-13T19:56:47Z,Kitting,KIT08,Running,,0
2026-10-13T20:30:31Z,Kitting,KIT08,Down,Starved - Upstream,13.2
2026-10-13T20:43:44Z,Kitting,KIT08,Running,,0
2026-10-13T21:58:57Z,Kitting,KIT08,Down,Change Over - Line clearance,72.5
2026-10-13T23:11:25Z,Kitting,KIT08,Running,,0
2026-10-14T00:09:40Z,Kitting,KIT08,Down,Change Over - Line clearance,27.3
2026-10-14T00:37:00Z,Kitting,KIT08,Running,,0
2026-10-14T01:16:57Z,Kitting,KIT08,Down,Starved - Upstream,5.5
2026-10-14T01:22:28Z,Kitting,KIT08,Running,,0
2026-10-14T01:58:41Z,Kitting,KIT08,Down,Jam,11.5
2026-10-14T02:10:12Z,Kitting,KIT08,Running,,0
2026-10-14T03:00:00Z,Kitting,KIT08,Down,Outside production hours,0
2026-10-14T11:37:58Z,Kitting,KIT08,Down,Scheduled Downtime,119.7
2026-10-14T13:37:38Z,Kitting,KIT08,Running,,0
2026-10-14T14:58:17Z,Kitting,KIT08,Down,Starved - Upstream,15.2
2026-10-14T15:13:27Z,Kitting,KIT08,Running,,0
2026-10-14T16:16:10Z,Kitting,KIT08,Down,Blocked - Downstream,9.4
2026-10-14T16:25:37Z,Kitting,KIT08,Running,,0
2026-10-14T17:28:03Z,Kitting,KIT08,Down,Starved - Upstream,9.2
2026-10-14T17:37:15Z,Kitting,KIT08,Running,,0
2026-10-14T18:17:18Z,Kitting,KIT08,Down,Jam,20.0
2026-10-14T18:37:17Z,Kitting,KIT08,Running,,0
2026-10-14T19:56:27Z,Kitting,KIT08,Down,Starved - Upstream,17.2
2026-10-14T20:13:40Z,Kitting,KIT08,Running,,0
2026-10-14T21:02:52Z,Kitting,KIT08,Down,Starved - Upstream,13.2
2026-10-14T21:16:07Z,Kitting,KIT08,Running,,0
2026-10-14T22:20:09Z,Kitting,KIT08,Down,Jam,8.9
2026-10-14T22:29:06Z,Kitting,KIT08,Running,,0
2026-10-14T23:03:02Z,Kitting,KIT08,Down,Jam,11.5
2026-10-14T23:14:33Z,Kitting,KIT08,Running,,0
2026-10-14T23:49:23Z,Kitting,KIT08,Down,Change Over - Line clearance,25.1
2026-10-15T00:14:31Z,Kitting,KIT08,Running,,0
2026-10-15T01:47:09Z,Kitting,KIT08,Down,Jam,15.0
2026-10-15T02:02:12Z,Kitting,KIT08,Running,,0
2026-10-15T03:00:00Z,Kitting,KIT08,Down,Outside production hours,0
2026-10-15T11:42:14Z,Kitting,KIT08,Down,Blocked - Downstream,12.7
2026-10-15T11:54:53Z,Kitting,KIT08,Running,,0
2026-10-15T13:05:36Z,Kitting,KIT08,Down,Change Over - Line clearance,74.1
2026-10-15T14:19:43Z,Kitting,KIT08,Running,,0
2026-10-15T15:48:34Z,Kitting,KIT08,Down,Starved - Upstream,6.7
2026-10-15T15:55:13Z,Kitting,KIT08,Running,,0
2026-10-15T16:25:18Z,Kitting,KIT08,Down,Quality Hold,37.8
2026-10-15T17:03:03Z,Kitting,KIT08,Running,,0
2026-10-15T18:29:04Z,Kitting,KIT08,Down,Jam,20.3
2026-10-15T18:49:23Z,Kitting,KIT08,Running,,0
2026-10-15T19:37:46Z,Kitting,KIT08,Down,Jam,8.5
2026-10-15T19:46:15Z,Kitting,KIT08,Running,,0
2026-10-15T20:31:48Z,Kitting,KIT08,Down,Scheduled Downtime,156.2
2026-10-15T23:08:02Z,Kitting,KIT08,Running,,0
2026-10-16T00:16:59Z,Kitting,KIT08,Down,Starved - Upstream,8.4
2026-10-16T00:25:24Z,Kitting,KIT08,Running,,0
2026-10-16T00:58:41Z,Kitting,KIT08,Down,Jam,18.0
2026-10-16T01:16:40Z,Kitting,KIT08,Running,,0
2026-10-16T02:35:41Z,Kitting,KIT08,Down,Quality Hold,38.3
2026-10-16T03:00:00Z,Kitting,KIT08,Down,Outside production hours,0
